[INFO] [1791221932.054003021] [upper_planner_node]: planner state input: Odometry topic=/motive/vehicle/odom_map yaw=orientation.z scalar
[INFO] [1791221932.059139029] [upper_planner_node]: Egocentric MIQP planner ready: rate=1.00Hz pred_dt=0.750s Nmax=7 lower_dt=0.100s target_v=6.000m/s scale=fullscale wheelbase=2.80m length=4.70m bev=40.00m margin=2.00m state=odom grid=/bev/occupancy_grid sparse=/planner/upper_path_sparse dense=/planner/lower_reference_path
[INFO] [1791221932.059323482] [upper_planner_node]: upper branch model: cumulative_increment=1 turn_window_at_split=1 turn_target_absolute=1 split_continuity=6.75m r_dpsi=3.000 lambda_turn=0.600
[INFO] [1791221932.070435712] [lower_tracking_mpc_node]: LowerTrackingMpcNode ready: rate=10.00Hz dt=0.100s N=30 path=/planner/lower_reference_path scale=fullscale wheelbase=2.80m rear_offset=1.40m command_scale=0.350rad actuator_model=1 delay=0.00s tau=0.74s backend=disabled virtual=/cmd_control
[WARN] [1791221932.178776179] [upper_planner_node]: interval_diag step=7 reason=3 ref_body=(24.664,17.994) heading_deg=43.58 center_cell=(78,121) center_value=100 line_free=1 blocked=249 unknown=0 outside=2 longest_run=1 min_run=2 grid_free=3218 zero=3218 positive=13166 unknown=0 topic=/bev/occupancy_grid frame=Vehicle origin=(0.000,-20.000) origin_yaw_deg=0.00 size=128x128 res=0.3125 positive_is_drivable=0 threshold=0 waypoint_bias=0 previous=1
[WARN] [1791221932.179094556] [upper_planner_node]: no valid preview interval at step=7; usable horizon=6 reason=3
[INFO] [1791221932.266701418] [upper_planner_node]: planner state input: Odometry topic=/motive/vehicle/odom_map yaw=orientation.z scalar
[INFO] [1791221932.269758683] [upper_planner_node]: Egocentric MIQP planner ready: rate=1.00Hz pred_dt=0.750s Nmax=7 lower_dt=0.100s target_v=6.000m/s scale=fullscale wheelbase=2.80m length=4.70m bev=40.00m margin=2.00m state=odom grid=/bev/occupancy_grid sparse=/planner/upper_path_sparse dense=/planner/lower_reference_path
[INFO] [1791221932.269971681] [upper_planner_node]: upper branch model: cumulative_increment=1 turn_window_at_split=1 turn_target_absolute=1 split_continuity=6.75m r_dpsi=3.000 lambda_turn=0.600
[INFO] [1791221932.279137747] [lower_tracking_mpc_node]: LowerTrackingMpcNode ready: rate=10.00Hz dt=0.100s N=30 path=/planner/lower_reference_path scale=fullscale wheelbase=2.80m rear_offset=1.40m command_scale=0.350rad actuator_model=1 delay=0.00s tau=0.74s backend=disabled virtual=/cmd_control
[WARN] [1791221932.384115630] [upper_planner_node]: no valid preview interval at step=7; usable horizon=6 reason=3
[INFO] [1791221932.466522963] [upper_planner_node]: planner state input: Odometry topic=/motive/vehicle/odom_map yaw=orientation.z scalar
[INFO] [1791221932.469662534] [upper_planner_node]: Egocentric MIQP planner ready: rate=1.00Hz pred_dt=0.750s Nmax=7 lower_dt=0.100s target_v=6.000m/s scale=fullscale wheelbase=2.80m length=4.70m bev=40.00m margin=2.00m state=odom grid=/bev/occupancy_grid sparse=/planner/upper_path_sparse dense=/planner/lower_reference_path
[INFO] [1791221932.469849611] [upper_planner_node]: upper branch model: cumulative_increment=1 turn_window_at_split=1 turn_target_absolute=1 split_continuity=6.75m r_dpsi=3.000 lambda_turn=0.600
[INFO] [1791221932.479004797] [lower_tracking_mpc_node]: LowerTrackingMpcNode ready: rate=10.00Hz dt=0.100s N=30 path=/planner/lower_reference_path scale=fullscale wheelbase=2.80m rear_offset=1.40m command_scale=0.350rad actuator_model=1 delay=0.00s tau=0.74s backend=disabled virtual=/cmd_control
[WARN] [1791221932.583097760] [upper_planner_node]: no valid preview interval at step=7; usable horizon=6 reason=3
[INFO] [1791221932.665775885] [upper_planner_node]: planner state input: Odometry topic=/motive/vehicle/odom_map yaw=orientation.z scalar
[INFO] [1791221932.668710362] [upper_planner_node]: Egocentric MIQP planner ready: rate=1.00Hz pred_dt=0.750s Nmax=7 lower_dt=0.100s target_v=6.000m/s scale=fullscale wheelbase=2.80m length=4.70m bev=40.00m margin=2.00m state=odom grid=/bev/occupancy_grid sparse=/planner/upper_path_sparse dense=/planner/lower_reference_path
[INFO] [1791221932.669006050] [upper_planner_node]: upper branch model: cumulative_increment=1 turn_window_at_split=1 turn_target_absolute=1 split_continuity=6.75m r_dpsi=3.000 lambda_turn=0.600
[INFO] [1791221932.678357658] [lower_tracking_mpc_node]: LowerTrackingMpcNode ready: rate=10.00Hz dt=0.100s N=30 path=/planner/lower_reference_path scale=fullscale wheelbase=2.80m rear_offset=1.40m command_scale=0.350rad actuator_model=1 delay=0.00s tau=0.74s backend=disabled virtual=/cmd_control
[INFO] [1791221932.865092456] [upper_planner_node]: planner state input: Odometry topic=/motive/vehicle/odom_map yaw=orientation.z scalar
[INFO] [1791221932.868073463] [upper_planner_node]: Egocentric MIQP planner ready: rate=1.00Hz pred_dt=0.750s Nmax=7 lower_dt=0.100s target_v=6.000m/s scale=fullscale wheelbase=2.80m length=4.70m bev=40.00m margin=2.00m state=odom grid=/bev/occupancy_grid sparse=/planner/upper_path_sparse dense=/planner/lower_reference_path
[INFO] [1791221932.868304797] [upper_planner_node]: upper branch model: cumulative_increment=1 turn_window_at_split=1 turn_target_absolute=1 split_continuity=6.75m r_dpsi=3.000 lambda_turn=0.600
[INFO] [1791221932.877226473] [lower_tracking_mpc_node]: LowerTrackingMpcNode ready: rate=10.00Hz dt=0.100s N=30 path=/planner/lower_reference_path scale=fullscale wheelbase=2.80m rear_offset=1.40m command_scale=0.350rad actuator_model=1 delay=0.00s tau=0.74s backend=disabled virtual=/cmd_control
[WARN] [1791221932.981928924] [upper_planner_node]: no valid preview interval at step=7; usable horizon=6 reason=3
[INFO] [1791221933.064181630] [upper_planner_node]: planner state input: Odometry topic=/motive/vehicle/odom_map yaw=orientation.z scalar
[INFO] [1791221933.067159437] [upper_planner_node]: Egocentric MIQP planner ready: rate=1.00Hz pred_dt=0.750s Nmax=7 lower_dt=0.100s target_v=6.000m/s scale=fullscale wheelbase=2.80m length=4.70m bev=40.00m margin=2.00m state=odom grid=/bev/occupancy_grid sparse=/planner/upper_path_sparse dense=/planner/lower_reference_path
[INFO] [1791221933.067310001] [upper_planner_node]: upper branch model: cumulative_increment=1 turn_window_at_split=1 turn_target_absolute=1 split_continuity=6.75m r_dpsi=3.000 lambda_turn=0.600
[INFO] [1791221933.076403969] [lower_tracking_mpc_node]: LowerTrackingMpcNode ready: rate=10.00Hz dt=0.100s N=30 path=/planner/lower_reference_path scale=fullscale wheelbase=2.80m rear_offset=1.40m command_scale=0.350rad actuator_model=1 delay=0.00s tau=0.74s backend=disabled virtual=/cmd_control
[WARN] [1791221933.180425091] [upper_planner_node]: no valid preview interval at step=7; usable horizon=6 reason=3
[INFO] [1791221933.256652677] [upper_planner_node]: planner state input: Odometry topic=/motive/vehicle/odom_map yaw=orientation.z scalar
[INFO] [1791221933.259554610] [upper_planner_node]: Egocentric MIQP planner ready: rate=1.00Hz pred_dt=0.750s Nmax=7 lower_dt=0.100s target_v=6.000m/s scale=fullscale wheelbase=2.80m length=4.70m bev=40.00m margin=2.00m state=odom grid=/bev/occupancy_grid sparse=/planner/upper_path_sparse dense=/planner/lower_reference_path
[INFO] [1791221933.259727862] [upper_planner_node]: upper branch model: cumulative_increment=1 turn_window_at_split=1 turn_target_absolute=1 split_continuity=6.75m r_dpsi=3.000 lambda_turn=0.600
[INFO] [1791221933.268705796] [lower_tracking_mpc_node]: LowerTrackingMpcNode ready: rate=10.00Hz dt=0.100s N=30 path=/planner/lower_reference_path scale=fullscale wheelbase=2.80m rear_offset=1.40m command_scale=0.350rad actuator_model=1 delay=0.00s tau=0.74s backend=disabled virtual=/cmd_control
[WARN] [1791221933.372960524] [upper_planner_node]: no valid preview interval at step=7; usable horizon=6 reason=3
[INFO] [1791221933.450827257] [upper_planner_node]: planner state input: Odometry topic=/motive/vehicle/odom_map yaw=orientation.z scalar
[INFO] [1791221933.453700005] [upper_planner_node]: Egocentric MIQP planner ready: rate=1.00Hz pred_dt=0.750s Nmax=7 lower_dt=0.100s target_v=6.000m/s scale=fullscale wheelbase=2.80m length=4.70m bev=40.00m margin=2.00m state=odom grid=/bev/occupancy_grid sparse=/planner/upper_path_sparse dense=/planner/lower_reference_path
[INFO] [1791221933.453957580] [upper_planner_node]: upper branch model: cumulative_increment=1 turn_window_at_split=1 turn_target_absolute=1 split_continuity=6.75m r_dpsi=3.000 lambda_turn=0.600
[INFO] [1791221933.462801942] [lower_tracking_mpc_node]: LowerTrackingMpcNode ready: rate=10.00Hz dt=0.100s N=30 path=/planner/lower_reference_path scale=fullscale wheelbase=2.80m rear_offset=1.40m command_scale=0.350rad actuator_model=1 delay=0.00s tau=0.74s backend=disabled virtual=/cmd_control
[WARN] [1791221933.567351238] [upper_planner_node]: no valid preview interval at step=7; usable horizon=6 reason=3
[INFO] [1791221933.651409943] [upper_planner_node]: planner state input: Odometry topic=/motive/vehicle/odom_map yaw=orientation.z scalar
[INFO] [1791221933.654553514] [upper_planner_node]: Egocentric MIQP planner ready: rate=1.00Hz pred_dt=0.750s Nmax=7 lower_dt=0.100s target_v=6.000m/s scale=fullscale wheelbase=2.80m length=4.70m bev=40.00m margin=2.00m state=odom grid=/bev/occupancy_grid sparse=/planner/upper_path_sparse dense=/planner/lower_reference_path
[INFO] [1791221933.654856082] [upper_planner_node]: upper branch model: cumulative_increment=1 turn_window_at_split=1 turn_target_absolute=1 split_continuity=6.75m r_dpsi=3.000 lambda_turn=0.600
[INFO] [1791221933.664131943] [lower_tracking_mpc_node]: LowerTrackingMpcNode ready: rate=10.00Hz dt=0.100s N=30 path=/planner/lower_reference_path scale=fullscale wheelbase=2.80m rear_offset=1.40m command_scale=0.350rad actuator_model=1 delay=0.00s tau=0.74s backend=disabled virtual=/cmd_control
[WARN] [1791221933.768872060] [upper_planner_node]: no valid preview interval at step=7; usable horizon=6 reason=3
[INFO] [1791221933.852625317] [upper_planner_node]: planner state input: Odometry topic=/motive/vehicle/odom_map yaw=orientation.z scalar
[INFO] [1791221933.855527186] [upper_planner_node]: Egocentric MIQP planner ready: rate=1.00Hz pred_dt=0.750s Nmax=7 lower_dt=0.100s target_v=6.000m/s scale=fullscale wheelbase=2.80m length=4.70m bev=40.00m margin=2.00m state=odom grid=/bev/occupancy_grid sparse=/planner/upper_path_sparse dense=/planner/lower_reference_path
[INFO] [1791221933.855797913] [upper_planner_node]: upper branch model: cumulative_increment=1 turn_window_at_split=1 turn_target_absolute=1 split_continuity=6.75m r_dpsi=3.000 lambda_turn=0.600
[INFO] [1791221933.864757638] [lower_tracking_mpc_node]: LowerTrackingMpcNode ready: rate=10.00Hz dt=0.100s N=30 path=/planner/lower_reference_path scale=fullscale wheelbase=2.80m rear_offset=1.40m command_scale=0.350rad actuator_model=1 delay=0.00s tau=0.74s backend=disabled virtual=/cmd_control
[INFO] [1791221934.055160823] [upper_planner_node]: planner state input: Odometry topic=/motive/vehicle/odom_map yaw=orientation.z scalar
[INFO] [1791221934.058337899] [upper_planner_node]: Egocentric MIQP planner ready: rate=1.00Hz pred_dt=0.750s Nmax=7 lower_dt=0.100s target_v=6.000m/s scale=fullscale wheelbase=2.80m length=4.70m bev=40.00m margin=2.00m state=odom grid=/bev/occupancy_grid sparse=/planner/upper_path_sparse dense=/planner/lower_reference_path
[INFO] [1791221934.058633331] [upper_planner_node]: upper branch model: cumulative_increment=1 turn_window_at_split=1 turn_target_absolute=1 split_continuity=6.75m r_dpsi=3.000 lambda_turn=0.600
[INFO] [1791221934.067850663] [lower_tracking_mpc_node]: LowerTrackingMpcNode ready: rate=10.00Hz dt=0.100s N=30 path=/planner/lower_reference_path scale=fullscale wheelbase=2.80m rear_offset=1.40m command_scale=0.350rad actuator_model=1 delay=0.00s tau=0.74s backend=disabled virtual=/cmd_control
[INFO] [1791221934.251779181] [upper_planner_node]: planner state input: Odometry topic=/motive/vehicle/odom_map yaw=orientation.z scalar
[INFO] [1791221934.254699706] [upper_planner_node]: Egocentric MIQP planner ready: rate=1.00Hz pred_dt=0.750s Nmax=7 lower_dt=0.100s target_v=6.000m/s scale=fullscale wheelbase=2.80m length=4.70m bev=40.00m margin=2.00m state=odom grid=/bev/occupancy_grid sparse=/planner/upper_path_sparse dense=/planner/lower_reference_path
[INFO] [1791221934.254969025] [upper_planner_node]: upper branch model: cumulative_increment=1 turn_window_at_split=1 turn_target_absolute=1 split_continuity=6.75m r_dpsi=3.000 lambda_turn=0.600
[INFO] [1791221934.264038001] [lower_tracking_mpc_node]: LowerTrackingMpcNode ready: rate=10.00Hz dt=0.100s N=30 path=/planner/lower_reference_path scale=fullscale wheelbase=2.80m rear_offset=1.40m command_scale=0.350rad actuator_model=1 delay=0.00s tau=0.74s backend=disabled virtual=/cmd_control
[INFO] [1791221934.453620589] [upper_planner_node]: planner state input: Odometry topic=/motive/vehicle/odom_map yaw=orientation.z scalar
[INFO] [1791221934.456922500] [upper_planner_node]: Egocentric MIQP planner ready: rate=1.00Hz pred_dt=0.750s Nmax=7 lower_dt=0.100s target_v=6.000m/s scale=fullscale wheelbase=2.80m length=4.70m bev=40.00m margin=2.00m state=odom grid=/bev/occupancy_grid sparse=/planner/upper_path_sparse dense=/planner/lower_reference_path
[INFO] [1791221934.457113609] [upper_planner_node]: upper branch model: cumulative_increment=1 turn_window_at_split=1 turn_target_absolute=1 split_continuity=6.75m r_dpsi=3.000 lambda_turn=0.600
[INFO] [1791221934.467032048] [lower_tracking_mpc_node]: LowerTrackingMpcNode ready: rate=10.00Hz dt=0.100s N=30 path=/planner/lower_reference_path scale=fullscale wheelbase=2.80m rear_offset=1.40m command_scale=0.350rad actuator_model=1 delay=0.00s tau=0.74s backend=disabled virtual=/cmd_control
[WARN] [1791221934.572173104] [upper_planner_node]: interval_diag step=7 reason=3 ref_body=(22.704,19.751) heading_deg=50.40 center_cell=(72,127) center_value=100 line_free=0 blocked=228 unknown=0 outside=2 longest_run=0 min_run=2 grid_free=5133 zero=5133 positive=11251 unknown=0 topic=/bev/occupancy_grid frame=Vehicle origin=(0.000,-20.000) origin_yaw_deg=0.00 size=128x128 res=0.3125 positive_is_drivable=0 threshold=0 waypoint_bias=0 previous=1
[WARN] [1791221934.572516761] [upper_planner_node]: no valid preview interval at step=7; usable horizon=6 reason=3
[INFO] [1791221934.653420439] [upper_planner_node]: planner state input: Odometry topic=/motive/vehicle/odom_map yaw=orientation.z scalar
[INFO] [1791221934.656296995] [upper_planner_node]: Egocentric MIQP planner ready: rate=1.00Hz pred_dt=0.750s Nmax=7 lower_dt=0.100s target_v=6.000m/s scale=fullscale wheelbase=2.80m length=4.70m bev=40.00m margin=2.00m state=odom grid=/bev/occupancy_grid sparse=/planner/upper_path_sparse dense=/planner/lower_reference_path
[INFO] [1791221934.656449895] [upper_planner_node]: upper branch model: cumulative_increment=1 turn_window_at_split=1 turn_target_absolute=1 split_continuity=6.75m r_dpsi=3.000 lambda_turn=0.600
[INFO] [1791221934.665354163] [lower_tracking_mpc_node]: LowerTrackingMpcNode ready: rate=10.00Hz dt=0.100s N=30 path=/planner/lower_reference_path scale=fullscale wheelbase=2.80m rear_offset=1.40m command_scale=0.350rad actuator_model=1 delay=0.00s tau=0.74s backend=disabled virtual=/cmd_control
[WARN] [1791221934.770892637] [upper_planner_node]: no valid preview interval at step=7; usable horizon=6 reason=3
[INFO] [1791221934.852698707] [upper_planner_node]: planner state input: Odometry topic=/motive/vehicle/odom_map yaw=orientation.z scalar
[INFO] [1791221934.855720387] [upper_planner_node]: Egocentric MIQP planner ready: rate=1.00Hz pred_dt=0.750s Nmax=7 lower_dt=0.100s target_v=6.000m/s scale=fullscale wheelbase=2.80m length=4.70m bev=40.00m margin=2.00m state=odom grid=/bev/occupancy_grid sparse=/planner/upper_path_sparse dense=/planner/lower_reference_path
[INFO] [1791221934.855913896] [upper_planner_node]: upper branch model: cumulative_increment=1 turn_window_at_split=1 turn_target_absolute=1 split_continuity=6.75m r_dpsi=3.000 lambda_turn=0.600
[INFO] [1791221934.864818068] [lower_tracking_mpc_node]: LowerTrackingMpcNode ready: rate=10.00Hz dt=0.100s N=30 path=/planner/lower_reference_path scale=fullscale wheelbase=2.80m rear_offset=1.40m command_scale=0.350rad actuator_model=1 delay=0.00s tau=0.74s backend=disabled virtual=/cmd_control
[WARN] [1791221934.970162105] [upper_planner_node]: no valid preview interval at step=7; usable horizon=6 reason=3
[INFO] [1791221935.051709448] [upper_planner_node]: planner state input: Odometry topic=/motive/vehicle/odom_map yaw=orientation.z scalar
[INFO] [1791221935.054810170] [upper_planner_node]: Egocentric MIQP planner ready: rate=1.00Hz pred_dt=0.750s Nmax=7 lower_dt=0.100s target_v=6.000m/s scale=fullscale wheelbase=2.80m length=4.70m bev=40.00m margin=2.00m state=odom grid=/bev/occupancy_grid sparse=/planner/upper_path_sparse dense=/planner/lower_reference_path
[INFO] [1791221935.055086242] [upper_planner_node]: upper branch model: cumulative_increment=1 turn_window_at_split=1 turn_target_absolute=1 split_continuity=6.75m r_dpsi=3.000 lambda_turn=0.600
[INFO] [1791221935.064544380] [lower_tracking_mpc_node]: LowerTrackingMpcNode ready: rate=10.00Hz dt=0.100s N=30 path=/planner/lower_reference_path scale=fullscale wheelbase=2.80m rear_offset=1.40m command_scale=0.350rad actuator_model=1 delay=0.00s tau=0.74s backend=disabled virtual=/cmd_control
[WARN] [1791221935.181790621] [upper_planner_node]: no valid preview interval at step=7; usable horizon=6 reason=3
[INFO] [1791221935.263381549] [upper_planner_node]: planner state input: Odometry topic=/motive/vehicle/odom_map yaw=orientation.z scalar
[INFO] [1791221935.266899275] [upper_planner_node]: Egocentric MIQP planner ready: rate=1.00Hz pred_dt=0.750s Nmax=7 lower_dt=0.100s target_v=6.000m/s scale=fullscale wheelbase=2.80m length=4.70m bev=40.00m margin=2.00m state=odom grid=/bev/occupancy_grid sparse=/planner/upper_path_sparse dense=/planner/lower_reference_path
[INFO] [1791221935.267477978] [upper_planner_node]: upper branch model: cumulative_increment=1 turn_window_at_split=1 turn_target_absolute=1 split_continuity=6.75m r_dpsi=3.000 lambda_turn=0.600
[INFO] [1791221935.279165007] [lower_tracking_mpc_node]: LowerTrackingMpcNode ready: rate=10.00Hz dt=0.100s N=30 path=/planner/lower_reference_path scale=fullscale wheelbase=2.80m rear_offset=1.40m command_scale=0.350rad actuator_model=1 delay=0.00s tau=0.74s backend=disabled virtual=/cmd_control
[INFO] [1791221935.473506186] [upper_planner_node]: planner state input: Odometry topic=/motive/vehicle/odom_map yaw=orientation.z scalar
[INFO] [1791221935.476579003] [upper_planner_node]: Egocentric MIQP planner ready: rate=1.00Hz pred_dt=0.750s Nmax=7 lower_dt=0.100s target_v=6.000m/s scale=fullscale wheelbase=2.80m length=4.70m bev=40.00m margin=2.00m state=odom grid=/bev/occupancy_grid sparse=/planner/upper_path_sparse dense=/planner/lower_reference_path
[INFO] [1791221935.476740415] [upper_planner_node]: upper branch model: cumulative_increment=1 turn_window_at_split=1 turn_target_absolute=1 split_continuity=6.75m r_dpsi=3.000 lambda_turn=0.600
[INFO] [1791221935.486144760] [lower_tracking_mpc_node]: LowerTrackingMpcNode ready: rate=10.00Hz dt=0.100s N=30 path=/planner/lower_reference_path scale=fullscale wheelbase=2.80m rear_offset=1.40m command_scale=0.350rad actuator_model=1 delay=0.00s tau=0.74s backend=disabled virtual=/cmd_control
[INFO] [1791221935.682781359] [upper_planner_node]: planner state input: Odometry topic=/motive/vehicle/odom_map yaw=orientation.z scalar
[INFO] [1791221935.685838784] [upper_planner_node]: Egocentric MIQP planner ready: rate=1.00Hz pred_dt=0.750s Nmax=7 lower_dt=0.100s target_v=6.000m/s scale=fullscale wheelbase=2.80m length=4.70m bev=40.00m margin=2.00m state=odom grid=/bev/occupancy_grid sparse=/planner/upper_path_sparse dense=/planner/lower_reference_path
[INFO] [1791221935.685997797] [upper_planner_node]: upper branch model: cumulative_increment=1 turn_window_at_split=1 turn_target_absolute=1 split_continuity=6.75m r_dpsi=3.000 lambda_turn=0.600
[INFO] [1791221935.694878640] [lower_tracking_mpc_node]: LowerTrackingMpcNode ready: rate=10.00Hz dt=0.100s N=30 path=/planner/lower_reference_path scale=fullscale wheelbase=2.80m rear_offset=1.40m command_scale=0.350rad actuator_model=1 delay=0.00s tau=0.74s backend=disabled virtual=/cmd_control
[INFO] [1791221935.794486429] [upper_planner_node]: planner state input: Odometry topic=/motive/vehicle/odom_map yaw=orientation.z scalar
[INFO] [1791221935.797441900] [upper_planner_node]: Egocentric MIQP planner ready: rate=1.00Hz pred_dt=0.750s Nmax=7 lower_dt=0.100s target_v=6.000m/s scale=fullscale wheelbase=2.80m length=4.70m bev=40.00m margin=2.00m state=odom grid=/bev/occupancy_grid sparse=/planner/upper_path_sparse dense=/planner/lower_reference_path
[INFO] [1791221935.797568655] [upper_planner_node]: upper branch model: cumulative_increment=1 turn_window_at_split=1 turn_target_absolute=1 split_continuity=6.75m r_dpsi=3.000 lambda_turn=0.600
[INFO] [1791221935.806190387] [lower_tracking_mpc_node]: LowerTrackingMpcNode ready: rate=10.00Hz dt=0.100s N=30 path=/planner/lower_reference_path scale=fullscale wheelbase=2.80m rear_offset=1.40m command_scale=0.350rad actuator_model=1 delay=0.00s tau=0.74s backend=disabled virtual=/cmd_control
[INFO] [1791221935.904027442] [upper_planner_node]: planner state input: Odometry topic=/motive/vehicle/odom_map yaw=orientation.z scalar
[INFO] [1791221935.906978944] [upper_planner_node]: Egocentric MIQP planner ready: rate=1.00Hz pred_dt=0.750s Nmax=7 lower_dt=0.100s target_v=6.000m/s scale=fullscale wheelbase=2.80m length=4.70m bev=40.00m margin=2.00m state=odom grid=/bev/occupancy_grid sparse=/planner/upper_path_sparse dense=/planner/lower_reference_path
[INFO] [1791221935.907215975] [upper_planner_node]: upper branch model: cumulative_increment=1 turn_window_at_split=1 turn_target_absolute=1 split_continuity=6.75m r_dpsi=3.000 lambda_turn=0.600
[INFO] [1791221935.916294743] [lower_tracking_mpc_node]: LowerTrackingMpcNode ready: rate=10.00Hz dt=0.100s N=30 path=/planner/lower_reference_path scale=fullscale wheelbase=2.80m rear_offset=1.40m command_scale=0.350rad actuator_model=1 delay=0.00s tau=0.74s backend=disabled virtual=/cmd_control
[INFO] [1791221936.018106559] [upper_planner_node]: planner state input: Odometry topic=/motive/vehicle/odom_map yaw=orientation.z scalar
[INFO] [1791221936.021192049] [upper_planner_node]: Egocentric MIQP planner ready: rate=1.00Hz pred_dt=0.750s Nmax=7 lower_dt=0.100s target_v=6.000m/s scale=fullscale wheelbase=2.80m length=4.70m bev=40.00m margin=2.00m state=odom grid=/bev/occupancy_grid sparse=/planner/upper_path_sparse dense=/planner/lower_reference_path
[INFO] [1791221936.021377430] [upper_planner_node]: upper branch model: cumulative_increment=1 turn_window_at_split=1 turn_target_absolute=1 split_continuity=6.75m r_dpsi=3.000 lambda_turn=0.600
[INFO] [1791221936.030679692] [lower_tracking_mpc_node]: LowerTrackingMpcNode ready: rate=10.00Hz dt=0.100s N=30 path=/planner/lower_reference_path scale=fullscale wheelbase=2.80m rear_offset=1.40m command_scale=0.350rad actuator_model=1 delay=0.00s tau=0.74s backend=disabled virtual=/cmd_control
[INFO] [1791221936.128535564] [upper_planner_node]: planner state input: Odometry topic=/motive/vehicle/odom_map yaw=orientation.z scalar
[INFO] [1791221936.131430105] [upper_planner_node]: Egocentric MIQP planner ready: rate=1.00Hz pred_dt=0.750s Nmax=7 lower_dt=0.100s target_v=6.000m/s scale=fullscale wheelbase=2.80m length=4.70m bev=40.00m margin=2.00m state=odom grid=/bev/occupancy_grid sparse=/planner/upper_path_sparse dense=/planner/lower_reference_path
[INFO] [1791221936.131575068] [upper_planner_node]: upper branch model: cumulative_increment=1 turn_window_at_split=1 turn_target_absolute=1 split_continuity=6.75m r_dpsi=3.000 lambda_turn=0.600
[INFO] [1791221936.140366373] [lower_tracking_mpc_node]: LowerTrackingMpcNode ready: rate=10.00Hz dt=0.100s N=30 path=/planner/lower_reference_path scale=fullscale wheelbase=2.80m rear_offset=1.40m command_scale=0.350rad actuator_model=1 delay=0.00s tau=0.74s backend=disabled virtual=/cmd_control
[INFO] [1791221936.238423914] [upper_planner_node]: planner state input: Odometry topic=/motive/vehicle/odom_map yaw=orientation.z scalar
[INFO] [1791221936.241579678] [upper_planner_node]: Egocentric MIQP planner ready: rate=1.00Hz pred_dt=0.750s Nmax=7 lower_dt=0.100s target_v=6.000m/s scale=fullscale wheelbase=2.80m length=4.70m bev=40.00m margin=2.00m state=odom grid=/bev/occupancy_grid sparse=/planner/upper_path_sparse dense=/planner/lower_reference_path
[INFO] [1791221936.242206447] [upper_planner_node]: upper branch model: cumulative_increment=1 turn_window_at_split=1 turn_target_absolute=1 split_continuity=6.75m r_dpsi=3.000 lambda_turn=0.600
[INFO] [1791221936.251101402] [lower_tracking_mpc_node]: LowerTrackingMpcNode ready: rate=10.00Hz dt=0.100s N=30 path=/planner/lower_reference_path scale=fullscale wheelbase=2.80m rear_offset=1.40m command_scale=0.350rad actuator_model=1 delay=0.00s tau=0.74s backend=disabled virtual=/cmd_control
[INFO] [1791221936.350722377] [upper_planner_node]: planner state input: Odometry topic=/motive/vehicle/odom_map yaw=orientation.z scalar
[INFO] [1791221936.353628598] [upper_planner_node]: Egocentric MIQP planner ready: rate=1.00Hz pred_dt=0.750s Nmax=7 lower_dt=0.100s target_v=6.000m/s scale=fullscale wheelbase=2.80m length=4.70m bev=40.00m margin=2.00m state=odom grid=/bev/occupancy_grid sparse=/planner/upper_path_sparse dense=/planner/lower_reference_path
[INFO] [1791221936.353773593] [upper_planner_node]: upper branch model: cumulative_increment=1 turn_window_at_split=1 turn_target_absolute=1 split_continuity=6.75m r_dpsi=3.000 lambda_turn=0.600
[INFO] [1791221936.362713798] [lower_tracking_mpc_node]: LowerTrackingMpcNode ready: rate=10.00Hz dt=0.100s N=30 path=/planner/lower_reference_path scale=fullscale wheelbase=2.80m rear_offset=1.40m command_scale=0.350rad actuator_model=1 delay=0.00s tau=0.74s backend=disabled virtual=/cmd_control
[INFO] [1791221936.458055683] [upper_planner_node]: planner state input: Odometry topic=/motive/vehicle/odom_map yaw=orientation.z scalar
[INFO] [1791221936.460927599] [upper_planner_node]: Egocentric MIQP planner ready: rate=1.00Hz pred_dt=0.750s Nmax=7 lower_dt=0.100s target_v=6.000m/s scale=fullscale wheelbase=2.80m length=4.70m bev=40.00m margin=2.00m state=odom grid=/bev/occupancy_grid sparse=/planner/upper_path_sparse dense=/planner/lower_reference_path
[INFO] [1791221936.461074611] [upper_planner_node]: upper branch model: cumulative_increment=1 turn_window_at_split=1 turn_target_absolute=1 split_continuity=6.75m r_dpsi=3.000 lambda_turn=0.600
[INFO] [1791221936.470224774] [lower_tracking_mpc_node]: LowerTrackingMpcNode ready: rate=10.00Hz dt=0.100s N=30 path=/planner/lower_reference_path scale=fullscale wheelbase=2.80m rear_offset=1.40m command_scale=0.350rad actuator_model=1 delay=0.00s tau=0.74s backend=disabled virtual=/cmd_control
[INFO] [1791221936.565581795] [upper_planner_node]: planner state input: Odometry topic=/motive/vehicle/odom_map yaw=orientation.z scalar
[INFO] [1791221936.568406254] [upper_planner_node]: Egocentric MIQP planner ready: rate=1.00Hz pred_dt=0.750s Nmax=7 lower_dt=0.100s target_v=6.000m/s scale=fullscale wheelbase=2.80m length=4.70m bev=40.00m margin=2.00m state=odom grid=/bev/occupancy_grid sparse=/planner/upper_path_sparse dense=/planner/lower_reference_path
[INFO] [1791221936.568556882] [upper_planner_node]: upper branch model: cumulative_increment=1 turn_window_at_split=1 turn_target_absolute=1 split_continuity=6.75m r_dpsi=3.000 lambda_turn=0.600
[INFO] [1791221936.577336923] [lower_tracking_mpc_node]: LowerTrackingMpcNode ready: rate=10.00Hz dt=0.100s N=30 path=/planner/lower_reference_path scale=fullscale wheelbase=2.80m rear_offset=1.40m command_scale=0.350rad actuator_model=1 delay=0.00s tau=0.74s backend=disabled virtual=/cmd_control
[INFO] [1791221936.679910071] [upper_planner_node]: planner state input: Odometry topic=/motive/vehicle/odom_map yaw=orientation.z scalar
[INFO] [1791221936.684439151] [upper_planner_node]: Egocentric MIQP planner ready: rate=1.00Hz pred_dt=0.750s Nmax=7 lower_dt=0.100s target_v=6.000m/s scale=fullscale wheelbase=2.80m length=4.70m bev=40.00m margin=2.00m state=odom grid=/bev/occupancy_grid sparse=/planner/upper_path_sparse dense=/planner/lower_reference_path
[INFO] [1791221936.684631412] [upper_planner_node]: upper branch model: cumulative_increment=1 turn_window_at_split=1 turn_target_absolute=1 split_continuity=6.75m r_dpsi=3.000 lambda_turn=0.600
[INFO] [1791221936.697065470] [lower_tracking_mpc_node]: LowerTrackingMpcNode ready: rate=10.00Hz dt=0.100s N=30 path=/planner/lower_reference_path scale=fullscale wheelbase=2.80m rear_offset=1.40m command_scale=0.350rad actuator_model=1 delay=0.00s tau=0.74s backend=disabled virtual=/cmd_control
[INFO] [1791221936.797041397] [upper_planner_node]: planner state input: Odometry topic=/motive/vehicle/odom_map yaw=orientation.z scalar
[INFO] [1791221936.800121415] [upper_planner_node]: Egocentric MIQP planner ready: rate=1.00Hz pred_dt=0.750s Nmax=7 lower_dt=0.100s target_v=6.000m/s scale=fullscale wheelbase=2.80m length=4.70m bev=40.00m margin=2.00m state=odom grid=/bev/occupancy_grid sparse=/planner/upper_path_sparse dense=/planner/lower_reference_path
[INFO] [1791221936.800274987] [upper_planner_node]: upper branch model: cumulative_increment=1 turn_window_at_split=1 turn_target_absolute=1 split_continuity=6.75m r_dpsi=3.000 lambda_turn=0.600
[INFO] [1791221936.809675556] [lower_tracking_mpc_node]: LowerTrackingMpcNode ready: rate=10.00Hz dt=0.100s N=30 path=/planner/lower_reference_path scale=fullscale wheelbase=2.80m rear_offset=1.40m command_scale=0.350rad actuator_model=1 delay=0.00s tau=0.74s backend=disabled virtual=/cmd_control
[INFO] [1791221936.912288098] [upper_planner_node]: planner state input: Odometry topic=/motive/vehicle/odom_map yaw=orientation.z scalar
[INFO] [1791221936.916054758] [upper_planner_node]: Egocentric MIQP planner ready: rate=1.00Hz pred_dt=0.750s Nmax=7 lower_dt=0.100s target_v=6.000m/s scale=fullscale wheelbase=2.80m length=4.70m bev=40.00m margin=2.00m state=odom grid=/bev/occupancy_grid sparse=/planner/upper_path_sparse dense=/planner/lower_reference_path
[INFO] [1791221936.916276139] [upper_planner_node]: upper branch model: cumulative_increment=1 turn_window_at_split=1 turn_target_absolute=1 split_continuity=6.75m r_dpsi=3.000 lambda_turn=0.600
[INFO] [1791221936.927249838] [lower_tracking_mpc_node]: LowerTrackingMpcNode ready: rate=10.00Hz dt=0.100s N=30 path=/planner/lower_reference_path scale=fullscale wheelbase=2.80m rear_offset=1.40m command_scale=0.350rad actuator_model=1 delay=0.00s tau=0.74s backend=disabled virtual=/cmd_control
[INFO] [1791221937.028854001] [upper_planner_node]: planner state input: Odometry topic=/motive/vehicle/odom_map yaw=orientation.z scalar
[INFO] [1791221937.032285260] [upper_planner_node]: Egocentric MIQP planner ready: rate=1.00Hz pred_dt=0.750s Nmax=7 lower_dt=0.100s target_v=6.000m/s scale=fullscale wheelbase=2.80m length=4.70m bev=40.00m margin=2.00m state=odom grid=/bev/occupancy_grid sparse=/planner/upper_path_sparse dense=/planner/lower_reference_path
[INFO] [1791221937.032686455] [upper_planner_node]: upper branch model: cumulative_increment=1 turn_window_at_split=1 turn_target_absolute=1 split_continuity=6.75m r_dpsi=3.000 lambda_turn=0.600
[INFO] [1791221937.041811784] [lower_tracking_mpc_node]: LowerTrackingMpcNode ready: rate=10.00Hz dt=0.100s N=30 path=/planner/lower_reference_path scale=fullscale wheelbase=2.80m rear_offset=1.40m command_scale=0.350rad actuator_model=1 delay=0.00s tau=0.74s backend=disabled virtual=/cmd_control
[INFO] [1791221937.150554057] [upper_planner_node]: planner state input: Odometry topic=/motive/vehicle/odom_map yaw=orientation.z scalar
[INFO] [1791221937.154771865] [upper_planner_node]: Egocentric MIQP planner ready: rate=1.00Hz pred_dt=0.750s Nmax=7 lower_dt=0.100s target_v=6.000m/s scale=fullscale wheelbase=2.80m length=4.70m bev=40.00m margin=2.00m state=odom grid=/bev/occupancy_grid sparse=/planner/upper_path_sparse dense=/planner/lower_reference_path
[INFO] [1791221937.155182628] [upper_planner_node]: upper branch model: cumulative_increment=1 turn_window_at_split=1 turn_target_absolute=1 split_continuity=6.75m r_dpsi=3.000 lambda_turn=0.600
[INFO] [1791221937.166218120] [lower_tracking_mpc_node]: LowerTrackingMpcNode ready: rate=10.00Hz dt=0.100s N=30 path=/planner/lower_reference_path scale=fullscale wheelbase=2.80m rear_offset=1.40m command_scale=0.350rad actuator_model=1 delay=0.00s tau=0.74s backend=disabled virtual=/cmd_control
[INFO] [1791221937.268082738] [upper_planner_node]: planner state input: Odometry topic=/motive/vehicle/odom_map yaw=orientation.z scalar
[INFO] [1791221937.270979423] [upper_planner_node]: Egocentric MIQP planner ready: rate=1.00Hz pred_dt=0.750s Nmax=7 lower_dt=0.100s target_v=6.000m/s scale=fullscale wheelbase=2.80m length=4.70m bev=40.00m margin=2.00m state=odom grid=/bev/occupancy_grid sparse=/planner/upper_path_sparse dense=/planner/lower_reference_path
[INFO] [1791221937.271142755] [upper_planner_node]: upper branch model: cumulative_increment=1 turn_window_at_split=1 turn_target_absolute=1 split_continuity=6.75m r_dpsi=3.000 lambda_turn=0.600
[INFO] [1791221937.280261141] [lower_tracking_mpc_node]: LowerTrackingMpcNode ready: rate=10.00Hz dt=0.100s N=30 path=/planner/lower_reference_path scale=fullscale wheelbase=2.80m rear_offset=1.40m command_scale=0.350rad actuator_model=1 delay=0.00s tau=0.74s backend=disabled virtual=/cmd_control
[INFO] [1791221937.383357760] [upper_planner_node]: planner state input: Odometry topic=/motive/vehicle/odom_map yaw=orientation.z scalar
[INFO] [1791221937.386412529] [upper_planner_node]: Egocentric MIQP planner ready: rate=1.00Hz pred_dt=0.750s Nmax=7 lower_dt=0.100s target_v=6.000m/s scale=fullscale wheelbase=2.80m length=4.70m bev=40.00m margin=2.00m state=odom grid=/bev/occupancy_grid sparse=/planner/upper_path_sparse dense=/planner/lower_reference_path
[INFO] [1791221937.386588501] [upper_planner_node]: upper branch model: cumulative_increment=1 turn_window_at_split=1 turn_target_absolute=1 split_continuity=6.75m r_dpsi=3.000 lambda_turn=0.600
[INFO] [1791221937.396426074] [lower_tracking_mpc_node]: LowerTrackingMpcNode ready: rate=10.00Hz dt=0.100s N=30 path=/planner/lower_reference_path scale=fullscale wheelbase=2.80m rear_offset=1.40m command_scale=0.350rad actuator_model=1 delay=0.00s tau=0.74s backend=disabled virtual=/cmd_control
[INFO] [1791221937.496183629] [upper_planner_node]: planner state input: Odometry topic=/motive/vehicle/odom_map yaw=orientation.z scalar
[INFO] [1791221937.499981969] [upper_planner_node]: Egocentric MIQP planner ready: rate=1.00Hz pred_dt=0.750s Nmax=7 lower_dt=0.100s target_v=6.000m/s scale=fullscale wheelbase=2.80m length=4.70m bev=40.00m margin=2.00m state=odom grid=/bev/occupancy_grid sparse=/planner/upper_path_sparse dense=/planner/lower_reference_path
[INFO] [1791221937.500270361] [upper_planner_node]: upper branch model: cumulative_increment=1 turn_window_at_split=1 turn_target_absolute=1 split_continuity=6.75m r_dpsi=3.000 lambda_turn=0.600
[INFO] [1791221937.511260348] [lower_tracking_mpc_node]: LowerTrackingMpcNode ready: rate=10.00Hz dt=0.100s N=30 path=/planner/lower_reference_path scale=fullscale wheelbase=2.80m rear_offset=1.40m command_scale=0.350rad actuator_model=1 delay=0.00s tau=0.74s backend=disabled virtual=/cmd_control
[INFO] [1791221937.610518817] [upper_planner_node]: planner state input: Odometry topic=/motive/vehicle/odom_map yaw=orientation.z scalar
[INFO] [1791221937.613433455] [upper_planner_node]: Egocentric MIQP planner ready: rate=1.00Hz pred_dt=0.750s Nmax=7 lower_dt=0.100s target_v=6.000m/s scale=fullscale wheelbase=2.80m length=4.70m bev=40.00m margin=2.00m state=odom grid=/bev/occupancy_grid sparse=/planner/upper_path_sparse dense=/planner/lower_reference_path
[INFO] [1791221937.613585267] [upper_planner_node]: upper branch model: cumulative_increment=1 turn_window_at_split=1 turn_target_absolute=1 split_continuity=6.75m r_dpsi=3.000 lambda_turn=0.600
[INFO] [1791221937.622688388] [lower_tracking_mpc_node]: LowerTrackingMpcNode ready: rate=10.00Hz dt=0.100s N=30 path=/planner/lower_reference_path scale=fullscale wheelbase=2.80m rear_offset=1.40m command_scale=0.350rad actuator_model=1 delay=0.00s tau=0.74s backend=disabled virtual=/cmd_control
[INFO] [1791221937.727047152] [upper_planner_node]: planner state input: Odometry topic=/motive/vehicle/odom_map yaw=orientation.z scalar
[INFO] [1791221937.729994366] [upper_planner_node]: Egocentric MIQP planner ready: rate=1.00Hz pred_dt=0.750s Nmax=7 lower_dt=0.100s target_v=6.000m/s scale=fullscale wheelbase=2.80m length=4.70m bev=40.00m margin=2.00m state=odom grid=/bev/occupancy_grid sparse=/planner/upper_path_sparse dense=/planner/lower_reference_path
[INFO] [1791221937.730154498] [upper_planner_node]: upper branch model: cumulative_increment=1 turn_window_at_split=1 turn_target_absolute=1 split_continuity=6.75m r_dpsi=3.000 lambda_turn=0.600
[INFO] [1791221937.739227123] [lower_tracking_mpc_node]: LowerTrackingMpcNode ready: rate=10.00Hz dt=0.100s N=30 path=/planner/lower_reference_path scale=fullscale wheelbase=2.80m rear_offset=1.40m command_scale=0.350rad actuator_model=1 delay=0.00s tau=0.74s backend=disabled virtual=/cmd_control
[INFO] [1791221937.840052898] [upper_planner_node]: planner state input: Odometry topic=/motive/vehicle/odom_map yaw=orientation.z scalar
[INFO] [1791221937.842988815] [upper_planner_node]: Egocentric MIQP planner ready: rate=1.00Hz pred_dt=0.750s Nmax=7 lower_dt=0.100s target_v=6.000m/s scale=fullscale wheelbase=2.80m length=4.70m bev=40.00m margin=2.00m state=odom grid=/bev/occupancy_grid sparse=/planner/upper_path_sparse dense=/planner/lower_reference_path
[INFO] [1791221937.843175252] [upper_planner_node]: upper branch model: cumulative_increment=1 turn_window_at_split=1 turn_target_absolute=1 split_continuity=6.75m r_dpsi=3.000 lambda_turn=0.600
[INFO] [1791221937.852413353] [lower_tracking_mpc_node]: LowerTrackingMpcNode ready: rate=10.00Hz dt=0.100s N=30 path=/planner/lower_reference_path scale=fullscale wheelbase=2.80m rear_offset=1.40m command_scale=0.350rad actuator_model=1 delay=0.00s tau=0.74s backend=disabled virtual=/cmd_control
[INFO] [1791221937.952824589] [upper_planner_node]: planner state input: Odometry topic=/motive/vehicle/odom_map yaw=orientation.z scalar
[INFO] [1791221937.956497614] [upper_planner_node]: Egocentric MIQP planner ready: rate=1.00Hz pred_dt=0.750s Nmax=7 lower_dt=0.100s target_v=6.000m/s scale=fullscale wheelbase=2.80m length=4.70m bev=40.00m margin=2.00m state=odom grid=/bev/occupancy_grid sparse=/planner/upper_path_sparse dense=/planner/lower_reference_path
[INFO] [1791221937.956680499] [upper_planner_node]: upper branch model: cumulative_increment=1 turn_window_at_split=1 turn_target_absolute=1 split_continuity=6.75m r_dpsi=3.000 lambda_turn=0.600
[INFO] [1791221937.967455473] [lower_tracking_mpc_node]: LowerTrackingMpcNode ready: rate=10.00Hz dt=0.100s N=30 path=/planner/lower_reference_path scale=fullscale wheelbase=2.80m rear_offset=1.40m command_scale=0.350rad actuator_model=1 delay=0.00s tau=0.74s backend=disabled virtual=/cmd_control
[INFO] [1791221938.072689044] [upper_planner_node]: planner state input: Odometry topic=/motive/vehicle/odom_map yaw=orientation.z scalar
[INFO] [1791221938.076233906] [upper_planner_node]: Egocentric MIQP planner ready: rate=1.00Hz pred_dt=0.750s Nmax=7 lower_dt=0.100s target_v=6.000m/s scale=fullscale wheelbase=2.80m length=4.70m bev=40.00m margin=2.00m state=odom grid=/bev/occupancy_grid sparse=/planner/upper_path_sparse dense=/planner/lower_reference_path
[INFO] [1791221938.076614620] [upper_planner_node]: upper branch model: cumulative_increment=1 turn_window_at_split=1 turn_target_absolute=1 split_continuity=6.75m r_dpsi=3.000 lambda_turn=0.600
[INFO] [1791221938.086411488] [lower_tracking_mpc_node]: LowerTrackingMpcNode ready: rate=10.00Hz dt=0.100s N=30 path=/planner/lower_reference_path scale=fullscale wheelbase=2.80m rear_offset=1.40m command_scale=0.350rad actuator_model=1 delay=0.00s tau=0.74s backend=disabled virtual=/cmd_control
[INFO] [1791221938.185165592] [upper_planner_node]: planner state input: Odometry topic=/motive/vehicle/odom_map yaw=orientation.z scalar
[INFO] [1791221938.188289259] [upper_planner_node]: Egocentric MIQP planner ready: rate=1.00Hz pred_dt=0.750s Nmax=7 lower_dt=0.100s target_v=6.000m/s scale=fullscale wheelbase=2.80m length=4.70m bev=40.00m margin=2.00m state=odom grid=/bev/occupancy_grid sparse=/planner/upper_path_sparse dense=/planner/lower_reference_path
[INFO] [1791221938.188566483] [upper_planner_node]: upper branch model: cumulative_increment=1 turn_window_at_split=1 turn_target_absolute=1 split_continuity=6.75m r_dpsi=3.000 lambda_turn=0.600
[INFO] [1791221938.197797447] [lower_tracking_mpc_node]: LowerTrackingMpcNode ready: rate=10.00Hz dt=0.100s N=30 path=/planner/lower_reference_path scale=fullscale wheelbase=2.80m rear_offset=1.40m command_scale=0.350rad actuator_model=1 delay=0.00s tau=0.74s backend=disabled virtual=/cmd_control
[INFO] [1791221938.294456200] [upper_planner_node]: planner state input: Odometry topic=/motive/vehicle/odom_map yaw=orientation.z scalar
[INFO] [1791221938.297315924] [upper_planner_node]: Egocentric MIQP planner ready: rate=1.00Hz pred_dt=0.750s Nmax=7 lower_dt=0.100s target_v=6.000m/s scale=fullscale wheelbase=2.80m length=4.70m bev=40.00m margin=2.00m state=odom grid=/bev/occupancy_grid sparse=/planner/upper_path_sparse dense=/planner/lower_reference_path
[INFO] [1791221938.297455511] [upper_planner_node]: upper branch model: cumulative_increment=1 turn_window_at_split=1 turn_target_absolute=1 split_continuity=6.75m r_dpsi=3.000 lambda_turn=0.600
[INFO] [1791221938.306268257] [lower_tracking_mpc_node]: LowerTrackingMpcNode ready: rate=10.00Hz dt=0.100s N=30 path=/planner/lower_reference_path scale=fullscale wheelbase=2.80m rear_offset=1.40m command_scale=0.350rad actuator_model=1 delay=0.00s tau=0.74s backend=disabled virtual=/cmd_control
[INFO] [1791221938.403147016] [upper_planner_node]: planner state input: Odometry topic=/motive/vehicle/odom_map yaw=orientation.z scalar
[INFO] [1791221938.406157303] [upper_planner_node]: Egocentric MIQP planner ready: rate=1.00Hz pred_dt=0.750s Nmax=7 lower_dt=0.100s target_v=6.000m/s scale=fullscale wheelbase=2.80m length=4.70m bev=40.00m margin=2.00m state=odom grid=/bev/occupancy_grid sparse=/planner/upper_path_sparse dense=/planner/lower_reference_path
[INFO] [1791221938.406321852] [upper_planner_node]: upper branch model: cumulative_increment=1 turn_window_at_split=1 turn_target_absolute=1 split_continuity=6.75m r_dpsi=3.000 lambda_turn=0.600
[INFO] [1791221938.415463150] [lower_tracking_mpc_node]: LowerTrackingMpcNode ready: rate=10.00Hz dt=0.100s N=30 path=/planner/lower_reference_path scale=fullscale wheelbase=2.80m rear_offset=1.40m command_scale=0.350rad actuator_model=1 delay=0.00s tau=0.74s backend=disabled virtual=/cmd_control
[INFO] [1791221938.511507647] [upper_planner_node]: planner state input: Odometry topic=/motive/vehicle/odom_map yaw=orientation.z scalar
[INFO] [1791221938.514396875] [upper_planner_node]: Egocentric MIQP planner ready: rate=1.00Hz pred_dt=0.750s Nmax=7 lower_dt=0.100s target_v=6.000m/s scale=fullscale wheelbase=2.80m length=4.70m bev=40.00m margin=2.00m state=odom grid=/bev/occupancy_grid sparse=/planner/upper_path_sparse dense=/planner/lower_reference_path
[INFO] [1791221938.514540495] [upper_planner_node]: upper branch model: cumulative_increment=1 turn_window_at_split=1 turn_target_absolute=1 split_continuity=6.75m r_dpsi=3.000 lambda_turn=0.600
[INFO] [1791221938.523150547] [lower_tracking_mpc_node]: LowerTrackingMpcNode ready: rate=10.00Hz dt=0.100s N=30 path=/planner/lower_reference_path scale=fullscale wheelbase=2.80m rear_offset=1.40m command_scale=0.350rad actuator_model=1 delay=0.00s tau=0.74s backend=disabled virtual=/cmd_control
[INFO] [1791221938.618020517] [upper_planner_node]: planner state input: Odometry topic=/motive/vehicle/odom_map yaw=orientation.z scalar
[INFO] [1791221938.621068917] [upper_planner_node]: Egocentric MIQP planner ready: rate=1.00Hz pred_dt=0.750s Nmax=7 lower_dt=0.100s target_v=6.000m/s scale=fullscale wheelbase=2.80m length=4.70m bev=40.00m margin=2.00m state=odom grid=/bev/occupancy_grid sparse=/planner/upper_path_sparse dense=/planner/lower_reference_path
[INFO] [1791221938.621229754] [upper_planner_node]: upper branch model: cumulative_increment=1 turn_window_at_split=1 turn_target_absolute=1 split_continuity=6.75m r_dpsi=3.000 lambda_turn=0.600
[INFO] [1791221938.629986402] [lower_tracking_mpc_node]: LowerTrackingMpcNode ready: rate=10.00Hz dt=0.100s N=30 path=/planner/lower_reference_path scale=fullscale wheelbase=2.80m rear_offset=1.40m command_scale=0.350rad actuator_model=1 delay=0.00s tau=0.74s backend=disabled virtual=/cmd_control
[INFO] [1791221938.730125183] [upper_planner_node]: planner state input: Odometry topic=/motive/vehicle/odom_map yaw=orientation.z scalar
[INFO] [1791221938.732949738] [upper_planner_node]: Egocentric MIQP planner ready: rate=1.00Hz pred_dt=0.750s Nmax=7 lower_dt=0.100s target_v=6.000m/s scale=fullscale wheelbase=2.80m length=4.70m bev=40.00m margin=2.00m state=odom grid=/bev/occupancy_grid sparse=/planner/upper_path_sparse dense=/planner/lower_reference_path
[INFO] [1791221938.733092461] [upper_planner_node]: upper branch model: cumulative_increment=1 turn_window_at_split=1 turn_target_absolute=1 split_continuity=6.75m r_dpsi=3.000 lambda_turn=0.600
[INFO] [1791221938.741891286] [lower_tracking_mpc_node]: LowerTrackingMpcNode ready: rate=10.00Hz dt=0.100s N=30 path=/planner/lower_reference_path scale=fullscale wheelbase=2.80m rear_offset=1.40m command_scale=0.350rad actuator_model=1 delay=0.00s tau=0.74s backend=disabled virtual=/cmd_control
[INFO] [1791221938.837913094] [upper_planner_node]: planner state input: Odometry topic=/motive/vehicle/odom_map yaw=orientation.z scalar
[INFO] [1791221938.841081114] [upper_planner_node]: Egocentric MIQP planner ready: rate=1.00Hz pred_dt=0.750s Nmax=7 lower_dt=0.100s target_v=6.000m/s scale=fullscale wheelbase=2.80m length=4.70m bev=40.00m margin=2.00m state=odom grid=/bev/occupancy_grid sparse=/planner/upper_path_sparse dense=/planner/lower_reference_path
[INFO] [1791221938.841231966] [upper_planner_node]: upper branch model: cumulative_increment=1 turn_window_at_split=1 turn_target_absolute=1 split_continuity=6.75m r_dpsi=3.000 lambda_turn=0.600
[INFO] [1791221938.850594774] [lower_tracking_mpc_node]: LowerTrackingMpcNode ready: rate=10.00Hz dt=0.100s N=30 path=/planner/lower_reference_path scale=fullscale wheelbase=2.80m rear_offset=1.40m command_scale=0.350rad actuator_model=1 delay=0.00s tau=0.74s backend=disabled virtual=/cmd_control
[INFO] [1791221938.945420551] [upper_planner_node]: planner state input: Odometry topic=/motive/vehicle/odom_map yaw=orientation.z scalar
[INFO] [1791221938.948405942] [upper_planner_node]: Egocentric MIQP planner ready: rate=1.00Hz pred_dt=0.750s Nmax=7 lower_dt=0.100s target_v=6.000m/s scale=fullscale wheelbase=2.80m length=4.70m bev=40.00m margin=2.00m state=odom grid=/bev/occupancy_grid sparse=/planner/upper_path_sparse dense=/planner/lower_reference_path
[INFO] [1791221938.948713630] [upper_planner_node]: upper branch model: cumulative_increment=1 turn_window_at_split=1 turn_target_absolute=1 split_continuity=6.75m r_dpsi=3.000 lambda_turn=0.600
[INFO] [1791221938.957539912] [lower_tracking_mpc_node]: LowerTrackingMpcNode ready: rate=10.00Hz dt=0.100s N=30 path=/planner/lower_reference_path scale=fullscale wheelbase=2.80m rear_offset=1.40m command_scale=0.350rad actuator_model=1 delay=0.00s tau=0.74s backend=disabled virtual=/cmd_control
[INFO] [1791221939.051874411] [upper_planner_node]: planner state input: Odometry topic=/motive/vehicle/odom_map yaw=orientation.z scalar
[INFO] [1791221939.054755544] [upper_planner_node]: Egocentric MIQP planner ready: rate=1.00Hz pred_dt=0.750s Nmax=7 lower_dt=0.100s target_v=6.000m/s scale=fullscale wheelbase=2.80m length=4.70m bev=40.00m margin=2.00m state=odom grid=/bev/occupancy_grid sparse=/planner/upper_path_sparse dense=/planner/lower_reference_path
[INFO] [1791221939.054889051] [upper_planner_node]: upper branch model: cumulative_increment=1 turn_window_at_split=1 turn_target_absolute=1 split_continuity=6.75m r_dpsi=3.000 lambda_turn=0.600
[INFO] [1791221939.063650723] [lower_tracking_mpc_node]: LowerTrackingMpcNode ready: rate=10.00Hz dt=0.100s N=30 path=/planner/lower_reference_path scale=fullscale wheelbase=2.80m rear_offset=1.40m command_scale=0.350rad actuator_model=1 delay=0.00s tau=0.74s backend=disabled virtual=/cmd_control
[INFO] [1791221939.157223635] [upper_planner_node]: planner state input: Odometry topic=/motive/vehicle/odom_map yaw=orientation.z scalar
[INFO] [1791221939.160142720] [upper_planner_node]: Egocentric MIQP planner ready: rate=1.00Hz pred_dt=0.750s Nmax=7 lower_dt=0.100s target_v=6.000m/s scale=fullscale wheelbase=2.80m length=4.70m bev=40.00m margin=2.00m state=odom grid=/bev/occupancy_grid sparse=/planner/upper_path_sparse dense=/planner/lower_reference_path
[INFO] [1791221939.160292164] [upper_planner_node]: upper branch model: cumulative_increment=1 turn_window_at_split=1 turn_target_absolute=1 split_continuity=6.75m r_dpsi=3.000 lambda_turn=0.600
[INFO] [1791221939.169138799] [lower_tracking_mpc_node]: LowerTrackingMpcNode ready: rate=10.00Hz dt=0.100s N=30 path=/planner/lower_reference_path scale=fullscale wheelbase=2.80m rear_offset=1.40m command_scale=0.350rad actuator_model=1 delay=0.00s tau=0.74s backend=disabled virtual=/cmd_control
[INFO] [1791221939.262173136] [upper_planner_node]: planner state input: Odometry topic=/motive/vehicle/odom_map yaw=orientation.z scalar
[INFO] [1791221939.265197984] [upper_planner_node]: Egocentric MIQP planner ready: rate=1.00Hz pred_dt=0.750s Nmax=7 lower_dt=0.100s target_v=6.000m/s scale=fullscale wheelbase=2.80m length=4.70m bev=40.00m margin=2.00m state=odom grid=/bev/occupancy_grid sparse=/planner/upper_path_sparse dense=/planner/lower_reference_path
[INFO] [1791221939.265424422] [upper_planner_node]: upper branch model: cumulative_increment=1 turn_window_at_split=1 turn_target_absolute=1 split_continuity=6.75m r_dpsi=3.000 lambda_turn=0.600
[INFO] [1791221939.274049323] [lower_tracking_mpc_node]: LowerTrackingMpcNode ready: rate=10.00Hz dt=0.100s N=30 path=/planner/lower_reference_path scale=fullscale wheelbase=2.80m rear_offset=1.40m command_scale=0.350rad actuator_model=1 delay=0.00s tau=0.74s backend=disabled virtual=/cmd_control
[INFO] [1791221939.368201162] [upper_planner_node]: planner state input: Odometry topic=/motive/vehicle/odom_map yaw=orientation.z scalar
[INFO] [1791221939.372028815] [upper_planner_node]: Egocentric MIQP planner ready: rate=1.00Hz pred_dt=0.750s Nmax=7 lower_dt=0.100s target_v=6.000m/s scale=fullscale wheelbase=2.80m length=4.70m bev=40.00m margin=2.00m state=odom grid=/bev/occupancy_grid sparse=/planner/upper_path_sparse dense=/planner/lower_reference_path
[INFO] [1791221939.372275030] [upper_planner_node]: upper branch model: cumulative_increment=1 turn_window_at_split=1 turn_target_absolute=1 split_continuity=6.75m r_dpsi=3.000 lambda_turn=0.600
[INFO] [1791221939.382845614] [lower_tracking_mpc_node]: LowerTrackingMpcNode ready: rate=10.00Hz dt=0.100s N=30 path=/planner/lower_reference_path scale=fullscale wheelbase=2.80m rear_offset=1.40m command_scale=0.350rad actuator_model=1 delay=0.00s tau=0.74s backend=disabled virtual=/cmd_control
[INFO] [1791221939.476223928] [upper_planner_node]: planner state input: Odometry topic=/motive/vehicle/odom_map yaw=orientation.z scalar
[INFO] [1791221939.479877337] [upper_planner_node]: Egocentric MIQP planner ready: rate=1.00Hz pred_dt=0.750s Nmax=7 lower_dt=0.100s target_v=6.000m/s scale=fullscale wheelbase=2.80m length=4.70m bev=40.00m margin=2.00m state=odom grid=/bev/occupancy_grid sparse=/planner/upper_path_sparse dense=/planner/lower_reference_path
[INFO] [1791221939.480087935] [upper_planner_node]: upper branch model: cumulative_increment=1 turn_window_at_split=1 turn_target_absolute=1 split_continuity=6.75m r_dpsi=3.000 lambda_turn=0.600
[INFO] [1791221939.490586965] [lower_tracking_mpc_node]: LowerTrackingMpcNode ready: rate=10.00Hz dt=0.100s N=30 path=/planner/lower_reference_path scale=fullscale wheelbase=2.80m rear_offset=1.40m command_scale=0.350rad actuator_model=1 delay=0.00s tau=0.74s backend=disabled virtual=/cmd_control
[INFO] [1791221939.583906526] [upper_planner_node]: planner state input: Odometry topic=/motive/vehicle/odom_map yaw=orientation.z scalar
[INFO] [1791221939.586893773] [upper_planner_node]: Egocentric MIQP planner ready: rate=1.00Hz pred_dt=0.750s Nmax=7 lower_dt=0.100s target_v=6.000m/s scale=fullscale wheelbase=2.80m length=4.70m bev=40.00m margin=2.00m state=odom grid=/bev/occupancy_grid sparse=/planner/upper_path_sparse dense=/planner/lower_reference_path
[INFO] [1791221939.587030352] [upper_planner_node]: upper branch model: cumulative_increment=1 turn_window_at_split=1 turn_target_absolute=1 split_continuity=6.75m r_dpsi=3.000 lambda_turn=0.600
[INFO] [1791221939.596007390] [lower_tracking_mpc_node]: LowerTrackingMpcNode ready: rate=10.00Hz dt=0.100s N=30 path=/planner/lower_reference_path scale=fullscale wheelbase=2.80m rear_offset=1.40m command_scale=0.350rad actuator_model=1 delay=0.00s tau=0.74s backend=disabled virtual=/cmd_control
[INFO] [1791221939.692766914] [upper_planner_node]: planner state input: Odometry topic=/motive/vehicle/odom_map yaw=orientation.z scalar
[INFO] [1791221939.695810515] [upper_planner_node]: Egocentric MIQP planner ready: rate=1.00Hz pred_dt=0.750s Nmax=7 lower_dt=0.100s target_v=6.000m/s scale=fullscale wheelbase=2.80m length=4.70m bev=40.00m margin=2.00m state=odom grid=/bev/occupancy_grid sparse=/planner/upper_path_sparse dense=/planner/lower_reference_path
[INFO] [1791221939.695960887] [upper_planner_node]: upper branch model: cumulative_increment=1 turn_window_at_split=1 turn_target_absolute=1 split_continuity=6.75m r_dpsi=3.000 lambda_turn=0.600
[INFO] [1791221939.704927108] [lower_tracking_mpc_node]: LowerTrackingMpcNode ready: rate=10.00Hz dt=0.100s N=30 path=/planner/lower_reference_path scale=fullscale wheelbase=2.80m rear_offset=1.40m command_scale=0.350rad actuator_model=1 delay=0.00s tau=0.74s backend=disabled virtual=/cmd_control
[INFO] [1791221939.798886270] [upper_planner_node]: planner state input: Odometry topic=/motive/vehicle/odom_map yaw=orientation.z scalar
[INFO] [1791221939.801959120] [upper_planner_node]: Egocentric MIQP planner ready: rate=1.00Hz pred_dt=0.750s Nmax=7 lower_dt=0.100s target_v=6.000m/s scale=fullscale wheelbase=2.80m length=4.70m bev=40.00m margin=2.00m state=odom grid=/bev/occupancy_grid sparse=/planner/upper_path_sparse dense=/planner/lower_reference_path
[INFO] [1791221939.802305401] [upper_planner_node]: upper branch model: cumulative_increment=1 turn_window_at_split=1 turn_target_absolute=1 split_continuity=6.75m r_dpsi=3.000 lambda_turn=0.600
[INFO] [1791221939.811524365] [lower_tracking_mpc_node]: LowerTrackingMpcNode ready: rate=10.00Hz dt=0.100s N=30 path=/planner/lower_reference_path scale=fullscale wheelbase=2.80m rear_offset=1.40m command_scale=0.350rad actuator_model=1 delay=0.00s tau=0.74s backend=disabled virtual=/cmd_control
[INFO] [1791221939.905509896] [upper_planner_node]: planner state input: Odometry topic=/motive/vehicle/odom_map yaw=orientation.z scalar
[INFO] [1791221939.908514071] [upper_planner_node]: Egocentric MIQP planner ready: rate=1.00Hz pred_dt=0.750s Nmax=7 lower_dt=0.100s target_v=6.000m/s scale=fullscale wheelbase=2.80m length=4.70m bev=40.00m margin=2.00m state=odom grid=/bev/occupancy_grid sparse=/planner/upper_path_sparse dense=/planner/lower_reference_path
[INFO] [1791221939.908697244] [upper_planner_node]: upper branch model: cumulative_increment=1 turn_window_at_split=1 turn_target_absolute=1 split_continuity=6.75m r_dpsi=3.000 lambda_turn=0.600
[INFO] [1791221939.917617928] [lower_tracking_mpc_node]: LowerTrackingMpcNode ready: rate=10.00Hz dt=0.100s N=30 path=/planner/lower_reference_path scale=fullscale wheelbase=2.80m rear_offset=1.40m command_scale=0.350rad actuator_model=1 delay=0.00s tau=0.74s backend=disabled virtual=/cmd_control
[INFO] [1791221940.010949554] [upper_planner_node]: planner state input: Odometry topic=/motive/vehicle/odom_map yaw=orientation.z scalar
[INFO] [1791221940.013931713] [upper_planner_node]: Egocentric MIQP planner ready: rate=1.00Hz pred_dt=0.750s Nmax=7 lower_dt=0.100s target_v=6.000m/s scale=fullscale wheelbase=2.80m length=4.70m bev=40.00m margin=2.00m state=odom grid=/bev/occupancy_grid sparse=/planner/upper_path_sparse dense=/planner/lower_reference_path
[INFO] [1791221940.014090405] [upper_planner_node]: upper branch model: cumulative_increment=1 turn_window_at_split=1 turn_target_absolute=1 split_continuity=6.75m r_dpsi=3.000 lambda_turn=0.600
[INFO] [1791221940.022913135] [lower_tracking_mpc_node]: LowerTrackingMpcNode ready: rate=10.00Hz dt=0.100s N=30 path=/planner/lower_reference_path scale=fullscale wheelbase=2.80m rear_offset=1.40m command_scale=0.350rad actuator_model=1 delay=0.00s tau=0.74s backend=disabled virtual=/cmd_control
[INFO] [1791221940.119538128] [upper_planner_node]: planner state input: Odometry topic=/motive/vehicle/odom_map yaw=orientation.z scalar
[INFO] [1791221940.122520767] [upper_planner_node]: Egocentric MIQP planner ready: rate=1.00Hz pred_dt=0.750s Nmax=7 lower_dt=0.100s target_v=6.000m/s scale=fullscale wheelbase=2.80m length=4.70m bev=40.00m margin=2.00m state=odom grid=/bev/occupancy_grid sparse=/planner/upper_path_sparse dense=/planner/lower_reference_path
[INFO] [1791221940.122666627] [upper_planner_node]: upper branch model: cumulative_increment=1 turn_window_at_split=1 turn_target_absolute=1 split_continuity=6.75m r_dpsi=3.000 lambda_turn=0.600
[INFO] [1791221940.131391402] [lower_tracking_mpc_node]: LowerTrackingMpcNode ready: rate=10.00Hz dt=0.100s N=30 path=/planner/lower_reference_path scale=fullscale wheelbase=2.80m rear_offset=1.40m command_scale=0.350rad actuator_model=1 delay=0.00s tau=0.74s backend=disabled virtual=/cmd_control
[INFO] [1791221940.225646924] [upper_planner_node]: planner state input: Odometry topic=/motive/vehicle/odom_map yaw=orientation.z scalar
[INFO] [1791221940.228541305] [upper_planner_node]: Egocentric MIQP planner ready: rate=1.00Hz pred_dt=0.750s Nmax=7 lower_dt=0.100s target_v=6.000m/s scale=fullscale wheelbase=2.80m length=4.70m bev=40.00m margin=2.00m state=odom grid=/bev/occupancy_grid sparse=/planner/upper_path_sparse dense=/planner/lower_reference_path
[INFO] [1791221940.228723997] [upper_planner_node]: upper branch model: cumulative_increment=1 turn_window_at_split=1 turn_target_absolute=1 split_continuity=6.75m r_dpsi=3.000 lambda_turn=0.600
[INFO] [1791221940.237680683] [lower_tracking_mpc_node]: LowerTrackingMpcNode ready: rate=10.00Hz dt=0.100s N=30 path=/planner/lower_reference_path scale=fullscale wheelbase=2.80m rear_offset=1.40m command_scale=0.350rad actuator_model=1 delay=0.00s tau=0.74s backend=disabled virtual=/cmd_control
[INFO] [1791221940.333915297] [upper_planner_node]: planner state input: Odometry topic=/motive/vehicle/odom_map yaw=orientation.z scalar
[INFO] [1791221940.336835919] [upper_planner_node]: Egocentric MIQP planner ready: rate=1.00Hz pred_dt=0.750s Nmax=7 lower_dt=0.100s target_v=6.000m/s scale=fullscale wheelbase=2.80m length=4.70m bev=40.00m margin=2.00m state=odom grid=/bev/occupancy_grid sparse=/planner/upper_path_sparse dense=/planner/lower_reference_path
[INFO] [1791221940.336982291] [upper_planner_node]: upper branch model: cumulative_increment=1 turn_window_at_split=1 turn_target_absolute=1 split_continuity=6.75m r_dpsi=3.000 lambda_turn=0.600
[INFO] [1791221940.346096324] [lower_tracking_mpc_node]: LowerTrackingMpcNode ready: rate=10.00Hz dt=0.100s N=30 path=/planner/lower_reference_path scale=fullscale wheelbase=2.80m rear_offset=1.40m command_scale=0.350rad actuator_model=1 delay=0.00s tau=0.74s backend=disabled virtual=/cmd_control
[INFO] [1791221940.440284964] [upper_planner_node]: planner state input: Odometry topic=/motive/vehicle/odom_map yaw=orientation.z scalar
[INFO] [1791221940.443178513] [upper_planner_node]: Egocentric MIQP planner ready: rate=1.00Hz pred_dt=0.750s Nmax=7 lower_dt=0.100s target_v=6.000m/s scale=fullscale wheelbase=2.80m length=4.70m bev=40.00m margin=2.00m state=odom grid=/bev/occupancy_grid sparse=/planner/upper_path_sparse dense=/planner/lower_reference_path
[INFO] [1791221940.443315669] [upper_planner_node]: upper branch model: cumulative_increment=1 turn_window_at_split=1 turn_target_absolute=1 split_continuity=6.75m r_dpsi=3.000 lambda_turn=0.600
[INFO] [1791221940.452531817] [lower_tracking_mpc_node]: LowerTrackingMpcNode ready: rate=10.00Hz dt=0.100s N=30 path=/planner/lower_reference_path scale=fullscale wheelbase=2.80m rear_offset=1.40m command_scale=0.350rad actuator_model=1 delay=0.00s tau=0.74s backend=disabled virtual=/cmd_control
[INFO] [1791221940.547628545] [upper_planner_node]: planner state input: Odometry topic=/motive/vehicle/odom_map yaw=orientation.z scalar
[INFO] [1791221940.550479309] [upper_planner_node]: Egocentric MIQP planner ready: rate=1.00Hz pred_dt=0.750s Nmax=7 lower_dt=0.100s target_v=6.000m/s scale=fullscale wheelbase=2.80m length=4.70m bev=40.00m margin=2.00m state=odom grid=/bev/occupancy_grid sparse=/planner/upper_path_sparse dense=/planner/lower_reference_path
[INFO] [1791221940.550632177] [upper_planner_node]: upper branch model: cumulative_increment=1 turn_window_at_split=1 turn_target_absolute=1 split_continuity=6.75m r_dpsi=3.000 lambda_turn=0.600
[INFO] [1791221940.559424762] [lower_tracking_mpc_node]: LowerTrackingMpcNode ready: rate=10.00Hz dt=0.100s N=30 path=/planner/lower_reference_path scale=fullscale wheelbase=2.80m rear_offset=1.40m command_scale=0.350rad actuator_model=1 delay=0.00s tau=0.74s backend=disabled virtual=/cmd_control
[INFO] [1791221940.657625701] [upper_planner_node]: planner state input: Odometry topic=/motive/vehicle/odom_map yaw=orientation.z scalar
[INFO] [1791221940.660667893] [upper_planner_node]: Egocentric MIQP planner ready: rate=1.00Hz pred_dt=0.750s Nmax=7 lower_dt=0.100s target_v=6.000m/s scale=fullscale wheelbase=2.80m length=4.70m bev=40.00m margin=2.00m state=odom grid=/bev/occupancy_grid sparse=/planner/upper_path_sparse dense=/planner/lower_reference_path
[INFO] [1791221940.660848314] [upper_planner_node]: upper branch model: cumulative_increment=1 turn_window_at_split=1 turn_target_absolute=1 split_continuity=6.75m r_dpsi=3.000 lambda_turn=0.600
[INFO] [1791221940.669856745] [lower_tracking_mpc_node]: LowerTrackingMpcNode ready: rate=10.00Hz dt=0.100s N=30 path=/planner/lower_reference_path scale=fullscale wheelbase=2.80m rear_offset=1.40m command_scale=0.350rad actuator_model=1 delay=0.00s tau=0.74s backend=disabled virtual=/cmd_control
[INFO] [1791221940.765867833] [upper_planner_node]: planner state input: Odometry topic=/motive/vehicle/odom_map yaw=orientation.z scalar
[INFO] [1791221940.768776006] [upper_planner_node]: Egocentric MIQP planner ready: rate=1.00Hz pred_dt=0.750s Nmax=7 lower_dt=0.100s target_v=6.000m/s scale=fullscale wheelbase=2.80m length=4.70m bev=40.00m margin=2.00m state=odom grid=/bev/occupancy_grid sparse=/planner/upper_path_sparse dense=/planner/lower_reference_path
[INFO] [1791221940.769056558] [upper_planner_node]: upper branch model: cumulative_increment=1 turn_window_at_split=1 turn_target_absolute=1 split_continuity=6.75m r_dpsi=3.000 lambda_turn=0.600
[INFO] [1791221940.777970138] [lower_tracking_mpc_node]: LowerTrackingMpcNode ready: rate=10.00Hz dt=0.100s N=30 path=/planner/lower_reference_path scale=fullscale wheelbase=2.80m rear_offset=1.40m command_scale=0.350rad actuator_model=1 delay=0.00s tau=0.74s backend=disabled virtual=/cmd_control
[INFO] [1791221940.872051320] [upper_planner_node]: planner state input: Odometry topic=/motive/vehicle/odom_map yaw=orientation.z scalar
[INFO] [1791221940.874958789] [upper_planner_node]: Egocentric MIQP planner ready: rate=1.00Hz pred_dt=0.750s Nmax=7 lower_dt=0.100s target_v=6.000m/s scale=fullscale wheelbase=2.80m length=4.70m bev=40.00m margin=2.00m state=odom grid=/bev/occupancy_grid sparse=/planner/upper_path_sparse dense=/planner/lower_reference_path
[INFO] [1791221940.875144810] [upper_planner_node]: upper branch model: cumulative_increment=1 turn_window_at_split=1 turn_target_absolute=1 split_continuity=6.75m r_dpsi=3.000 lambda_turn=0.600
[INFO] [1791221940.884153176] [lower_tracking_mpc_node]: LowerTrackingMpcNode ready: rate=10.00Hz dt=0.100s N=30 path=/planner/lower_reference_path scale=fullscale wheelbase=2.80m rear_offset=1.40m command_scale=0.350rad actuator_model=1 delay=0.00s tau=0.74s backend=disabled virtual=/cmd_control
[INFO] [1791221940.979174831] [upper_planner_node]: planner state input: Odometry topic=/motive/vehicle/odom_map yaw=orientation.z scalar
[INFO] [1791221940.982213535] [upper_planner_node]: Egocentric MIQP planner ready: rate=1.00Hz pred_dt=0.750s Nmax=7 lower_dt=0.100s target_v=6.000m/s scale=fullscale wheelbase=2.80m length=4.70m bev=40.00m margin=2.00m state=odom grid=/bev/occupancy_grid sparse=/planner/upper_path_sparse dense=/planner/lower_reference_path
[INFO] [1791221940.982402116] [upper_planner_node]: upper branch model: cumulative_increment=1 turn_window_at_split=1 turn_target_absolute=1 split_continuity=6.75m r_dpsi=3.000 lambda_turn=0.600
[INFO] [1791221940.991638681] [lower_tracking_mpc_node]: LowerTrackingMpcNode ready: rate=10.00Hz dt=0.100s N=30 path=/planner/lower_reference_path scale=fullscale wheelbase=2.80m rear_offset=1.40m command_scale=0.350rad actuator_model=1 delay=0.00s tau=0.74s backend=disabled virtual=/cmd_control
[INFO] [1791221941.084752701] [upper_planner_node]: planner state input: Odometry topic=/motive/vehicle/odom_map yaw=orientation.z scalar
[INFO] [1791221941.087808750] [upper_planner_node]: Egocentric MIQP planner ready: rate=1.00Hz pred_dt=0.750s Nmax=7 lower_dt=0.100s target_v=6.000m/s scale=fullscale wheelbase=2.80m length=4.70m bev=40.00m margin=2.00m state=odom grid=/bev/occupancy_grid sparse=/planner/upper_path_sparse dense=/planner/lower_reference_path
[INFO] [1791221941.087997683] [upper_planner_node]: upper branch model: cumulative_increment=1 turn_window_at_split=1 turn_target_absolute=1 split_continuity=6.75m r_dpsi=3.000 lambda_turn=0.600
[INFO] [1791221941.096782588] [lower_tracking_mpc_node]: LowerTrackingMpcNode ready: rate=10.00Hz dt=0.100s N=30 path=/planner/lower_reference_path scale=fullscale wheelbase=2.80m rear_offset=1.40m command_scale=0.350rad actuator_model=1 delay=0.00s tau=0.74s backend=disabled virtual=/cmd_control
[INFO] [1791221941.189641017] [upper_planner_node]: planner state input: Odometry topic=/motive/vehicle/odom_map yaw=orientation.z scalar
[INFO] [1791221941.192501605] [upper_planner_node]: Egocentric MIQP planner ready: rate=1.00Hz pred_dt=0.750s Nmax=7 lower_dt=0.100s target_v=6.000m/s scale=fullscale wheelbase=2.80m length=4.70m bev=40.00m margin=2.00m state=odom grid=/bev/occupancy_grid sparse=/planner/upper_path_sparse dense=/planner/lower_reference_path
[INFO] [1791221941.192677450] [upper_planner_node]: upper branch model: cumulative_increment=1 turn_window_at_split=1 turn_target_absolute=1 split_continuity=6.75m r_dpsi=3.000 lambda_turn=0.600
[INFO] [1791221941.201595318] [lower_tracking_mpc_node]: LowerTrackingMpcNode ready: rate=10.00Hz dt=0.100s N=30 path=/planner/lower_reference_path scale=fullscale wheelbase=2.80m rear_offset=1.40m command_scale=0.350rad actuator_model=1 delay=0.00s tau=0.74s backend=disabled virtual=/cmd_control
[INFO] [1791221941.293928326] [upper_planner_node]: planner state input: Odometry topic=/motive/vehicle/odom_map yaw=orientation.z scalar
[INFO] [1791221941.296822451] [upper_planner_node]: Egocentric MIQP planner ready: rate=1.00Hz pred_dt=0.750s Nmax=7 lower_dt=0.100s target_v=6.000m/s scale=fullscale wheelbase=2.80m length=4.70m bev=40.00m margin=2.00m state=odom grid=/bev/occupancy_grid sparse=/planner/upper_path_sparse dense=/planner/lower_reference_path
[INFO] [1791221941.296972983] [upper_planner_node]: upper branch model: cumulative_increment=1 turn_window_at_split=1 turn_target_absolute=1 split_continuity=6.75m r_dpsi=3.000 lambda_turn=0.600
[INFO] [1791221941.305812513] [lower_tracking_mpc_node]: LowerTrackingMpcNode ready: rate=10.00Hz dt=0.100s N=30 path=/planner/lower_reference_path scale=fullscale wheelbase=2.80m rear_offset=1.40m command_scale=0.350rad actuator_model=1 delay=0.00s tau=0.74s backend=disabled virtual=/cmd_control
[INFO] [1791221941.399012519] [upper_planner_node]: planner state input: Odometry topic=/motive/vehicle/odom_map yaw=orientation.z scalar
[INFO] [1791221941.401865523] [upper_planner_node]: Egocentric MIQP planner ready: rate=1.00Hz pred_dt=0.750s Nmax=7 lower_dt=0.100s target_v=6.000m/s scale=fullscale wheelbase=2.80m length=4.70m bev=40.00m margin=2.00m state=odom grid=/bev/occupancy_grid sparse=/planner/upper_path_sparse dense=/planner/lower_reference_path
[INFO] [1791221941.402097273] [upper_planner_node]: upper branch model: cumulative_increment=1 turn_window_at_split=1 turn_target_absolute=1 split_continuity=6.75m r_dpsi=3.000 lambda_turn=0.600
[INFO] [1791221941.411015046] [lower_tracking_mpc_node]: LowerTrackingMpcNode ready: rate=10.00Hz dt=0.100s N=30 path=/planner/lower_reference_path scale=fullscale wheelbase=2.80m rear_offset=1.40m command_scale=0.350rad actuator_model=1 delay=0.00s tau=0.74s backend=disabled virtual=/cmd_control
[INFO] [1791221941.505489582] [upper_planner_node]: planner state input: Odometry topic=/motive/vehicle/odom_map yaw=orientation.z scalar
[INFO] [1791221941.508454300] [upper_planner_node]: Egocentric MIQP planner ready: rate=1.00Hz pred_dt=0.750s Nmax=7 lower_dt=0.100s target_v=6.000m/s scale=fullscale wheelbase=2.80m length=4.70m bev=40.00m margin=2.00m state=odom grid=/bev/occupancy_grid sparse=/planner/upper_path_sparse dense=/planner/lower_reference_path
[INFO] [1791221941.508622689] [upper_planner_node]: upper branch model: cumulative_increment=1 turn_window_at_split=1 turn_target_absolute=1 split_continuity=6.75m r_dpsi=3.000 lambda_turn=0.600
[INFO] [1791221941.517762835] [lower_tracking_mpc_node]: LowerTrackingMpcNode ready: rate=10.00Hz dt=0.100s N=30 path=/planner/lower_reference_path scale=fullscale wheelbase=2.80m rear_offset=1.40m command_scale=0.350rad actuator_model=1 delay=0.00s tau=0.74s backend=disabled virtual=/cmd_control
[INFO] [1791221941.617374276] [upper_planner_node]: planner state input: Odometry topic=/motive/vehicle/odom_map yaw=orientation.z scalar
[INFO] [1791221941.620290737] [upper_planner_node]: Egocentric MIQP planner ready: rate=1.00Hz pred_dt=0.750s Nmax=7 lower_dt=0.100s target_v=6.000m/s scale=fullscale wheelbase=2.80m length=4.70m bev=40.00m margin=2.00m state=odom grid=/bev/occupancy_grid sparse=/planner/upper_path_sparse dense=/planner/lower_reference_path
[INFO] [1791221941.620478998] [upper_planner_node]: upper branch model: cumulative_increment=1 turn_window_at_split=1 turn_target_absolute=1 split_continuity=6.75m r_dpsi=3.000 lambda_turn=0.600
[INFO] [1791221941.629343841] [lower_tracking_mpc_node]: LowerTrackingMpcNode ready: rate=10.00Hz dt=0.100s N=30 path=/planner/lower_reference_path scale=fullscale wheelbase=2.80m rear_offset=1.40m command_scale=0.350rad actuator_model=1 delay=0.00s tau=0.74s backend=disabled virtual=/cmd_control
[INFO] [1791221941.753989577] [upper_planner_node]: planner state input: Odometry topic=/motive/vehicle/odom_map yaw=orientation.z scalar
[INFO] [1791221941.756980600] [upper_planner_node]: Egocentric MIQP planner ready: rate=1.00Hz pred_dt=0.750s Nmax=7 lower_dt=0.100s target_v=6.000m/s scale=fullscale wheelbase=2.80m length=4.70m bev=40.00m margin=2.00m state=odom grid=/bev/occupancy_grid sparse=/planner/upper_path_sparse dense=/planner/lower_reference_path
[INFO] [1791221941.757180158] [upper_planner_node]: upper branch model: cumulative_increment=1 turn_window_at_split=1 turn_target_absolute=1 split_continuity=6.75m r_dpsi=3.000 lambda_turn=0.600
[INFO] [1791221941.766329872] [lower_tracking_mpc_node]: LowerTrackingMpcNode ready: rate=10.00Hz dt=0.100s N=30 path=/planner/lower_reference_path scale=fullscale wheelbase=2.80m rear_offset=1.40m command_scale=0.350rad actuator_model=1 delay=0.00s tau=0.74s backend=disabled virtual=/cmd_control
[INFO] [1791221941.892013300] [upper_planner_node]: planner state input: Odometry topic=/motive/vehicle/odom_map yaw=orientation.z scalar
[INFO] [1791221941.895212232] [upper_planner_node]: Egocentric MIQP planner ready: rate=1.00Hz pred_dt=0.750s Nmax=7 lower_dt=0.100s target_v=6.000m/s scale=fullscale wheelbase=2.80m length=4.70m bev=40.00m margin=2.00m state=odom grid=/bev/occupancy_grid sparse=/planner/upper_path_sparse dense=/planner/lower_reference_path
[INFO] [1791221941.895411374] [upper_planner_node]: upper branch model: cumulative_increment=1 turn_window_at_split=1 turn_target_absolute=1 split_continuity=6.75m r_dpsi=3.000 lambda_turn=0.600
[INFO] [1791221941.904368123] [lower_tracking_mpc_node]: LowerTrackingMpcNode ready: rate=10.00Hz dt=0.100s N=30 path=/planner/lower_reference_path scale=fullscale wheelbase=2.80m rear_offset=1.40m command_scale=0.350rad actuator_model=1 delay=0.00s tau=0.74s backend=disabled virtual=/cmd_control
[INFO] [1791221942.030664175] [upper_planner_node]: planner state input: Odometry topic=/motive/vehicle/odom_map yaw=orientation.z scalar
[INFO] [1791221942.033755393] [upper_planner_node]: Egocentric MIQP planner ready: rate=1.00Hz pred_dt=0.750s Nmax=7 lower_dt=0.100s target_v=6.000m/s scale=fullscale wheelbase=2.80m length=4.70m bev=40.00m margin=2.00m state=odom grid=/bev/occupancy_grid sparse=/planner/upper_path_sparse dense=/planner/lower_reference_path
[INFO] [1791221942.034017992] [upper_planner_node]: upper branch model: cumulative_increment=1 turn_window_at_split=1 turn_target_absolute=1 split_continuity=6.75m r_dpsi=3.000 lambda_turn=0.600
[INFO] [1791221942.043031223] [lower_tracking_mpc_node]: LowerTrackingMpcNode ready: rate=10.00Hz dt=0.100s N=30 path=/planner/lower_reference_path scale=fullscale wheelbase=2.80m rear_offset=1.40m command_scale=0.350rad actuator_model=1 delay=0.00s tau=0.74s backend=disabled virtual=/cmd_control
[INFO] [1791221942.167505531] [upper_planner_node]: planner state input: Odometry topic=/motive/vehicle/odom_map yaw=orientation.z scalar
[INFO] [1791221942.170338886] [upper_planner_node]: Egocentric MIQP planner ready: rate=1.00Hz pred_dt=0.750s Nmax=7 lower_dt=0.100s target_v=6.000m/s scale=fullscale wheelbase=2.80m length=4.70m bev=40.00m margin=2.00m state=odom grid=/bev/occupancy_grid sparse=/planner/upper_path_sparse dense=/planner/lower_reference_path
[INFO] [1791221942.170515371] [upper_planner_node]: upper branch model: cumulative_increment=1 turn_window_at_split=1 turn_target_absolute=1 split_continuity=6.75m r_dpsi=3.000 lambda_turn=0.600
[INFO] [1791221942.179327892] [lower_tracking_mpc_node]: LowerTrackingMpcNode ready: rate=10.00Hz dt=0.100s N=30 path=/planner/lower_reference_path scale=fullscale wheelbase=2.80m rear_offset=1.40m command_scale=0.350rad actuator_model=1 delay=0.00s tau=0.74s backend=disabled virtual=/cmd_control
[INFO] [1791221942.303370477] [upper_planner_node]: planner state input: Odometry topic=/motive/vehicle/odom_map yaw=orientation.z scalar
[INFO] [1791221942.306318267] [upper_planner_node]: Egocentric MIQP planner ready: rate=1.00Hz pred_dt=0.750s Nmax=7 lower_dt=0.100s target_v=6.000m/s scale=fullscale wheelbase=2.80m length=4.70m bev=40.00m margin=2.00m state=odom grid=/bev/occupancy_grid sparse=/planner/upper_path_sparse dense=/planner/lower_reference_path
[INFO] [1791221942.306524769] [upper_planner_node]: upper branch model: cumulative_increment=1 turn_window_at_split=1 turn_target_absolute=1 split_continuity=6.75m r_dpsi=3.000 lambda_turn=0.600
[INFO] [1791221942.316127583] [lower_tracking_mpc_node]: LowerTrackingMpcNode ready: rate=10.00Hz dt=0.100s N=30 path=/planner/lower_reference_path scale=fullscale wheelbase=2.80m rear_offset=1.40m command_scale=0.350rad actuator_model=1 delay=0.00s tau=0.74s backend=disabled virtual=/cmd_control
[INFO] [1791221942.442822686] [upper_planner_node]: planner state input: Odometry topic=/motive/vehicle/odom_map yaw=orientation.z scalar
[INFO] [1791221942.446236825] [upper_planner_node]: Egocentric MIQP planner ready: rate=1.00Hz pred_dt=0.750s Nmax=7 lower_dt=0.100s target_v=6.000m/s scale=fullscale wheelbase=2.80m length=4.70m bev=40.00m margin=2.00m state=odom grid=/bev/occupancy_grid sparse=/planner/upper_path_sparse dense=/planner/lower_reference_path
[INFO] [1791221942.446587074] [upper_planner_node]: upper branch model: cumulative_increment=1 turn_window_at_split=1 turn_target_absolute=1 split_continuity=6.75m r_dpsi=3.000 lambda_turn=0.600
[INFO] [1791221942.456047549] [lower_tracking_mpc_node]: LowerTrackingMpcNode ready: rate=10.00Hz dt=0.100s N=30 path=/planner/lower_reference_path scale=fullscale wheelbase=2.80m rear_offset=1.40m command_scale=0.350rad actuator_model=1 delay=0.00s tau=0.74s backend=disabled virtual=/cmd_control
[INFO] [1791221942.582927585] [upper_planner_node]: planner state input: Odometry topic=/motive/vehicle/odom_map yaw=orientation.z scalar
[INFO] [1791221942.585881231] [upper_planner_node]: Egocentric MIQP planner ready: rate=1.00Hz pred_dt=0.750s Nmax=7 lower_dt=0.100s target_v=6.000m/s scale=fullscale wheelbase=2.80m length=4.70m bev=40.00m margin=2.00m state=odom grid=/bev/occupancy_grid sparse=/planner/upper_path_sparse dense=/planner/lower_reference_path
[INFO] [1791221942.586179927] [upper_planner_node]: upper branch model: cumulative_increment=1 turn_window_at_split=1 turn_target_absolute=1 split_continuity=6.75m r_dpsi=3.000 lambda_turn=0.600
[INFO] [1791221942.595992539] [lower_tracking_mpc_node]: LowerTrackingMpcNode ready: rate=10.00Hz dt=0.100s N=30 path=/planner/lower_reference_path scale=fullscale wheelbase=2.80m rear_offset=1.40m command_scale=0.350rad actuator_model=1 delay=0.00s tau=0.74s backend=disabled virtual=/cmd_control
[INFO] [1791221942.722143852] [upper_planner_node]: planner state input: Odometry topic=/motive/vehicle/odom_map yaw=orientation.z scalar
[INFO] [1791221942.725083482] [upper_planner_node]: Egocentric MIQP planner ready: rate=1.00Hz pred_dt=0.750s Nmax=7 lower_dt=0.100s target_v=6.000m/s scale=fullscale wheelbase=2.80m length=4.70m bev=40.00m margin=2.00m state=odom grid=/bev/occupancy_grid sparse=/planner/upper_path_sparse dense=/planner/lower_reference_path
[INFO] [1791221942.725258974] [upper_planner_node]: upper branch model: cumulative_increment=1 turn_window_at_split=1 turn_target_absolute=1 split_continuity=6.75m r_dpsi=3.000 lambda_turn=0.600
[INFO] [1791221942.734185291] [lower_tracking_mpc_node]: LowerTrackingMpcNode ready: rate=10.00Hz dt=0.100s N=30 path=/planner/lower_reference_path scale=fullscale wheelbase=2.80m rear_offset=1.40m command_scale=0.350rad actuator_model=1 delay=0.00s tau=0.74s backend=disabled virtual=/cmd_control
[INFO] [1791221942.867177393] [upper_planner_node]: planner state input: Odometry topic=/motive/vehicle/odom_map yaw=orientation.z scalar
[INFO] [1791221942.870251618] [upper_planner_node]: Egocentric MIQP planner ready: rate=1.00Hz pred_dt=0.750s Nmax=7 lower_dt=0.100s target_v=6.000m/s scale=fullscale wheelbase=2.80m length=4.70m bev=40.00m margin=2.00m state=odom grid=/bev/occupancy_grid sparse=/planner/upper_path_sparse dense=/planner/lower_reference_path
[INFO] [1791221942.870465160] [upper_planner_node]: upper branch model: cumulative_increment=1 turn_window_at_split=1 turn_target_absolute=1 split_continuity=6.75m r_dpsi=3.000 lambda_turn=0.600
[INFO] [1791221942.879942883] [lower_tracking_mpc_node]: LowerTrackingMpcNode ready: rate=10.00Hz dt=0.100s N=30 path=/planner/lower_reference_path scale=fullscale wheelbase=2.80m rear_offset=1.40m command_scale=0.350rad actuator_model=1 delay=0.00s tau=0.74s backend=disabled virtual=/cmd_control
[INFO] [1791221943.003042211] [upper_planner_node]: planner state input: Odometry topic=/motive/vehicle/odom_map yaw=orientation.z scalar
[INFO] [1791221943.006054387] [upper_planner_node]: Egocentric MIQP planner ready: rate=1.00Hz pred_dt=0.750s Nmax=7 lower_dt=0.100s target_v=6.000m/s scale=fullscale wheelbase=2.80m length=4.70m bev=40.00m margin=2.00m state=odom grid=/bev/occupancy_grid sparse=/planner/upper_path_sparse dense=/planner/lower_reference_path
[INFO] [1791221943.006225239] [upper_planner_node]: upper branch model: cumulative_increment=1 turn_window_at_split=1 turn_target_absolute=1 split_continuity=6.75m r_dpsi=3.000 lambda_turn=0.600
[INFO] [1791221943.015150628] [lower_tracking_mpc_node]: LowerTrackingMpcNode ready: rate=10.00Hz dt=0.100s N=30 path=/planner/lower_reference_path scale=fullscale wheelbase=2.80m rear_offset=1.40m command_scale=0.350rad actuator_model=1 delay=0.00s tau=0.74s backend=disabled virtual=/cmd_control
[INFO] [1791221943.138134401] [upper_planner_node]: planner state input: Odometry topic=/motive/vehicle/odom_map yaw=orientation.z scalar
[INFO] [1791221943.141020813] [upper_planner_node]: Egocentric MIQP planner ready: rate=1.00Hz pred_dt=0.750s Nmax=7 lower_dt=0.100s target_v=6.000m/s scale=fullscale wheelbase=2.80m length=4.70m bev=40.00m margin=2.00m state=odom grid=/bev/occupancy_grid sparse=/planner/upper_path_sparse dense=/planner/lower_reference_path
[INFO] [1791221943.141185266] [upper_planner_node]: upper branch model: cumulative_increment=1 turn_window_at_split=1 turn_target_absolute=1 split_continuity=6.75m r_dpsi=3.000 lambda_turn=0.600
[INFO] [1791221943.150306372] [lower_tracking_mpc_node]: LowerTrackingMpcNode ready: rate=10.00Hz dt=0.100s N=30 path=/planner/lower_reference_path scale=fullscale wheelbase=2.80m rear_offset=1.40m command_scale=0.350rad actuator_model=1 delay=0.00s tau=0.74s backend=disabled virtual=/cmd_control
[INFO] [1791221943.275148210] [upper_planner_node]: planner state input: Odometry topic=/motive/vehicle/odom_map yaw=orientation.z scalar
[INFO] [1791221943.278071232] [upper_planner_node]: Egocentric MIQP planner ready: rate=1.00Hz pred_dt=0.750s Nmax=7 lower_dt=0.100s target_v=6.000m/s scale=fullscale wheelbase=2.80m length=4.70m bev=40.00m margin=2.00m state=odom grid=/bev/occupancy_grid sparse=/planner/upper_path_sparse dense=/planner/lower_reference_path
[INFO] [1791221943.278240580] [upper_planner_node]: upper branch model: cumulative_increment=1 turn_window_at_split=1 turn_target_absolute=1 split_continuity=6.75m r_dpsi=3.000 lambda_turn=0.600
[INFO] [1791221943.287265811] [lower_tracking_mpc_node]: LowerTrackingMpcNode ready: rate=10.00Hz dt=0.100s N=30 path=/planner/lower_reference_path scale=fullscale wheelbase=2.80m rear_offset=1.40m command_scale=0.350rad actuator_model=1 delay=0.00s tau=0.74s backend=disabled virtual=/cmd_control
[INFO] [1791221943.410316434] [upper_planner_node]: planner state input: Odometry topic=/motive/vehicle/odom_map yaw=orientation.z scalar
[INFO] [1791221943.413197823] [upper_planner_node]: Egocentric MIQP planner ready: rate=1.00Hz pred_dt=0.750s Nmax=7 lower_dt=0.100s target_v=6.000m/s scale=fullscale wheelbase=2.80m length=4.70m bev=40.00m margin=2.00m state=odom grid=/bev/occupancy_grid sparse=/planner/upper_path_sparse dense=/planner/lower_reference_path
[INFO] [1791221943.413365347] [upper_planner_node]: upper branch model: cumulative_increment=1 turn_window_at_split=1 turn_target_absolute=1 split_continuity=6.75m r_dpsi=3.000 lambda_turn=0.600
[INFO] [1791221943.422191789] [lower_tracking_mpc_node]: LowerTrackingMpcNode ready: rate=10.00Hz dt=0.100s N=30 path=/planner/lower_reference_path scale=fullscale wheelbase=2.80m rear_offset=1.40m command_scale=0.350rad actuator_model=1 delay=0.00s tau=0.74s backend=disabled virtual=/cmd_control
[INFO] [1791221943.545472626] [upper_planner_node]: planner state input: Odometry topic=/motive/vehicle/odom_map yaw=orientation.z scalar
[INFO] [1791221943.548374079] [upper_planner_node]: Egocentric MIQP planner ready: rate=1.00Hz pred_dt=0.750s Nmax=7 lower_dt=0.100s target_v=6.000m/s scale=fullscale wheelbase=2.80m length=4.70m bev=40.00m margin=2.00m state=odom grid=/bev/occupancy_grid sparse=/planner/upper_path_sparse dense=/planner/lower_reference_path
[INFO] [1791221943.548558884] [upper_planner_node]: upper branch model: cumulative_increment=1 turn_window_at_split=1 turn_target_absolute=1 split_continuity=6.75m r_dpsi=3.000 lambda_turn=0.600
[INFO] [1791221943.557543346] [lower_tracking_mpc_node]: LowerTrackingMpcNode ready: rate=10.00Hz dt=0.100s N=30 path=/planner/lower_reference_path scale=fullscale wheelbase=2.80m rear_offset=1.40m command_scale=0.350rad actuator_model=1 delay=0.00s tau=0.74s backend=disabled virtual=/cmd_control
[INFO] [1791221943.681639917] [upper_planner_node]: planner state input: Odometry topic=/motive/vehicle/odom_map yaw=orientation.z scalar
[INFO] [1791221943.684544762] [upper_planner_node]: Egocentric MIQP planner ready: rate=1.00Hz pred_dt=0.750s Nmax=7 lower_dt=0.100s target_v=6.000m/s scale=fullscale wheelbase=2.80m length=4.70m bev=40.00m margin=2.00m state=odom grid=/bev/occupancy_grid sparse=/planner/upper_path_sparse dense=/planner/lower_reference_path
[INFO] [1791221943.684708158] [upper_planner_node]: upper branch model: cumulative_increment=1 turn_window_at_split=1 turn_target_absolute=1 split_continuity=6.75m r_dpsi=3.000 lambda_turn=0.600
[INFO] [1791221943.693666444] [lower_tracking_mpc_node]: LowerTrackingMpcNode ready: rate=10.00Hz dt=0.100s N=30 path=/planner/lower_reference_path scale=fullscale wheelbase=2.80m rear_offset=1.40m command_scale=0.350rad actuator_model=1 delay=0.00s tau=0.74s backend=disabled virtual=/cmd_control
[INFO] [1791221943.814545169] [upper_planner_node]: planner state input: Odometry topic=/motive/vehicle/odom_map yaw=orientation.z scalar
[INFO] [1791221943.817570689] [upper_planner_node]: Egocentric MIQP planner ready: rate=1.00Hz pred_dt=0.750s Nmax=7 lower_dt=0.100s target_v=6.000m/s scale=fullscale wheelbase=2.80m length=4.70m bev=40.00m margin=2.00m state=odom grid=/bev/occupancy_grid sparse=/planner/upper_path_sparse dense=/planner/lower_reference_path
[INFO] [1791221943.817748870] [upper_planner_node]: upper branch model: cumulative_increment=1 turn_window_at_split=1 turn_target_absolute=1 split_continuity=6.75m r_dpsi=3.000 lambda_turn=0.600
[INFO] [1791221943.826495534] [lower_tracking_mpc_node]: LowerTrackingMpcNode ready: rate=10.00Hz dt=0.100s N=30 path=/planner/lower_reference_path scale=fullscale wheelbase=2.80m rear_offset=1.40m command_scale=0.350rad actuator_model=1 delay=0.00s tau=0.74s backend=disabled virtual=/cmd_control
[INFO] [1791221943.946758723] [upper_planner_node]: planner state input: Odometry topic=/motive/vehicle/odom_map yaw=orientation.z scalar
[INFO] [1791221943.949679344] [upper_planner_node]: Egocentric MIQP planner ready: rate=1.00Hz pred_dt=0.750s Nmax=7 lower_dt=0.100s target_v=6.000m/s scale=fullscale wheelbase=2.80m length=4.70m bev=40.00m margin=2.00m state=odom grid=/bev/occupancy_grid sparse=/planner/upper_path_sparse dense=/planner/lower_reference_path
[INFO] [1791221943.949865621] [upper_planner_node]: upper branch model: cumulative_increment=1 turn_window_at_split=1 turn_target_absolute=1 split_continuity=6.75m r_dpsi=3.000 lambda_turn=0.600
[INFO] [1791221943.958869540] [lower_tracking_mpc_node]: LowerTrackingMpcNode ready: rate=10.00Hz dt=0.100s N=30 path=/planner/lower_reference_path scale=fullscale wheelbase=2.80m rear_offset=1.40m command_scale=0.350rad actuator_model=1 delay=0.00s tau=0.74s backend=disabled virtual=/cmd_control
[INFO] [1791221944.085605605] [upper_planner_node]: planner state input: Odometry topic=/motive/vehicle/odom_map yaw=orientation.z scalar
[INFO] [1791221944.088598548] [upper_planner_node]: Egocentric MIQP planner ready: rate=1.00Hz pred_dt=0.750s Nmax=7 lower_dt=0.100s target_v=6.000m/s scale=fullscale wheelbase=2.80m length=4.70m bev=40.00m margin=2.00m state=odom grid=/bev/occupancy_grid sparse=/planner/upper_path_sparse dense=/planner/lower_reference_path
[INFO] [1791221944.088795865] [upper_planner_node]: upper branch model: cumulative_increment=1 turn_window_at_split=1 turn_target_absolute=1 split_continuity=6.75m r_dpsi=3.000 lambda_turn=0.600
[INFO] [1791221944.097501216] [lower_tracking_mpc_node]: LowerTrackingMpcNode ready: rate=10.00Hz dt=0.100s N=30 path=/planner/lower_reference_path scale=fullscale wheelbase=2.80m rear_offset=1.40m command_scale=0.350rad actuator_model=1 delay=0.00s tau=0.74s backend=disabled virtual=/cmd_control
[INFO] [1791221944.226089747] [upper_planner_node]: planner state input: Odometry topic=/motive/vehicle/odom_map yaw=orientation.z scalar
[INFO] [1791221944.229076482] [upper_planner_node]: Egocentric MIQP planner ready: rate=1.00Hz pred_dt=0.750s Nmax=7 lower_dt=0.100s target_v=6.000m/s scale=fullscale wheelbase=2.80m length=4.70m bev=40.00m margin=2.00m state=odom grid=/bev/occupancy_grid sparse=/planner/upper_path_sparse dense=/planner/lower_reference_path
[INFO] [1791221944.229236998] [upper_planner_node]: upper branch model: cumulative_increment=1 turn_window_at_split=1 turn_target_absolute=1 split_continuity=6.75m r_dpsi=3.000 lambda_turn=0.600
[INFO] [1791221944.238166707] [lower_tracking_mpc_node]: LowerTrackingMpcNode ready: rate=10.00Hz dt=0.100s N=30 path=/planner/lower_reference_path scale=fullscale wheelbase=2.80m rear_offset=1.40m command_scale=0.350rad actuator_model=1 delay=0.00s tau=0.74s backend=disabled virtual=/cmd_control
[INFO] [1791221944.365214076] [upper_planner_node]: planner state input: Odometry topic=/motive/vehicle/odom_map yaw=orientation.z scalar
[INFO] [1791221944.368495891] [upper_planner_node]: Egocentric MIQP planner ready: rate=1.00Hz pred_dt=0.750s Nmax=7 lower_dt=0.100s target_v=6.000m/s scale=fullscale wheelbase=2.80m length=4.70m bev=40.00m margin=2.00m state=odom grid=/bev/occupancy_grid sparse=/planner/upper_path_sparse dense=/planner/lower_reference_path
[INFO] [1791221944.368666744] [upper_planner_node]: upper branch model: cumulative_increment=1 turn_window_at_split=1 turn_target_absolute=1 split_continuity=6.75m r_dpsi=3.000 lambda_turn=0.600
[INFO] [1791221944.377677319] [lower_tracking_mpc_node]: LowerTrackingMpcNode ready: rate=10.00Hz dt=0.100s N=30 path=/planner/lower_reference_path scale=fullscale wheelbase=2.80m rear_offset=1.40m command_scale=0.350rad actuator_model=1 delay=0.00s tau=0.74s backend=disabled virtual=/cmd_control
[INFO] [1791221944.507852483] [upper_planner_node]: planner state input: Odometry topic=/motive/vehicle/odom_map yaw=orientation.z scalar
[INFO] [1791221944.510755632] [upper_planner_node]: Egocentric MIQP planner ready: rate=1.00Hz pred_dt=0.750s Nmax=7 lower_dt=0.100s target_v=6.000m/s scale=fullscale wheelbase=2.80m length=4.70m bev=40.00m margin=2.00m state=odom grid=/bev/occupancy_grid sparse=/planner/upper_path_sparse dense=/planner/lower_reference_path
[INFO] [1791221944.510991350] [upper_planner_node]: upper branch model: cumulative_increment=1 turn_window_at_split=1 turn_target_absolute=1 split_continuity=6.75m r_dpsi=3.000 lambda_turn=0.600
[INFO] [1791221944.520109160] [lower_tracking_mpc_node]: LowerTrackingMpcNode ready: rate=10.00Hz dt=0.100s N=30 path=/planner/lower_reference_path scale=fullscale wheelbase=2.80m rear_offset=1.40m command_scale=0.350rad actuator_model=1 delay=0.00s tau=0.74s backend=disabled virtual=/cmd_control
[INFO] [1791221944.646558082] [upper_planner_node]: planner state input: Odometry topic=/motive/vehicle/odom_map yaw=orientation.z scalar
[INFO] [1791221944.649681909] [upper_planner_node]: Egocentric MIQP planner ready: rate=1.00Hz pred_dt=0.750s Nmax=7 lower_dt=0.100s target_v=6.000m/s scale=fullscale wheelbase=2.80m length=4.70m bev=40.00m margin=2.00m state=odom grid=/bev/occupancy_grid sparse=/planner/upper_path_sparse dense=/planner/lower_reference_path
[INFO] [1791221944.649858265] [upper_planner_node]: upper branch model: cumulative_increment=1 turn_window_at_split=1 turn_target_absolute=1 split_continuity=6.75m r_dpsi=3.000 lambda_turn=0.600
[INFO] [1791221944.659021996] [lower_tracking_mpc_node]: LowerTrackingMpcNode ready: rate=10.00Hz dt=0.100s N=30 path=/planner/lower_reference_path scale=fullscale wheelbase=2.80m rear_offset=1.40m command_scale=0.350rad actuator_model=1 delay=0.00s tau=0.74s backend=disabled virtual=/cmd_control
[INFO] [1791221944.789152263] [upper_planner_node]: planner state input: Odometry topic=/motive/vehicle/odom_map yaw=orientation.z scalar
[INFO] [1791221944.792048116] [upper_planner_node]: Egocentric MIQP planner ready: rate=1.00Hz pred_dt=0.750s Nmax=7 lower_dt=0.100s target_v=6.000m/s scale=fullscale wheelbase=2.80m length=4.70m bev=40.00m margin=2.00m state=odom grid=/bev/occupancy_grid sparse=/planner/upper_path_sparse dense=/planner/lower_reference_path
[INFO] [1791221944.792201688] [upper_planner_node]: upper branch model: cumulative_increment=1 turn_window_at_split=1 turn_target_absolute=1 split_continuity=6.75m r_dpsi=3.000 lambda_turn=0.600
[INFO] [1791221944.801034243] [lower_tracking_mpc_node]: LowerTrackingMpcNode ready: rate=10.00Hz dt=0.100s N=30 path=/planner/lower_reference_path scale=fullscale wheelbase=2.80m rear_offset=1.40m command_scale=0.350rad actuator_model=1 delay=0.00s tau=0.74s backend=disabled virtual=/cmd_control
[INFO] [1791221944.929844091] [upper_planner_node]: planner state input: Odometry topic=/motive/vehicle/odom_map yaw=orientation.z scalar
[INFO] [1791221944.932881387] [upper_planner_node]: Egocentric MIQP planner ready: rate=1.00Hz pred_dt=0.750s Nmax=7 lower_dt=0.100s target_v=6.000m/s scale=fullscale wheelbase=2.80m length=4.70m bev=40.00m margin=2.00m state=odom grid=/bev/occupancy_grid sparse=/planner/upper_path_sparse dense=/planner/lower_reference_path
[INFO] [1791221944.933145746] [upper_planner_node]: upper branch model: cumulative_increment=1 turn_window_at_split=1 turn_target_absolute=1 split_continuity=6.75m r_dpsi=3.000 lambda_turn=0.600
[INFO] [1791221944.942132577] [lower_tracking_mpc_node]: LowerTrackingMpcNode ready: rate=10.00Hz dt=0.100s N=30 path=/planner/lower_reference_path scale=fullscale wheelbase=2.80m rear_offset=1.40m command_scale=0.350rad actuator_model=1 delay=0.00s tau=0.74s backend=disabled virtual=/cmd_control
[INFO] [1791221945.066931535] [upper_planner_node]: planner state input: Odometry topic=/motive/vehicle/odom_map yaw=orientation.z scalar
[INFO] [1791221945.069949183] [upper_planner_node]: Egocentric MIQP planner ready: rate=1.00Hz pred_dt=0.750s Nmax=7 lower_dt=0.100s target_v=6.000m/s scale=fullscale wheelbase=2.80m length=4.70m bev=40.00m margin=2.00m state=odom grid=/bev/occupancy_grid sparse=/planner/upper_path_sparse dense=/planner/lower_reference_path
[INFO] [1791221945.070156836] [upper_planner_node]: upper branch model: cumulative_increment=1 turn_window_at_split=1 turn_target_absolute=1 split_continuity=6.75m r_dpsi=3.000 lambda_turn=0.600
[INFO] [1791221945.079016815] [lower_tracking_mpc_node]: LowerTrackingMpcNode ready: rate=10.00Hz dt=0.100s N=30 path=/planner/lower_reference_path scale=fullscale wheelbase=2.80m rear_offset=1.40m command_scale=0.350rad actuator_model=1 delay=0.00s tau=0.74s backend=disabled virtual=/cmd_control
[INFO] [1791221945.205006493] [upper_planner_node]: planner state input: Odometry topic=/motive/vehicle/odom_map yaw=orientation.z scalar
[INFO] [1791221945.207909386] [upper_planner_node]: Egocentric MIQP planner ready: rate=1.00Hz pred_dt=0.750s Nmax=7 lower_dt=0.100s target_v=6.000m/s scale=fullscale wheelbase=2.80m length=4.70m bev=40.00m margin=2.00m state=odom grid=/bev/occupancy_grid sparse=/planner/upper_path_sparse dense=/planner/lower_reference_path
[INFO] [1791221945.208198834] [upper_planner_node]: upper branch model: cumulative_increment=1 turn_window_at_split=1 turn_target_absolute=1 split_continuity=6.75m r_dpsi=3.000 lambda_turn=0.600
[INFO] [1791221945.217569290] [lower_tracking_mpc_node]: LowerTrackingMpcNode ready: rate=10.00Hz dt=0.100s N=30 path=/planner/lower_reference_path scale=fullscale wheelbase=2.80m rear_offset=1.40m command_scale=0.350rad actuator_model=1 delay=0.00s tau=0.74s backend=disabled virtual=/cmd_control
[INFO] [1791221945.355925760] [upper_planner_node]: planner state input: Odometry topic=/motive/vehicle/odom_map yaw=orientation.z scalar
[INFO] [1791221945.358993394] [upper_planner_node]: Egocentric MIQP planner ready: rate=1.00Hz pred_dt=0.750s Nmax=7 lower_dt=0.100s target_v=6.000m/s scale=fullscale wheelbase=2.80m length=4.70m bev=40.00m margin=2.00m state=odom grid=/bev/occupancy_grid sparse=/planner/upper_path_sparse dense=/planner/lower_reference_path
[INFO] [1791221945.359162646] [upper_planner_node]: upper branch model: cumulative_increment=1 turn_window_at_split=1 turn_target_absolute=1 split_continuity=6.75m r_dpsi=3.000 lambda_turn=0.600
[INFO] [1791221945.368189894] [lower_tracking_mpc_node]: LowerTrackingMpcNode ready: rate=10.00Hz dt=0.100s N=30 path=/planner/lower_reference_path scale=fullscale wheelbase=2.80m rear_offset=1.40m command_scale=0.350rad actuator_model=1 delay=0.00s tau=0.74s backend=disabled virtual=/cmd_control
[INFO] [1791221945.492322722] [upper_planner_node]: planner state input: Odometry topic=/motive/vehicle/odom_map yaw=orientation.z scalar
[INFO] [1791221945.495160206] [upper_planner_node]: Egocentric MIQP planner ready: rate=1.00Hz pred_dt=0.750s Nmax=7 lower_dt=0.100s target_v=6.000m/s scale=fullscale wheelbase=2.80m length=4.70m bev=40.00m margin=2.00m state=odom grid=/bev/occupancy_grid sparse=/planner/upper_path_sparse dense=/planner/lower_reference_path
[INFO] [1791221945.495309201] [upper_planner_node]: upper branch model: cumulative_increment=1 turn_window_at_split=1 turn_target_absolute=1 split_continuity=6.75m r_dpsi=3.000 lambda_turn=0.600
[INFO] [1791221945.504526054] [lower_tracking_mpc_node]: LowerTrackingMpcNode ready: rate=10.00Hz dt=0.100s N=30 path=/planner/lower_reference_path scale=fullscale wheelbase=2.80m rear_offset=1.40m command_scale=0.350rad actuator_model=1 delay=0.00s tau=0.74s backend=disabled virtual=/cmd_control
[INFO] [1791221945.627372768] [upper_planner_node]: planner state input: Odometry topic=/motive/vehicle/odom_map yaw=orientation.z scalar
[INFO] [1791221945.630337711] [upper_planner_node]: Egocentric MIQP planner ready: rate=1.00Hz pred_dt=0.750s Nmax=7 lower_dt=0.100s target_v=6.000m/s scale=fullscale wheelbase=2.80m length=4.70m bev=40.00m margin=2.00m state=odom grid=/bev/occupancy_grid sparse=/planner/upper_path_sparse dense=/planner/lower_reference_path
[INFO] [1791221945.630498291] [upper_planner_node]: upper branch model: cumulative_increment=1 turn_window_at_split=1 turn_target_absolute=1 split_continuity=6.75m r_dpsi=3.000 lambda_turn=0.600
[INFO] [1791221945.640567807] [lower_tracking_mpc_node]: LowerTrackingMpcNode ready: rate=10.00Hz dt=0.100s N=30 path=/planner/lower_reference_path scale=fullscale wheelbase=2.80m rear_offset=1.40m command_scale=0.350rad actuator_model=1 delay=0.00s tau=0.74s backend=disabled virtual=/cmd_control
[INFO] [1791221945.764671162] [upper_planner_node]: planner state input: Odometry topic=/motive/vehicle/odom_map yaw=orientation.z scalar
[INFO] [1791221945.767784077] [upper_planner_node]: Egocentric MIQP planner ready: rate=1.00Hz pred_dt=0.750s Nmax=7 lower_dt=0.100s target_v=6.000m/s scale=fullscale wheelbase=2.80m length=4.70m bev=40.00m margin=2.00m state=odom grid=/bev/occupancy_grid sparse=/planner/upper_path_sparse dense=/planner/lower_reference_path
[INFO] [1791221945.767969202] [upper_planner_node]: upper branch model: cumulative_increment=1 turn_window_at_split=1 turn_target_absolute=1 split_continuity=6.75m r_dpsi=3.000 lambda_turn=0.600
[INFO] [1791221945.777206951] [lower_tracking_mpc_node]: LowerTrackingMpcNode ready: rate=10.00Hz dt=0.100s N=30 path=/planner/lower_reference_path scale=fullscale wheelbase=2.80m rear_offset=1.40m command_scale=0.350rad actuator_model=1 delay=0.00s tau=0.74s backend=disabled virtual=/cmd_control
[INFO] [1791221945.898858306] [upper_planner_node]: planner state input: Odometry topic=/motive/vehicle/odom_map yaw=orientation.z scalar
[INFO] [1791221945.901897298] [upper_planner_node]: Egocentric MIQP planner ready: rate=1.00Hz pred_dt=0.750s Nmax=7 lower_dt=0.100s target_v=6.000m/s scale=fullscale wheelbase=2.80m length=4.70m bev=40.00m margin=2.00m state=odom grid=/bev/occupancy_grid sparse=/planner/upper_path_sparse dense=/planner/lower_reference_path
[INFO] [1791221945.902075351] [upper_planner_node]: upper branch model: cumulative_increment=1 turn_window_at_split=1 turn_target_absolute=1 split_continuity=6.75m r_dpsi=3.000 lambda_turn=0.600
[INFO] [1791221945.911328588] [lower_tracking_mpc_node]: LowerTrackingMpcNode ready: rate=10.00Hz dt=0.100s N=30 path=/planner/lower_reference_path scale=fullscale wheelbase=2.80m rear_offset=1.40m command_scale=0.350rad actuator_model=1 delay=0.00s tau=0.74s backend=disabled virtual=/cmd_control
[INFO] [1791221946.033296048] [upper_planner_node]: planner state input: Odometry topic=/motive/vehicle/odom_map yaw=orientation.z scalar
[INFO] [1791221946.036219965] [upper_planner_node]: Egocentric MIQP planner ready: rate=1.00Hz pred_dt=0.750s Nmax=7 lower_dt=0.100s target_v=6.000m/s scale=fullscale wheelbase=2.80m length=4.70m bev=40.00m margin=2.00m state=odom grid=/bev/occupancy_grid sparse=/planner/upper_path_sparse dense=/planner/lower_reference_path
[INFO] [1791221946.036379330] [upper_planner_node]: upper branch model: cumulative_increment=1 turn_window_at_split=1 turn_target_absolute=1 split_continuity=6.75m r_dpsi=3.000 lambda_turn=0.600
[INFO] [1791221946.045596886] [lower_tracking_mpc_node]: LowerTrackingMpcNode ready: rate=10.00Hz dt=0.100s N=30 path=/planner/lower_reference_path scale=fullscale wheelbase=2.80m rear_offset=1.40m command_scale=0.350rad actuator_model=1 delay=0.00s tau=0.74s backend=disabled virtual=/cmd_control
[INFO] [1791221946.168217355] [upper_planner_node]: planner state input: Odometry topic=/motive/vehicle/odom_map yaw=orientation.z scalar
[INFO] [1791221946.171055831] [upper_planner_node]: Egocentric MIQP planner ready: rate=1.00Hz pred_dt=0.750s Nmax=7 lower_dt=0.100s target_v=6.000m/s scale=fullscale wheelbase=2.80m length=4.70m bev=40.00m margin=2.00m state=odom grid=/bev/occupancy_grid sparse=/planner/upper_path_sparse dense=/planner/lower_reference_path
[INFO] [1791221946.171192218] [upper_planner_node]: upper branch model: cumulative_increment=1 turn_window_at_split=1 turn_target_absolute=1 split_continuity=6.75m r_dpsi=3.000 lambda_turn=0.600
[INFO] [1791221946.180059493] [lower_tracking_mpc_node]: LowerTrackingMpcNode ready: rate=10.00Hz dt=0.100s N=30 path=/planner/lower_reference_path scale=fullscale wheelbase=2.80m rear_offset=1.40m command_scale=0.350rad actuator_model=1 delay=0.00s tau=0.74s backend=disabled virtual=/cmd_control
[INFO] [1791221946.302421204] [upper_planner_node]: planner state input: Odometry topic=/motive/vehicle/odom_map yaw=orientation.z scalar
[INFO] [1791221946.305381538] [upper_planner_node]: Egocentric MIQP planner ready: rate=1.00Hz pred_dt=0.750s Nmax=7 lower_dt=0.100s target_v=6.000m/s scale=fullscale wheelbase=2.80m length=4.70m bev=40.00m margin=2.00m state=odom grid=/bev/occupancy_grid sparse=/planner/upper_path_sparse dense=/planner/lower_reference_path
[INFO] [1791221946.305533318] [upper_planner_node]: upper branch model: cumulative_increment=1 turn_window_at_split=1 turn_target_absolute=1 split_continuity=6.75m r_dpsi=3.000 lambda_turn=0.600
[INFO] [1791221946.314658616] [lower_tracking_mpc_node]: LowerTrackingMpcNode ready: rate=10.00Hz dt=0.100s N=30 path=/planner/lower_reference_path scale=fullscale wheelbase=2.80m rear_offset=1.40m command_scale=0.350rad actuator_model=1 delay=0.00s tau=0.74s backend=disabled virtual=/cmd_control
[INFO] [1791221946.436888195] [upper_planner_node]: planner state input: Odometry topic=/motive/vehicle/odom_map yaw=orientation.z scalar
[INFO] [1791221946.439983989] [upper_planner_node]: Egocentric MIQP planner ready: rate=1.00Hz pred_dt=0.750s Nmax=7 lower_dt=0.100s target_v=6.000m/s scale=fullscale wheelbase=2.80m length=4.70m bev=40.00m margin=2.00m state=odom grid=/bev/occupancy_grid sparse=/planner/upper_path_sparse dense=/planner/lower_reference_path
[INFO] [1791221946.440130009] [upper_planner_node]: upper branch model: cumulative_increment=1 turn_window_at_split=1 turn_target_absolute=1 split_continuity=6.75m r_dpsi=3.000 lambda_turn=0.600
[INFO] [1791221946.449251051] [lower_tracking_mpc_node]: LowerTrackingMpcNode ready: rate=10.00Hz dt=0.100s N=30 path=/planner/lower_reference_path scale=fullscale wheelbase=2.80m rear_offset=1.40m command_scale=0.350rad actuator_model=1 delay=0.00s tau=0.74s backend=disabled virtual=/cmd_control
