[INFO] [1791408368.328741804] [lower_tracking_mpc_node]: MAVLink UDP bound at 0.0.0.0:14540; waiting for MAVProxy --out peer
[INFO] [1791408368.331033714] [lower_tracking_mpc_node]: LowerTrackingMpcNode ready: rate=10.00Hz dt=0.100s N=30 path=/planner/lower_reference_path scale=fullscale wheelbase=2.80m rear_offset=1.40m command_scale=0.350rad actuator_model=1 delay=0.00s tau=0.74s backend=mavlink_udp virtual=/cmd_control
[WARN] [1791408368.381378062] [lower_tracking_mpc_node]: MAVLink peer unknown; check MAVProxy --out=127.0.0.1:14540
[INFO] [1791408368.431760588] [lower_tracking_mpc_node]: goal stop applied: steer=0 throttle=0 brake=0.700 MAVLink neutral
[INFO] [1791408368.681391226] [lower_tracking_mpc_node]: MAVLink peer detected: 127.0.0.1:57295
[INFO] [1791408368.731389707] [lower_tracking_mpc_node]: MAVLink COMMAND_ACK command=187 result=0
[INFO] [1791408369.432106267] [lower_tracking_mpc_node]: goal stop applied: steer=0 throttle=0 brake=0.700 MAVLink neutral
[INFO] [1791408369.781357537] [lower_tracking_mpc_node]: MAVLink COMMAND_ACK command=187 result=0
[INFO] [1791408370.432706193] [lower_tracking_mpc_node]: goal stop applied: steer=0 throttle=0 brake=0.700 MAVLink neutral
[INFO] [1791408370.781378310] [lower_tracking_mpc_node]: MAVLink COMMAND_ACK command=187 result=0
[INFO] [1791408371.532424177] [lower_tracking_mpc_node]: goal stop applied: steer=0 throttle=0 brake=0.700 MAVLink neutral
[INFO] [1791408371.781527694] [lower_tracking_mpc_node]: MAVLink COMMAND_ACK command=187 result=0
[INFO] [1791408372.632322549] [lower_tracking_mpc_node]: goal stop applied: steer=0 throttle=0 brake=0.700 MAVLink neutral
[INFO] [1791408372.831897232] [lower_tracking_mpc_node]: MAVLink COMMAND_ACK command=187 result=0
[INFO] [1791408373.731983411] [lower_tracking_mpc_node]: goal stop applied: steer=0 throttle=0 brake=0.700 MAVLink neutral
[INFO] [1791408373.881729600] [lower_tracking_mpc_node]: MAVLink COMMAND_ACK command=187 result=0
[WARN] [1791408374.756339868] [lower_tracking_mpc_node]: Rejected lower path: fewer than two distinct path points
[WARN] [1791408374.831613519] [lower_tracking_mpc_node]: lower MPC state reset: path/mission/pose/reset event
[INFO] [1791408374.832138879] [lower_tracking_mpc_node]: goal stop applied: steer=0 throttle=0 brake=0.700 MAVLink neutral
[INFO] [1791408374.932427691] [lower_tracking_mpc_node]: MAVLink COMMAND_ACK command=187 result=0
[WARN] [1791408374.933361768] [lower_tracking_mpc_node]: lower MPC state reset: path/mission/pose/reset event
[WARN] [1791408375.432132308] [lower_tracking_mpc_node]: lower MPC state reset: path/mission/pose/reset event
[INFO] [1791408375.832720948] [lower_tracking_mpc_node]: goal stop applied: steer=0 throttle=0 brake=0.700 MAVLink neutral
[INFO] [1791408375.981802606] [lower_tracking_mpc_node]: MAVLink COMMAND_ACK command=187 result=0
[WARN] [1791408376.032057575] [lower_tracking_mpc_node]: lower MPC state reset: path/mission/pose/reset event
[INFO] [1791408377.031548572] [lower_tracking_mpc_node]: MAVLink COMMAND_ACK command=187 result=0
[INFO] [1791408378.031857097] [lower_tracking_mpc_node]: MAVLink COMMAND_ACK command=187 result=0
[INFO] [1791408379.032366268] [lower_tracking_mpc_node]: MAVLink COMMAND_ACK command=187 result=0
[INFO] [1791408380.081768831] [lower_tracking_mpc_node]: MAVLink COMMAND_ACK command=187 result=0
[INFO] [1791408381.131615536] [lower_tracking_mpc_node]: MAVLink COMMAND_ACK command=187 result=0
[INFO] [1791408382.131706070] [lower_tracking_mpc_node]: MAVLink COMMAND_ACK command=187 result=0
[WARN] [1791408382.931797045] [lower_tracking_mpc_node]: lower MPC state reset: path/mission/pose/reset event
[INFO] [1791408383.131767291] [lower_tracking_mpc_node]: MAVLink COMMAND_ACK command=187 result=0
[WARN] [1791408383.432309430] [lower_tracking_mpc_node]: lower MPC state reset: path/mission/pose/reset event
[INFO] [1791408384.131931555] [lower_tracking_mpc_node]: MAVLink COMMAND_ACK command=187 result=0
[WARN] [1791408384.432118259] [lower_tracking_mpc_node]: lower MPC state reset: path/mission/pose/reset event
[INFO] [1791408385.181887094] [lower_tracking_mpc_node]: MAVLink COMMAND_ACK command=187 result=0
[WARN] [1791408385.432169944] [lower_tracking_mpc_node]: lower MPC state reset: path/mission/pose/reset event
[INFO] [1791408386.181970300] [lower_tracking_mpc_node]: MAVLink COMMAND_ACK command=187 result=0
[INFO] [1791408387.181976415] [lower_tracking_mpc_node]: MAVLink COMMAND_ACK command=187 result=0
[INFO] [1791408388.181979778] [lower_tracking_mpc_node]: MAVLink COMMAND_ACK command=187 result=0
[INFO] [1791408389.231997111] [lower_tracking_mpc_node]: MAVLink COMMAND_ACK command=187 result=0
[INFO] [1791408390.232154174] [lower_tracking_mpc_node]: MAVLink COMMAND_ACK command=187 result=0
[INFO] [1791408391.282136818] [lower_tracking_mpc_node]: MAVLink COMMAND_ACK command=187 result=0
[WARN] [1791408391.932298429] [lower_tracking_mpc_node]: lower MPC state reset: path/mission/pose/reset event
[INFO] [1791408392.282137684] [lower_tracking_mpc_node]: MAVLink COMMAND_ACK command=187 result=0
[INFO] [1791408393.282134614] [lower_tracking_mpc_node]: MAVLink COMMAND_ACK command=187 result=0
[INFO] [1791408394.282565798] [lower_tracking_mpc_node]: MAVLink COMMAND_ACK command=187 result=0
[INFO] [1791408395.332132428] [lower_tracking_mpc_node]: MAVLink COMMAND_ACK command=187 result=0
[INFO] [1791408396.332426679] [lower_tracking_mpc_node]: MAVLink COMMAND_ACK command=187 result=0
[WARN] [1791408396.432579135] [lower_tracking_mpc_node]: lower MPC state reset: path/mission/pose/reset event
[INFO] [1791408397.382301127] [lower_tracking_mpc_node]: MAVLink COMMAND_ACK command=187 result=0
[WARN] [1791408397.932512400] [lower_tracking_mpc_node]: lower MPC state reset: path/mission/pose/reset event
[INFO] [1791408398.382338314] [lower_tracking_mpc_node]: MAVLink COMMAND_ACK command=187 result=0
[INFO] [1791408399.382354636] [lower_tracking_mpc_node]: MAVLink COMMAND_ACK command=187 result=0
[WARN] [1791408399.932849886] [lower_tracking_mpc_node]: lower MPC state reset: path/mission/pose/reset event
[INFO] [1791408400.382433232] [lower_tracking_mpc_node]: MAVLink COMMAND_ACK command=187 result=0
[WARN] [1791408400.432598183] [lower_tracking_mpc_node]: lower MPC state reset: path/mission/pose/reset event
[WARN] [1791408400.932582263] [lower_tracking_mpc_node]: lower MPC state reset: path/mission/pose/reset event
[INFO] [1791408401.433650889] [lower_tracking_mpc_node]: MAVLink COMMAND_ACK command=187 result=0
[WARN] [1791408401.434695657] [lower_tracking_mpc_node]: lower MPC state reset: path/mission/pose/reset event
[WARN] [1791408401.932626746] [lower_tracking_mpc_node]: lower MPC state reset: path/mission/pose/reset event
[INFO] [1791408402.482267154] [lower_tracking_mpc_node]: MAVLink COMMAND_ACK command=187 result=0
[WARN] [1791408402.932511640] [lower_tracking_mpc_node]: lower MPC state reset: path/mission/pose/reset event
[WARN] [1791408403.432758001] [lower_tracking_mpc_node]: lower MPC state reset: path/mission/pose/reset event
[INFO] [1791408403.482365910] [lower_tracking_mpc_node]: MAVLink COMMAND_ACK command=187 result=0
[INFO] [1791408404.482442746] [lower_tracking_mpc_node]: MAVLink COMMAND_ACK command=187 result=0
[INFO] [1791408405.482502077] [lower_tracking_mpc_node]: MAVLink COMMAND_ACK command=187 result=0
[INFO] [1791408406.483021070] [lower_tracking_mpc_node]: MAVLink COMMAND_ACK command=187 result=0
[INFO] [1791408407.532452623] [lower_tracking_mpc_node]: MAVLink COMMAND_ACK command=187 result=0
[INFO] [1791408408.532553332] [lower_tracking_mpc_node]: MAVLink COMMAND_ACK command=187 result=0
[INFO] [1791408409.582651401] [lower_tracking_mpc_node]: MAVLink COMMAND_ACK command=187 result=0
[INFO] [1791408409.833014572] [lower_tracking_mpc_node]: goal stop applied: steer=0 throttle=0 brake=0.700 MAVLink neutral
[WARN] [1791408410.433626195] [lower_tracking_mpc_node]: lower MPC state reset: path/mission/pose/reset event
[INFO] [1791408410.582773966] [lower_tracking_mpc_node]: MAVLink COMMAND_ACK command=187 result=0
[INFO] [1791408410.834281044] [lower_tracking_mpc_node]: goal stop applied: steer=0 throttle=0 brake=0.700 MAVLink neutral
[WARN] [1791408410.932893165] [lower_tracking_mpc_node]: lower MPC state reset: path/mission/pose/reset event
[INFO] [1791408411.632620571] [lower_tracking_mpc_node]: MAVLink COMMAND_ACK command=187 result=0
[INFO] [1791408411.933065043] [lower_tracking_mpc_node]: goal stop applied: steer=0 throttle=0 brake=0.700 MAVLink neutral
[INFO] [1791408412.632711775] [lower_tracking_mpc_node]: MAVLink COMMAND_ACK command=187 result=0
[INFO] [1791408413.033470627] [lower_tracking_mpc_node]: goal stop applied: steer=0 throttle=0 brake=0.700 MAVLink neutral
[INFO] [1791408413.632749921] [lower_tracking_mpc_node]: MAVLink COMMAND_ACK command=187 result=0
[INFO] [1791408414.133619243] [lower_tracking_mpc_node]: goal stop applied: steer=0 throttle=0 brake=0.700 MAVLink neutral
[INFO] [1791408414.633867043] [lower_tracking_mpc_node]: MAVLink COMMAND_ACK command=187 result=0
[INFO] [1791408415.233550797] [lower_tracking_mpc_node]: goal stop applied: steer=0 throttle=0 brake=0.700 MAVLink neutral
[INFO] [1791408415.682800021] [lower_tracking_mpc_node]: MAVLink COMMAND_ACK command=187 result=0
[INFO] [1791408416.333538448] [lower_tracking_mpc_node]: goal stop applied: steer=0 throttle=0 brake=0.700 MAVLink neutral
[INFO] [1791408416.682862039] [lower_tracking_mpc_node]: MAVLink COMMAND_ACK command=187 result=0
[INFO] [1791408417.333671092] [lower_tracking_mpc_node]: goal stop applied: steer=0 throttle=0 brake=0.700 MAVLink neutral
[INFO] [1791408417.732759942] [lower_tracking_mpc_node]: MAVLink COMMAND_ACK command=187 result=0
[INFO] [1791408418.333873595] [lower_tracking_mpc_node]: goal stop applied: steer=0 throttle=0 brake=0.700 MAVLink neutral
[INFO] [1791408418.732897290] [lower_tracking_mpc_node]: MAVLink COMMAND_ACK command=187 result=0
[INFO] [1791408419.434947455] [lower_tracking_mpc_node]: goal stop applied: steer=0 throttle=0 brake=0.700 MAVLink neutral
[INFO] [1791408419.733279158] [lower_tracking_mpc_node]: MAVLink COMMAND_ACK command=187 result=0
[INFO] [1791408420.533707964] [lower_tracking_mpc_node]: goal stop applied: steer=0 throttle=0 brake=0.700 MAVLink neutral
[INFO] [1791408420.782954525] [lower_tracking_mpc_node]: MAVLink COMMAND_ACK command=187 result=0
[INFO] [1791408421.534353104] [lower_tracking_mpc_node]: goal stop applied: steer=0 throttle=0 brake=0.700 MAVLink neutral
[INFO] [1791408421.782982110] [lower_tracking_mpc_node]: MAVLink COMMAND_ACK command=187 result=0
[INFO] [1791408422.634744095] [lower_tracking_mpc_node]: goal stop applied: steer=0 throttle=0 brake=0.700 MAVLink neutral
[INFO] [1791408422.832952143] [lower_tracking_mpc_node]: MAVLink COMMAND_ACK command=187 result=0
[INFO] [1791408423.733876359] [lower_tracking_mpc_node]: goal stop applied: steer=0 throttle=0 brake=0.700 MAVLink neutral
[INFO] [1791408423.833025969] [lower_tracking_mpc_node]: MAVLink COMMAND_ACK command=187 result=0
[INFO] [1791408424.833393531] [lower_tracking_mpc_node]: goal stop applied: steer=0 throttle=0 brake=0.700 MAVLink neutral
[INFO] [1791408424.883051139] [lower_tracking_mpc_node]: MAVLink COMMAND_ACK command=187 result=0
[INFO] [1791408425.834287382] [lower_tracking_mpc_node]: goal stop applied: steer=0 throttle=0 brake=0.700 MAVLink neutral
[INFO] [1791408425.883141605] [lower_tracking_mpc_node]: MAVLink COMMAND_ACK command=187 result=0
[INFO] [1791408426.933025810] [lower_tracking_mpc_node]: MAVLink COMMAND_ACK command=187 result=0
[INFO] [1791408426.933937646] [lower_tracking_mpc_node]: goal stop applied: steer=0 throttle=0 brake=0.700 MAVLink neutral
[INFO] [1791408427.933142101] [lower_tracking_mpc_node]: MAVLink COMMAND_ACK command=187 result=0
[INFO] [1791408427.933970351] [lower_tracking_mpc_node]: goal stop applied: steer=0 throttle=0 brake=0.700 MAVLink neutral
[INFO] [1791408428.933965390] [lower_tracking_mpc_node]: MAVLink COMMAND_ACK command=187 result=0
[INFO] [1791408428.936130320] [lower_tracking_mpc_node]: goal stop applied: steer=0 throttle=0 brake=0.700 MAVLink neutral
[INFO] [1791408429.983141030] [lower_tracking_mpc_node]: MAVLink COMMAND_ACK command=187 result=0
[INFO] [1791408430.033892718] [lower_tracking_mpc_node]: goal stop applied: steer=0 throttle=0 brake=0.700 MAVLink neutral
[INFO] [1791408430.983365036] [lower_tracking_mpc_node]: MAVLink COMMAND_ACK command=187 result=0
[INFO] [1791408431.034114996] [lower_tracking_mpc_node]: goal stop applied: steer=0 throttle=0 brake=0.700 MAVLink neutral
[INFO] [1791408432.033143413] [lower_tracking_mpc_node]: MAVLink COMMAND_ACK command=187 result=0
[INFO] [1791408432.134364094] [lower_tracking_mpc_node]: goal stop applied: steer=0 throttle=0 brake=0.700 MAVLink neutral
[WARN] [1791408432.333661358] [lower_tracking_mpc_node]: lower MPC state reset: path/mission/pose/reset event
[INFO] [1791408433.033413117] [lower_tracking_mpc_node]: MAVLink COMMAND_ACK command=187 result=0
[INFO] [1791408433.233976724] [lower_tracking_mpc_node]: goal stop applied: steer=0 throttle=0 brake=0.700 MAVLink neutral
[WARN] [1791408433.661218397] [lower_tracking_mpc_node]: Rejected lower path: fewer than two distinct path points
[WARN] [1791408433.733622553] [lower_tracking_mpc_node]: lower MPC state reset: path/mission/pose/reset event
[WARN] [1791408433.833539897] [lower_tracking_mpc_node]: lower MPC state reset: path/mission/pose/reset event
[WARN] [1791408433.933407576] [lower_tracking_mpc_node]: lower MPC state reset: path/mission/pose/reset event
[INFO] [1791408434.083365228] [lower_tracking_mpc_node]: MAVLink COMMAND_ACK command=187 result=0
[INFO] [1791408434.334238110] [lower_tracking_mpc_node]: goal stop applied: steer=0 throttle=0 brake=0.700 MAVLink neutral
[WARN] [1791408434.933672767] [lower_tracking_mpc_node]: lower MPC state reset: path/mission/pose/reset event
[INFO] [1791408435.083431244] [lower_tracking_mpc_node]: MAVLink COMMAND_ACK command=187 result=0
[INFO] [1791408436.133389083] [lower_tracking_mpc_node]: MAVLink COMMAND_ACK command=187 result=0
[INFO] [1791408437.134270261] [lower_tracking_mpc_node]: MAVLink COMMAND_ACK command=187 result=0
[INFO] [1791408438.183378314] [lower_tracking_mpc_node]: MAVLink COMMAND_ACK command=187 result=0
[INFO] [1791408439.183396297] [lower_tracking_mpc_node]: MAVLink COMMAND_ACK command=187 result=0
[INFO] [1791408440.183547404] [lower_tracking_mpc_node]: MAVLink COMMAND_ACK command=187 result=0
[INFO] [1791408441.183948919] [lower_tracking_mpc_node]: MAVLink COMMAND_ACK command=187 result=0
[INFO] [1791408442.233572699] [lower_tracking_mpc_node]: MAVLink COMMAND_ACK command=187 result=0
[WARN] [1791408442.433839721] [lower_tracking_mpc_node]: lower MPC state reset: path/mission/pose/reset event
[WARN] [1791408442.933651474] [lower_tracking_mpc_node]: lower MPC state reset: path/mission/pose/reset event
[INFO] [1791408443.233615002] [lower_tracking_mpc_node]: MAVLink COMMAND_ACK command=187 result=0
[INFO] [1791408444.233659130] [lower_tracking_mpc_node]: MAVLink COMMAND_ACK command=187 result=0
[INFO] [1791408445.283732876] [lower_tracking_mpc_node]: MAVLink COMMAND_ACK command=187 result=0
[INFO] [1791408446.284359293] [lower_tracking_mpc_node]: MAVLink COMMAND_ACK command=187 result=0
[INFO] [1791408447.333832348] [lower_tracking_mpc_node]: MAVLink COMMAND_ACK command=187 result=0
[INFO] [1791408448.383736904] [lower_tracking_mpc_node]: MAVLink COMMAND_ACK command=187 result=0
[INFO] [1791408449.383958797] [lower_tracking_mpc_node]: MAVLink COMMAND_ACK command=187 result=0
[INFO] [1791408450.433849369] [lower_tracking_mpc_node]: MAVLink COMMAND_ACK command=187 result=0
[WARN] [1791408450.933967435] [lower_tracking_mpc_node]: lower MPC state reset: path/mission/pose/reset event
[INFO] [1791408451.483892105] [lower_tracking_mpc_node]: MAVLink COMMAND_ACK command=187 result=0
[INFO] [1791408452.483942088] [lower_tracking_mpc_node]: MAVLink COMMAND_ACK command=187 result=0
[INFO] [1791408453.484238414] [lower_tracking_mpc_node]: MAVLink COMMAND_ACK command=187 result=0
[INFO] [1791408454.533889586] [lower_tracking_mpc_node]: MAVLink COMMAND_ACK command=187 result=0
[WARN] [1791408454.934570611] [lower_tracking_mpc_node]: lower MPC state reset: path/mission/pose/reset event
[INFO] [1791408455.584061638] [lower_tracking_mpc_node]: MAVLink COMMAND_ACK command=187 result=0
[WARN] [1791408456.435059662] [lower_tracking_mpc_node]: lower MPC state reset: path/mission/pose/reset event
[INFO] [1791408456.584082116] [lower_tracking_mpc_node]: MAVLink COMMAND_ACK command=187 result=0
[WARN] [1791408456.934666704] [lower_tracking_mpc_node]: lower MPC state reset: path/mission/pose/reset event
[WARN] [1791408457.434297043] [lower_tracking_mpc_node]: lower MPC state reset: path/mission/pose/reset event
[INFO] [1791408457.584124259] [lower_tracking_mpc_node]: MAVLink COMMAND_ACK command=187 result=0
[WARN] [1791408457.934800817] [lower_tracking_mpc_node]: lower MPC state reset: path/mission/pose/reset event
[WARN] [1791408458.434587097] [lower_tracking_mpc_node]: lower MPC state reset: path/mission/pose/reset event
[INFO] [1791408458.634180147] [lower_tracking_mpc_node]: MAVLink COMMAND_ACK command=187 result=0
[INFO] [1791408459.634181360] [lower_tracking_mpc_node]: MAVLink COMMAND_ACK command=187 result=0
[WARN] [1791408460.434467919] [lower_tracking_mpc_node]: lower MPC state reset: path/mission/pose/reset event
[INFO] [1791408460.634219598] [lower_tracking_mpc_node]: MAVLink COMMAND_ACK command=187 result=0
[WARN] [1791408461.434588304] [lower_tracking_mpc_node]: lower MPC state reset: path/mission/pose/reset event
[INFO] [1791408461.634236907] [lower_tracking_mpc_node]: MAVLink COMMAND_ACK command=187 result=0
[INFO] [1791408462.684216376] [lower_tracking_mpc_node]: MAVLink COMMAND_ACK command=187 result=0
[INFO] [1791408463.684224277] [lower_tracking_mpc_node]: MAVLink COMMAND_ACK command=187 result=0
[INFO] [1791408464.684244018] [lower_tracking_mpc_node]: MAVLink COMMAND_ACK command=187 result=0
[INFO] [1791408465.684468982] [lower_tracking_mpc_node]: MAVLink COMMAND_ACK command=187 result=0
[INFO] [1791408466.734255773] [lower_tracking_mpc_node]: MAVLink COMMAND_ACK command=187 result=0
[INFO] [1791408467.734358237] [lower_tracking_mpc_node]: MAVLink COMMAND_ACK command=187 result=0
[WARN] [1791408468.434689914] [lower_tracking_mpc_node]: lower MPC state reset: path/mission/pose/reset event
[INFO] [1791408468.734387514] [lower_tracking_mpc_node]: MAVLink COMMAND_ACK command=187 result=0
[INFO] [1791408468.835341498] [lower_tracking_mpc_node]: goal stop applied: steer=0 throttle=0 brake=0.700 MAVLink neutral
[WARN] [1791408468.934378623] [lower_tracking_mpc_node]: lower MPC state reset: path/mission/pose/reset event
[WARN] [1791408469.434796250] [lower_tracking_mpc_node]: lower MPC state reset: path/mission/pose/reset event
[INFO] [1791408469.734409655] [lower_tracking_mpc_node]: MAVLink COMMAND_ACK command=187 result=0
[WARN] [1791408469.934866058] [lower_tracking_mpc_node]: lower MPC state reset: path/mission/pose/reset event
[INFO] [1791408469.935878825] [lower_tracking_mpc_node]: goal stop applied: steer=0 throttle=0 brake=0.700 MAVLink neutral
[INFO] [1791408470.734519926] [lower_tracking_mpc_node]: MAVLink COMMAND_ACK command=187 result=0
[INFO] [1791408471.035544638] [lower_tracking_mpc_node]: goal stop applied: steer=0 throttle=0 brake=0.700 MAVLink neutral
[INFO] [1791408471.734550515] [lower_tracking_mpc_node]: MAVLink COMMAND_ACK command=187 result=0
[INFO] [1791408472.135522428] [lower_tracking_mpc_node]: goal stop applied: steer=0 throttle=0 brake=0.700 MAVLink neutral
[INFO] [1791408472.784406076] [lower_tracking_mpc_node]: MAVLink COMMAND_ACK command=187 result=0
[INFO] [1791408473.235444088] [lower_tracking_mpc_node]: goal stop applied: steer=0 throttle=0 brake=0.700 MAVLink neutral
[INFO] [1791408473.784632735] [lower_tracking_mpc_node]: MAVLink COMMAND_ACK command=187 result=0
[INFO] [1791408474.335414966] [lower_tracking_mpc_node]: goal stop applied: steer=0 throttle=0 brake=0.700 MAVLink neutral
[INFO] [1791408474.784901315] [lower_tracking_mpc_node]: MAVLink COMMAND_ACK command=187 result=0
[INFO] [1791408475.335572854] [lower_tracking_mpc_node]: goal stop applied: steer=0 throttle=0 brake=0.700 MAVLink neutral
[INFO] [1791408475.834581414] [lower_tracking_mpc_node]: MAVLink COMMAND_ACK command=187 result=0
[INFO] [1791408476.435428272] [lower_tracking_mpc_node]: goal stop applied: steer=0 throttle=0 brake=0.700 MAVLink neutral
[INFO] [1791408476.834684261] [lower_tracking_mpc_node]: MAVLink COMMAND_ACK command=187 result=0
[INFO] [1791408477.435501326] [lower_tracking_mpc_node]: goal stop applied: steer=0 throttle=0 brake=0.700 MAVLink neutral
[INFO] [1791408477.884605199] [lower_tracking_mpc_node]: MAVLink COMMAND_ACK command=187 result=0
[INFO] [1791408478.435660398] [lower_tracking_mpc_node]: goal stop applied: steer=0 throttle=0 brake=0.700 MAVLink neutral
[INFO] [1791408478.884800401] [lower_tracking_mpc_node]: MAVLink COMMAND_ACK command=187 result=0
[INFO] [1791408479.536162716] [lower_tracking_mpc_node]: goal stop applied: steer=0 throttle=0 brake=0.700 MAVLink neutral
[INFO] [1791408479.934753692] [lower_tracking_mpc_node]: MAVLink COMMAND_ACK command=187 result=0
[INFO] [1791408480.536320860] [lower_tracking_mpc_node]: goal stop applied: steer=0 throttle=0 brake=0.700 MAVLink neutral
[INFO] [1791408480.934819353] [lower_tracking_mpc_node]: MAVLink COMMAND_ACK command=187 result=0
[INFO] [1791408481.536445115] [lower_tracking_mpc_node]: goal stop applied: steer=0 throttle=0 brake=0.700 MAVLink neutral
[INFO] [1791408481.984766340] [lower_tracking_mpc_node]: MAVLink COMMAND_ACK command=187 result=0
[INFO] [1791408482.635732835] [lower_tracking_mpc_node]: goal stop applied: steer=0 throttle=0 brake=0.700 MAVLink neutral
[INFO] [1791408482.984767968] [lower_tracking_mpc_node]: MAVLink COMMAND_ACK command=187 result=0
[INFO] [1791408483.635823361] [lower_tracking_mpc_node]: goal stop applied: steer=0 throttle=0 brake=0.700 MAVLink neutral
[INFO] [1791408483.984927104] [lower_tracking_mpc_node]: MAVLink COMMAND_ACK command=187 result=0
[INFO] [1791408484.635831645] [lower_tracking_mpc_node]: goal stop applied: steer=0 throttle=0 brake=0.700 MAVLink neutral
[INFO] [1791408485.034943948] [lower_tracking_mpc_node]: MAVLink COMMAND_ACK command=187 result=0
[INFO] [1791408485.735857051] [lower_tracking_mpc_node]: goal stop applied: steer=0 throttle=0 brake=0.700 MAVLink neutral
[INFO] [1791408486.035107916] [lower_tracking_mpc_node]: MAVLink COMMAND_ACK command=187 result=0
[INFO] [1791408486.736486089] [lower_tracking_mpc_node]: goal stop applied: steer=0 throttle=0 brake=0.700 MAVLink neutral
[INFO] [1791408487.085000277] [lower_tracking_mpc_node]: MAVLink COMMAND_ACK command=187 result=0
[INFO] [1791408487.837035319] [lower_tracking_mpc_node]: goal stop applied: steer=0 throttle=0 brake=0.700 MAVLink neutral
[INFO] [1791408488.085043538] [lower_tracking_mpc_node]: MAVLink COMMAND_ACK command=187 result=0
[INFO] [1791408488.935381603] [lower_tracking_mpc_node]: goal stop applied: steer=0 throttle=0 brake=0.700 MAVLink neutral
[INFO] [1791408489.085159568] [lower_tracking_mpc_node]: MAVLink COMMAND_ACK command=187 result=0
[INFO] [1791408489.935417054] [lower_tracking_mpc_node]: goal stop applied: steer=0 throttle=0 brake=0.700 MAVLink neutral
[INFO] [1791408490.134953046] [lower_tracking_mpc_node]: MAVLink COMMAND_ACK command=187 result=0
[INFO] [1791408490.935781796] [lower_tracking_mpc_node]: goal stop applied: steer=0 throttle=0 brake=0.700 MAVLink neutral
[WARN] [1791408491.035316537] [lower_tracking_mpc_node]: lower MPC state reset: path/mission/pose/reset event
[INFO] [1791408491.135576323] [lower_tracking_mpc_node]: MAVLink COMMAND_ACK command=187 result=0
[INFO] [1791408491.935927107] [lower_tracking_mpc_node]: goal stop applied: steer=0 throttle=0 brake=0.700 MAVLink neutral
[INFO] [1791408492.185122593] [lower_tracking_mpc_node]: MAVLink COMMAND_ACK command=187 result=0
[WARN] [1791408492.359042733] [lower_tracking_mpc_node]: Rejected lower path: fewer than two distinct path points
[WARN] [1791408492.435484323] [lower_tracking_mpc_node]: lower MPC state reset: path/mission/pose/reset event
[WARN] [1791408492.535331105] [lower_tracking_mpc_node]: lower MPC state reset: path/mission/pose/reset event
[WARN] [1791408492.935408750] [lower_tracking_mpc_node]: lower MPC state reset: path/mission/pose/reset event
[INFO] [1791408492.937269382] [lower_tracking_mpc_node]: goal stop applied: steer=0 throttle=0 brake=0.700 MAVLink neutral
[INFO] [1791408493.185185598] [lower_tracking_mpc_node]: MAVLink COMMAND_ACK command=187 result=0
[WARN] [1791408493.635466146] [lower_tracking_mpc_node]: lower MPC state reset: path/mission/pose/reset event
[INFO] [1791408494.185216825] [lower_tracking_mpc_node]: MAVLink COMMAND_ACK command=187 result=0
[INFO] [1791408495.185277493] [lower_tracking_mpc_node]: MAVLink COMMAND_ACK command=187 result=0
[INFO] [1791408496.185317008] [lower_tracking_mpc_node]: MAVLink COMMAND_ACK command=187 result=0
[INFO] [1791408497.185349100] [lower_tracking_mpc_node]: MAVLink COMMAND_ACK command=187 result=0
[INFO] [1791408498.185384775] [lower_tracking_mpc_node]: MAVLink COMMAND_ACK command=187 result=0
[INFO] [1791408499.185427682] [lower_tracking_mpc_node]: MAVLink COMMAND_ACK command=187 result=0
[INFO] [1791408500.235370860] [lower_tracking_mpc_node]: MAVLink COMMAND_ACK command=187 result=0
[WARN] [1791408500.935677639] [lower_tracking_mpc_node]: lower MPC state reset: path/mission/pose/reset event
[INFO] [1791408501.285444761] [lower_tracking_mpc_node]: MAVLink COMMAND_ACK command=187 result=0
[WARN] [1791408501.935754627] [lower_tracking_mpc_node]: lower MPC state reset: path/mission/pose/reset event
[INFO] [1791408502.285563575] [lower_tracking_mpc_node]: MAVLink COMMAND_ACK command=187 result=0
[INFO] [1791408503.335529729] [lower_tracking_mpc_node]: MAVLink COMMAND_ACK command=187 result=0
[INFO] [1791408504.386880021] [lower_tracking_mpc_node]: MAVLink COMMAND_ACK command=187 result=0
[INFO] [1791408505.435553687] [lower_tracking_mpc_node]: MAVLink COMMAND_ACK command=187 result=0
[WARN] [1791408505.436907392] [lower_tracking_mpc_node]: lower MPC state reset: path/mission/pose/reset event
[INFO] [1791408506.435770711] [lower_tracking_mpc_node]: MAVLink COMMAND_ACK command=187 result=0
[WARN] [1791408507.435902613] [lower_tracking_mpc_node]: lower MPC state reset: path/mission/pose/reset event
[INFO] [1791408507.485710912] [lower_tracking_mpc_node]: MAVLink COMMAND_ACK command=187 result=0
[INFO] [1791408508.535552966] [lower_tracking_mpc_node]: MAVLink COMMAND_ACK command=187 result=0
[WARN] [1791408509.435954569] [lower_tracking_mpc_node]: lower MPC state reset: path/mission/pose/reset event
[INFO] [1791408509.535750885] [lower_tracking_mpc_node]: MAVLink COMMAND_ACK command=187 result=0
[INFO] [1791408510.585546346] [lower_tracking_mpc_node]: MAVLink COMMAND_ACK command=187 result=0
[INFO] [1791408511.585915182] [lower_tracking_mpc_node]: MAVLink COMMAND_ACK command=187 result=0
[INFO] [1791408512.635824117] [lower_tracking_mpc_node]: MAVLink COMMAND_ACK command=187 result=0
[INFO] [1791408513.685838368] [lower_tracking_mpc_node]: MAVLink COMMAND_ACK command=187 result=0
[WARN] [1791408513.936133728] [lower_tracking_mpc_node]: lower MPC state reset: path/mission/pose/reset event
[INFO] [1791408514.735795465] [lower_tracking_mpc_node]: MAVLink COMMAND_ACK command=187 result=0
[WARN] [1791408515.436029282] [lower_tracking_mpc_node]: lower MPC state reset: path/mission/pose/reset event
[INFO] [1791408515.735895653] [lower_tracking_mpc_node]: MAVLink COMMAND_ACK command=187 result=0
[WARN] [1791408515.936035342] [lower_tracking_mpc_node]: lower MPC state reset: path/mission/pose/reset event
[INFO] [1791408516.785727210] [lower_tracking_mpc_node]: MAVLink COMMAND_ACK command=187 result=0
[WARN] [1791408516.937098599] [lower_tracking_mpc_node]: lower MPC state reset: path/mission/pose/reset event
[WARN] [1791408517.436029299] [lower_tracking_mpc_node]: lower MPC state reset: path/mission/pose/reset event
[INFO] [1791408517.786150352] [lower_tracking_mpc_node]: MAVLink COMMAND_ACK command=187 result=0
[INFO] [1791408518.835907826] [lower_tracking_mpc_node]: MAVLink COMMAND_ACK command=187 result=0
[WARN] [1791408518.936161372] [lower_tracking_mpc_node]: lower MPC state reset: path/mission/pose/reset event
[INFO] [1791408519.885932669] [lower_tracking_mpc_node]: MAVLink COMMAND_ACK command=187 result=0
[WARN] [1791408520.436306982] [lower_tracking_mpc_node]: lower MPC state reset: path/mission/pose/reset event
[INFO] [1791408520.885931061] [lower_tracking_mpc_node]: MAVLink COMMAND_ACK command=187 result=0
[WARN] [1791408520.936088171] [lower_tracking_mpc_node]: lower MPC state reset: path/mission/pose/reset event
[INFO] [1791408521.886222359] [lower_tracking_mpc_node]: MAVLink COMMAND_ACK command=187 result=0
[INFO] [1791408522.886237327] [lower_tracking_mpc_node]: MAVLink COMMAND_ACK command=187 result=0
[INFO] [1791408523.936937806] [lower_tracking_mpc_node]: MAVLink COMMAND_ACK command=187 result=0
[WARN] [1791408524.936457016] [lower_tracking_mpc_node]: lower MPC state reset: path/mission/pose/reset event
[INFO] [1791408524.985992987] [lower_tracking_mpc_node]: MAVLink COMMAND_ACK command=187 result=0
[WARN] [1791408525.436640426] [lower_tracking_mpc_node]: lower MPC state reset: path/mission/pose/reset event
[INFO] [1791408525.986229722] [lower_tracking_mpc_node]: MAVLink COMMAND_ACK command=187 result=0
[INFO] [1791408526.986231795] [lower_tracking_mpc_node]: MAVLink COMMAND_ACK command=187 result=0
[INFO] [1791408527.236692151] [lower_tracking_mpc_node]: goal stop applied: steer=0 throttle=0 brake=0.700 MAVLink neutral
[INFO] [1791408527.986418960] [lower_tracking_mpc_node]: MAVLink COMMAND_ACK command=187 result=0
[INFO] [1791408528.336493547] [lower_tracking_mpc_node]: goal stop applied: steer=0 throttle=0 brake=0.700 MAVLink neutral
[WARN] [1791408528.436442508] [lower_tracking_mpc_node]: lower MPC state reset: path/mission/pose/reset event
[INFO] [1791408529.036178994] [lower_tracking_mpc_node]: MAVLink COMMAND_ACK command=187 result=0
[INFO] [1791408529.336671912] [lower_tracking_mpc_node]: goal stop applied: steer=0 throttle=0 brake=0.700 MAVLink neutral
[INFO] [1791408530.036332335] [lower_tracking_mpc_node]: MAVLink COMMAND_ACK command=187 result=0
[INFO] [1791408530.336690753] [lower_tracking_mpc_node]: goal stop applied: steer=0 throttle=0 brake=0.700 MAVLink neutral
[INFO] [1791408531.036354055] [lower_tracking_mpc_node]: MAVLink COMMAND_ACK command=187 result=0
[INFO] [1791408531.337248586] [lower_tracking_mpc_node]: goal stop applied: steer=0 throttle=0 brake=0.700 MAVLink neutral
[INFO] [1791408532.036390144] [lower_tracking_mpc_node]: MAVLink COMMAND_ACK command=187 result=0
[INFO] [1791408532.437188226] [lower_tracking_mpc_node]: goal stop applied: steer=0 throttle=0 brake=0.700 MAVLink neutral
[INFO] [1791408533.086341640] [lower_tracking_mpc_node]: MAVLink COMMAND_ACK command=187 result=0
[INFO] [1791408533.437441505] [lower_tracking_mpc_node]: goal stop applied: steer=0 throttle=0 brake=0.700 MAVLink neutral
[INFO] [1791408534.086745676] [lower_tracking_mpc_node]: MAVLink COMMAND_ACK command=187 result=0
[INFO] [1791408534.537242421] [lower_tracking_mpc_node]: goal stop applied: steer=0 throttle=0 brake=0.700 MAVLink neutral
[INFO] [1791408535.136347912] [lower_tracking_mpc_node]: MAVLink COMMAND_ACK command=187 result=0
[INFO] [1791408535.537520917] [lower_tracking_mpc_node]: goal stop applied: steer=0 throttle=0 brake=0.700 MAVLink neutral
[INFO] [1791408536.136475364] [lower_tracking_mpc_node]: MAVLink COMMAND_ACK command=187 result=0
[INFO] [1791408536.637209894] [lower_tracking_mpc_node]: goal stop applied: steer=0 throttle=0 brake=0.700 MAVLink neutral
[INFO] [1791408537.136518204] [lower_tracking_mpc_node]: MAVLink COMMAND_ACK command=187 result=0
[INFO] [1791408537.637532071] [lower_tracking_mpc_node]: goal stop applied: steer=0 throttle=0 brake=0.700 MAVLink neutral
[INFO] [1791408538.186643881] [lower_tracking_mpc_node]: MAVLink COMMAND_ACK command=187 result=0
[INFO] [1791408538.737463071] [lower_tracking_mpc_node]: goal stop applied: steer=0 throttle=0 brake=0.700 MAVLink neutral
[INFO] [1791408539.186688706] [lower_tracking_mpc_node]: MAVLink COMMAND_ACK command=187 result=0
[INFO] [1791408539.837649726] [lower_tracking_mpc_node]: goal stop applied: steer=0 throttle=0 brake=0.700 MAVLink neutral
[INFO] [1791408540.186693657] [lower_tracking_mpc_node]: MAVLink COMMAND_ACK command=187 result=0
[INFO] [1791408540.937404368] [lower_tracking_mpc_node]: goal stop applied: steer=0 throttle=0 brake=0.700 MAVLink neutral
[INFO] [1791408541.236702626] [lower_tracking_mpc_node]: MAVLink COMMAND_ACK command=187 result=0
[INFO] [1791408541.937650479] [lower_tracking_mpc_node]: goal stop applied: steer=0 throttle=0 brake=0.700 MAVLink neutral
[INFO] [1791408542.286727115] [lower_tracking_mpc_node]: MAVLink COMMAND_ACK command=187 result=0
[INFO] [1791408543.037896367] [lower_tracking_mpc_node]: goal stop applied: steer=0 throttle=0 brake=0.700 MAVLink neutral
[INFO] [1791408543.336699922] [lower_tracking_mpc_node]: MAVLink COMMAND_ACK command=187 result=0
[INFO] [1791408544.137931466] [lower_tracking_mpc_node]: goal stop applied: steer=0 throttle=0 brake=0.700 MAVLink neutral
[INFO] [1791408544.336726506] [lower_tracking_mpc_node]: MAVLink COMMAND_ACK command=187 result=0
[INFO] [1791408545.238428658] [lower_tracking_mpc_node]: goal stop applied: steer=0 throttle=0 brake=0.700 MAVLink neutral
[INFO] [1791408545.386788788] [lower_tracking_mpc_node]: MAVLink COMMAND_ACK command=187 result=0
[INFO] [1791408546.238486955] [lower_tracking_mpc_node]: goal stop applied: steer=0 throttle=0 brake=0.700 MAVLink neutral
[INFO] [1791408546.436723322] [lower_tracking_mpc_node]: MAVLink COMMAND_ACK command=187 result=0
[INFO] [1791408547.337617193] [lower_tracking_mpc_node]: goal stop applied: steer=0 throttle=0 brake=0.700 MAVLink neutral
[INFO] [1791408547.436847572] [lower_tracking_mpc_node]: MAVLink COMMAND_ACK command=187 result=0
[INFO] [1791408548.337642977] [lower_tracking_mpc_node]: goal stop applied: steer=0 throttle=0 brake=0.700 MAVLink neutral
[INFO] [1791408548.486829084] [lower_tracking_mpc_node]: MAVLink COMMAND_ACK command=187 result=0
[WARN] [1791408549.037051583] [lower_tracking_mpc_node]: lower MPC state reset: path/mission/pose/reset event
[INFO] [1791408549.437144619] [lower_tracking_mpc_node]: goal stop applied: steer=0 throttle=0 brake=0.700 MAVLink neutral
[INFO] [1791408549.486951126] [lower_tracking_mpc_node]: MAVLink COMMAND_ACK command=187 result=0
[WARN] [1791408550.358267426] [lower_tracking_mpc_node]: Rejected lower path: fewer than two distinct path points
[WARN] [1791408550.437110880] [lower_tracking_mpc_node]: lower MPC state reset: path/mission/pose/reset event
[INFO] [1791408550.438265987] [lower_tracking_mpc_node]: goal stop applied: steer=0 throttle=0 brake=0.700 MAVLink neutral
[INFO] [1791408550.486975085] [lower_tracking_mpc_node]: MAVLink COMMAND_ACK command=187 result=0
[WARN] [1791408550.537474606] [lower_tracking_mpc_node]: lower MPC state reset: path/mission/pose/reset event
[WARN] [1791408550.937166509] [lower_tracking_mpc_node]: lower MPC state reset: path/mission/pose/reset event
[INFO] [1791408551.536980885] [lower_tracking_mpc_node]: MAVLink COMMAND_ACK command=187 result=0
[INFO] [1791408551.538549061] [lower_tracking_mpc_node]: goal stop applied: steer=0 throttle=0 brake=0.700 MAVLink neutral
[WARN] [1791408551.637230591] [lower_tracking_mpc_node]: lower MPC state reset: path/mission/pose/reset event
[INFO] [1791408552.586978621] [lower_tracking_mpc_node]: MAVLink COMMAND_ACK command=187 result=0
[INFO] [1791408553.587077526] [lower_tracking_mpc_node]: MAVLink COMMAND_ACK command=187 result=0
[INFO] [1791408554.637025404] [lower_tracking_mpc_node]: MAVLink COMMAND_ACK command=187 result=0
[INFO] [1791408555.687058052] [lower_tracking_mpc_node]: MAVLink COMMAND_ACK command=187 result=0
[INFO] [1791408556.687182878] [lower_tracking_mpc_node]: MAVLink COMMAND_ACK command=187 result=0
[INFO] [1791408557.687191829] [lower_tracking_mpc_node]: MAVLink COMMAND_ACK command=187 result=0
[INFO] [1791408558.687268557] [lower_tracking_mpc_node]: MAVLink COMMAND_ACK command=187 result=0
[WARN] [1791408558.937468969] [lower_tracking_mpc_node]: lower MPC state reset: path/mission/pose/reset event
[INFO] [1791408559.737120272] [lower_tracking_mpc_node]: MAVLink COMMAND_ACK command=187 result=0
[WARN] [1791408559.937504192] [lower_tracking_mpc_node]: lower MPC state reset: path/mission/pose/reset event
[INFO] [1791408560.737201352] [lower_tracking_mpc_node]: MAVLink COMMAND_ACK command=187 result=0
[INFO] [1791408561.737323874] [lower_tracking_mpc_node]: MAVLink COMMAND_ACK command=187 result=0
[INFO] [1791408562.737372313] [lower_tracking_mpc_node]: MAVLink COMMAND_ACK command=187 result=0
[INFO] [1791408563.737389551] [lower_tracking_mpc_node]: MAVLink COMMAND_ACK command=187 result=0
[INFO] [1791408564.787271699] [lower_tracking_mpc_node]: MAVLink COMMAND_ACK command=187 result=0
[INFO] [1791408565.787414253] [lower_tracking_mpc_node]: MAVLink COMMAND_ACK command=187 result=0
[WARN] [1791408565.937648135] [lower_tracking_mpc_node]: lower MPC state reset: path/mission/pose/reset event
[INFO] [1791408566.837385266] [lower_tracking_mpc_node]: MAVLink COMMAND_ACK command=187 result=0
[WARN] [1791408567.437800588] [lower_tracking_mpc_node]: lower MPC state reset: path/mission/pose/reset event
[INFO] [1791408567.887389593] [lower_tracking_mpc_node]: MAVLink COMMAND_ACK command=187 result=0
[INFO] [1791408568.887431664] [lower_tracking_mpc_node]: MAVLink COMMAND_ACK command=187 result=0
[INFO] [1791408569.887491655] [lower_tracking_mpc_node]: MAVLink COMMAND_ACK command=187 result=0
[INFO] [1791408570.887572991] [lower_tracking_mpc_node]: MAVLink COMMAND_ACK command=187 result=0
[INFO] [1791408571.887721145] [lower_tracking_mpc_node]: MAVLink COMMAND_ACK command=187 result=0
[WARN] [1791408571.937616262] [lower_tracking_mpc_node]: lower MPC state reset: path/mission/pose/reset event
[INFO] [1791408572.937451799] [lower_tracking_mpc_node]: MAVLink COMMAND_ACK command=187 result=0
[WARN] [1791408573.437890927] [lower_tracking_mpc_node]: lower MPC state reset: path/mission/pose/reset event
[INFO] [1791408573.937642418] [lower_tracking_mpc_node]: MAVLink COMMAND_ACK command=187 result=0
[WARN] [1791408573.938908600] [lower_tracking_mpc_node]: lower MPC state reset: path/mission/pose/reset event
[INFO] [1791408574.937849453] [lower_tracking_mpc_node]: MAVLink COMMAND_ACK command=187 result=0
[WARN] [1791408574.939059154] [lower_tracking_mpc_node]: lower MPC state reset: path/mission/pose/reset event
[WARN] [1791408575.937904644] [lower_tracking_mpc_node]: lower MPC state reset: path/mission/pose/reset event
[INFO] [1791408575.987678862] [lower_tracking_mpc_node]: MAVLink COMMAND_ACK command=187 result=0
[WARN] [1791408576.938757459] [lower_tracking_mpc_node]: lower MPC state reset: path/mission/pose/reset event
[INFO] [1791408576.987844104] [lower_tracking_mpc_node]: MAVLink COMMAND_ACK command=187 result=0
[WARN] [1791408577.938068338] [lower_tracking_mpc_node]: lower MPC state reset: path/mission/pose/reset event
[INFO] [1791408577.987992385] [lower_tracking_mpc_node]: MAVLink COMMAND_ACK command=187 result=0
[INFO] [1791408579.037753824] [lower_tracking_mpc_node]: MAVLink COMMAND_ACK command=187 result=0
[INFO] [1791408580.037960955] [lower_tracking_mpc_node]: MAVLink COMMAND_ACK command=187 result=0
[INFO] [1791408581.087852989] [lower_tracking_mpc_node]: MAVLink COMMAND_ACK command=187 result=0
[INFO] [1791408582.087923924] [lower_tracking_mpc_node]: MAVLink COMMAND_ACK command=187 result=0
[INFO] [1791408583.087970986] [lower_tracking_mpc_node]: MAVLink COMMAND_ACK command=187 result=0
[WARN] [1791408583.938373496] [lower_tracking_mpc_node]: lower MPC state reset: path/mission/pose/reset event
[INFO] [1791408584.087985631] [lower_tracking_mpc_node]: MAVLink COMMAND_ACK command=187 result=0
[WARN] [1791408584.438247614] [lower_tracking_mpc_node]: lower MPC state reset: path/mission/pose/reset event
[INFO] [1791408584.738343239] [lower_tracking_mpc_node]: goal stop applied: steer=0 throttle=0 brake=0.700 MAVLink neutral
[WARN] [1791408584.938367500] [lower_tracking_mpc_node]: lower MPC state reset: path/mission/pose/reset event
[INFO] [1791408585.088032949] [lower_tracking_mpc_node]: MAVLink COMMAND_ACK command=187 result=0
[WARN] [1791408585.438385047] [lower_tracking_mpc_node]: lower MPC state reset: path/mission/pose/reset event
[INFO] [1791408585.738551714] [lower_tracking_mpc_node]: goal stop applied: steer=0 throttle=0 brake=0.700 MAVLink neutral
[WARN] [1791408585.938286046] [lower_tracking_mpc_node]: lower MPC state reset: path/mission/pose/reset event
[INFO] [1791408586.138055771] [lower_tracking_mpc_node]: MAVLink COMMAND_ACK command=187 result=0
[INFO] [1791408586.739278989] [lower_tracking_mpc_node]: goal stop applied: steer=0 throttle=0 brake=0.700 MAVLink neutral
[INFO] [1791408587.188040992] [lower_tracking_mpc_node]: MAVLink COMMAND_ACK command=187 result=0
[INFO] [1791408587.838999674] [lower_tracking_mpc_node]: goal stop applied: steer=0 throttle=0 brake=0.700 MAVLink neutral
[INFO] [1791408588.188055477] [lower_tracking_mpc_node]: MAVLink COMMAND_ACK command=187 result=0
[INFO] [1791408588.839512190] [lower_tracking_mpc_node]: goal stop applied: steer=0 throttle=0 brake=0.700 MAVLink neutral
[INFO] [1791408589.237938774] [lower_tracking_mpc_node]: MAVLink COMMAND_ACK command=187 result=0
[INFO] [1791408589.939283758] [lower_tracking_mpc_node]: goal stop applied: steer=0 throttle=0 brake=0.700 MAVLink neutral
[INFO] [1791408590.238089103] [lower_tracking_mpc_node]: MAVLink COMMAND_ACK command=187 result=0
[INFO] [1791408591.038913688] [lower_tracking_mpc_node]: goal stop applied: steer=0 throttle=0 brake=0.700 MAVLink neutral
[INFO] [1791408591.238181190] [lower_tracking_mpc_node]: MAVLink COMMAND_ACK command=187 result=0
[INFO] [1791408592.038955406] [lower_tracking_mpc_node]: goal stop applied: steer=0 throttle=0 brake=0.700 MAVLink neutral
[INFO] [1791408592.238199675] [lower_tracking_mpc_node]: MAVLink COMMAND_ACK command=187 result=0
[INFO] [1791408593.139372368] [lower_tracking_mpc_node]: goal stop applied: steer=0 throttle=0 brake=0.700 MAVLink neutral
[INFO] [1791408593.238254672] [lower_tracking_mpc_node]: MAVLink COMMAND_ACK command=187 result=0
[INFO] [1791408594.239065149] [lower_tracking_mpc_node]: MAVLink COMMAND_ACK command=187 result=0
[INFO] [1791408594.240702095] [lower_tracking_mpc_node]: goal stop applied: steer=0 throttle=0 brake=0.700 MAVLink neutral
[INFO] [1791408595.288314379] [lower_tracking_mpc_node]: MAVLink COMMAND_ACK command=187 result=0
[INFO] [1791408595.338664519] [lower_tracking_mpc_node]: goal stop applied: steer=0 throttle=0 brake=0.700 MAVLink neutral
[INFO] [1791408596.288384769] [lower_tracking_mpc_node]: MAVLink COMMAND_ACK command=187 result=0
[INFO] [1791408596.339604983] [lower_tracking_mpc_node]: goal stop applied: steer=0 throttle=0 brake=0.700 MAVLink neutral
[INFO] [1791408597.288511097] [lower_tracking_mpc_node]: MAVLink COMMAND_ACK command=187 result=0
[INFO] [1791408597.439436456] [lower_tracking_mpc_node]: goal stop applied: steer=0 throttle=0 brake=0.700 MAVLink neutral
[INFO] [1791408598.338358457] [lower_tracking_mpc_node]: MAVLink COMMAND_ACK command=187 result=0
[INFO] [1791408598.539344538] [lower_tracking_mpc_node]: goal stop applied: steer=0 throttle=0 brake=0.700 MAVLink neutral
[INFO] [1791408599.338531121] [lower_tracking_mpc_node]: MAVLink COMMAND_ACK command=187 result=0
[INFO] [1791408599.539467890] [lower_tracking_mpc_node]: goal stop applied: steer=0 throttle=0 brake=0.700 MAVLink neutral
[INFO] [1791408600.388293999] [lower_tracking_mpc_node]: MAVLink COMMAND_ACK command=187 result=0
[INFO] [1791408600.639488520] [lower_tracking_mpc_node]: goal stop applied: steer=0 throttle=0 brake=0.700 MAVLink neutral
[INFO] [1791408601.389078010] [lower_tracking_mpc_node]: MAVLink COMMAND_ACK command=187 result=0
[INFO] [1791408601.639619647] [lower_tracking_mpc_node]: goal stop applied: steer=0 throttle=0 brake=0.700 MAVLink neutral
[INFO] [1791408602.390188879] [lower_tracking_mpc_node]: MAVLink COMMAND_ACK command=187 result=0
[INFO] [1791408602.739827899] [lower_tracking_mpc_node]: goal stop applied: steer=0 throttle=0 brake=0.700 MAVLink neutral
[INFO] [1791408603.438590211] [lower_tracking_mpc_node]: MAVLink COMMAND_ACK command=187 result=0
[INFO] [1791408603.839429540] [lower_tracking_mpc_node]: goal stop applied: steer=0 throttle=0 brake=0.700 MAVLink neutral
[INFO] [1791408604.488423682] [lower_tracking_mpc_node]: MAVLink COMMAND_ACK command=187 result=0
[INFO] [1791408604.939561278] [lower_tracking_mpc_node]: goal stop applied: steer=0 throttle=0 brake=0.700 MAVLink neutral
[INFO] [1791408605.488785505] [lower_tracking_mpc_node]: MAVLink COMMAND_ACK command=187 result=0
[INFO] [1791408606.039404366] [lower_tracking_mpc_node]: goal stop applied: steer=0 throttle=0 brake=0.700 MAVLink neutral
[INFO] [1791408606.538672705] [lower_tracking_mpc_node]: MAVLink COMMAND_ACK command=187 result=0
[WARN] [1791408606.839034418] [lower_tracking_mpc_node]: lower MPC state reset: path/mission/pose/reset event
[INFO] [1791408607.039648777] [lower_tracking_mpc_node]: goal stop applied: steer=0 throttle=0 brake=0.700 MAVLink neutral
[INFO] [1791408607.588597027] [lower_tracking_mpc_node]: MAVLink COMMAND_ACK command=187 result=0
[INFO] [1791408608.139033547] [lower_tracking_mpc_node]: goal stop applied: steer=0 throttle=0 brake=0.700 MAVLink neutral
[WARN] [1791408608.155841322] [lower_tracking_mpc_node]: Rejected lower path: fewer than two distinct path points
[WARN] [1791408608.238820550] [lower_tracking_mpc_node]: lower MPC state reset: path/mission/pose/reset event
[WARN] [1791408608.339015502] [lower_tracking_mpc_node]: lower MPC state reset: path/mission/pose/reset event
[WARN] [1791408608.438782185] [lower_tracking_mpc_node]: lower MPC state reset: path/mission/pose/reset event
[INFO] [1791408608.588804285] [lower_tracking_mpc_node]: MAVLink COMMAND_ACK command=187 result=0
[INFO] [1791408609.139675474] [lower_tracking_mpc_node]: goal stop applied: steer=0 throttle=0 brake=0.700 MAVLink neutral
[WARN] [1791408609.438941793] [lower_tracking_mpc_node]: lower MPC state reset: path/mission/pose/reset event
[INFO] [1791408609.638978342] [lower_tracking_mpc_node]: MAVLink COMMAND_ACK command=187 result=0
[INFO] [1791408610.688664960] [lower_tracking_mpc_node]: MAVLink COMMAND_ACK command=187 result=0
[INFO] [1791408611.688994141] [lower_tracking_mpc_node]: MAVLink COMMAND_ACK command=187 result=0
[INFO] [1791408612.738850365] [lower_tracking_mpc_node]: MAVLink COMMAND_ACK command=187 result=0
[INFO] [1791408613.788910242] [lower_tracking_mpc_node]: MAVLink COMMAND_ACK command=187 result=0
[INFO] [1791408614.838746017] [lower_tracking_mpc_node]: MAVLink COMMAND_ACK command=187 result=0
[INFO] [1791408615.838979355] [lower_tracking_mpc_node]: MAVLink COMMAND_ACK command=187 result=0
[WARN] [1791408616.439478645] [lower_tracking_mpc_node]: lower MPC state reset: path/mission/pose/reset event
[INFO] [1791408616.888826234] [lower_tracking_mpc_node]: MAVLink COMMAND_ACK command=187 result=0
[WARN] [1791408616.939228247] [lower_tracking_mpc_node]: lower MPC state reset: path/mission/pose/reset event
[INFO] [1791408617.889025586] [lower_tracking_mpc_node]: MAVLink COMMAND_ACK command=187 result=0
[INFO] [1791408618.938915762] [lower_tracking_mpc_node]: MAVLink COMMAND_ACK command=187 result=0
[INFO] [1791408619.989016249] [lower_tracking_mpc_node]: MAVLink COMMAND_ACK command=187 result=0
[INFO] [1791408620.989097998] [lower_tracking_mpc_node]: MAVLink COMMAND_ACK command=187 result=0
[INFO] [1791408622.039073456] [lower_tracking_mpc_node]: MAVLink COMMAND_ACK command=187 result=0
[INFO] [1791408623.089100820] [lower_tracking_mpc_node]: MAVLink COMMAND_ACK command=187 result=0
[INFO] [1791408624.139161465] [lower_tracking_mpc_node]: MAVLink COMMAND_ACK command=187 result=0
[INFO] [1791408625.189231198] [lower_tracking_mpc_node]: MAVLink COMMAND_ACK command=187 result=0
[WARN] [1791408625.439599262] [lower_tracking_mpc_node]: lower MPC state reset: path/mission/pose/reset event
[INFO] [1791408626.189276466] [lower_tracking_mpc_node]: MAVLink COMMAND_ACK command=187 result=0
[INFO] [1791408627.239208275] [lower_tracking_mpc_node]: MAVLink COMMAND_ACK command=187 result=0
[INFO] [1791408628.289502175] [lower_tracking_mpc_node]: MAVLink COMMAND_ACK command=187 result=0
[INFO] [1791408629.339295995] [lower_tracking_mpc_node]: MAVLink COMMAND_ACK command=187 result=0
[WARN] [1791408629.439868334] [lower_tracking_mpc_node]: lower MPC state reset: path/mission/pose/reset event
[WARN] [1791408629.939783829] [lower_tracking_mpc_node]: lower MPC state reset: path/mission/pose/reset event
[INFO] [1791408630.339390512] [lower_tracking_mpc_node]: MAVLink COMMAND_ACK command=187 result=0
[WARN] [1791408630.439367441] [lower_tracking_mpc_node]: lower MPC state reset: path/mission/pose/reset event
[WARN] [1791408630.939722501] [lower_tracking_mpc_node]: lower MPC state reset: path/mission/pose/reset event
[INFO] [1791408631.389346225] [lower_tracking_mpc_node]: MAVLink COMMAND_ACK command=187 result=0
[WARN] [1791408631.439434277] [lower_tracking_mpc_node]: lower MPC state reset: path/mission/pose/reset event
[INFO] [1791408632.439534330] [lower_tracking_mpc_node]: MAVLink COMMAND_ACK command=187 result=0
[WARN] [1791408632.939706088] [lower_tracking_mpc_node]: lower MPC state reset: path/mission/pose/reset event
[WARN] [1791408633.439750162] [lower_tracking_mpc_node]: lower MPC state reset: path/mission/pose/reset event
[INFO] [1791408633.489493563] [lower_tracking_mpc_node]: MAVLink COMMAND_ACK command=187 result=0
[WARN] [1791408633.939855710] [lower_tracking_mpc_node]: lower MPC state reset: path/mission/pose/reset event
[INFO] [1791408634.489521870] [lower_tracking_mpc_node]: MAVLink COMMAND_ACK command=187 result=0
[WARN] [1791408634.939823759] [lower_tracking_mpc_node]: lower MPC state reset: path/mission/pose/reset event
[INFO] [1791408635.539370412] [lower_tracking_mpc_node]: MAVLink COMMAND_ACK command=187 result=0
[INFO] [1791408636.539579364] [lower_tracking_mpc_node]: MAVLink COMMAND_ACK command=187 result=0
[INFO] [1791408637.589684009] [lower_tracking_mpc_node]: MAVLink COMMAND_ACK command=187 result=0
[INFO] [1791408638.589686139] [lower_tracking_mpc_node]: MAVLink COMMAND_ACK command=187 result=0
[INFO] [1791408639.639592986] [lower_tracking_mpc_node]: MAVLink COMMAND_ACK command=187 result=0
[INFO] [1791408640.639655853] [lower_tracking_mpc_node]: MAVLink COMMAND_ACK command=187 result=0
[INFO] [1791408641.689725714] [lower_tracking_mpc_node]: MAVLink COMMAND_ACK command=187 result=0
[INFO] [1791408642.739743476] [lower_tracking_mpc_node]: MAVLink COMMAND_ACK command=187 result=0
[INFO] [1791408642.840737044] [lower_tracking_mpc_node]: goal stop applied: steer=0 throttle=0 brake=0.700 MAVLink neutral
[INFO] [1791408643.739794055] [lower_tracking_mpc_node]: MAVLink COMMAND_ACK command=187 result=0
[INFO] [1791408643.840984109] [lower_tracking_mpc_node]: goal stop applied: steer=0 throttle=0 brake=0.700 MAVLink neutral
[INFO] [1791408644.739994366] [lower_tracking_mpc_node]: MAVLink COMMAND_ACK command=187 result=0
[INFO] [1791408644.940689623] [lower_tracking_mpc_node]: goal stop applied: steer=0 throttle=0 brake=0.700 MAVLink neutral
[INFO] [1791408645.789829947] [lower_tracking_mpc_node]: MAVLink COMMAND_ACK command=187 result=0
[INFO] [1791408645.940852685] [lower_tracking_mpc_node]: goal stop applied: steer=0 throttle=0 brake=0.700 MAVLink neutral
[INFO] [1791408646.790112725] [lower_tracking_mpc_node]: MAVLink COMMAND_ACK command=187 result=0
[INFO] [1791408647.040793662] [lower_tracking_mpc_node]: goal stop applied: steer=0 throttle=0 brake=0.700 MAVLink neutral
[INFO] [1791408647.839866607] [lower_tracking_mpc_node]: MAVLink COMMAND_ACK command=187 result=0
[INFO] [1791408648.040966644] [lower_tracking_mpc_node]: goal stop applied: steer=0 throttle=0 brake=0.700 MAVLink neutral
[INFO] [1791408648.889789455] [lower_tracking_mpc_node]: MAVLink COMMAND_ACK command=187 result=0
[INFO] [1791408649.140717023] [lower_tracking_mpc_node]: goal stop applied: steer=0 throttle=0 brake=0.700 MAVLink neutral
[INFO] [1791408649.890070376] [lower_tracking_mpc_node]: MAVLink COMMAND_ACK command=187 result=0
[INFO] [1791408650.240920664] [lower_tracking_mpc_node]: goal stop applied: steer=0 throttle=0 brake=0.700 MAVLink neutral
[INFO] [1791408650.890101370] [lower_tracking_mpc_node]: MAVLink COMMAND_ACK command=187 result=0
[INFO] [1791408651.241469113] [lower_tracking_mpc_node]: goal stop applied: steer=0 throttle=0 brake=0.700 MAVLink neutral
[INFO] [1791408651.890105483] [lower_tracking_mpc_node]: MAVLink COMMAND_ACK command=187 result=0
[INFO] [1791408652.341071776] [lower_tracking_mpc_node]: goal stop applied: steer=0 throttle=0 brake=0.700 MAVLink neutral
[INFO] [1791408652.890213503] [lower_tracking_mpc_node]: MAVLink COMMAND_ACK command=187 result=0
[INFO] [1791408653.441209462] [lower_tracking_mpc_node]: goal stop applied: steer=0 throttle=0 brake=0.700 MAVLink neutral
[INFO] [1791408653.940121437] [lower_tracking_mpc_node]: MAVLink COMMAND_ACK command=187 result=0
[INFO] [1791408654.541565427] [lower_tracking_mpc_node]: goal stop applied: steer=0 throttle=0 brake=0.700 MAVLink neutral
[INFO] [1791408654.990253027] [lower_tracking_mpc_node]: MAVLink COMMAND_ACK command=187 result=0
[INFO] [1791408655.641056246] [lower_tracking_mpc_node]: goal stop applied: steer=0 throttle=0 brake=0.700 MAVLink neutral
[INFO] [1791408656.040050846] [lower_tracking_mpc_node]: MAVLink COMMAND_ACK command=187 result=0
[INFO] [1791408656.641331727] [lower_tracking_mpc_node]: goal stop applied: steer=0 throttle=0 brake=0.700 MAVLink neutral
[INFO] [1791408657.040084463] [lower_tracking_mpc_node]: MAVLink COMMAND_ACK command=187 result=0
[INFO] [1791408657.740550985] [lower_tracking_mpc_node]: goal stop applied: steer=0 throttle=0 brake=0.700 MAVLink neutral
[INFO] [1791408658.040120001] [lower_tracking_mpc_node]: MAVLink COMMAND_ACK command=187 result=0
[INFO] [1791408658.741259183] [lower_tracking_mpc_node]: goal stop applied: steer=0 throttle=0 brake=0.700 MAVLink neutral
[INFO] [1791408659.040171763] [lower_tracking_mpc_node]: MAVLink COMMAND_ACK command=187 result=0
[INFO] [1791408659.741453989] [lower_tracking_mpc_node]: goal stop applied: steer=0 throttle=0 brake=0.700 MAVLink neutral
[INFO] [1791408660.040251334] [lower_tracking_mpc_node]: MAVLink COMMAND_ACK command=187 result=0
[INFO] [1791408660.741465142] [lower_tracking_mpc_node]: goal stop applied: steer=0 throttle=0 brake=0.700 MAVLink neutral
[INFO] [1791408661.040288151] [lower_tracking_mpc_node]: MAVLink COMMAND_ACK command=187 result=0
[INFO] [1791408661.841498729] [lower_tracking_mpc_node]: goal stop applied: steer=0 throttle=0 brake=0.700 MAVLink neutral
[INFO] [1791408662.040366890] [lower_tracking_mpc_node]: MAVLink COMMAND_ACK command=187 result=0
[INFO] [1791408662.842321714] [lower_tracking_mpc_node]: goal stop applied: steer=0 throttle=0 brake=0.700 MAVLink neutral
[INFO] [1791408663.090339498] [lower_tracking_mpc_node]: MAVLink COMMAND_ACK command=187 result=0
[INFO] [1791408663.941324581] [lower_tracking_mpc_node]: goal stop applied: steer=0 throttle=0 brake=0.700 MAVLink neutral
[INFO] [1791408664.090383611] [lower_tracking_mpc_node]: MAVLink COMMAND_ACK command=187 result=0
[INFO] [1791408665.041731043] [lower_tracking_mpc_node]: goal stop applied: steer=0 throttle=0 brake=0.700 MAVLink neutral
[INFO] [1791408665.090858970] [lower_tracking_mpc_node]: MAVLink COMMAND_ACK command=187 result=0
[WARN] [1791408665.140577474] [lower_tracking_mpc_node]: lower MPC state reset: path/mission/pose/reset event
[INFO] [1791408666.140404045] [lower_tracking_mpc_node]: MAVLink COMMAND_ACK command=187 result=0
[INFO] [1791408666.141756886] [lower_tracking_mpc_node]: goal stop applied: steer=0 throttle=0 brake=0.700 MAVLink neutral
[WARN] [1791408666.459046153] [lower_tracking_mpc_node]: Rejected lower path: fewer than two distinct path points
[WARN] [1791408666.540828960] [lower_tracking_mpc_node]: lower MPC state reset: path/mission/pose/reset event
[WARN] [1791408666.640519864] [lower_tracking_mpc_node]: lower MPC state reset: path/mission/pose/reset event
[WARN] [1791408666.941017708] [lower_tracking_mpc_node]: lower MPC state reset: path/mission/pose/reset event
[INFO] [1791408667.140427133] [lower_tracking_mpc_node]: MAVLink COMMAND_ACK command=187 result=0
[INFO] [1791408667.242427356] [lower_tracking_mpc_node]: goal stop applied: steer=0 throttle=0 brake=0.700 MAVLink neutral
[WARN] [1791408667.740547371] [lower_tracking_mpc_node]: lower MPC state reset: path/mission/pose/reset event
[INFO] [1791408668.140485231] [lower_tracking_mpc_node]: MAVLink COMMAND_ACK command=187 result=0
[INFO] [1791408669.140543329] [lower_tracking_mpc_node]: MAVLink COMMAND_ACK command=187 result=0
[INFO] [1791408670.190694470] [lower_tracking_mpc_node]: MAVLink COMMAND_ACK command=187 result=0
[INFO] [1791408671.240583299] [lower_tracking_mpc_node]: MAVLink COMMAND_ACK command=187 result=0
[INFO] [1791408672.290815371] [lower_tracking_mpc_node]: MAVLink COMMAND_ACK command=187 result=0
[INFO] [1791408673.340565699] [lower_tracking_mpc_node]: MAVLink COMMAND_ACK command=187 result=0
[INFO] [1791408674.340666390] [lower_tracking_mpc_node]: MAVLink COMMAND_ACK command=187 result=0
[INFO] [1791408675.340693446] [lower_tracking_mpc_node]: MAVLink COMMAND_ACK command=187 result=0
[WARN] [1791408675.441123093] [lower_tracking_mpc_node]: lower MPC state reset: path/mission/pose/reset event
[INFO] [1791408676.340765240] [lower_tracking_mpc_node]: MAVLink COMMAND_ACK command=187 result=0
[INFO] [1791408677.390798265] [lower_tracking_mpc_node]: MAVLink COMMAND_ACK command=187 result=0
[INFO] [1791408678.390829002] [lower_tracking_mpc_node]: MAVLink COMMAND_ACK command=187 result=0
[INFO] [1791408679.390858234] [lower_tracking_mpc_node]: MAVLink COMMAND_ACK command=187 result=0
[INFO] [1791408680.390882858] [lower_tracking_mpc_node]: MAVLink COMMAND_ACK command=187 result=0
[INFO] [1791408681.440883082] [lower_tracking_mpc_node]: MAVLink COMMAND_ACK command=187 result=0
[INFO] [1791408682.440977724] [lower_tracking_mpc_node]: MAVLink COMMAND_ACK command=187 result=0
[INFO] [1791408683.491060510] [lower_tracking_mpc_node]: MAVLink COMMAND_ACK command=187 result=0
[INFO] [1791408684.491818021] [lower_tracking_mpc_node]: MAVLink COMMAND_ACK command=187 result=0
[INFO] [1791408685.541194481] [lower_tracking_mpc_node]: MAVLink COMMAND_ACK command=187 result=0
[INFO] [1791408686.591100590] [lower_tracking_mpc_node]: MAVLink COMMAND_ACK command=187 result=0
[WARN] [1791408686.941379948] [lower_tracking_mpc_node]: lower MPC state reset: path/mission/pose/reset event
[WARN] [1791408687.441144844] [lower_tracking_mpc_node]: lower MPC state reset: path/mission/pose/reset event
[INFO] [1791408687.641142479] [lower_tracking_mpc_node]: MAVLink COMMAND_ACK command=187 result=0
[WARN] [1791408687.942268054] [lower_tracking_mpc_node]: lower MPC state reset: path/mission/pose/reset event
[WARN] [1791408688.441492902] [lower_tracking_mpc_node]: lower MPC state reset: path/mission/pose/reset event
[INFO] [1791408688.691281747] [lower_tracking_mpc_node]: MAVLink COMMAND_ACK command=187 result=0
[WARN] [1791408688.941321928] [lower_tracking_mpc_node]: lower MPC state reset: path/mission/pose/reset event
[INFO] [1791408689.691332964] [lower_tracking_mpc_node]: MAVLink COMMAND_ACK command=187 result=0
[WARN] [1791408690.442263611] [lower_tracking_mpc_node]: lower MPC state reset: path/mission/pose/reset event
[INFO] [1791408690.741296578] [lower_tracking_mpc_node]: MAVLink COMMAND_ACK command=187 result=0
[WARN] [1791408690.941795732] [lower_tracking_mpc_node]: lower MPC state reset: path/mission/pose/reset event
[WARN] [1791408691.441341038] [lower_tracking_mpc_node]: lower MPC state reset: path/mission/pose/reset event
[INFO] [1791408691.791101468] [lower_tracking_mpc_node]: MAVLink COMMAND_ACK command=187 result=0
[WARN] [1791408692.441485857] [lower_tracking_mpc_node]: lower MPC state reset: path/mission/pose/reset event
[INFO] [1791408692.791147532] [lower_tracking_mpc_node]: MAVLink COMMAND_ACK command=187 result=0
[WARN] [1791408693.441482095] [lower_tracking_mpc_node]: lower MPC state reset: path/mission/pose/reset event
[INFO] [1791408693.791165723] [lower_tracking_mpc_node]: MAVLink COMMAND_ACK command=187 result=0
[INFO] [1791408694.791224939] [lower_tracking_mpc_node]: MAVLink COMMAND_ACK command=187 result=0
[INFO] [1791408695.791266235] [lower_tracking_mpc_node]: MAVLink COMMAND_ACK command=187 result=0
[INFO] [1791408696.791530994] [lower_tracking_mpc_node]: MAVLink COMMAND_ACK command=187 result=0
[INFO] [1791408697.841436558] [lower_tracking_mpc_node]: MAVLink COMMAND_ACK command=187 result=0
[INFO] [1791408698.891287368] [lower_tracking_mpc_node]: MAVLink COMMAND_ACK command=187 result=0
[INFO] [1791408699.891460988] [lower_tracking_mpc_node]: MAVLink COMMAND_ACK command=187 result=0
[WARN] [1791408699.941733813] [lower_tracking_mpc_node]: lower MPC state reset: path/mission/pose/reset event
[INFO] [1791408700.242438255] [lower_tracking_mpc_node]: goal stop applied: steer=0 throttle=0 brake=0.700 MAVLink neutral
[INFO] [1791408700.891485675] [lower_tracking_mpc_node]: MAVLink COMMAND_ACK command=187 result=0
[WARN] [1791408700.941791397] [lower_tracking_mpc_node]: lower MPC state reset: path/mission/pose/reset event
[INFO] [1791408701.342557826] [lower_tracking_mpc_node]: goal stop applied: steer=0 throttle=0 brake=0.700 MAVLink neutral
[WARN] [1791408701.441797580] [lower_tracking_mpc_node]: lower MPC state reset: path/mission/pose/reset event
[INFO] [1791408701.891665855] [lower_tracking_mpc_node]: MAVLink COMMAND_ACK command=187 result=0
[INFO] [1791408702.343155619] [lower_tracking_mpc_node]: goal stop applied: steer=0 throttle=0 brake=0.700 MAVLink neutral
[INFO] [1791408702.941595804] [lower_tracking_mpc_node]: MAVLink COMMAND_ACK command=187 result=0
[INFO] [1791408703.441909388] [lower_tracking_mpc_node]: goal stop applied: steer=0 throttle=0 brake=0.700 MAVLink neutral
[INFO] [1791408703.941614602] [lower_tracking_mpc_node]: MAVLink COMMAND_ACK command=187 result=0
[INFO] [1791408704.442548366] [lower_tracking_mpc_node]: goal stop applied: steer=0 throttle=0 brake=0.700 MAVLink neutral
[INFO] [1791408704.941902433] [lower_tracking_mpc_node]: MAVLink COMMAND_ACK command=187 result=0
[INFO] [1791408705.542686050] [lower_tracking_mpc_node]: goal stop applied: steer=0 throttle=0 brake=0.700 MAVLink neutral
[INFO] [1791408705.991813085] [lower_tracking_mpc_node]: MAVLink COMMAND_ACK command=187 result=0
[INFO] [1791408706.542855253] [lower_tracking_mpc_node]: goal stop applied: steer=0 throttle=0 brake=0.700 MAVLink neutral
[INFO] [1791408707.041785467] [lower_tracking_mpc_node]: MAVLink COMMAND_ACK command=187 result=0
[INFO] [1791408707.643402421] [lower_tracking_mpc_node]: goal stop applied: steer=0 throttle=0 brake=0.700 MAVLink neutral
[INFO] [1791408708.041794825] [lower_tracking_mpc_node]: MAVLink COMMAND_ACK command=187 result=0
[INFO] [1791408708.742271778] [lower_tracking_mpc_node]: goal stop applied: steer=0 throttle=0 brake=0.700 MAVLink neutral
[INFO] [1791408709.091564321] [lower_tracking_mpc_node]: MAVLink COMMAND_ACK command=187 result=0
[INFO] [1791408709.742311377] [lower_tracking_mpc_node]: goal stop applied: steer=0 throttle=0 brake=0.700 MAVLink neutral
[INFO] [1791408710.091950267] [lower_tracking_mpc_node]: MAVLink COMMAND_ACK command=187 result=0
[INFO] [1791408710.742669609] [lower_tracking_mpc_node]: goal stop applied: steer=0 throttle=0 brake=0.700 MAVLink neutral
[INFO] [1791408711.141856214] [lower_tracking_mpc_node]: MAVLink COMMAND_ACK command=187 result=0
[INFO] [1791408711.743247881] [lower_tracking_mpc_node]: goal stop applied: steer=0 throttle=0 brake=0.700 MAVLink neutral
[INFO] [1791408712.193296449] [lower_tracking_mpc_node]: MAVLink COMMAND_ACK command=187 result=0
[INFO] [1791408712.842845804] [lower_tracking_mpc_node]: goal stop applied: steer=0 throttle=0 brake=0.700 MAVLink neutral
[INFO] [1791408713.241878708] [lower_tracking_mpc_node]: MAVLink COMMAND_ACK command=187 result=0
[INFO] [1791408713.942914333] [lower_tracking_mpc_node]: goal stop applied: steer=0 throttle=0 brake=0.700 MAVLink neutral
[INFO] [1791408714.241896130] [lower_tracking_mpc_node]: MAVLink COMMAND_ACK command=187 result=0
[INFO] [1791408715.043010671] [lower_tracking_mpc_node]: goal stop applied: steer=0 throttle=0 brake=0.700 MAVLink neutral
[INFO] [1791408715.292109863] [lower_tracking_mpc_node]: MAVLink COMMAND_ACK command=187 result=0
[INFO] [1791408716.143252613] [lower_tracking_mpc_node]: goal stop applied: steer=0 throttle=0 brake=0.700 MAVLink neutral
[INFO] [1791408716.342001378] [lower_tracking_mpc_node]: MAVLink COMMAND_ACK command=187 result=0
[INFO] [1791408717.242798278] [lower_tracking_mpc_node]: goal stop applied: steer=0 throttle=0 brake=0.700 MAVLink neutral
[INFO] [1791408717.342080402] [lower_tracking_mpc_node]: MAVLink COMMAND_ACK command=187 result=0
[INFO] [1791408718.242923512] [lower_tracking_mpc_node]: goal stop applied: steer=0 throttle=0 brake=0.700 MAVLink neutral
[INFO] [1791408718.392112497] [lower_tracking_mpc_node]: MAVLink COMMAND_ACK command=187 result=0
[INFO] [1791408719.242983815] [lower_tracking_mpc_node]: goal stop applied: steer=0 throttle=0 brake=0.700 MAVLink neutral
[INFO] [1791408719.442094766] [lower_tracking_mpc_node]: MAVLink COMMAND_ACK command=187 result=0
[INFO] [1791408720.243067927] [lower_tracking_mpc_node]: goal stop applied: steer=0 throttle=0 brake=0.700 MAVLink neutral
[INFO] [1791408720.442149918] [lower_tracking_mpc_node]: MAVLink COMMAND_ACK command=187 result=0
[INFO] [1791408721.245064385] [lower_tracking_mpc_node]: goal stop applied: steer=0 throttle=0 brake=0.700 MAVLink neutral
[INFO] [1791408721.442275823] [lower_tracking_mpc_node]: MAVLink COMMAND_ACK command=187 result=0
[INFO] [1791408722.343454719] [lower_tracking_mpc_node]: goal stop applied: steer=0 throttle=0 brake=0.700 MAVLink neutral
[INFO] [1791408722.492149001] [lower_tracking_mpc_node]: MAVLink COMMAND_ACK command=187 result=0
[WARN] [1791408722.542538789] [lower_tracking_mpc_node]: lower MPC state reset: path/mission/pose/reset event
[INFO] [1791408723.443239623] [lower_tracking_mpc_node]: goal stop applied: steer=0 throttle=0 brake=0.700 MAVLink neutral
[INFO] [1791408723.542451280] [lower_tracking_mpc_node]: MAVLink COMMAND_ACK command=187 result=0
[WARN] [1791408723.857503102] [lower_tracking_mpc_node]: Rejected lower path: fewer than two distinct path points
[WARN] [1791408723.942754590] [lower_tracking_mpc_node]: lower MPC state reset: path/mission/pose/reset event
[WARN] [1791408724.042215823] [lower_tracking_mpc_node]: lower MPC state reset: path/mission/pose/reset event
[WARN] [1791408724.444156272] [lower_tracking_mpc_node]: lower MPC state reset: path/mission/pose/reset event
[INFO] [1791408724.445902277] [lower_tracking_mpc_node]: goal stop applied: steer=0 throttle=0 brake=0.700 MAVLink neutral
[INFO] [1791408724.592143556] [lower_tracking_mpc_node]: MAVLink COMMAND_ACK command=187 result=0
[WARN] [1791408725.142677036] [lower_tracking_mpc_node]: lower MPC state reset: path/mission/pose/reset event
[INFO] [1791408725.592176339] [lower_tracking_mpc_node]: MAVLink COMMAND_ACK command=187 result=0
[INFO] [1791408726.642260691] [lower_tracking_mpc_node]: MAVLink COMMAND_ACK command=187 result=0
[INFO] [1791408727.642272128] [lower_tracking_mpc_node]: MAVLink COMMAND_ACK command=187 result=0
[INFO] [1791408728.642924577] [lower_tracking_mpc_node]: MAVLink COMMAND_ACK command=187 result=0
[INFO] [1791408729.692405583] [lower_tracking_mpc_node]: MAVLink COMMAND_ACK command=187 result=0
[INFO] [1791408730.742399564] [lower_tracking_mpc_node]: MAVLink COMMAND_ACK command=187 result=0
[WARN] [1791408731.442827458] [lower_tracking_mpc_node]: lower MPC state reset: path/mission/pose/reset event
[INFO] [1791408731.742597983] [lower_tracking_mpc_node]: MAVLink COMMAND_ACK command=187 result=0
[WARN] [1791408731.942801384] [lower_tracking_mpc_node]: lower MPC state reset: path/mission/pose/reset event
[WARN] [1791408732.442713036] [lower_tracking_mpc_node]: lower MPC state reset: path/mission/pose/reset event
[INFO] [1791408732.792356885] [lower_tracking_mpc_node]: MAVLink COMMAND_ACK command=187 result=0
[WARN] [1791408733.442883550] [lower_tracking_mpc_node]: lower MPC state reset: path/mission/pose/reset event
[INFO] [1791408733.792453541] [lower_tracking_mpc_node]: MAVLink COMMAND_ACK command=187 result=0
[INFO] [1791408734.793111782] [lower_tracking_mpc_node]: MAVLink COMMAND_ACK command=187 result=0
[INFO] [1791408735.842449231] [lower_tracking_mpc_node]: MAVLink COMMAND_ACK command=187 result=0
[INFO] [1791408736.842571776] [lower_tracking_mpc_node]: MAVLink COMMAND_ACK command=187 result=0
[INFO] [1791408737.842650895] [lower_tracking_mpc_node]: MAVLink COMMAND_ACK command=187 result=0
[INFO] [1791408738.842661115] [lower_tracking_mpc_node]: MAVLink COMMAND_ACK command=187 result=0
[INFO] [1791408739.892569302] [lower_tracking_mpc_node]: MAVLink COMMAND_ACK command=187 result=0
[INFO] [1791408740.893136884] [lower_tracking_mpc_node]: MAVLink COMMAND_ACK command=187 result=0
[WARN] [1791408740.943111619] [lower_tracking_mpc_node]: lower MPC state reset: path/mission/pose/reset event
[INFO] [1791408741.942692547] [lower_tracking_mpc_node]: MAVLink COMMAND_ACK command=187 result=0
[INFO] [1791408742.992941320] [lower_tracking_mpc_node]: MAVLink COMMAND_ACK command=187 result=0
[INFO] [1791408743.993037655] [lower_tracking_mpc_node]: MAVLink COMMAND_ACK command=187 result=0
[WARN] [1791408744.943866796] [lower_tracking_mpc_node]: lower MPC state reset: path/mission/pose/reset event
[INFO] [1791408745.042706570] [lower_tracking_mpc_node]: MAVLink COMMAND_ACK command=187 result=0
[INFO] [1791408746.042784344] [lower_tracking_mpc_node]: MAVLink COMMAND_ACK command=187 result=0
[WARN] [1791408746.943237105] [lower_tracking_mpc_node]: lower MPC state reset: path/mission/pose/reset event
[INFO] [1791408747.042948746] [lower_tracking_mpc_node]: MAVLink COMMAND_ACK command=187 result=0
[WARN] [1791408747.943313952] [lower_tracking_mpc_node]: lower MPC state reset: path/mission/pose/reset event
[INFO] [1791408748.092775041] [lower_tracking_mpc_node]: MAVLink COMMAND_ACK command=187 result=0
[WARN] [1791408748.943277963] [lower_tracking_mpc_node]: lower MPC state reset: path/mission/pose/reset event
[INFO] [1791408749.092830671] [lower_tracking_mpc_node]: MAVLink COMMAND_ACK command=187 result=0
[WARN] [1791408749.443120460] [lower_tracking_mpc_node]: lower MPC state reset: path/mission/pose/reset event
[INFO] [1791408750.092876028] [lower_tracking_mpc_node]: MAVLink COMMAND_ACK command=187 result=0
[WARN] [1791408750.443263100] [lower_tracking_mpc_node]: lower MPC state reset: path/mission/pose/reset event
[WARN] [1791408750.943359877] [lower_tracking_mpc_node]: lower MPC state reset: path/mission/pose/reset event
[INFO] [1791408751.092959723] [lower_tracking_mpc_node]: MAVLink COMMAND_ACK command=187 result=0
[INFO] [1791408752.093072698] [lower_tracking_mpc_node]: MAVLink COMMAND_ACK command=187 result=0
[WARN] [1791408752.443800549] [lower_tracking_mpc_node]: lower control invalid: neutral steering/throttle: stale lower path
[INFO] [1791408753.143179066] [lower_tracking_mpc_node]: MAVLink COMMAND_ACK command=187 result=0
[WARN] [1791408753.543498729] [lower_tracking_mpc_node]: lower control invalid: neutral steering/throttle: stale lower path
[WARN] [1791408753.943565007] [lower_tracking_mpc_node]: lower MPC state reset: path/mission/pose/reset event
[INFO] [1791408754.193249849] [lower_tracking_mpc_node]: MAVLink COMMAND_ACK command=187 result=0
[INFO] [1791408755.243104145] [lower_tracking_mpc_node]: MAVLink COMMAND_ACK command=187 result=0
[WARN] [1791408755.443412733] [lower_tracking_mpc_node]: lower control invalid: neutral steering/throttle: stale lower path
[INFO] [1791408756.293017547] [lower_tracking_mpc_node]: MAVLink COMMAND_ACK command=187 result=0
[WARN] [1791408756.443346534] [lower_tracking_mpc_node]: lower MPC state reset: path/mission/pose/reset event
[INFO] [1791408757.293163355] [lower_tracking_mpc_node]: MAVLink COMMAND_ACK command=187 result=0
[WARN] [1791408757.943511197] [lower_tracking_mpc_node]: lower MPC state reset: path/mission/pose/reset event
[INFO] [1791408758.293177927] [lower_tracking_mpc_node]: MAVLink COMMAND_ACK command=187 result=0
[WARN] [1791408758.443451937] [lower_tracking_mpc_node]: lower MPC state reset: path/mission/pose/reset event
[INFO] [1791408759.293202707] [lower_tracking_mpc_node]: MAVLink COMMAND_ACK command=187 result=0
[INFO] [1791408759.743934303] [lower_tracking_mpc_node]: goal stop applied: steer=0 throttle=0 brake=0.700 MAVLink neutral
[WARN] [1791408759.943950178] [lower_tracking_mpc_node]: lower MPC state reset: path/mission/pose/reset event
[INFO] [1791408760.343325171] [lower_tracking_mpc_node]: MAVLink COMMAND_ACK command=187 result=0
[WARN] [1791408760.443518362] [lower_tracking_mpc_node]: lower MPC state reset: path/mission/pose/reset event
[INFO] [1791408760.843730693] [lower_tracking_mpc_node]: goal stop applied: steer=0 throttle=0 brake=0.700 MAVLink neutral
[WARN] [1791408760.943577698] [lower_tracking_mpc_node]: lower MPC state reset: path/mission/pose/reset event
[INFO] [1791408761.343603399] [lower_tracking_mpc_node]: MAVLink COMMAND_ACK command=187 result=0
[INFO] [1791408761.843795507] [lower_tracking_mpc_node]: goal stop applied: steer=0 throttle=0 brake=0.700 MAVLink neutral
[INFO] [1791408762.393225784] [lower_tracking_mpc_node]: MAVLink COMMAND_ACK command=187 result=0
[INFO] [1791408762.844458259] [lower_tracking_mpc_node]: goal stop applied: steer=0 throttle=0 brake=0.700 MAVLink neutral
[INFO] [1791408763.393314918] [lower_tracking_mpc_node]: MAVLink COMMAND_ACK command=187 result=0
[INFO] [1791408763.844845866] [lower_tracking_mpc_node]: goal stop applied: steer=0 throttle=0 brake=0.700 MAVLink neutral
[INFO] [1791408764.393343699] [lower_tracking_mpc_node]: MAVLink COMMAND_ACK command=187 result=0
[INFO] [1791408764.944520173] [lower_tracking_mpc_node]: goal stop applied: steer=0 throttle=0 brake=0.700 MAVLink neutral
[INFO] [1791408765.393484514] [lower_tracking_mpc_node]: MAVLink COMMAND_ACK command=187 result=0
[INFO] [1791408766.044366645] [lower_tracking_mpc_node]: goal stop applied: steer=0 throttle=0 brake=0.700 MAVLink neutral
[INFO] [1791408766.443463582] [lower_tracking_mpc_node]: MAVLink COMMAND_ACK command=187 result=0
[INFO] [1791408767.044606311] [lower_tracking_mpc_node]: goal stop applied: steer=0 throttle=0 brake=0.700 MAVLink neutral
[INFO] [1791408767.493513339] [lower_tracking_mpc_node]: MAVLink COMMAND_ACK command=187 result=0
[INFO] [1791408768.044702005] [lower_tracking_mpc_node]: goal stop applied: steer=0 throttle=0 brake=0.700 MAVLink neutral
[INFO] [1791408768.543545848] [lower_tracking_mpc_node]: MAVLink COMMAND_ACK command=187 result=0
[INFO] [1791408769.044705953] [lower_tracking_mpc_node]: goal stop applied: steer=0 throttle=0 brake=0.700 MAVLink neutral
[INFO] [1791408769.543617445] [lower_tracking_mpc_node]: MAVLink COMMAND_ACK command=187 result=0
[INFO] [1791408770.144642475] [lower_tracking_mpc_node]: goal stop applied: steer=0 throttle=0 brake=0.700 MAVLink neutral
[INFO] [1791408770.543625937] [lower_tracking_mpc_node]: MAVLink COMMAND_ACK command=187 result=0
[INFO] [1791408771.144677944] [lower_tracking_mpc_node]: goal stop applied: steer=0 throttle=0 brake=0.700 MAVLink neutral
[INFO] [1791408771.543635996] [lower_tracking_mpc_node]: MAVLink COMMAND_ACK command=187 result=0
[INFO] [1791408772.144772550] [lower_tracking_mpc_node]: goal stop applied: steer=0 throttle=0 brake=0.700 MAVLink neutral
[INFO] [1791408772.594491410] [lower_tracking_mpc_node]: MAVLink COMMAND_ACK command=187 result=0
[INFO] [1791408773.245010297] [lower_tracking_mpc_node]: goal stop applied: steer=0 throttle=0 brake=0.700 MAVLink neutral
[INFO] [1791408773.644083105] [lower_tracking_mpc_node]: MAVLink COMMAND_ACK command=187 result=0
[INFO] [1791408774.245150248] [lower_tracking_mpc_node]: goal stop applied: steer=0 throttle=0 brake=0.700 MAVLink neutral
[INFO] [1791408774.644591100] [lower_tracking_mpc_node]: MAVLink COMMAND_ACK command=187 result=0
[INFO] [1791408775.344758376] [lower_tracking_mpc_node]: goal stop applied: steer=0 throttle=0 brake=0.700 MAVLink neutral
[INFO] [1791408775.693786623] [lower_tracking_mpc_node]: MAVLink COMMAND_ACK command=187 result=0
[INFO] [1791408776.444589711] [lower_tracking_mpc_node]: goal stop applied: steer=0 throttle=0 brake=0.700 MAVLink neutral
[INFO] [1791408776.694468926] [lower_tracking_mpc_node]: MAVLink COMMAND_ACK command=187 result=0
[INFO] [1791408777.444760831] [lower_tracking_mpc_node]: goal stop applied: steer=0 throttle=0 brake=0.700 MAVLink neutral
[INFO] [1791408777.743833158] [lower_tracking_mpc_node]: MAVLink COMMAND_ACK command=187 result=0
[INFO] [1791408778.444983729] [lower_tracking_mpc_node]: goal stop applied: steer=0 throttle=0 brake=0.700 MAVLink neutral
[INFO] [1791408778.743950869] [lower_tracking_mpc_node]: MAVLink COMMAND_ACK command=187 result=0
[INFO] [1791408779.544182981] [lower_tracking_mpc_node]: goal stop applied: steer=0 throttle=0 brake=0.700 MAVLink neutral
[INFO] [1791408779.793746730] [lower_tracking_mpc_node]: MAVLink COMMAND_ACK command=187 result=0
[INFO] [1791408780.544947367] [lower_tracking_mpc_node]: goal stop applied: steer=0 throttle=0 brake=0.700 MAVLink neutral
[INFO] [1791408780.794385640] [lower_tracking_mpc_node]: MAVLink COMMAND_ACK command=187 result=0
[WARN] [1791408781.444268764] [lower_tracking_mpc_node]: lower MPC state reset: path/mission/pose/reset event
[INFO] [1791408781.545488066] [lower_tracking_mpc_node]: goal stop applied: steer=0 throttle=0 brake=0.700 MAVLink neutral
[INFO] [1791408781.843948790] [lower_tracking_mpc_node]: MAVLink COMMAND_ACK command=187 result=0
[INFO] [1791408782.645198181] [lower_tracking_mpc_node]: goal stop applied: steer=0 throttle=0 brake=0.700 MAVLink neutral
[WARN] [1791408782.756832744] [lower_tracking_mpc_node]: Rejected lower path: fewer than two distinct path points
[INFO] [1791408782.843973410] [lower_tracking_mpc_node]: MAVLink COMMAND_ACK command=187 result=0
[WARN] [1791408782.845011233] [lower_tracking_mpc_node]: lower MPC state reset: path/mission/pose/reset event
[WARN] [1791408782.944339470] [lower_tracking_mpc_node]: lower MPC state reset: path/mission/pose/reset event
[INFO] [1791408783.745070189] [lower_tracking_mpc_node]: goal stop applied: steer=0 throttle=0 brake=0.700 MAVLink neutral
[INFO] [1791408783.845248147] [lower_tracking_mpc_node]: MAVLink COMMAND_ACK command=187 result=0
[WARN] [1791408784.044268183] [lower_tracking_mpc_node]: lower MPC state reset: path/mission/pose/reset event
[INFO] [1791408784.893851492] [lower_tracking_mpc_node]: MAVLink COMMAND_ACK command=187 result=0
[INFO] [1791408785.894216441] [lower_tracking_mpc_node]: MAVLink COMMAND_ACK command=187 result=0
[INFO] [1791408786.943966317] [lower_tracking_mpc_node]: MAVLink COMMAND_ACK command=187 result=0
[INFO] [1791408787.944076955] [lower_tracking_mpc_node]: MAVLink COMMAND_ACK command=187 result=0
[INFO] [1791408788.944084933] [lower_tracking_mpc_node]: MAVLink COMMAND_ACK command=187 result=0
[INFO] [1791408789.944350040] [lower_tracking_mpc_node]: MAVLink COMMAND_ACK command=187 result=0
[WARN] [1791408790.944566505] [lower_tracking_mpc_node]: lower MPC state reset: path/mission/pose/reset event
[INFO] [1791408790.994230959] [lower_tracking_mpc_node]: MAVLink COMMAND_ACK command=187 result=0
[WARN] [1791408791.944287403] [lower_tracking_mpc_node]: lower MPC state reset: path/mission/pose/reset event
[INFO] [1791408791.994481473] [lower_tracking_mpc_node]: MAVLink COMMAND_ACK command=187 result=0
[WARN] [1791408792.444365138] [lower_tracking_mpc_node]: lower MPC state reset: path/mission/pose/reset event
[WARN] [1791408792.944365944] [lower_tracking_mpc_node]: lower MPC state reset: path/mission/pose/reset event
[INFO] [1791408793.044405882] [lower_tracking_mpc_node]: MAVLink COMMAND_ACK command=187 result=0
[INFO] [1791408794.094311538] [lower_tracking_mpc_node]: MAVLink COMMAND_ACK command=187 result=0
[INFO] [1791408795.144499282] [lower_tracking_mpc_node]: MAVLink COMMAND_ACK command=187 result=0
[INFO] [1791408796.194185379] [lower_tracking_mpc_node]: MAVLink COMMAND_ACK command=187 result=0
[INFO] [1791408797.194277808] [lower_tracking_mpc_node]: MAVLink COMMAND_ACK command=187 result=0
[INFO] [1791408798.194391134] [lower_tracking_mpc_node]: MAVLink COMMAND_ACK command=187 result=0
[INFO] [1791408799.244575966] [lower_tracking_mpc_node]: MAVLink COMMAND_ACK command=187 result=0
[WARN] [1791408799.944623686] [lower_tracking_mpc_node]: lower MPC state reset: path/mission/pose/reset event
[INFO] [1791408800.294617274] [lower_tracking_mpc_node]: MAVLink COMMAND_ACK command=187 result=0
[INFO] [1791408801.295274136] [lower_tracking_mpc_node]: MAVLink COMMAND_ACK command=187 result=0
[INFO] [1791408802.344660767] [lower_tracking_mpc_node]: MAVLink COMMAND_ACK command=187 result=0
[INFO] [1791408803.344692682] [lower_tracking_mpc_node]: MAVLink COMMAND_ACK command=187 result=0
[WARN] [1791408803.944904503] [lower_tracking_mpc_node]: lower MPC state reset: path/mission/pose/reset event
[INFO] [1791408804.394790504] [lower_tracking_mpc_node]: MAVLink COMMAND_ACK command=187 result=0
[INFO] [1791408805.444638205] [lower_tracking_mpc_node]: MAVLink COMMAND_ACK command=187 result=0
[WARN] [1791408805.445700574] [lower_tracking_mpc_node]: lower MPC state reset: path/mission/pose/reset event
[WARN] [1791408805.945010702] [lower_tracking_mpc_node]: lower MPC state reset: path/mission/pose/reset event
[WARN] [1791408806.444905935] [lower_tracking_mpc_node]: lower MPC state reset: path/mission/pose/reset event
[INFO] [1791408806.494589750] [lower_tracking_mpc_node]: MAVLink COMMAND_ACK command=187 result=0
[WARN] [1791408807.444966843] [lower_tracking_mpc_node]: lower MPC state reset: path/mission/pose/reset event
[INFO] [1791408807.494731172] [lower_tracking_mpc_node]: MAVLink COMMAND_ACK command=187 result=0
[WARN] [1791408807.945073603] [lower_tracking_mpc_node]: lower MPC state reset: path/mission/pose/reset event
[INFO] [1791408808.494791888] [lower_tracking_mpc_node]: MAVLink COMMAND_ACK command=187 result=0
[WARN] [1791408809.445005583] [lower_tracking_mpc_node]: lower MPC state reset: path/mission/pose/reset event
[INFO] [1791408809.545202902] [lower_tracking_mpc_node]: MAVLink COMMAND_ACK command=187 result=0
[INFO] [1791408810.594749283] [lower_tracking_mpc_node]: MAVLink COMMAND_ACK command=187 result=0
[INFO] [1791408811.594999636] [lower_tracking_mpc_node]: MAVLink COMMAND_ACK command=187 result=0
[INFO] [1791408812.644982893] [lower_tracking_mpc_node]: MAVLink COMMAND_ACK command=187 result=0
[INFO] [1791408813.695152877] [lower_tracking_mpc_node]: MAVLink COMMAND_ACK command=187 result=0
[INFO] [1791408814.695213528] [lower_tracking_mpc_node]: MAVLink COMMAND_ACK command=187 result=0
[WARN] [1791408814.945196426] [lower_tracking_mpc_node]: lower MPC state reset: path/mission/pose/reset event
[WARN] [1791408815.445057418] [lower_tracking_mpc_node]: lower MPC state reset: path/mission/pose/reset event
[INFO] [1791408815.745118287] [lower_tracking_mpc_node]: MAVLink COMMAND_ACK command=187 result=0
[WARN] [1791408815.945264533] [lower_tracking_mpc_node]: lower MPC state reset: path/mission/pose/reset event
[WARN] [1791408816.445335900] [lower_tracking_mpc_node]: lower MPC state reset: path/mission/pose/reset event
[INFO] [1791408816.794891714] [lower_tracking_mpc_node]: MAVLink COMMAND_ACK command=187 result=0
[WARN] [1791408816.945335649] [lower_tracking_mpc_node]: lower MPC state reset: path/mission/pose/reset event
[INFO] [1791408817.246255423] [lower_tracking_mpc_node]: goal stop applied: steer=0 throttle=0 brake=0.700 MAVLink neutral
[INFO] [1791408817.794946797] [lower_tracking_mpc_node]: MAVLink COMMAND_ACK command=187 result=0
[INFO] [1791408818.247846841] [lower_tracking_mpc_node]: goal stop applied: steer=0 throttle=0 brake=0.700 MAVLink neutral
[INFO] [1791408818.795066810] [lower_tracking_mpc_node]: MAVLink COMMAND_ACK command=187 result=0
[INFO] [1791408819.345680994] [lower_tracking_mpc_node]: goal stop applied: steer=0 throttle=0 brake=0.700 MAVLink neutral
[INFO] [1791408819.795068035] [lower_tracking_mpc_node]: MAVLink COMMAND_ACK command=187 result=0
[INFO] [1791408820.346957234] [lower_tracking_mpc_node]: goal stop applied: steer=0 throttle=0 brake=0.700 MAVLink neutral
[INFO] [1791408820.795094317] [lower_tracking_mpc_node]: MAVLink COMMAND_ACK command=187 result=0
[INFO] [1791408821.446171108] [lower_tracking_mpc_node]: goal stop applied: steer=0 throttle=0 brake=0.700 MAVLink neutral
[INFO] [1791408821.795123639] [lower_tracking_mpc_node]: MAVLink COMMAND_ACK command=187 result=0
[INFO] [1791408822.446384276] [lower_tracking_mpc_node]: goal stop applied: steer=0 throttle=0 brake=0.700 MAVLink neutral
[INFO] [1791408822.845295318] [lower_tracking_mpc_node]: MAVLink COMMAND_ACK command=187 result=0
[INFO] [1791408823.546568771] [lower_tracking_mpc_node]: goal stop applied: steer=0 throttle=0 brake=0.700 MAVLink neutral
[INFO] [1791408823.895284175] [lower_tracking_mpc_node]: MAVLink COMMAND_ACK command=187 result=0
[INFO] [1791408824.646558797] [lower_tracking_mpc_node]: goal stop applied: steer=0 throttle=0 brake=0.700 MAVLink neutral
[INFO] [1791408824.945311018] [lower_tracking_mpc_node]: MAVLink COMMAND_ACK command=187 result=0
[INFO] [1791408825.746397554] [lower_tracking_mpc_node]: goal stop applied: steer=0 throttle=0 brake=0.700 MAVLink neutral
[INFO] [1791408825.945323283] [lower_tracking_mpc_node]: MAVLink COMMAND_ACK command=187 result=0
[INFO] [1791408826.746611521] [lower_tracking_mpc_node]: goal stop applied: steer=0 throttle=0 brake=0.700 MAVLink neutral
[INFO] [1791408826.995180648] [lower_tracking_mpc_node]: MAVLink COMMAND_ACK command=187 result=0
[INFO] [1791408827.847577769] [lower_tracking_mpc_node]: goal stop applied: steer=0 throttle=0 brake=0.700 MAVLink neutral
[INFO] [1791408827.995206962] [lower_tracking_mpc_node]: MAVLink COMMAND_ACK command=187 result=0
[INFO] [1791408828.946884061] [lower_tracking_mpc_node]: goal stop applied: steer=0 throttle=0 brake=0.700 MAVLink neutral
[INFO] [1791408828.995226619] [lower_tracking_mpc_node]: MAVLink COMMAND_ACK command=187 result=0
[INFO] [1791408829.947154127] [lower_tracking_mpc_node]: goal stop applied: steer=0 throttle=0 brake=0.700 MAVLink neutral
[INFO] [1791408829.995395434] [lower_tracking_mpc_node]: MAVLink COMMAND_ACK command=187 result=0
[INFO] [1791408830.996266125] [lower_tracking_mpc_node]: MAVLink COMMAND_ACK command=187 result=0
[INFO] [1791408831.046399041] [lower_tracking_mpc_node]: goal stop applied: steer=0 throttle=0 brake=0.700 MAVLink neutral
[INFO] [1791408832.045885595] [lower_tracking_mpc_node]: MAVLink COMMAND_ACK command=187 result=0
[INFO] [1791408832.047508332] [lower_tracking_mpc_node]: goal stop applied: steer=0 throttle=0 brake=0.700 MAVLink neutral
[INFO] [1791408833.095373508] [lower_tracking_mpc_node]: MAVLink COMMAND_ACK command=187 result=0
[INFO] [1791408833.146700765] [lower_tracking_mpc_node]: goal stop applied: steer=0 throttle=0 brake=0.700 MAVLink neutral
[INFO] [1791408834.095453551] [lower_tracking_mpc_node]: MAVLink COMMAND_ACK command=187 result=0
[INFO] [1791408834.246878700] [lower_tracking_mpc_node]: goal stop applied: steer=0 throttle=0 brake=0.700 MAVLink neutral
[INFO] [1791408835.095514394] [lower_tracking_mpc_node]: MAVLink COMMAND_ACK command=187 result=0
[INFO] [1791408835.346580748] [lower_tracking_mpc_node]: goal stop applied: steer=0 throttle=0 brake=0.700 MAVLink neutral
[INFO] [1791408836.095694696] [lower_tracking_mpc_node]: MAVLink COMMAND_ACK command=187 result=0
[INFO] [1791408836.346716089] [lower_tracking_mpc_node]: goal stop applied: steer=0 throttle=0 brake=0.700 MAVLink neutral
[INFO] [1791408837.145748451] [lower_tracking_mpc_node]: MAVLink COMMAND_ACK command=187 result=0
[INFO] [1791408837.446837510] [lower_tracking_mpc_node]: goal stop applied: steer=0 throttle=0 brake=0.700 MAVLink neutral
[INFO] [1791408838.195610488] [lower_tracking_mpc_node]: MAVLink COMMAND_ACK command=187 result=0
[INFO] [1791408838.546844400] [lower_tracking_mpc_node]: goal stop applied: steer=0 throttle=0 brake=0.700 MAVLink neutral
[WARN] [1791408839.045769620] [lower_tracking_mpc_node]: lower MPC state reset: path/mission/pose/reset event
[INFO] [1791408839.195740068] [lower_tracking_mpc_node]: MAVLink COMMAND_ACK command=187 result=0
[INFO] [1791408839.546968892] [lower_tracking_mpc_node]: goal stop applied: steer=0 throttle=0 brake=0.700 MAVLink neutral
[INFO] [1791408840.245779422] [lower_tracking_mpc_node]: MAVLink COMMAND_ACK command=187 result=0
[WARN] [1791408840.355425444] [lower_tracking_mpc_node]: Rejected lower path: fewer than two distinct path points
[WARN] [1791408840.446370002] [lower_tracking_mpc_node]: lower MPC state reset: path/mission/pose/reset event
[WARN] [1791408840.545982311] [lower_tracking_mpc_node]: lower MPC state reset: path/mission/pose/reset event
[INFO] [1791408840.547074312] [lower_tracking_mpc_node]: goal stop applied: steer=0 throttle=0 brake=0.700 MAVLink neutral
[WARN] [1791408840.946200465] [lower_tracking_mpc_node]: lower MPC state reset: path/mission/pose/reset event
[INFO] [1791408841.245848777] [lower_tracking_mpc_node]: MAVLink COMMAND_ACK command=187 result=0
[WARN] [1791408841.646150069] [lower_tracking_mpc_node]: lower MPC state reset: path/mission/pose/reset event
[INFO] [1791408841.647226902] [lower_tracking_mpc_node]: goal stop applied: steer=0 throttle=0 brake=0.700 MAVLink neutral
[INFO] [1791408842.245858450] [lower_tracking_mpc_node]: MAVLink COMMAND_ACK command=187 result=0
[INFO] [1791408843.245919388] [lower_tracking_mpc_node]: MAVLink COMMAND_ACK command=187 result=0
[INFO] [1791408844.245925220] [lower_tracking_mpc_node]: MAVLink COMMAND_ACK command=187 result=0
[INFO] [1791408845.295808922] [lower_tracking_mpc_node]: MAVLink COMMAND_ACK command=187 result=0
[INFO] [1791408846.295920901] [lower_tracking_mpc_node]: MAVLink COMMAND_ACK command=187 result=0
[INFO] [1791408847.295955247] [lower_tracking_mpc_node]: MAVLink COMMAND_ACK command=187 result=0
[WARN] [1791408847.946326447] [lower_tracking_mpc_node]: lower MPC state reset: path/mission/pose/reset event
[INFO] [1791408848.296108859] [lower_tracking_mpc_node]: MAVLink COMMAND_ACK command=187 result=0
[WARN] [1791408848.946196627] [lower_tracking_mpc_node]: lower MPC state reset: path/mission/pose/reset event
[INFO] [1791408849.346052786] [lower_tracking_mpc_node]: MAVLink COMMAND_ACK command=187 result=0
[WARN] [1791408849.446200216] [lower_tracking_mpc_node]: lower MPC state reset: path/mission/pose/reset event
[WARN] [1791408849.946249917] [lower_tracking_mpc_node]: lower MPC state reset: path/mission/pose/reset event
[INFO] [1791408850.346152446] [lower_tracking_mpc_node]: MAVLink COMMAND_ACK command=187 result=0
[INFO] [1791408851.396579907] [lower_tracking_mpc_node]: MAVLink COMMAND_ACK command=187 result=0
[INFO] [1791408852.446723424] [lower_tracking_mpc_node]: MAVLink COMMAND_ACK command=187 result=0
[INFO] [1791408853.496145543] [lower_tracking_mpc_node]: MAVLink COMMAND_ACK command=187 result=0
[INFO] [1791408854.496163535] [lower_tracking_mpc_node]: MAVLink COMMAND_ACK command=187 result=0
[INFO] [1791408855.546371278] [lower_tracking_mpc_node]: MAVLink COMMAND_ACK command=187 result=0
[INFO] [1791408856.596120671] [lower_tracking_mpc_node]: MAVLink COMMAND_ACK command=187 result=0
[INFO] [1791408857.596135559] [lower_tracking_mpc_node]: MAVLink COMMAND_ACK command=187 result=0
[WARN] [1791408857.946728556] [lower_tracking_mpc_node]: lower MPC state reset: path/mission/pose/reset event
[INFO] [1791408858.596226130] [lower_tracking_mpc_node]: MAVLink COMMAND_ACK command=187 result=0
[INFO] [1791408859.596242778] [lower_tracking_mpc_node]: MAVLink COMMAND_ACK command=187 result=0
[INFO] [1791408860.596318212] [lower_tracking_mpc_node]: MAVLink COMMAND_ACK command=187 result=0
[INFO] [1791408861.596333772] [lower_tracking_mpc_node]: MAVLink COMMAND_ACK command=187 result=0
[WARN] [1791408861.946686122] [lower_tracking_mpc_node]: lower MPC state reset: path/mission/pose/reset event
[INFO] [1791408862.596420375] [lower_tracking_mpc_node]: MAVLink COMMAND_ACK command=187 result=0
[WARN] [1791408863.446642900] [lower_tracking_mpc_node]: lower MPC state reset: path/mission/pose/reset event
[INFO] [1791408863.596548130] [lower_tracking_mpc_node]: MAVLink COMMAND_ACK command=187 result=0
[WARN] [1791408863.946776252] [lower_tracking_mpc_node]: lower MPC state reset: path/mission/pose/reset event
[INFO] [1791408864.646394774] [lower_tracking_mpc_node]: MAVLink COMMAND_ACK command=187 result=0
[WARN] [1791408865.446827945] [lower_tracking_mpc_node]: lower MPC state reset: path/mission/pose/reset event
[INFO] [1791408865.646495296] [lower_tracking_mpc_node]: MAVLink COMMAND_ACK command=187 result=0
[WARN] [1791408865.946762763] [lower_tracking_mpc_node]: lower MPC state reset: path/mission/pose/reset event
[INFO] [1791408866.646565706] [lower_tracking_mpc_node]: MAVLink COMMAND_ACK command=187 result=0
[WARN] [1791408867.446815960] [lower_tracking_mpc_node]: lower MPC state reset: path/mission/pose/reset event
[INFO] [1791408867.646648980] [lower_tracking_mpc_node]: MAVLink COMMAND_ACK command=187 result=0
[WARN] [1791408868.446956836] [lower_tracking_mpc_node]: lower MPC state reset: path/mission/pose/reset event
[INFO] [1791408868.646789600] [lower_tracking_mpc_node]: MAVLink COMMAND_ACK command=187 result=0
[INFO] [1791408869.696818617] [lower_tracking_mpc_node]: MAVLink COMMAND_ACK command=187 result=0
[INFO] [1791408870.696892258] [lower_tracking_mpc_node]: MAVLink COMMAND_ACK command=187 result=0
[INFO] [1791408871.697183507] [lower_tracking_mpc_node]: MAVLink COMMAND_ACK command=187 result=0
[INFO] [1791408872.746648058] [lower_tracking_mpc_node]: MAVLink COMMAND_ACK command=187 result=0
[INFO] [1791408873.746860648] [lower_tracking_mpc_node]: MAVLink COMMAND_ACK command=187 result=0
[INFO] [1791408874.796660218] [lower_tracking_mpc_node]: MAVLink COMMAND_ACK command=187 result=0
[INFO] [1791408875.447600523] [lower_tracking_mpc_node]: goal stop applied: steer=0 throttle=0 brake=0.700 MAVLink neutral
[INFO] [1791408875.796769540] [lower_tracking_mpc_node]: MAVLink COMMAND_ACK command=187 result=0
[WARN] [1791408875.946846552] [lower_tracking_mpc_node]: lower MPC state reset: path/mission/pose/reset event
[INFO] [1791408876.548163428] [lower_tracking_mpc_node]: goal stop applied: steer=0 throttle=0 brake=0.700 MAVLink neutral
[INFO] [1791408876.796880399] [lower_tracking_mpc_node]: MAVLink COMMAND_ACK command=187 result=0
[WARN] [1791408876.947373967] [lower_tracking_mpc_node]: lower MPC state reset: path/mission/pose/reset event
[INFO] [1791408877.548332944] [lower_tracking_mpc_node]: goal stop applied: steer=0 throttle=0 brake=0.700 MAVLink neutral
[INFO] [1791408877.796917175] [lower_tracking_mpc_node]: MAVLink COMMAND_ACK command=187 result=0
[INFO] [1791408878.549470682] [lower_tracking_mpc_node]: goal stop applied: steer=0 throttle=0 brake=0.700 MAVLink neutral
[INFO] [1791408878.796928895] [lower_tracking_mpc_node]: MAVLink COMMAND_ACK command=187 result=0
[INFO] [1791408879.648213180] [lower_tracking_mpc_node]: goal stop applied: steer=0 throttle=0 brake=0.700 MAVLink neutral
[INFO] [1791408879.846802930] [lower_tracking_mpc_node]: MAVLink COMMAND_ACK command=187 result=0
[INFO] [1791408880.747714164] [lower_tracking_mpc_node]: goal stop applied: steer=0 throttle=0 brake=0.700 MAVLink neutral
[INFO] [1791408880.847789271] [lower_tracking_mpc_node]: MAVLink COMMAND_ACK command=187 result=0
[INFO] [1791408881.847910594] [lower_tracking_mpc_node]: goal stop applied: steer=0 throttle=0 brake=0.700 MAVLink neutral
[INFO] [1791408881.896826642] [lower_tracking_mpc_node]: MAVLink COMMAND_ACK command=187 result=0
[INFO] [1791408882.848149168] [lower_tracking_mpc_node]: goal stop applied: steer=0 throttle=0 brake=0.700 MAVLink neutral
[INFO] [1791408882.897045375] [lower_tracking_mpc_node]: MAVLink COMMAND_ACK command=187 result=0
[INFO] [1791408883.947163130] [lower_tracking_mpc_node]: MAVLink COMMAND_ACK command=187 result=0
[INFO] [1791408883.948824461] [lower_tracking_mpc_node]: goal stop applied: steer=0 throttle=0 brake=0.700 MAVLink neutral
[INFO] [1791408884.948034972] [lower_tracking_mpc_node]: MAVLink COMMAND_ACK command=187 result=0
[INFO] [1791408884.950681740] [lower_tracking_mpc_node]: goal stop applied: steer=0 throttle=0 brake=0.700 MAVLink neutral
[INFO] [1791408885.997142328] [lower_tracking_mpc_node]: MAVLink COMMAND_ACK command=187 result=0
[INFO] [1791408886.048112070] [lower_tracking_mpc_node]: goal stop applied: steer=0 throttle=0 brake=0.700 MAVLink neutral
[INFO] [1791408886.998088987] [lower_tracking_mpc_node]: MAVLink COMMAND_ACK command=187 result=0
[INFO] [1791408887.148322836] [lower_tracking_mpc_node]: goal stop applied: steer=0 throttle=0 brake=0.700 MAVLink neutral
[INFO] [1791408888.047272442] [lower_tracking_mpc_node]: MAVLink COMMAND_ACK command=187 result=0
[INFO] [1791408888.148616387] [lower_tracking_mpc_node]: goal stop applied: steer=0 throttle=0 brake=0.700 MAVLink neutral
[INFO] [1791408889.097200687] [lower_tracking_mpc_node]: MAVLink COMMAND_ACK command=187 result=0
[INFO] [1791408889.248226847] [lower_tracking_mpc_node]: goal stop applied: steer=0 throttle=0 brake=0.700 MAVLink neutral
[INFO] [1791408890.147359467] [lower_tracking_mpc_node]: MAVLink COMMAND_ACK command=187 result=0
[INFO] [1791408890.348223622] [lower_tracking_mpc_node]: goal stop applied: steer=0 throttle=0 brake=0.700 MAVLink neutral
[INFO] [1791408891.197177276] [lower_tracking_mpc_node]: MAVLink COMMAND_ACK command=187 result=0
[INFO] [1791408891.348343953] [lower_tracking_mpc_node]: goal stop applied: steer=0 throttle=0 brake=0.700 MAVLink neutral
[INFO] [1791408892.197365321] [lower_tracking_mpc_node]: MAVLink COMMAND_ACK command=187 result=0
[INFO] [1791408892.348412538] [lower_tracking_mpc_node]: goal stop applied: steer=0 throttle=0 brake=0.700 MAVLink neutral
[INFO] [1791408893.247353312] [lower_tracking_mpc_node]: MAVLink COMMAND_ACK command=187 result=0
[INFO] [1791408893.348509187] [lower_tracking_mpc_node]: goal stop applied: steer=0 throttle=0 brake=0.700 MAVLink neutral
[INFO] [1791408894.247484330] [lower_tracking_mpc_node]: MAVLink COMMAND_ACK command=187 result=0
[INFO] [1791408894.448572941] [lower_tracking_mpc_node]: goal stop applied: steer=0 throttle=0 brake=0.700 MAVLink neutral
[INFO] [1791408895.297250906] [lower_tracking_mpc_node]: MAVLink COMMAND_ACK command=187 result=0
[INFO] [1791408895.547777596] [lower_tracking_mpc_node]: goal stop applied: steer=0 throttle=0 brake=0.700 MAVLink neutral
[INFO] [1791408896.297688686] [lower_tracking_mpc_node]: MAVLink COMMAND_ACK command=187 result=0
[INFO] [1791408896.548538585] [lower_tracking_mpc_node]: goal stop applied: steer=0 throttle=0 brake=0.700 MAVLink neutral
[INFO] [1791408897.347396476] [lower_tracking_mpc_node]: MAVLink COMMAND_ACK command=187 result=0
[WARN] [1791408897.547690086] [lower_tracking_mpc_node]: lower MPC state reset: path/mission/pose/reset event
[INFO] [1791408897.548847401] [lower_tracking_mpc_node]: goal stop applied: steer=0 throttle=0 brake=0.700 MAVLink neutral
[INFO] [1791408898.347688107] [lower_tracking_mpc_node]: MAVLink COMMAND_ACK command=187 result=0
[INFO] [1791408898.647963862] [lower_tracking_mpc_node]: goal stop applied: steer=0 throttle=0 brake=0.700 MAVLink neutral
[WARN] [1791408898.859728093] [lower_tracking_mpc_node]: Rejected lower path: fewer than two distinct path points
[WARN] [1791408898.948005817] [lower_tracking_mpc_node]: lower MPC state reset: path/mission/pose/reset event
[WARN] [1791408899.047775251] [lower_tracking_mpc_node]: lower MPC state reset: path/mission/pose/reset event
[INFO] [1791408899.397494076] [lower_tracking_mpc_node]: MAVLink COMMAND_ACK command=187 result=0
[WARN] [1791408899.447803318] [lower_tracking_mpc_node]: lower MPC state reset: path/mission/pose/reset event
[INFO] [1791408899.648577871] [lower_tracking_mpc_node]: goal stop applied: steer=0 throttle=0 brake=0.700 MAVLink neutral
[WARN] [1791408900.147972032] [lower_tracking_mpc_node]: lower MPC state reset: path/mission/pose/reset event
[INFO] [1791408900.397550628] [lower_tracking_mpc_node]: MAVLink COMMAND_ACK command=187 result=0
[INFO] [1791408901.447578460] [lower_tracking_mpc_node]: MAVLink COMMAND_ACK command=187 result=0
[INFO] [1791408902.497583379] [lower_tracking_mpc_node]: MAVLink COMMAND_ACK command=187 result=0
[INFO] [1791408903.497587769] [lower_tracking_mpc_node]: MAVLink COMMAND_ACK command=187 result=0
[INFO] [1791408904.497829671] [lower_tracking_mpc_node]: MAVLink COMMAND_ACK command=187 result=0
[INFO] [1791408905.547804669] [lower_tracking_mpc_node]: MAVLink COMMAND_ACK command=187 result=0
[WARN] [1791408906.449048361] [lower_tracking_mpc_node]: lower MPC state reset: path/mission/pose/reset event
[INFO] [1791408906.547875110] [lower_tracking_mpc_node]: MAVLink COMMAND_ACK command=187 result=0
[WARN] [1791408907.448037936] [lower_tracking_mpc_node]: lower MPC state reset: path/mission/pose/reset event
[INFO] [1791408907.597798906] [lower_tracking_mpc_node]: MAVLink COMMAND_ACK command=187 result=0
[WARN] [1791408907.948336732] [lower_tracking_mpc_node]: lower MPC state reset: path/mission/pose/reset event
[WARN] [1791408908.447933779] [lower_tracking_mpc_node]: lower MPC state reset: path/mission/pose/reset event
[INFO] [1791408908.647685869] [lower_tracking_mpc_node]: MAVLink COMMAND_ACK command=187 result=0
[INFO] [1791408909.647759573] [lower_tracking_mpc_node]: MAVLink COMMAND_ACK command=187 result=0
[INFO] [1791408910.647950305] [lower_tracking_mpc_node]: MAVLink COMMAND_ACK command=187 result=0
[INFO] [1791408911.648883652] [lower_tracking_mpc_node]: MAVLink COMMAND_ACK command=187 result=0
[INFO] [1791408912.697930237] [lower_tracking_mpc_node]: MAVLink COMMAND_ACK command=187 result=0
[INFO] [1791408913.698751964] [lower_tracking_mpc_node]: MAVLink COMMAND_ACK command=187 result=0
[INFO] [1791408914.747950842] [lower_tracking_mpc_node]: MAVLink COMMAND_ACK command=187 result=0
[INFO] [1791408915.748179911] [lower_tracking_mpc_node]: MAVLink COMMAND_ACK command=187 result=0
[INFO] [1791408916.798189950] [lower_tracking_mpc_node]: MAVLink COMMAND_ACK command=187 result=0
[INFO] [1791408917.848144979] [lower_tracking_mpc_node]: MAVLink COMMAND_ACK command=187 result=0
[INFO] [1791408918.898139817] [lower_tracking_mpc_node]: MAVLink COMMAND_ACK command=187 result=0
[INFO] [1791408919.898344309] [lower_tracking_mpc_node]: MAVLink COMMAND_ACK command=187 result=0
[WARN] [1791408919.948651150] [lower_tracking_mpc_node]: lower MPC state reset: path/mission/pose/reset event
[INFO] [1791408920.948183686] [lower_tracking_mpc_node]: MAVLink COMMAND_ACK command=187 result=0
[WARN] [1791408921.448388783] [lower_tracking_mpc_node]: lower MPC state reset: path/mission/pose/reset event
[INFO] [1791408921.949103208] [lower_tracking_mpc_node]: MAVLink COMMAND_ACK command=187 result=0
[WARN] [1791408921.950137671] [lower_tracking_mpc_node]: lower MPC state reset: path/mission/pose/reset event
[WARN] [1791408922.448632764] [lower_tracking_mpc_node]: lower MPC state reset: path/mission/pose/reset event
[WARN] [1791408922.948373943] [lower_tracking_mpc_node]: lower MPC state reset: path/mission/pose/reset event
[INFO] [1791408922.998248580] [lower_tracking_mpc_node]: MAVLink COMMAND_ACK command=187 result=0
[WARN] [1791408923.449233556] [lower_tracking_mpc_node]: lower MPC state reset: path/mission/pose/reset event
[INFO] [1791408923.998423439] [lower_tracking_mpc_node]: MAVLink COMMAND_ACK command=187 result=0
[INFO] [1791408925.048443461] [lower_tracking_mpc_node]: MAVLink COMMAND_ACK command=187 result=0
[WARN] [1791408925.448738833] [lower_tracking_mpc_node]: lower MPC state reset: path/mission/pose/reset event
[INFO] [1791408926.048547182] [lower_tracking_mpc_node]: MAVLink COMMAND_ACK command=187 result=0
[WARN] [1791408926.448743574] [lower_tracking_mpc_node]: lower MPC state reset: path/mission/pose/reset event
[INFO] [1791408927.098453249] [lower_tracking_mpc_node]: MAVLink COMMAND_ACK command=187 result=0
[INFO] [1791408928.148311859] [lower_tracking_mpc_node]: MAVLink COMMAND_ACK command=187 result=0
[INFO] [1791408929.148427356] [lower_tracking_mpc_node]: MAVLink COMMAND_ACK command=187 result=0
[INFO] [1791408930.148466659] [lower_tracking_mpc_node]: MAVLink COMMAND_ACK command=187 result=0
[INFO] [1791408931.148626253] [lower_tracking_mpc_node]: MAVLink COMMAND_ACK command=187 result=0
[INFO] [1791408932.148969661] [lower_tracking_mpc_node]: MAVLink COMMAND_ACK command=187 result=0
[WARN] [1791408932.949407023] [lower_tracking_mpc_node]: lower MPC state reset: path/mission/pose/reset event
[INFO] [1791408933.198541318] [lower_tracking_mpc_node]: MAVLink COMMAND_ACK command=187 result=0
[INFO] [1791408933.349565782] [lower_tracking_mpc_node]: goal stop applied: steer=0 throttle=0 brake=0.700 MAVLink neutral
[WARN] [1791408933.448875617] [lower_tracking_mpc_node]: lower MPC state reset: path/mission/pose/reset event
[WARN] [1791408933.949087466] [lower_tracking_mpc_node]: lower MPC state reset: path/mission/pose/reset event
[INFO] [1791408934.198652751] [lower_tracking_mpc_node]: MAVLink COMMAND_ACK command=187 result=0
[INFO] [1791408934.349638205] [lower_tracking_mpc_node]: goal stop applied: steer=0 throttle=0 brake=0.700 MAVLink neutral
[INFO] [1791408935.198724534] [lower_tracking_mpc_node]: MAVLink COMMAND_ACK command=187 result=0
[INFO] [1791408935.449077074] [lower_tracking_mpc_node]: goal stop applied: steer=0 throttle=0 brake=0.700 MAVLink neutral
[INFO] [1791408936.248730732] [lower_tracking_mpc_node]: MAVLink COMMAND_ACK command=187 result=0
[INFO] [1791408936.449636168] [lower_tracking_mpc_node]: goal stop applied: steer=0 throttle=0 brake=0.700 MAVLink neutral
[INFO] [1791408937.298559452] [lower_tracking_mpc_node]: MAVLink COMMAND_ACK command=187 result=0
[INFO] [1791408937.449726673] [lower_tracking_mpc_node]: goal stop applied: steer=0 throttle=0 brake=0.700 MAVLink neutral
[INFO] [1791408938.298625412] [lower_tracking_mpc_node]: MAVLink COMMAND_ACK command=187 result=0
[INFO] [1791408938.449738326] [lower_tracking_mpc_node]: goal stop applied: steer=0 throttle=0 brake=0.700 MAVLink neutral
[INFO] [1791408939.298774669] [lower_tracking_mpc_node]: MAVLink COMMAND_ACK command=187 result=0
[INFO] [1791408939.450130535] [lower_tracking_mpc_node]: goal stop applied: steer=0 throttle=0 brake=0.700 MAVLink neutral
[INFO] [1791408940.298781843] [lower_tracking_mpc_node]: MAVLink COMMAND_ACK command=187 result=0
[INFO] [1791408940.551323825] [lower_tracking_mpc_node]: goal stop applied: steer=0 throttle=0 brake=0.700 MAVLink neutral
[INFO] [1791408941.348734439] [lower_tracking_mpc_node]: MAVLink COMMAND_ACK command=187 result=0
[INFO] [1791408941.649842474] [lower_tracking_mpc_node]: goal stop applied: steer=0 throttle=0 brake=0.700 MAVLink neutral
[INFO] [1791408942.349020181] [lower_tracking_mpc_node]: MAVLink COMMAND_ACK command=187 result=0
[INFO] [1791408942.650105079] [lower_tracking_mpc_node]: goal stop applied: steer=0 throttle=0 brake=0.700 MAVLink neutral
[INFO] [1791408943.399099181] [lower_tracking_mpc_node]: MAVLink COMMAND_ACK command=187 result=0
[INFO] [1791408943.750122461] [lower_tracking_mpc_node]: goal stop applied: steer=0 throttle=0 brake=0.700 MAVLink neutral
[INFO] [1791408944.449016159] [lower_tracking_mpc_node]: MAVLink COMMAND_ACK command=187 result=0
[INFO] [1791408944.851214180] [lower_tracking_mpc_node]: goal stop applied: steer=0 throttle=0 brake=0.700 MAVLink neutral
[INFO] [1791408945.498978004] [lower_tracking_mpc_node]: MAVLink COMMAND_ACK command=187 result=0
[INFO] [1791408945.950189899] [lower_tracking_mpc_node]: goal stop applied: steer=0 throttle=0 brake=0.700 MAVLink neutral
[INFO] [1791408946.499194303] [lower_tracking_mpc_node]: MAVLink COMMAND_ACK command=187 result=0
[INFO] [1791408947.050269363] [lower_tracking_mpc_node]: goal stop applied: steer=0 throttle=0 brake=0.700 MAVLink neutral
[INFO] [1791408947.549072753] [lower_tracking_mpc_node]: MAVLink COMMAND_ACK command=187 result=0
[INFO] [1791408948.150021137] [lower_tracking_mpc_node]: goal stop applied: steer=0 throttle=0 brake=0.700 MAVLink neutral
[INFO] [1791408948.549227674] [lower_tracking_mpc_node]: MAVLink COMMAND_ACK command=187 result=0
[INFO] [1791408949.249521511] [lower_tracking_mpc_node]: goal stop applied: steer=0 throttle=0 brake=0.700 MAVLink neutral
[INFO] [1791408949.598997545] [lower_tracking_mpc_node]: MAVLink COMMAND_ACK command=187 result=0
[INFO] [1791408950.249807413] [lower_tracking_mpc_node]: goal stop applied: steer=0 throttle=0 brake=0.700 MAVLink neutral
[INFO] [1791408950.649009214] [lower_tracking_mpc_node]: MAVLink COMMAND_ACK command=187 result=0
[INFO] [1791408951.250156228] [lower_tracking_mpc_node]: goal stop applied: steer=0 throttle=0 brake=0.700 MAVLink neutral
[INFO] [1791408951.649185832] [lower_tracking_mpc_node]: MAVLink COMMAND_ACK command=187 result=0
[INFO] [1791408952.350277421] [lower_tracking_mpc_node]: goal stop applied: steer=0 throttle=0 brake=0.700 MAVLink neutral
[INFO] [1791408952.649314193] [lower_tracking_mpc_node]: MAVLink COMMAND_ACK command=187 result=0
[INFO] [1791408953.450197680] [lower_tracking_mpc_node]: goal stop applied: steer=0 throttle=0 brake=0.700 MAVLink neutral
[INFO] [1791408953.649707522] [lower_tracking_mpc_node]: MAVLink COMMAND_ACK command=187 result=0
[INFO] [1791408954.450228214] [lower_tracking_mpc_node]: goal stop applied: steer=0 throttle=0 brake=0.700 MAVLink neutral
[INFO] [1791408954.699349676] [lower_tracking_mpc_node]: MAVLink COMMAND_ACK command=187 result=0
[INFO] [1791408955.363742549] [rclcpp]: signal_handler(SIGINT/SIGTERM)
