[INFO] [1791408368.303533485] [upper_planner_node]: planner state input: Odometry topic=/motive/vehicle/odom_map yaw=orientation.z scalar
[INFO] [1791408368.356476632] [upper_planner_node]: k1 lane constraint trial: skip_front_clipped_k1_lane_constraints=false
[INFO] [1791408368.361153991] [upper_planner_node]: Egocentric MIQP planner ready: rate=2.00Hz pred_dt=0.750s Nmax=6 lower_dt=0.100s target_v=6.000m/s scale=fullscale wheelbase=2.80m length=4.70m bev=40.00m margin=2.00m state=odom grid=/bev/occupancy_grid sparse=/planner/upper_path_sparse dense=/planner/lower_reference_path
[INFO] [1791408368.361310476] [upper_planner_node]: upper branch model: cumulative_increment=1 turn_window_at_split=1 turn_target_absolute=1 split_continuity=6.75m r_dpsi=3.000 lambda_turn=0.600
[WARN] [1791408368.861489507] [upper_planner_node]: planner waiting for pose
[WARN] [1791408371.361498686] [upper_planner_node]: planner waiting for pose
[WARN] [1791408372.361459425] [upper_planner_node]: planner waiting for global path
[WARN] [1791408374.361547884] [upper_planner_node]: planner waiting for global path
[INFO] [1791408374.755503746] [upper_planner_node]: mission cleared; awaiting path; revision=1
[INFO] [1791408374.863372085] [upper_planner_node]: reference path loaded from /navigation/global_path: 8 points frame=map waypoint_bias=disabled
[INFO] [1791408375.361756182] [upper_planner_node]: waypoint pair advanced: [0,1] -> [1,2]; previous reference retained
[INFO] [1791408382.862295889] [upper_planner_node]: waypoint pair advanced: [1,2] -> [2,3]; previous reference retained
[INFO] [1791408387.362288687] [upper_planner_node]: waypoint pair advanced: [2,3] -> [3,4]; previous reference retained
[INFO] [1791408391.862584755] [upper_planner_node]: waypoint pair advanced: [3,4] -> [4,5]; previous reference retained
[INFO] [1791408396.862863846] [upper_planner_node]: waypoint pair advanced: [4,5] -> [5,6]; previous reference retained
[INFO] [1791408401.362500499] [upper_planner_node]: waypoint pair advanced: [5,6] -> [6,7]; previous reference retained
[WARN] [1791408407.363755970] [upper_planner_node]: interval_diag step=6 reason=3 ref_body=(26.919,2.008) heading_deg=4.62 center_cell=(86,70) center_value=100 line_free=0 blocked=402 unknown=0 outside=1 longest_run=0 min_run=2 grid_free=2245 zero=2245 positive=14139 unknown=0 topic=/bev/occupancy_grid frame=Vehicle origin=(0.000,-20.000) origin_yaw_deg=0.00 size=128x128 res=0.3125 positive_is_drivable=0 threshold=1 waypoint_bias=0 previous=1
[WARN] [1791408407.364306738] [upper_planner_node]: no valid preview interval at step=6; usable horizon=5 reason=3
[WARN] [1791408407.364422102] [upper_planner_node]: horizon_diag configured=6 extent_limit=6 requested=6 usable=5 reserve=1 restore=1 step_m=4.500 previous=1
[WARN] [1791408407.863532203] [upper_planner_node]: no valid preview interval at step=6; usable horizon=5 reason=3
[WARN] [1791408408.363297333] [upper_planner_node]: no valid preview interval at step=5; usable horizon=4 reason=3
[WARN] [1791408408.363929064] [upper_planner_node]: no valid preview interval at step=6; usable horizon=4 reason=3
[WARN] [1791408408.865938677] [upper_planner_node]: no valid preview interval at step=5; usable horizon=4 reason=3
[WARN] [1791408408.866703021] [upper_planner_node]: no valid preview interval at step=6; usable horizon=4 reason=3
[WARN] [1791408409.365116237] [upper_planner_node]: interval_diag step=4 reason=3 ref_body=(18.000,-0.120) heading_deg=-0.38 center_cell=(57,63) center_value=100 line_free=0 blocked=401 unknown=0 outside=1 longest_run=0 min_run=2 grid_free=1367 zero=1367 positive=15017 unknown=0 topic=/bev/occupancy_grid frame=Vehicle origin=(0.000,-20.000) origin_yaw_deg=0.00 size=128x128 res=0.3125 positive_is_drivable=0 threshold=1 waypoint_bias=0 previous=0
[WARN] [1791408409.365737792] [upper_planner_node]: no valid preview interval at step=4; usable horizon=3 reason=3
[WARN] [1791408409.365967687] [upper_planner_node]: no valid preview interval at step=5; usable horizon=3 reason=3
[WARN] [1791408409.366246191] [upper_planner_node]: no valid preview interval at step=6; usable horizon=3 reason=3
[WARN] [1791408409.366350514] [upper_planner_node]: horizon_diag configured=6 extent_limit=6 requested=6 usable=3 reserve=1 restore=1 step_m=4.500 previous=0
[WARN] [1791408409.863854199] [upper_planner_node]: no valid preview interval at step=4; usable horizon=3 reason=3
[WARN] [1791408409.864404776] [upper_planner_node]: no valid preview interval at step=5; usable horizon=3 reason=3
[WARN] [1791408409.864626798] [upper_planner_node]: no valid preview interval at step=6; usable horizon=3 reason=3
[WARN] [1791408410.363549886] [upper_planner_node]: no valid preview interval at step=3; usable horizon=2 reason=3
[WARN] [1791408410.364178001] [upper_planner_node]: no valid preview interval at step=4; usable horizon=2 reason=3
[WARN] [1791408410.364509179] [upper_planner_node]: no valid preview interval at step=5; usable horizon=2 reason=3
[WARN] [1791408410.364723042] [upper_planner_node]: no valid preview interval at step=6; usable horizon=2 reason=3
[WARN] [1791408410.863063840] [upper_planner_node]: no valid preview interval at step=3; usable horizon=2 reason=3
[WARN] [1791408410.863354537] [upper_planner_node]: no valid preview interval at step=4; usable horizon=2 reason=3
[WARN] [1791408410.863486317] [upper_planner_node]: no valid preview interval at step=5; usable horizon=2 reason=3
[WARN] [1791408410.863607344] [upper_planner_node]: no valid preview interval at step=6; usable horizon=2 reason=3
[WARN] [1791408411.364647360] [upper_planner_node]: egocentric MIQP failed: status=DAQP direct corridor QP infeasible: tried=1 solve_ms=0.298; retaining last published path
[WARN] [1791408412.363286968] [upper_planner_node]: no valid interval at the measured k=0 state; retaining future horizon=6 reason=3
[WARN] [1791408412.365807684] [upper_planner_node]: egocentric MIQP failed: status=DAQP direct corridor QP infeasible: tried=1 solve_ms=0.338; retaining last published path
[WARN] [1791408412.862950046] [upper_planner_node]: no valid interval at the measured k=0 state; retaining future horizon=6 reason=3
[WARN] [1791408413.363849193] [upper_planner_node]: no valid interval at the measured k=0 state; retaining future horizon=6 reason=3
[WARN] [1791408413.863347530] [upper_planner_node]: no valid interval at the measured k=0 state; retaining future horizon=6 reason=3
[WARN] [1791408413.864922522] [upper_planner_node]: egocentric MIQP failed: status=DAQP direct corridor QP infeasible: tried=1 solve_ms=0.305; retaining last published path
[WARN] [1791408414.364380538] [upper_planner_node]: no valid interval at the measured k=0 state; retaining future horizon=6 reason=3
[WARN] [1791408414.862996544] [upper_planner_node]: no valid interval at the measured k=0 state; retaining future horizon=6 reason=3
[WARN] [1791408415.363156117] [upper_planner_node]: no valid interval at the measured k=0 state; retaining future horizon=6 reason=3
[WARN] [1791408415.364926923] [upper_planner_node]: egocentric MIQP failed: status=DAQP direct corridor QP infeasible: tried=1 solve_ms=0.285; retaining last published path
[WARN] [1791408415.863815097] [upper_planner_node]: no valid interval at the measured k=0 state; retaining future horizon=6 reason=3
[WARN] [1791408416.363331579] [upper_planner_node]: no valid interval at the measured k=0 state; retaining future horizon=6 reason=3
[WARN] [1791408416.365886153] [upper_planner_node]: egocentric MIQP failed: status=DAQP direct corridor QP infeasible: tried=1 solve_ms=0.307; retaining last published path
[WARN] [1791408416.863502416] [upper_planner_node]: no valid interval at the measured k=0 state; retaining future horizon=6 reason=3
[WARN] [1791408417.363513313] [upper_planner_node]: no valid interval at the measured k=0 state; retaining future horizon=6 reason=3
[WARN] [1791408417.367399927] [upper_planner_node]: egocentric MIQP failed: status=DAQP direct corridor QP infeasible: tried=1 solve_ms=0.353; retaining last published path
[WARN] [1791408417.863525617] [upper_planner_node]: no valid interval at the measured k=0 state; retaining future horizon=6 reason=3
[WARN] [1791408418.363274554] [upper_planner_node]: no valid interval at the measured k=0 state; retaining future horizon=6 reason=3
[WARN] [1791408418.863586963] [upper_planner_node]: no valid interval at the measured k=0 state; retaining future horizon=6 reason=3
[WARN] [1791408418.865571568] [upper_planner_node]: egocentric MIQP failed: status=DAQP direct corridor QP infeasible: tried=1 solve_ms=0.734; retaining last published path
[WARN] [1791408419.363584835] [upper_planner_node]: no valid interval at the measured k=0 state; retaining future horizon=6 reason=3
[WARN] [1791408419.863902749] [upper_planner_node]: no valid interval at the measured k=0 state; retaining future horizon=6 reason=3
[WARN] [1791408419.865856344] [upper_planner_node]: egocentric MIQP failed: status=DAQP direct corridor QP infeasible: tried=1 solve_ms=0.448; retaining last published path
[WARN] [1791408420.363689702] [upper_planner_node]: no valid interval at the measured k=0 state; retaining future horizon=6 reason=3
[WARN] [1791408420.865179620] [upper_planner_node]: no valid interval at the measured k=0 state; retaining future horizon=6 reason=3
[WARN] [1791408420.866873367] [upper_planner_node]: egocentric MIQP failed: status=DAQP direct corridor QP infeasible: tried=1 solve_ms=0.349; retaining last published path
[WARN] [1791408421.363574371] [upper_planner_node]: no valid interval at the measured k=0 state; retaining future horizon=6 reason=3
[WARN] [1791408421.863521745] [upper_planner_node]: no valid interval at the measured k=0 state; retaining future horizon=6 reason=3
[WARN] [1791408422.364295641] [upper_planner_node]: no valid interval at the measured k=0 state; retaining future horizon=6 reason=3
[WARN] [1791408422.366756035] [upper_planner_node]: egocentric MIQP failed: status=DAQP direct corridor QP infeasible: tried=1 solve_ms=0.342; retaining last published path
[WARN] [1791408422.863705975] [upper_planner_node]: no valid interval at the measured k=0 state; retaining future horizon=6 reason=3
[WARN] [1791408423.363488416] [upper_planner_node]: no valid interval at the measured k=0 state; retaining future horizon=6 reason=3
[WARN] [1791408423.863624372] [upper_planner_node]: no valid interval at the measured k=0 state; retaining future horizon=6 reason=3
[WARN] [1791408423.865352936] [upper_planner_node]: egocentric MIQP failed: status=DAQP direct corridor QP infeasible: tried=1 solve_ms=0.350; retaining last published path
[WARN] [1791408424.363853803] [upper_planner_node]: no valid interval at the measured k=0 state; retaining future horizon=6 reason=3
[WARN] [1791408424.865353352] [upper_planner_node]: no valid interval at the measured k=0 state; retaining future horizon=6 reason=3
[WARN] [1791408424.866304837] [upper_planner_node]: egocentric MIQP failed: status=DAQP direct corridor QP infeasible: tried=1 solve_ms=0.151; retaining last published path
[WARN] [1791408425.363675973] [upper_planner_node]: no valid interval at the measured k=0 state; retaining future horizon=6 reason=3
[WARN] [1791408425.864045728] [upper_planner_node]: no valid interval at the measured k=0 state; retaining future horizon=6 reason=3
[WARN] [1791408425.867496105] [upper_planner_node]: egocentric MIQP failed: status=DAQP direct corridor QP infeasible: tried=1 solve_ms=0.332; retaining last published path
[WARN] [1791408426.363904043] [upper_planner_node]: no valid interval at the measured k=0 state; retaining future horizon=6 reason=3
[WARN] [1791408426.863660916] [upper_planner_node]: no valid interval at the measured k=0 state; retaining future horizon=6 reason=3
[WARN] [1791408427.363722469] [upper_planner_node]: no valid interval at the measured k=0 state; retaining future horizon=6 reason=3
[WARN] [1791408427.365492827] [upper_planner_node]: egocentric MIQP failed: status=DAQP direct corridor QP infeasible: tried=1 solve_ms=0.317; retaining last published path
[WARN] [1791408427.863971932] [upper_planner_node]: no valid interval at the measured k=0 state; retaining future horizon=6 reason=3
[WARN] [1791408428.363887946] [upper_planner_node]: no valid interval at the measured k=0 state; retaining future horizon=6 reason=3
[WARN] [1791408428.365519835] [upper_planner_node]: egocentric MIQP failed: status=DAQP direct corridor QP infeasible: tried=1 solve_ms=0.301; retaining last published path
[WARN] [1791408428.864475819] [upper_planner_node]: no valid interval at the measured k=0 state; retaining future horizon=6 reason=3
[WARN] [1791408429.364257268] [upper_planner_node]: no valid interval at the measured k=0 state; retaining future horizon=6 reason=3
[WARN] [1791408429.366063691] [upper_planner_node]: egocentric MIQP failed: status=DAQP direct corridor QP infeasible: tried=1 solve_ms=0.331; retaining last published path
[WARN] [1791408429.864216131] [upper_planner_node]: no valid interval at the measured k=0 state; retaining future horizon=6 reason=3
[WARN] [1791408430.364237651] [upper_planner_node]: no valid interval at the measured k=0 state; retaining future horizon=6 reason=3
[WARN] [1791408430.366328850] [upper_planner_node]: egocentric MIQP failed: status=DAQP direct corridor QP infeasible: tried=1 solve_ms=0.317; retaining last published path
[WARN] [1791408430.863776084] [upper_planner_node]: no valid interval at the measured k=0 state; retaining future horizon=6 reason=3
[WARN] [1791408431.363436025] [upper_planner_node]: no valid interval at the measured k=0 state; retaining future horizon=6 reason=3
[WARN] [1791408431.863881911] [upper_planner_node]: no valid interval at the measured k=0 state; retaining future horizon=6 reason=3
[WARN] [1791408431.864621197] [upper_planner_node]: egocentric MIQP failed: status=DAQP direct corridor QP infeasible: tried=1 solve_ms=0.138; retaining last published path
[WARN] [1791408432.364357397] [upper_planner_node]: interval_diag step=3 reason=3 ref_body=(6.296,11.942) heading_deg=62.20 center_cell=(20,102) center_value=100 line_free=0 blocked=453 unknown=0 outside=1 longest_run=0 min_run=2 grid_free=294 zero=294 positive=16090 unknown=0 topic=/bev/occupancy_grid frame=Vehicle origin=(0.000,-20.000) origin_yaw_deg=0.00 size=128x128 res=0.3125 positive_is_drivable=0 threshold=1 waypoint_bias=0 previous=0
[WARN] [1791408432.364890149] [upper_planner_node]: no valid preview interval at step=3; usable horizon=2 reason=3
[WARN] [1791408432.365089579] [upper_planner_node]: no valid preview interval at step=4; usable horizon=2 reason=3
[WARN] [1791408432.365248976] [upper_planner_node]: no valid preview interval at step=5; usable horizon=2 reason=3
[WARN] [1791408432.365368915] [upper_planner_node]: horizon_diag configured=6 extent_limit=6 requested=6 usable=2 reserve=1 restore=1 step_m=4.500 previous=0
[WARN] [1791408433.366364625] [upper_planner_node]: egocentric MIQP failed: status=DAQP direct corridor QP infeasible: tried=9 solve_ms=0.723; retaining last published path
[INFO] [1791408433.660904820] [upper_planner_node]: mission cleared; awaiting path; revision=3
[INFO] [1791408433.757841210] [upper_planner_node]: reference path loaded from /navigation/global_path: 8 points frame=map waypoint_bias=disabled
[INFO] [1791408433.863642477] [upper_planner_node]: waypoint pair advanced: [0,1] -> [1,2]; previous reference retained
[INFO] [1791408441.864096496] [upper_planner_node]: waypoint pair advanced: [1,2] -> [2,3]; previous reference retained
[INFO] [1791408446.363844111] [upper_planner_node]: waypoint pair advanced: [2,3] -> [3,4]; previous reference retained
[INFO] [1791408450.864577419] [upper_planner_node]: waypoint pair advanced: [3,4] -> [4,5]; previous reference retained
[INFO] [1791408455.866114797] [upper_planner_node]: waypoint pair advanced: [4,5] -> [5,6]; previous reference retained
[INFO] [1791408460.364488798] [upper_planner_node]: waypoint pair advanced: [5,6] -> [6,7]; previous reference retained
[WARN] [1791408466.365540618] [upper_planner_node]: interval_diag step=6 reason=3 ref_body=(26.968,1.349) heading_deg=2.73 center_cell=(86,68) center_value=100 line_free=0 blocked=401 unknown=0 outside=1 longest_run=0 min_run=2 grid_free=2256 zero=2256 positive=14128 unknown=0 topic=/bev/occupancy_grid frame=Vehicle origin=(0.000,-20.000) origin_yaw_deg=0.00 size=128x128 res=0.3125 positive_is_drivable=0 threshold=1 waypoint_bias=0 previous=1
[WARN] [1791408466.366157821] [upper_planner_node]: no valid preview interval at step=6; usable horizon=5 reason=3
[WARN] [1791408466.366296129] [upper_planner_node]: horizon_diag configured=6 extent_limit=6 requested=6 usable=5 reserve=1 restore=1 step_m=4.500 previous=1
[WARN] [1791408466.865308081] [upper_planner_node]: no valid preview interval at step=6; usable horizon=5 reason=3
[WARN] [1791408467.365503909] [upper_planner_node]: no valid preview interval at step=5; usable horizon=4 reason=3
[WARN] [1791408467.366197946] [upper_planner_node]: no valid preview interval at step=6; usable horizon=4 reason=3
[WARN] [1791408467.867169478] [upper_planner_node]: no valid preview interval at step=5; usable horizon=4 reason=3
[WARN] [1791408467.867735831] [upper_planner_node]: no valid preview interval at step=6; usable horizon=4 reason=3
[WARN] [1791408468.364919119] [upper_planner_node]: no valid preview interval at step=4; usable horizon=3 reason=3
[WARN] [1791408468.365562819] [upper_planner_node]: no valid preview interval at step=5; usable horizon=3 reason=3
[WARN] [1791408468.365800490] [upper_planner_node]: interval_diag step=6 reason=3 ref_body=(27.000,-0.009) heading_deg=-0.02 center_cell=(86,63) center_value=100 line_free=0 blocked=401 unknown=0 outside=1 longest_run=0 min_run=2 grid_free=1350 zero=1350 positive=15034 unknown=0 topic=/bev/occupancy_grid frame=Vehicle origin=(0.000,-20.000) origin_yaw_deg=0.00 size=128x128 res=0.3125 positive_is_drivable=0 threshold=1 waypoint_bias=0 previous=0
[WARN] [1791408468.365966607] [upper_planner_node]: no valid preview interval at step=6; usable horizon=3 reason=3
[WARN] [1791408468.865331914] [upper_planner_node]: no valid preview interval at step=4; usable horizon=3 reason=3
[WARN] [1791408468.866004063] [upper_planner_node]: no valid preview interval at step=5; usable horizon=3 reason=3
[WARN] [1791408468.867073215] [upper_planner_node]: no valid preview interval at step=6; usable horizon=3 reason=3
[WARN] [1791408468.867816662] [upper_planner_node]: horizon_diag configured=6 extent_limit=6 requested=6 usable=3 reserve=1 restore=1 step_m=4.500 previous=0
[WARN] [1791408469.365395226] [upper_planner_node]: no valid preview interval at step=3; usable horizon=2 reason=3
[WARN] [1791408469.365985132] [upper_planner_node]: no valid preview interval at step=4; usable horizon=2 reason=3
[WARN] [1791408469.366244340] [upper_planner_node]: no valid preview interval at step=5; usable horizon=2 reason=3
[WARN] [1791408469.366427514] [upper_planner_node]: no valid preview interval at step=6; usable horizon=2 reason=3
[WARN] [1791408469.865022365] [upper_planner_node]: no valid preview interval at step=2; usable horizon=1 reason=3
[WARN] [1791408469.865408969] [upper_planner_node]: no valid preview interval at step=3; usable horizon=1 reason=3
[WARN] [1791408469.865606255] [upper_planner_node]: no valid preview interval at step=4; usable horizon=1 reason=3
[WARN] [1791408469.865794644] [upper_planner_node]: no valid preview interval at step=5; usable horizon=1 reason=3
[WARN] [1791408469.865978650] [upper_planner_node]: no valid preview interval at step=6; usable horizon=1 reason=3
[WARN] [1791408470.366501368] [upper_planner_node]: egocentric MIQP failed: status=DAQP direct corridor QP infeasible: tried=1 solve_ms=0.295; retaining last published path
[WARN] [1791408471.365168075] [upper_planner_node]: no valid interval at the measured k=0 state; retaining future horizon=6 reason=3
[WARN] [1791408471.367047109] [upper_planner_node]: egocentric MIQP failed: status=DAQP direct corridor QP infeasible: tried=1 solve_ms=0.322; retaining last published path
[WARN] [1791408471.865149177] [upper_planner_node]: no valid interval at the measured k=0 state; retaining future horizon=6 reason=3
[WARN] [1791408472.365485969] [upper_planner_node]: no valid interval at the measured k=0 state; retaining future horizon=6 reason=3
[WARN] [1791408472.367302792] [upper_planner_node]: egocentric MIQP failed: status=DAQP direct corridor QP infeasible: tried=1 solve_ms=0.318; retaining last published path
[WARN] [1791408472.865086163] [upper_planner_node]: no valid interval at the measured k=0 state; retaining future horizon=6 reason=3
[WARN] [1791408473.365203780] [upper_planner_node]: no valid interval at the measured k=0 state; retaining future horizon=6 reason=3
[WARN] [1791408473.865033613] [upper_planner_node]: no valid interval at the measured k=0 state; retaining future horizon=6 reason=3
[WARN] [1791408473.866857989] [upper_planner_node]: egocentric MIQP failed: status=DAQP direct corridor QP infeasible: tried=1 solve_ms=0.360; retaining last published path
[WARN] [1791408474.365229697] [upper_planner_node]: no valid interval at the measured k=0 state; retaining future horizon=6 reason=3
[WARN] [1791408474.866466676] [upper_planner_node]: no valid interval at the measured k=0 state; retaining future horizon=6 reason=3
[WARN] [1791408474.868230474] [upper_planner_node]: egocentric MIQP failed: status=DAQP direct corridor QP infeasible: tried=1 solve_ms=0.328; retaining last published path
[WARN] [1791408475.365447747] [upper_planner_node]: no valid interval at the measured k=0 state; retaining future horizon=6 reason=3
[WARN] [1791408475.865443153] [upper_planner_node]: no valid interval at the measured k=0 state; retaining future horizon=6 reason=3
[WARN] [1791408476.365191703] [upper_planner_node]: no valid interval at the measured k=0 state; retaining future horizon=6 reason=3
[WARN] [1791408476.367062448] [upper_planner_node]: egocentric MIQP failed: status=DAQP direct corridor QP infeasible: tried=1 solve_ms=0.369; retaining last published path
[WARN] [1791408476.865436684] [upper_planner_node]: no valid interval at the measured k=0 state; retaining future horizon=6 reason=3
[WARN] [1791408477.365394585] [upper_planner_node]: no valid interval at the measured k=0 state; retaining future horizon=6 reason=3
[WARN] [1791408477.367136462] [upper_planner_node]: egocentric MIQP failed: status=DAQP direct corridor QP infeasible: tried=1 solve_ms=0.315; retaining last published path
[WARN] [1791408477.864919448] [upper_planner_node]: no valid interval at the measured k=0 state; retaining future horizon=6 reason=3
[WARN] [1791408478.365435830] [upper_planner_node]: no valid interval at the measured k=0 state; retaining future horizon=6 reason=3
[WARN] [1791408478.367186379] [upper_planner_node]: egocentric MIQP failed: status=DAQP direct corridor QP infeasible: tried=1 solve_ms=0.321; retaining last published path
[WARN] [1791408478.865451972] [upper_planner_node]: no valid interval at the measured k=0 state; retaining future horizon=6 reason=3
[WARN] [1791408479.365391120] [upper_planner_node]: no valid interval at the measured k=0 state; retaining future horizon=6 reason=3
[WARN] [1791408479.864984465] [upper_planner_node]: no valid interval at the measured k=0 state; retaining future horizon=6 reason=3
[WARN] [1791408479.865835435] [upper_planner_node]: egocentric MIQP failed: status=DAQP direct corridor QP infeasible: tried=1 solve_ms=0.144; retaining last published path
[WARN] [1791408480.365206214] [upper_planner_node]: no valid interval at the measured k=0 state; retaining future horizon=6 reason=3
[WARN] [1791408480.865814118] [upper_planner_node]: no valid interval at the measured k=0 state; retaining future horizon=6 reason=3
[WARN] [1791408480.875916793] [upper_planner_node]: egocentric MIQP failed: status=DAQP direct corridor QP infeasible: tried=1 solve_ms=1.348; retaining last published path
[WARN] [1791408481.365470025] [upper_planner_node]: no valid interval at the measured k=0 state; retaining future horizon=6 reason=3
[WARN] [1791408481.865603675] [upper_planner_node]: no valid interval at the measured k=0 state; retaining future horizon=6 reason=3
[WARN] [1791408482.365583368] [upper_planner_node]: no valid interval at the measured k=0 state; retaining future horizon=6 reason=3
[WARN] [1791408482.367192281] [upper_planner_node]: egocentric MIQP failed: status=DAQP direct corridor QP infeasible: tried=1 solve_ms=0.294; retaining last published path
[WARN] [1791408482.865416464] [upper_planner_node]: no valid interval at the measured k=0 state; retaining future horizon=6 reason=3
[WARN] [1791408483.365848363] [upper_planner_node]: no valid interval at the measured k=0 state; retaining future horizon=6 reason=3
[WARN] [1791408483.371183373] [upper_planner_node]: egocentric MIQP failed: status=DAQP direct corridor QP infeasible: tried=1 solve_ms=0.358; retaining last published path
[WARN] [1791408483.865592593] [upper_planner_node]: no valid interval at the measured k=0 state; retaining future horizon=6 reason=3
[WARN] [1791408484.365164209] [upper_planner_node]: no valid interval at the measured k=0 state; retaining future horizon=6 reason=3
[WARN] [1791408484.865597484] [upper_planner_node]: no valid interval at the measured k=0 state; retaining future horizon=6 reason=3
[WARN] [1791408484.869370975] [upper_planner_node]: egocentric MIQP failed: status=DAQP direct corridor QP infeasible: tried=1 solve_ms=0.291; retaining last published path
[WARN] [1791408485.365773375] [upper_planner_node]: no valid interval at the measured k=0 state; retaining future horizon=6 reason=3
[WARN] [1791408485.865195899] [upper_planner_node]: no valid interval at the measured k=0 state; retaining future horizon=6 reason=3
[WARN] [1791408486.365887901] [upper_planner_node]: no valid interval at the measured k=0 state; retaining future horizon=6 reason=3
[WARN] [1791408486.366941789] [upper_planner_node]: egocentric MIQP failed: status=DAQP direct corridor QP infeasible: tried=1 solve_ms=0.168; retaining last published path
[WARN] [1791408486.865626723] [upper_planner_node]: no valid interval at the measured k=0 state; retaining future horizon=6 reason=3
[WARN] [1791408487.365220804] [upper_planner_node]: no valid interval at the measured k=0 state; retaining future horizon=6 reason=3
[WARN] [1791408487.865633630] [upper_planner_node]: no valid interval at the measured k=0 state; retaining future horizon=6 reason=3
[WARN] [1791408487.867370194] [upper_planner_node]: egocentric MIQP failed: status=DAQP direct corridor QP infeasible: tried=1 solve_ms=0.321; retaining last published path
[WARN] [1791408488.365746926] [upper_planner_node]: no valid interval at the measured k=0 state; retaining future horizon=6 reason=3
[WARN] [1791408488.865437522] [upper_planner_node]: no valid interval at the measured k=0 state; retaining future horizon=6 reason=3
[WARN] [1791408488.868626963] [upper_planner_node]: egocentric MIQP failed: status=DAQP direct corridor QP infeasible: tried=1 solve_ms=0.333; retaining last published path
[WARN] [1791408489.365695240] [upper_planner_node]: no valid interval at the measured k=0 state; retaining future horizon=6 reason=3
[WARN] [1791408489.865634963] [upper_planner_node]: no valid interval at the measured k=0 state; retaining future horizon=6 reason=3
[WARN] [1791408489.870704365] [upper_planner_node]: egocentric MIQP failed: status=DAQP direct corridor QP infeasible: tried=1 solve_ms=1.163; retaining last published path
[WARN] [1791408490.365785957] [upper_planner_node]: no valid interval at the measured k=0 state; retaining future horizon=6 reason=3
[WARN] [1791408490.865911478] [upper_planner_node]: no valid interval at the measured k=0 state; retaining future horizon=6 reason=3
[WARN] [1791408491.366889889] [upper_planner_node]: egocentric MIQP failed: status=DAQP direct corridor QP infeasible: tried=9 solve_ms=0.564; retaining last published path
[INFO] [1791408492.357179028] [upper_planner_node]: mission cleared; awaiting path; revision=5
[WARN] [1791408492.365007266] [upper_planner_node]: planner waiting for global path
[INFO] [1791408492.459749285] [upper_planner_node]: reference path loaded from /navigation/global_path: 8 points frame=map waypoint_bias=disabled
[INFO] [1791408492.865535296] [upper_planner_node]: waypoint pair advanced: [0,1] -> [1,2]; previous reference retained
[INFO] [1791408500.365583046] [upper_planner_node]: waypoint pair advanced: [1,2] -> [2,3]; previous reference retained
[INFO] [1791408504.865977669] [upper_planner_node]: waypoint pair advanced: [2,3] -> [3,4]; previous reference retained
[INFO] [1791408509.365837908] [upper_planner_node]: waypoint pair advanced: [3,4] -> [4,5]; previous reference retained
[INFO] [1791408514.366142330] [upper_planner_node]: waypoint pair advanced: [4,5] -> [5,6]; previous reference retained
[INFO] [1791408518.866918690] [upper_planner_node]: waypoint pair advanced: [5,6] -> [6,7]; previous reference retained
[WARN] [1791408524.867435972] [upper_planner_node]: interval_diag step=6 reason=3 ref_body=(26.944,-0.748) heading_deg=-2.18 center_cell=(86,61) center_value=100 line_free=0 blocked=401 unknown=0 outside=1 longest_run=0 min_run=2 grid_free=2165 zero=2165 positive=14219 unknown=0 topic=/bev/occupancy_grid frame=Vehicle origin=(0.000,-20.000) origin_yaw_deg=0.00 size=128x128 res=0.3125 positive_is_drivable=0 threshold=1 waypoint_bias=0 previous=1
[WARN] [1791408524.868021302] [upper_planner_node]: no valid preview interval at step=6; usable horizon=5 reason=3
[WARN] [1791408524.868145082] [upper_planner_node]: horizon_diag configured=6 extent_limit=6 requested=6 usable=5 reserve=1 restore=1 step_m=4.500 previous=1
[WARN] [1791408525.367142503] [upper_planner_node]: no valid preview interval at step=6; usable horizon=5 reason=3
[WARN] [1791408525.866674949] [upper_planner_node]: no valid preview interval at step=5; usable horizon=4 reason=3
[WARN] [1791408525.866976270] [upper_planner_node]: no valid preview interval at step=6; usable horizon=4 reason=3
[WARN] [1791408526.366715570] [upper_planner_node]: no valid preview interval at step=5; usable horizon=4 reason=3
[WARN] [1791408526.367036988] [upper_planner_node]: no valid preview interval at step=6; usable horizon=4 reason=3
[WARN] [1791408526.867413684] [upper_planner_node]: no valid preview interval at step=4; usable horizon=3 reason=3
[WARN] [1791408526.867929827] [upper_planner_node]: interval_diag step=5 reason=3 ref_body=(22.435,-1.715) heading_deg=-4.37 center_cell=(71,58) center_value=100 line_free=0 blocked=402 unknown=0 outside=1 longest_run=0 min_run=2 grid_free=1265 zero=1265 positive=15119 unknown=0 topic=/bev/occupancy_grid frame=Vehicle origin=(0.000,-20.000) origin_yaw_deg=0.00 size=128x128 res=0.3125 positive_is_drivable=0 threshold=1 waypoint_bias=0 previous=0
[WARN] [1791408526.868080904] [upper_planner_node]: no valid preview interval at step=5; usable horizon=3 reason=3
[WARN] [1791408526.868229869] [upper_planner_node]: no valid preview interval at step=6; usable horizon=3 reason=3
[WARN] [1791408526.868327055] [upper_planner_node]: horizon_diag configured=6 extent_limit=6 requested=6 usable=3 reserve=1 restore=1 step_m=4.500 previous=0
[WARN] [1791408527.366799853] [upper_planner_node]: no valid preview interval at step=3; usable horizon=2 reason=3
[WARN] [1791408527.367154520] [upper_planner_node]: no valid preview interval at step=4; usable horizon=2 reason=3
[WARN] [1791408527.367338749] [upper_planner_node]: no valid preview interval at step=5; usable horizon=2 reason=3
[WARN] [1791408527.367504994] [upper_planner_node]: no valid preview interval at step=6; usable horizon=2 reason=3
[WARN] [1791408527.867104418] [upper_planner_node]: no valid preview interval at step=3; usable horizon=2 reason=3
[WARN] [1791408527.867637683] [upper_planner_node]: no valid preview interval at step=4; usable horizon=2 reason=3
[WARN] [1791408527.867851193] [upper_planner_node]: no valid preview interval at step=5; usable horizon=2 reason=3
[WARN] [1791408527.868047231] [upper_planner_node]: no valid preview interval at step=6; usable horizon=2 reason=3
[WARN] [1791408528.366735683] [upper_planner_node]: no valid preview interval at step=2; usable horizon=1 reason=3
[WARN] [1791408528.367159376] [upper_planner_node]: no valid preview interval at step=3; usable horizon=1 reason=3
[WARN] [1791408528.367361750] [upper_planner_node]: no valid preview interval at step=4; usable horizon=1 reason=3
[WARN] [1791408528.367530555] [upper_planner_node]: no valid preview interval at step=5; usable horizon=1 reason=3
[WARN] [1791408528.367679072] [upper_planner_node]: no valid preview interval at step=6; usable horizon=1 reason=3
[WARN] [1791408528.868411426] [upper_planner_node]: egocentric MIQP failed: status=DAQP direct corridor QP infeasible: tried=1 solve_ms=0.313; retaining last published path
[WARN] [1791408529.866890732] [upper_planner_node]: no valid interval at the measured k=0 state; retaining future horizon=6 reason=3
[WARN] [1791408529.868607424] [upper_planner_node]: egocentric MIQP failed: status=DAQP direct corridor QP infeasible: tried=1 solve_ms=0.310; retaining last published path
[WARN] [1791408530.367009499] [upper_planner_node]: no valid interval at the measured k=0 state; retaining future horizon=6 reason=3
[WARN] [1791408530.866765824] [upper_planner_node]: no valid interval at the measured k=0 state; retaining future horizon=6 reason=3
[WARN] [1791408531.367152152] [upper_planner_node]: no valid interval at the measured k=0 state; retaining future horizon=6 reason=3
[WARN] [1791408531.368978735] [upper_planner_node]: egocentric MIQP failed: status=DAQP direct corridor QP infeasible: tried=1 solve_ms=0.358; retaining last published path
[WARN] [1791408531.867236326] [upper_planner_node]: no valid interval at the measured k=0 state; retaining future horizon=6 reason=3
[WARN] [1791408532.367101934] [upper_planner_node]: no valid interval at the measured k=0 state; retaining future horizon=6 reason=3
[WARN] [1791408532.369715357] [upper_planner_node]: egocentric MIQP failed: status=DAQP direct corridor QP infeasible: tried=1 solve_ms=0.337; retaining last published path
[WARN] [1791408532.866662252] [upper_planner_node]: no valid interval at the measured k=0 state; retaining future horizon=6 reason=3
[WARN] [1791408533.367151751] [upper_planner_node]: no valid interval at the measured k=0 state; retaining future horizon=6 reason=3
[WARN] [1791408533.867040751] [upper_planner_node]: no valid interval at the measured k=0 state; retaining future horizon=6 reason=3
[WARN] [1791408533.869476250] [upper_planner_node]: egocentric MIQP failed: status=DAQP direct corridor QP infeasible: tried=1 solve_ms=0.321; retaining last published path
[WARN] [1791408534.367097629] [upper_planner_node]: no valid interval at the measured k=0 state; retaining future horizon=6 reason=3
[WARN] [1791408534.866772351] [upper_planner_node]: no valid interval at the measured k=0 state; retaining future horizon=6 reason=3
[WARN] [1791408535.367060307] [upper_planner_node]: no valid interval at the measured k=0 state; retaining future horizon=6 reason=3
[WARN] [1791408535.368975022] [upper_planner_node]: egocentric MIQP failed: status=DAQP direct corridor QP infeasible: tried=1 solve_ms=0.396; retaining last published path
[WARN] [1791408535.868063294] [upper_planner_node]: no valid interval at the measured k=0 state; retaining future horizon=6 reason=3
[WARN] [1791408536.367523449] [upper_planner_node]: no valid interval at the measured k=0 state; retaining future horizon=6 reason=3
[WARN] [1791408536.369298319] [upper_planner_node]: egocentric MIQP failed: status=DAQP direct corridor QP infeasible: tried=1 solve_ms=0.338; retaining last published path
[WARN] [1791408536.867935057] [upper_planner_node]: no valid interval at the measured k=0 state; retaining future horizon=6 reason=3
[WARN] [1791408537.367187494] [upper_planner_node]: no valid interval at the measured k=0 state; retaining future horizon=6 reason=3
[WARN] [1791408537.866957611] [upper_planner_node]: no valid interval at the measured k=0 state; retaining future horizon=6 reason=3
[WARN] [1791408537.868592509] [upper_planner_node]: egocentric MIQP failed: status=DAQP direct corridor QP infeasible: tried=1 solve_ms=0.330; retaining last published path
[WARN] [1791408538.367204382] [upper_planner_node]: no valid interval at the measured k=0 state; retaining future horizon=6 reason=3
[WARN] [1791408538.866772701] [upper_planner_node]: no valid interval at the measured k=0 state; retaining future horizon=6 reason=3
[WARN] [1791408539.367223894] [upper_planner_node]: no valid interval at the measured k=0 state; retaining future horizon=6 reason=3
[WARN] [1791408539.368973579] [upper_planner_node]: egocentric MIQP failed: status=DAQP direct corridor QP infeasible: tried=1 solve_ms=0.319; retaining last published path
[WARN] [1791408539.867253859] [upper_planner_node]: no valid interval at the measured k=0 state; retaining future horizon=6 reason=3
[WARN] [1791408540.367360785] [upper_planner_node]: no valid interval at the measured k=0 state; retaining future horizon=6 reason=3
[WARN] [1791408540.370538162] [upper_planner_node]: egocentric MIQP failed: status=DAQP direct corridor QP infeasible: tried=1 solve_ms=0.521; retaining last published path
[WARN] [1791408540.867261658] [upper_planner_node]: no valid interval at the measured k=0 state; retaining future horizon=6 reason=3
[WARN] [1791408541.367425611] [upper_planner_node]: no valid interval at the measured k=0 state; retaining future horizon=6 reason=3
[WARN] [1791408541.866932039] [upper_planner_node]: no valid interval at the measured k=0 state; retaining future horizon=6 reason=3
[WARN] [1791408541.867962214] [upper_planner_node]: egocentric MIQP failed: status=DAQP direct corridor QP infeasible: tried=1 solve_ms=0.177; retaining last published path
[WARN] [1791408542.367268957] [upper_planner_node]: no valid interval at the measured k=0 state; retaining future horizon=6 reason=3
[WARN] [1791408542.867375340] [upper_planner_node]: no valid interval at the measured k=0 state; retaining future horizon=6 reason=3
[WARN] [1791408542.869021502] [upper_planner_node]: egocentric MIQP failed: status=DAQP direct corridor QP infeasible: tried=1 solve_ms=0.304; retaining last published path
[WARN] [1791408543.368240274] [upper_planner_node]: no valid interval at the measured k=0 state; retaining future horizon=6 reason=3
[WARN] [1791408543.867248095] [upper_planner_node]: no valid interval at the measured k=0 state; retaining future horizon=6 reason=3
[WARN] [1791408544.367005795] [upper_planner_node]: no valid interval at the measured k=0 state; retaining future horizon=6 reason=3
[WARN] [1791408544.367984001] [upper_planner_node]: egocentric MIQP failed: status=DAQP direct corridor QP infeasible: tried=1 solve_ms=0.161; retaining last published path
[WARN] [1791408544.867355353] [upper_planner_node]: no valid interval at the measured k=0 state; retaining future horizon=6 reason=3
[WARN] [1791408545.367522666] [upper_planner_node]: no valid interval at the measured k=0 state; retaining future horizon=6 reason=3
[WARN] [1791408545.369251134] [upper_planner_node]: egocentric MIQP failed: status=DAQP direct corridor QP infeasible: tried=1 solve_ms=0.320; retaining last published path
[WARN] [1791408545.867465779] [upper_planner_node]: no valid interval at the measured k=0 state; retaining future horizon=6 reason=3
[WARN] [1791408546.367499968] [upper_planner_node]: no valid interval at the measured k=0 state; retaining future horizon=6 reason=3
[WARN] [1791408546.867523596] [upper_planner_node]: no valid interval at the measured k=0 state; retaining future horizon=6 reason=3
[WARN] [1791408546.869079803] [upper_planner_node]: egocentric MIQP failed: status=DAQP direct corridor QP infeasible: tried=1 solve_ms=0.312; retaining last published path
[WARN] [1791408547.367832289] [upper_planner_node]: no valid interval at the measured k=0 state; retaining future horizon=6 reason=3
[WARN] [1791408547.867194809] [upper_planner_node]: no valid interval at the measured k=0 state; retaining future horizon=6 reason=3
[WARN] [1791408548.367410507] [upper_planner_node]: no valid interval at the measured k=0 state; retaining future horizon=6 reason=3
[WARN] [1791408548.373124568] [upper_planner_node]: egocentric MIQP failed: status=DAQP direct corridor QP infeasible: tried=1 solve_ms=0.351; retaining last published path
[WARN] [1791408548.867408182] [upper_planner_node]: no valid interval at the measured k=0 state; retaining future horizon=6 reason=3
[WARN] [1791408549.869234756] [upper_planner_node]: egocentric MIQP failed: status=DAQP direct corridor QP infeasible: tried=8 solve_ms=0.534; retaining last published path
[INFO] [1791408550.357811924] [upper_planner_node]: mission cleared; awaiting path; revision=7
[WARN] [1791408550.367123087] [upper_planner_node]: planner waiting for global path
[INFO] [1791408550.467622465] [upper_planner_node]: reference path loaded from /navigation/global_path: 8 points frame=map waypoint_bias=disabled
[INFO] [1791408550.867476517] [upper_planner_node]: waypoint pair advanced: [0,1] -> [1,2]; previous reference retained
[INFO] [1791408558.368132768] [upper_planner_node]: waypoint pair advanced: [1,2] -> [2,3]; previous reference retained
[INFO] [1791408562.867944125] [upper_planner_node]: waypoint pair advanced: [2,3] -> [3,4]; previous reference retained
[INFO] [1791408567.367929982] [upper_planner_node]: waypoint pair advanced: [3,4] -> [4,5]; previous reference retained
[INFO] [1791408572.367988651] [upper_planner_node]: waypoint pair advanced: [4,5] -> [5,6]; previous reference retained
[INFO] [1791408576.868101901] [upper_planner_node]: waypoint pair advanced: [5,6] -> [6,7]; previous reference retained
[WARN] [1791408582.368941625] [upper_planner_node]: interval_diag step=6 reason=3 ref_body=(26.981,1.006) heading_deg=1.92 center_cell=(86,67) center_value=100 line_free=0 blocked=401 unknown=0 outside=1 longest_run=0 min_run=2 grid_free=2233 zero=2233 positive=14151 unknown=0 topic=/bev/occupancy_grid frame=Vehicle origin=(0.000,-20.000) origin_yaw_deg=0.00 size=128x128 res=0.3125 positive_is_drivable=0 threshold=1 waypoint_bias=0 previous=1
[WARN] [1791408582.369492714] [upper_planner_node]: no valid preview interval at step=6; usable horizon=5 reason=3
[WARN] [1791408582.369614605] [upper_planner_node]: horizon_diag configured=6 extent_limit=6 requested=6 usable=5 reserve=1 restore=1 step_m=4.500 previous=1
[WARN] [1791408582.869172554] [upper_planner_node]: no valid preview interval at step=6; usable horizon=5 reason=3
[WARN] [1791408583.368479711] [upper_planner_node]: no valid preview interval at step=5; usable horizon=4 reason=3
[WARN] [1791408583.369646787] [upper_planner_node]: no valid preview interval at step=6; usable horizon=4 reason=3
[WARN] [1791408583.869141950] [upper_planner_node]: no valid preview interval at step=5; usable horizon=4 reason=3
[WARN] [1791408583.869732624] [upper_planner_node]: no valid preview interval at step=6; usable horizon=4 reason=3
[WARN] [1791408584.368530005] [upper_planner_node]: no valid preview interval at step=4; usable horizon=3 reason=3
[WARN] [1791408584.368928098] [upper_planner_node]: no valid preview interval at step=5; usable horizon=3 reason=3
[WARN] [1791408584.369151176] [upper_planner_node]: interval_diag step=6 reason=3 ref_body=(26.999,0.206) heading_deg=0.44 center_cell=(86,64) center_value=100 line_free=0 blocked=401 unknown=0 outside=1 longest_run=0 min_run=2 grid_free=1298 zero=1298 positive=15086 unknown=0 topic=/bev/occupancy_grid frame=Vehicle origin=(0.000,-20.000) origin_yaw_deg=0.00 size=128x128 res=0.3125 positive_is_drivable=0 threshold=1 waypoint_bias=0 previous=0
[WARN] [1791408584.369288653] [upper_planner_node]: no valid preview interval at step=6; usable horizon=3 reason=3
[WARN] [1791408584.868798472] [upper_planner_node]: no valid preview interval at step=4; usable horizon=3 reason=3
[WARN] [1791408584.869079248] [upper_planner_node]: no valid preview interval at step=5; usable horizon=3 reason=3
[WARN] [1791408584.869209204] [upper_planner_node]: no valid preview interval at step=6; usable horizon=3 reason=3
[WARN] [1791408584.869252214] [upper_planner_node]: horizon_diag configured=6 extent_limit=6 requested=6 usable=3 reserve=1 restore=1 step_m=4.500 previous=0
[WARN] [1791408585.368946775] [upper_planner_node]: no valid preview interval at step=3; usable horizon=2 reason=3
[WARN] [1791408585.369580554] [upper_planner_node]: no valid preview interval at step=4; usable horizon=2 reason=3
[WARN] [1791408585.369780272] [upper_planner_node]: no valid preview interval at step=5; usable horizon=2 reason=3
[WARN] [1791408585.369950389] [upper_planner_node]: no valid preview interval at step=6; usable horizon=2 reason=3
[WARN] [1791408585.868390288] [upper_planner_node]: no valid preview interval at step=2; usable horizon=1 reason=3
[WARN] [1791408585.868743419] [upper_planner_node]: no valid preview interval at step=3; usable horizon=1 reason=3
[WARN] [1791408585.868934688] [upper_planner_node]: no valid preview interval at step=4; usable horizon=1 reason=3
[WARN] [1791408585.869146119] [upper_planner_node]: no valid preview interval at step=5; usable horizon=1 reason=3
[WARN] [1791408585.869329164] [upper_planner_node]: no valid preview interval at step=6; usable horizon=1 reason=3
[WARN] [1791408586.370108846] [upper_planner_node]: egocentric MIQP failed: status=DAQP direct corridor QP infeasible: tried=1 solve_ms=0.345; retaining last published path
[WARN] [1791408586.868830802] [upper_planner_node]: no valid interval at the measured k=0 state; retaining future horizon=6 reason=3
[WARN] [1791408587.368595989] [upper_planner_node]: no valid interval at the measured k=0 state; retaining future horizon=6 reason=3
[WARN] [1791408587.370440109] [upper_planner_node]: egocentric MIQP failed: status=DAQP direct corridor QP infeasible: tried=1 solve_ms=0.323; retaining last published path
[WARN] [1791408587.868338775] [upper_planner_node]: no valid interval at the measured k=0 state; retaining future horizon=6 reason=3
[WARN] [1791408588.368668299] [upper_planner_node]: no valid interval at the measured k=0 state; retaining future horizon=6 reason=3
[WARN] [1791408588.370500323] [upper_planner_node]: egocentric MIQP failed: status=DAQP direct corridor QP infeasible: tried=1 solve_ms=0.328; retaining last published path
[WARN] [1791408588.868798905] [upper_planner_node]: no valid interval at the measured k=0 state; retaining future horizon=6 reason=3
[WARN] [1791408589.368763874] [upper_planner_node]: no valid interval at the measured k=0 state; retaining future horizon=6 reason=3
[WARN] [1791408589.370538552] [upper_planner_node]: egocentric MIQP failed: status=DAQP direct corridor QP infeasible: tried=1 solve_ms=0.322; retaining last published path
[WARN] [1791408589.868706507] [upper_planner_node]: no valid interval at the measured k=0 state; retaining future horizon=6 reason=3
[WARN] [1791408590.368841721] [upper_planner_node]: no valid interval at the measured k=0 state; retaining future horizon=6 reason=3
[WARN] [1791408590.370715570] [upper_planner_node]: egocentric MIQP failed: status=DAQP direct corridor QP infeasible: tried=1 solve_ms=0.371; retaining last published path
[WARN] [1791408590.868554138] [upper_planner_node]: no valid interval at the measured k=0 state; retaining future horizon=6 reason=3
[WARN] [1791408591.368904079] [upper_planner_node]: no valid interval at the measured k=0 state; retaining future horizon=6 reason=3
[WARN] [1791408591.868810998] [upper_planner_node]: no valid interval at the measured k=0 state; retaining future horizon=6 reason=3
[WARN] [1791408591.870765393] [upper_planner_node]: egocentric MIQP failed: status=DAQP direct corridor QP infeasible: tried=1 solve_ms=0.331; retaining last published path
[WARN] [1791408592.369603608] [upper_planner_node]: no valid interval at the measured k=0 state; retaining future horizon=6 reason=3
[WARN] [1791408592.868878828] [upper_planner_node]: no valid interval at the measured k=0 state; retaining future horizon=6 reason=3
[WARN] [1791408593.368830388] [upper_planner_node]: no valid interval at the measured k=0 state; retaining future horizon=6 reason=3
[WARN] [1791408593.370528872] [upper_planner_node]: egocentric MIQP failed: status=DAQP direct corridor QP infeasible: tried=1 solve_ms=0.307; retaining last published path
[WARN] [1791408593.868802110] [upper_planner_node]: no valid interval at the measured k=0 state; retaining future horizon=6 reason=3
[WARN] [1791408594.368907339] [upper_planner_node]: no valid interval at the measured k=0 state; retaining future horizon=6 reason=3
[WARN] [1791408594.370599646] [upper_planner_node]: egocentric MIQP failed: status=DAQP direct corridor QP infeasible: tried=1 solve_ms=0.291; retaining last published path
[WARN] [1791408594.868597931] [upper_planner_node]: no valid interval at the measured k=0 state; retaining future horizon=6 reason=3
[WARN] [1791408595.368490930] [upper_planner_node]: no valid interval at the measured k=0 state; retaining future horizon=6 reason=3
[WARN] [1791408595.869207762] [upper_planner_node]: no valid interval at the measured k=0 state; retaining future horizon=6 reason=3
[WARN] [1791408595.870862596] [upper_planner_node]: egocentric MIQP failed: status=DAQP direct corridor QP infeasible: tried=1 solve_ms=0.370; retaining last published path
[WARN] [1791408596.368935795] [upper_planner_node]: no valid interval at the measured k=0 state; retaining future horizon=6 reason=3
[WARN] [1791408596.868954142] [upper_planner_node]: no valid interval at the measured k=0 state; retaining future horizon=6 reason=3
[WARN] [1791408596.871448010] [upper_planner_node]: egocentric MIQP failed: status=DAQP direct corridor QP infeasible: tried=1 solve_ms=0.330; retaining last published path
[WARN] [1791408597.368913222] [upper_planner_node]: no valid interval at the measured k=0 state; retaining future horizon=6 reason=3
[WARN] [1791408597.869040180] [upper_planner_node]: no valid interval at the measured k=0 state; retaining future horizon=6 reason=3
[WARN] [1791408598.368643570] [upper_planner_node]: no valid interval at the measured k=0 state; retaining future horizon=6 reason=3
[WARN] [1791408598.369438186] [upper_planner_node]: egocentric MIQP failed: status=DAQP direct corridor QP infeasible: tried=1 solve_ms=0.143; retaining last published path
[WARN] [1791408598.869077705] [upper_planner_node]: no valid interval at the measured k=0 state; retaining future horizon=6 reason=3
[WARN] [1791408599.369235863] [upper_planner_node]: no valid interval at the measured k=0 state; retaining future horizon=6 reason=3
[WARN] [1791408599.372085390] [upper_planner_node]: egocentric MIQP failed: status=DAQP direct corridor QP infeasible: tried=1 solve_ms=0.328; retaining last published path
[WARN] [1791408599.868981274] [upper_planner_node]: no valid interval at the measured k=0 state; retaining future horizon=6 reason=3
[WARN] [1791408600.369012292] [upper_planner_node]: no valid interval at the measured k=0 state; retaining future horizon=6 reason=3
[WARN] [1791408600.869524702] [upper_planner_node]: no valid interval at the measured k=0 state; retaining future horizon=6 reason=3
[WARN] [1791408600.871221073] [upper_planner_node]: egocentric MIQP failed: status=DAQP direct corridor QP infeasible: tried=1 solve_ms=0.340; retaining last published path
[WARN] [1791408601.369838129] [upper_planner_node]: no valid interval at the measured k=0 state; retaining future horizon=6 reason=3
[WARN] [1791408601.869121861] [upper_planner_node]: no valid interval at the measured k=0 state; retaining future horizon=6 reason=3
[WARN] [1791408602.369204849] [upper_planner_node]: no valid interval at the measured k=0 state; retaining future horizon=6 reason=3
[WARN] [1791408602.371100715] [upper_planner_node]: egocentric MIQP failed: status=DAQP direct corridor QP infeasible: tried=1 solve_ms=0.411; retaining last published path
[WARN] [1791408602.869179610] [upper_planner_node]: no valid interval at the measured k=0 state; retaining future horizon=6 reason=3
[WARN] [1791408603.369001118] [upper_planner_node]: no valid interval at the measured k=0 state; retaining future horizon=6 reason=3
[WARN] [1791408603.869076778] [upper_planner_node]: no valid interval at the measured k=0 state; retaining future horizon=6 reason=3
[WARN] [1791408603.870737277] [upper_planner_node]: egocentric MIQP failed: status=DAQP direct corridor QP infeasible: tried=1 solve_ms=0.396; retaining last published path
[WARN] [1791408604.368776907] [upper_planner_node]: no valid interval at the measured k=0 state; retaining future horizon=6 reason=3
[WARN] [1791408604.869286116] [upper_planner_node]: no valid interval at the measured k=0 state; retaining future horizon=6 reason=3
[WARN] [1791408604.870846355] [upper_planner_node]: egocentric MIQP failed: status=DAQP direct corridor QP infeasible: tried=1 solve_ms=0.335; retaining last published path
[WARN] [1791408605.369142377] [upper_planner_node]: no valid interval at the measured k=0 state; retaining future horizon=6 reason=3
[WARN] [1791408605.869303992] [upper_planner_node]: no valid interval at the measured k=0 state; retaining future horizon=6 reason=3
[WARN] [1791408605.871136431] [upper_planner_node]: egocentric MIQP failed: status=DAQP direct corridor QP infeasible: tried=1 solve_ms=0.336; retaining last published path
[WARN] [1791408606.369271744] [upper_planner_node]: no valid interval at the measured k=0 state; retaining future horizon=6 reason=3
[WARN] [1791408606.869340268] [upper_planner_node]: no valid interval at the measured k=0 state; retaining future horizon=6 reason=3
[WARN] [1791408606.870125540] [upper_planner_node]: interval_diag step=4 reason=3 ref_body=(8.396,15.922) heading_deg=62.20 center_cell=(26,114) center_value=100 line_free=0 blocked=444 unknown=0 outside=2 longest_run=0 min_run=2 grid_free=292 zero=292 positive=16092 unknown=0 topic=/bev/occupancy_grid frame=Vehicle origin=(0.000,-20.000) origin_yaw_deg=0.00 size=128x128 res=0.3125 positive_is_drivable=0 threshold=1 waypoint_bias=0 previous=0
[WARN] [1791408606.870341963] [upper_planner_node]: no valid preview interval at step=4; usable horizon=3 reason=3
[WARN] [1791408606.870555665] [upper_planner_node]: no valid preview interval at step=5; usable horizon=3 reason=3
[WARN] [1791408606.870679925] [upper_planner_node]: horizon_diag configured=6 extent_limit=6 requested=6 usable=3 reserve=1 restore=1 step_m=4.500 previous=0
[WARN] [1791408606.873003355] [upper_planner_node]: egocentric MIQP failed: status=DAQP direct corridor QP infeasible: tried=1 solve_ms=0.290; retaining last published path
[INFO] [1791408608.155605827] [upper_planner_node]: mission cleared; awaiting path; revision=9
[INFO] [1791408608.265263147] [upper_planner_node]: reference path loaded from /navigation/global_path: 8 points frame=map waypoint_bias=disabled
[INFO] [1791408608.369153891] [upper_planner_node]: waypoint pair advanced: [0,1] -> [1,2]; previous reference retained
[INFO] [1791408616.369515813] [upper_planner_node]: waypoint pair advanced: [1,2] -> [2,3]; previous reference retained
[INFO] [1791408620.869262257] [upper_planner_node]: waypoint pair advanced: [2,3] -> [3,4]; previous reference retained
[INFO] [1791408625.369731569] [upper_planner_node]: waypoint pair advanced: [3,4] -> [4,5]; previous reference retained
[INFO] [1791408629.869999690] [upper_planner_node]: waypoint pair advanced: [4,5] -> [5,6]; previous reference retained
[WARN] [1791408632.371561958] [upper_planner_node]: egocentric MIQP failed: status=DAQP direct corridor QP infeasible: tried=1 solve_ms=0.296; retaining last published path
[INFO] [1791408634.370223169] [upper_planner_node]: waypoint pair advanced: [5,6] -> [6,7]; previous reference retained
[WARN] [1791408642.870857352] [upper_planner_node]: interval_diag step=6 reason=3 ref_body=(26.995,0.323) heading_deg=0.95 center_cell=(86,65) center_value=100 line_free=0 blocked=401 unknown=0 outside=1 longest_run=0 min_run=2 grid_free=1411 zero=1411 positive=14973 unknown=0 topic=/bev/occupancy_grid frame=Vehicle origin=(0.000,-20.000) origin_yaw_deg=0.00 size=128x128 res=0.3125 positive_is_drivable=0 threshold=1 waypoint_bias=0 previous=1
[WARN] [1791408642.872611934] [upper_planner_node]: no valid preview interval at step=6; usable horizon=5 reason=3
[WARN] [1791408642.872754370] [upper_planner_node]: horizon_diag configured=6 extent_limit=6 requested=6 usable=5 reserve=1 restore=1 step_m=4.500 previous=1
[WARN] [1791408643.372428673] [upper_planner_node]: egocentric MIQP failed: status=DAQP direct corridor QP infeasible: tried=1 solve_ms=0.318; retaining last published path
[WARN] [1791408644.373152264] [upper_planner_node]: egocentric MIQP failed: status=DAQP direct corridor QP infeasible: tried=1 solve_ms=0.309; retaining last published path
[WARN] [1791408645.872123106] [upper_planner_node]: egocentric MIQP failed: status=DAQP direct corridor QP infeasible: tried=1 solve_ms=0.353; retaining last published path
[WARN] [1791408647.370661295] [upper_planner_node]: no valid interval at the measured k=0 state; retaining future horizon=6 reason=3
[WARN] [1791408647.373654635] [upper_planner_node]: egocentric MIQP failed: status=DAQP direct corridor QP infeasible: tried=1 solve_ms=0.324; retaining last published path
[WARN] [1791408647.871236009] [upper_planner_node]: no valid interval at the measured k=0 state; retaining future horizon=6 reason=3
[WARN] [1791408648.370637760] [upper_planner_node]: no valid interval at the measured k=0 state; retaining future horizon=6 reason=3
[WARN] [1791408648.870490372] [upper_planner_node]: no valid interval at the measured k=0 state; retaining future horizon=6 reason=3
[WARN] [1791408648.872375421] [upper_planner_node]: egocentric MIQP failed: status=DAQP direct corridor QP infeasible: tried=1 solve_ms=0.322; retaining last published path
[WARN] [1791408649.370623792] [upper_planner_node]: no valid interval at the measured k=0 state; retaining future horizon=6 reason=3
[WARN] [1791408649.870717915] [upper_planner_node]: no valid interval at the measured k=0 state; retaining future horizon=6 reason=3
[WARN] [1791408649.872504946] [upper_planner_node]: egocentric MIQP failed: status=DAQP direct corridor QP infeasible: tried=1 solve_ms=0.328; retaining last published path
[WARN] [1791408650.371586078] [upper_planner_node]: no valid interval at the measured k=0 state; retaining future horizon=6 reason=3
[WARN] [1791408650.870580616] [upper_planner_node]: no valid interval at the measured k=0 state; retaining future horizon=6 reason=3
[WARN] [1791408651.370760598] [upper_planner_node]: no valid interval at the measured k=0 state; retaining future horizon=6 reason=3
[WARN] [1791408651.372650735] [upper_planner_node]: egocentric MIQP failed: status=DAQP direct corridor QP infeasible: tried=1 solve_ms=0.326; retaining last published path
[WARN] [1791408651.870745182] [upper_planner_node]: no valid interval at the measured k=0 state; retaining future horizon=6 reason=3
[WARN] [1791408652.370406684] [upper_planner_node]: no valid interval at the measured k=0 state; retaining future horizon=6 reason=3
[WARN] [1791408652.870668012] [upper_planner_node]: no valid interval at the measured k=0 state; retaining future horizon=6 reason=3
[WARN] [1791408652.872374656] [upper_planner_node]: egocentric MIQP failed: status=DAQP direct corridor QP infeasible: tried=1 solve_ms=0.317; retaining last published path
[WARN] [1791408653.370790392] [upper_planner_node]: no valid interval at the measured k=0 state; retaining future horizon=6 reason=3
[WARN] [1791408653.870840898] [upper_planner_node]: no valid interval at the measured k=0 state; retaining future horizon=6 reason=3
[WARN] [1791408653.872468212] [upper_planner_node]: egocentric MIQP failed: status=DAQP direct corridor QP infeasible: tried=1 solve_ms=0.306; retaining last published path
[WARN] [1791408654.370845931] [upper_planner_node]: no valid interval at the measured k=0 state; retaining future horizon=6 reason=3
[WARN] [1791408654.870632748] [upper_planner_node]: no valid interval at the measured k=0 state; retaining future horizon=6 reason=3
[WARN] [1791408655.370791513] [upper_planner_node]: no valid interval at the measured k=0 state; retaining future horizon=6 reason=3
[WARN] [1791408655.372543727] [upper_planner_node]: egocentric MIQP failed: status=DAQP direct corridor QP infeasible: tried=1 solve_ms=0.320; retaining last published path
[WARN] [1791408655.871072010] [upper_planner_node]: no valid interval at the measured k=0 state; retaining future horizon=6 reason=3
[WARN] [1791408656.370901197] [upper_planner_node]: no valid interval at the measured k=0 state; retaining future horizon=6 reason=3
[WARN] [1791408656.372683811] [upper_planner_node]: egocentric MIQP failed: status=DAQP direct corridor QP infeasible: tried=1 solve_ms=0.306; retaining last published path
[WARN] [1791408656.871221567] [upper_planner_node]: no valid interval at the measured k=0 state; retaining future horizon=6 reason=3
[WARN] [1791408657.370947295] [upper_planner_node]: no valid interval at the measured k=0 state; retaining future horizon=6 reason=3
[WARN] [1791408657.375015195] [upper_planner_node]: egocentric MIQP failed: status=DAQP direct corridor QP infeasible: tried=1 solve_ms=0.964; retaining last published path
[WARN] [1791408657.871009033] [upper_planner_node]: no valid interval at the measured k=0 state; retaining future horizon=6 reason=3
[WARN] [1791408658.371116149] [upper_planner_node]: no valid interval at the measured k=0 state; retaining future horizon=6 reason=3
[WARN] [1791408658.870918039] [upper_planner_node]: no valid interval at the measured k=0 state; retaining future horizon=6 reason=3
[WARN] [1791408658.872572873] [upper_planner_node]: egocentric MIQP failed: status=DAQP direct corridor QP infeasible: tried=1 solve_ms=0.319; retaining last published path
[WARN] [1791408659.370943456] [upper_planner_node]: no valid interval at the measured k=0 state; retaining future horizon=6 reason=3
[WARN] [1791408659.871051979] [upper_planner_node]: no valid interval at the measured k=0 state; retaining future horizon=6 reason=3
[WARN] [1791408659.872705886] [upper_planner_node]: egocentric MIQP failed: status=DAQP direct corridor QP infeasible: tried=1 solve_ms=0.308; retaining last published path
[WARN] [1791408660.370967921] [upper_planner_node]: no valid interval at the measured k=0 state; retaining future horizon=6 reason=3
[WARN] [1791408660.870590509] [upper_planner_node]: no valid interval at the measured k=0 state; retaining future horizon=6 reason=3
[WARN] [1791408661.371016451] [upper_planner_node]: no valid interval at the measured k=0 state; retaining future horizon=6 reason=3
[WARN] [1791408661.372826522] [upper_planner_node]: egocentric MIQP failed: status=DAQP direct corridor QP infeasible: tried=1 solve_ms=0.325; retaining last published path
[WARN] [1791408661.871005738] [upper_planner_node]: no valid interval at the measured k=0 state; retaining future horizon=6 reason=3
[WARN] [1791408662.371022995] [upper_planner_node]: no valid interval at the measured k=0 state; retaining future horizon=6 reason=3
[WARN] [1791408662.372848042] [upper_planner_node]: egocentric MIQP failed: status=DAQP direct corridor QP infeasible: tried=1 solve_ms=0.325; retaining last published path
[WARN] [1791408662.871062716] [upper_planner_node]: no valid interval at the measured k=0 state; retaining future horizon=6 reason=3
[WARN] [1791408663.371306540] [upper_planner_node]: no valid interval at the measured k=0 state; retaining future horizon=6 reason=3
[WARN] [1791408663.373110787] [upper_planner_node]: egocentric MIQP failed: status=DAQP direct corridor QP infeasible: tried=1 solve_ms=0.313; retaining last published path
[WARN] [1791408663.871321428] [upper_planner_node]: no valid interval at the measured k=0 state; retaining future horizon=6 reason=3
[WARN] [1791408664.371180504] [upper_planner_node]: no valid interval at the measured k=0 state; retaining future horizon=6 reason=3
[WARN] [1791408664.870771540] [upper_planner_node]: no valid interval at the measured k=0 state; retaining future horizon=6 reason=3
[WARN] [1791408664.871569996] [upper_planner_node]: egocentric MIQP failed: status=DAQP direct corridor QP infeasible: tried=1 solve_ms=0.143; retaining last published path
[WARN] [1791408665.872230864] [upper_planner_node]: egocentric MIQP failed: status=DAQP direct corridor QP infeasible: tried=6 solve_ms=0.408; retaining last published path
[INFO] [1791408666.458697854] [upper_planner_node]: mission cleared; awaiting path; revision=11
[INFO] [1791408666.560771711] [upper_planner_node]: reference path loaded from /navigation/global_path: 8 points frame=map waypoint_bias=disabled
[INFO] [1791408666.870873751] [upper_planner_node]: waypoint pair advanced: [0,1] -> [1,2]; previous reference retained
[INFO] [1791408674.371301530] [upper_planner_node]: waypoint pair advanced: [1,2] -> [2,3]; previous reference retained
[INFO] [1791408678.871434307] [upper_planner_node]: waypoint pair advanced: [2,3] -> [3,4]; previous reference retained
[INFO] [1791408682.871527907] [upper_planner_node]: waypoint pair advanced: [3,4] -> [4,5]; previous reference retained
[INFO] [1791408687.871260198] [upper_planner_node]: waypoint pair advanced: [4,5] -> [5,6]; previous reference retained
[INFO] [1791408691.872031769] [upper_planner_node]: waypoint pair advanced: [5,6] -> [6,7]; previous reference retained
[WARN] [1791408697.873250997] [upper_planner_node]: interval_diag step=6 reason=3 ref_body=(26.989,0.762) heading_deg=1.46 center_cell=(86,66) center_value=100 line_free=0 blocked=401 unknown=0 outside=1 longest_run=0 min_run=2 grid_free=2206 zero=2206 positive=14178 unknown=0 topic=/bev/occupancy_grid frame=Vehicle origin=(0.000,-20.000) origin_yaw_deg=0.00 size=128x128 res=0.3125 positive_is_drivable=0 threshold=1 waypoint_bias=0 previous=1
[WARN] [1791408697.873886217] [upper_planner_node]: no valid preview interval at step=6; usable horizon=5 reason=3
[WARN] [1791408697.874013165] [upper_planner_node]: horizon_diag configured=6 extent_limit=6 requested=6 usable=5 reserve=1 restore=1 step_m=4.500 previous=1
[WARN] [1791408698.372098586] [upper_planner_node]: no valid preview interval at step=6; usable horizon=5 reason=3
[WARN] [1791408698.872785366] [upper_planner_node]: no valid preview interval at step=5; usable horizon=4 reason=3
[WARN] [1791408698.873342599] [upper_planner_node]: no valid preview interval at step=6; usable horizon=4 reason=3
[WARN] [1791408699.372832062] [upper_planner_node]: no valid preview interval at step=5; usable horizon=4 reason=3
[WARN] [1791408699.373493842] [upper_planner_node]: no valid preview interval at step=6; usable horizon=4 reason=3
[WARN] [1791408699.872538333] [upper_planner_node]: no valid preview interval at step=4; usable horizon=3 reason=3
[WARN] [1791408699.873085453] [upper_planner_node]: no valid preview interval at step=5; usable horizon=3 reason=3
[WARN] [1791408699.873278323] [upper_planner_node]: no valid preview interval at step=6; usable horizon=3 reason=3
[WARN] [1791408700.372465345] [upper_planner_node]: interval_diag step=3 reason=3 ref_body=(13.498,0.252) heading_deg=1.07 center_cell=(43,64) center_value=100 line_free=0 blocked=401 unknown=0 outside=1 longest_run=0 min_run=2 grid_free=1021 zero=1021 positive=15363 unknown=0 topic=/bev/occupancy_grid frame=Vehicle origin=(0.000,-20.000) origin_yaw_deg=0.00 size=128x128 res=0.3125 positive_is_drivable=0 threshold=1 waypoint_bias=0 previous=0
[WARN] [1791408700.373042483] [upper_planner_node]: no valid preview interval at step=3; usable horizon=2 reason=3
[WARN] [1791408700.373224473] [upper_planner_node]: no valid preview interval at step=4; usable horizon=2 reason=3
[WARN] [1791408700.373361533] [upper_planner_node]: no valid preview interval at step=5; usable horizon=2 reason=3
[WARN] [1791408700.373513537] [upper_planner_node]: no valid preview interval at step=6; usable horizon=2 reason=3
[WARN] [1791408700.373599684] [upper_planner_node]: horizon_diag configured=6 extent_limit=6 requested=6 usable=2 reserve=1 restore=1 step_m=4.500 previous=0
[WARN] [1791408700.872556811] [upper_planner_node]: no valid preview interval at step=3; usable horizon=2 reason=3
[WARN] [1791408700.873123357] [upper_planner_node]: no valid preview interval at step=4; usable horizon=2 reason=3
[WARN] [1791408700.873367332] [upper_planner_node]: no valid preview interval at step=5; usable horizon=2 reason=3
[WARN] [1791408700.873834802] [upper_planner_node]: no valid preview interval at step=6; usable horizon=2 reason=3
[WARN] [1791408701.372536274] [upper_planner_node]: no valid preview interval at step=2; usable horizon=1 reason=3
[WARN] [1791408701.373186086] [upper_planner_node]: no valid preview interval at step=3; usable horizon=1 reason=3
[WARN] [1791408701.373435565] [upper_planner_node]: no valid preview interval at step=4; usable horizon=1 reason=3
[WARN] [1791408701.373665300] [upper_planner_node]: no valid preview interval at step=5; usable horizon=1 reason=3
[WARN] [1791408701.374983548] [upper_planner_node]: no valid preview interval at step=6; usable horizon=1 reason=3
[WARN] [1791408701.873658779] [upper_planner_node]: egocentric MIQP failed: status=DAQP direct corridor QP infeasible: tried=1 solve_ms=0.313; retaining last published path
[WARN] [1791408702.372351067] [upper_planner_node]: no valid interval at the measured k=0 state; retaining future horizon=6 reason=3
[WARN] [1791408702.872345953] [upper_planner_node]: no valid interval at the measured k=0 state; retaining future horizon=6 reason=3
[WARN] [1791408702.874204986] [upper_planner_node]: egocentric MIQP failed: status=DAQP direct corridor QP infeasible: tried=1 solve_ms=0.334; retaining last published path
[WARN] [1791408703.371843865] [upper_planner_node]: no valid interval at the measured k=0 state; retaining future horizon=6 reason=3
[WARN] [1791408703.872407377] [upper_planner_node]: no valid interval at the measured k=0 state; retaining future horizon=6 reason=3
[WARN] [1791408703.874281290] [upper_planner_node]: egocentric MIQP failed: status=DAQP direct corridor QP infeasible: tried=1 solve_ms=0.334; retaining last published path
[WARN] [1791408704.372276853] [upper_planner_node]: no valid interval at the measured k=0 state; retaining future horizon=6 reason=3
[WARN] [1791408704.872285084] [upper_planner_node]: no valid interval at the measured k=0 state; retaining future horizon=6 reason=3
[WARN] [1791408705.372274019] [upper_planner_node]: no valid interval at the measured k=0 state; retaining future horizon=6 reason=3
[WARN] [1791408705.374150108] [upper_planner_node]: egocentric MIQP failed: status=DAQP direct corridor QP infeasible: tried=1 solve_ms=0.320; retaining last published path
[WARN] [1791408705.872341260] [upper_planner_node]: no valid interval at the measured k=0 state; retaining future horizon=6 reason=3
[WARN] [1791408706.372042250] [upper_planner_node]: no valid interval at the measured k=0 state; retaining future horizon=6 reason=3
[WARN] [1791408706.874534524] [upper_planner_node]: no valid interval at the measured k=0 state; retaining future horizon=6 reason=3
[WARN] [1791408706.876342355] [upper_planner_node]: egocentric MIQP failed: status=DAQP direct corridor QP infeasible: tried=1 solve_ms=0.324; retaining last published path
[WARN] [1791408707.372421859] [upper_planner_node]: no valid interval at the measured k=0 state; retaining future horizon=6 reason=3
[WARN] [1791408707.872644561] [upper_planner_node]: no valid interval at the measured k=0 state; retaining future horizon=6 reason=3
[WARN] [1791408708.372619575] [upper_planner_node]: no valid interval at the measured k=0 state; retaining future horizon=6 reason=3
[WARN] [1791408708.374550898] [upper_planner_node]: egocentric MIQP failed: status=DAQP direct corridor QP infeasible: tried=1 solve_ms=0.339; retaining last published path
[WARN] [1791408708.872619742] [upper_planner_node]: no valid interval at the measured k=0 state; retaining future horizon=6 reason=3
[WARN] [1791408709.372081749] [upper_planner_node]: no valid interval at the measured k=0 state; retaining future horizon=6 reason=3
[WARN] [1791408709.872563594] [upper_planner_node]: no valid interval at the measured k=0 state; retaining future horizon=6 reason=3
[WARN] [1791408709.875834318] [upper_planner_node]: egocentric MIQP failed: status=DAQP direct corridor QP infeasible: tried=1 solve_ms=0.312; retaining last published path
[WARN] [1791408710.372176133] [upper_planner_node]: no valid interval at the measured k=0 state; retaining future horizon=6 reason=3
[WARN] [1791408710.872452213] [upper_planner_node]: no valid interval at the measured k=0 state; retaining future horizon=6 reason=3
[WARN] [1791408711.372536798] [upper_planner_node]: no valid interval at the measured k=0 state; retaining future horizon=6 reason=3
[WARN] [1791408711.374400855] [upper_planner_node]: egocentric MIQP failed: status=DAQP direct corridor QP infeasible: tried=1 solve_ms=0.323; retaining last published path
[WARN] [1791408711.872145785] [upper_planner_node]: no valid interval at the measured k=0 state; retaining future horizon=6 reason=3
[WARN] [1791408712.372663536] [upper_planner_node]: no valid interval at the measured k=0 state; retaining future horizon=6 reason=3
[WARN] [1791408712.377215162] [upper_planner_node]: egocentric MIQP failed: status=DAQP direct corridor QP infeasible: tried=1 solve_ms=0.390; retaining last published path
[WARN] [1791408712.872570580] [upper_planner_node]: no valid interval at the measured k=0 state; retaining future horizon=6 reason=3
[WARN] [1791408713.372567195] [upper_planner_node]: no valid interval at the measured k=0 state; retaining future horizon=6 reason=3
[WARN] [1791408713.872289849] [upper_planner_node]: no valid interval at the measured k=0 state; retaining future horizon=6 reason=3
[WARN] [1791408713.873912298] [upper_planner_node]: egocentric MIQP failed: status=DAQP direct corridor QP infeasible: tried=1 solve_ms=0.287; retaining last published path
[WARN] [1791408714.373104377] [upper_planner_node]: no valid interval at the measured k=0 state; retaining future horizon=6 reason=3
[WARN] [1791408714.872748757] [upper_planner_node]: no valid interval at the measured k=0 state; retaining future horizon=6 reason=3
[WARN] [1791408714.874453896] [upper_planner_node]: egocentric MIQP failed: status=DAQP direct corridor QP infeasible: tried=1 solve_ms=0.319; retaining last published path
[WARN] [1791408715.373173320] [upper_planner_node]: no valid interval at the measured k=0 state; retaining future horizon=6 reason=3
[WARN] [1791408715.872671904] [upper_planner_node]: no valid interval at the measured k=0 state; retaining future horizon=6 reason=3
[WARN] [1791408715.874559417] [upper_planner_node]: egocentric MIQP failed: status=DAQP direct corridor QP infeasible: tried=1 solve_ms=0.332; retaining last published path
[WARN] [1791408716.372289371] [upper_planner_node]: no valid interval at the measured k=0 state; retaining future horizon=6 reason=3
[WARN] [1791408716.872654925] [upper_planner_node]: no valid interval at the measured k=0 state; retaining future horizon=6 reason=3
[WARN] [1791408716.879656194] [upper_planner_node]: egocentric MIQP failed: status=DAQP direct corridor QP infeasible: tried=1 solve_ms=0.326; retaining last published path
[WARN] [1791408717.373189572] [upper_planner_node]: no valid interval at the measured k=0 state; retaining future horizon=6 reason=3
[WARN] [1791408717.872787518] [upper_planner_node]: no valid interval at the measured k=0 state; retaining future horizon=6 reason=3
[WARN] [1791408718.372661057] [upper_planner_node]: no valid interval at the measured k=0 state; retaining future horizon=6 reason=3
[WARN] [1791408718.374552763] [upper_planner_node]: egocentric MIQP failed: status=DAQP direct corridor QP infeasible: tried=1 solve_ms=0.327; retaining last published path
[WARN] [1791408718.872727146] [upper_planner_node]: no valid interval at the measured k=0 state; retaining future horizon=6 reason=3
[WARN] [1791408719.372778386] [upper_planner_node]: no valid interval at the measured k=0 state; retaining future horizon=6 reason=3
[WARN] [1791408719.374611370] [upper_planner_node]: egocentric MIQP failed: status=DAQP direct corridor QP infeasible: tried=1 solve_ms=0.321; retaining last published path
[WARN] [1791408719.872886236] [upper_planner_node]: no valid interval at the measured k=0 state; retaining future horizon=6 reason=3
[WARN] [1791408720.372518168] [upper_planner_node]: no valid interval at the measured k=0 state; retaining future horizon=6 reason=3
[WARN] [1791408720.873058031] [upper_planner_node]: no valid interval at the measured k=0 state; retaining future horizon=6 reason=3
[WARN] [1791408720.874974633] [upper_planner_node]: egocentric MIQP failed: status=DAQP direct corridor QP infeasible: tried=1 solve_ms=0.336; retaining last published path
[WARN] [1791408721.372812942] [upper_planner_node]: no valid interval at the measured k=0 state; retaining future horizon=6 reason=3
[WARN] [1791408721.875073850] [upper_planner_node]: no valid interval at the measured k=0 state; retaining future horizon=6 reason=3
[WARN] [1791408721.877201210] [upper_planner_node]: egocentric MIQP failed: status=DAQP direct corridor QP infeasible: tried=1 solve_ms=0.334; retaining last published path
[WARN] [1791408722.373005217] [upper_planner_node]: no valid interval at the measured k=0 state; retaining future horizon=6 reason=3
[WARN] [1791408723.374971882] [upper_planner_node]: egocentric MIQP failed: status=DAQP direct corridor QP infeasible: tried=6 solve_ms=0.589; retaining last published path
[INFO] [1791408723.857259894] [upper_planner_node]: mission cleared; awaiting path; revision=13
[WARN] [1791408723.872200829] [upper_planner_node]: planner waiting for global path
[INFO] [1791408723.960108270] [upper_planner_node]: reference path loaded from /navigation/global_path: 8 points frame=map waypoint_bias=disabled
[INFO] [1791408724.372785493] [upper_planner_node]: waypoint pair advanced: [0,1] -> [1,2]; previous reference retained
[INFO] [1791408731.872999293] [upper_planner_node]: waypoint pair advanced: [1,2] -> [2,3]; previous reference retained
[INFO] [1791408736.873233252] [upper_planner_node]: waypoint pair advanced: [2,3] -> [3,4]; previous reference retained
[INFO] [1791408740.873086130] [upper_planner_node]: waypoint pair advanced: [3,4] -> [4,5]; previous reference retained
[INFO] [1791408745.873479931] [upper_planner_node]: waypoint pair advanced: [4,5] -> [5,6]; previous reference retained
[INFO] [1791408749.873110721] [upper_planner_node]: waypoint pair advanced: [5,6] -> [6,7]; previous reference retained
[WARN] [1791408751.373595266] [upper_planner_node]: interval_diag step=3 reason=3 ref_body=(8.044,10.461) heading_deg=62.04 center_cell=(25,97) center_value=100 line_free=0 blocked=454 unknown=0 outside=0 longest_run=0 min_run=2 grid_free=3322 zero=3322 positive=13062 unknown=0 topic=/bev/occupancy_grid frame=Vehicle origin=(0.000,-20.000) origin_yaw_deg=0.00 size=128x128 res=0.3125 positive_is_drivable=0 threshold=1 waypoint_bias=0 previous=1
[WARN] [1791408751.373893771] [upper_planner_node]: no valid preview interval at step=3; usable horizon=2 reason=3
[WARN] [1791408751.374152531] [upper_planner_node]: no valid preview interval at step=4; usable horizon=2 reason=3
[WARN] [1791408751.374361273] [upper_planner_node]: no valid preview interval at step=5; usable horizon=2 reason=3
[WARN] [1791408751.374471900] [upper_planner_node]: horizon_diag configured=6 extent_limit=6 requested=6 usable=2 reserve=1 restore=1 step_m=4.500 previous=1
[WARN] [1791408751.375149169] [upper_planner_node]: egocentric MIQP failed: status=DAQP direct corridor QP infeasible: tried=2 solve_ms=0.136; retaining last published path
[WARN] [1791408751.873924850] [upper_planner_node]: no valid interval at the measured k=0 state; retaining future horizon=6 reason=3
[WARN] [1791408751.874558341] [upper_planner_node]: no valid preview interval at step=2; usable horizon=1 reason=3
[WARN] [1791408751.874775340] [upper_planner_node]: no valid preview interval at step=4; usable horizon=1 reason=3
[WARN] [1791408751.874946097] [upper_planner_node]: no valid preview interval at step=5; usable horizon=1 reason=3
[WARN] [1791408752.373589581] [upper_planner_node]: no valid preview interval at step=4; usable horizon=3 reason=3
[WARN] [1791408752.373935608] [upper_planner_node]: no valid preview interval at step=5; usable horizon=3 reason=3
[WARN] [1791408752.374129118] [upper_planner_node]: no valid preview interval at step=6; usable horizon=3 reason=3
[WARN] [1791408752.873830683] [upper_planner_node]: no valid interval at the measured k=0 state; retaining future horizon=6 reason=3
[WARN] [1791408752.877093054] [upper_planner_node]: egocentric MIQP failed: status=DAQP direct corridor QP infeasible: tried=1 solve_ms=0.325; retaining last published path
[WARN] [1791408754.374174007] [upper_planner_node]: no valid interval at the measured k=0 state; retaining future horizon=6 reason=3
[WARN] [1791408754.376368058] [upper_planner_node]: egocentric MIQP failed: status=DAQP direct corridor QP infeasible: tried=1 solve_ms=0.323; retaining last published path
[WARN] [1791408754.873397573] [upper_planner_node]: no valid interval at the measured k=0 state; retaining future horizon=6 reason=3
[WARN] [1791408755.373990781] [upper_planner_node]: no valid interval at the measured k=0 state; retaining future horizon=6 reason=3
[WARN] [1791408755.873879392] [upper_planner_node]: no valid interval at the measured k=0 state; retaining future horizon=6 reason=3
[WARN] [1791408755.875614069] [upper_planner_node]: egocentric MIQP failed: status=DAQP direct corridor QP infeasible: tried=1 solve_ms=0.160; retaining last published path
[WARN] [1791408756.374230640] [upper_planner_node]: no valid interval at the measured k=0 state; retaining future horizon=6 reason=3
[WARN] [1791408756.874093618] [upper_planner_node]: no valid interval at the measured k=0 state; retaining future horizon=6 reason=3
[WARN] [1791408757.374351456] [upper_planner_node]: interval_diag step=6 reason=3 ref_body=(25.843,-3.787) heading_deg=-13.49 center_cell=(82,51) center_value=100 line_free=0 blocked=412 unknown=0 outside=1 longest_run=0 min_run=2 grid_free=2096 zero=2096 positive=14288 unknown=0 topic=/bev/occupancy_grid frame=Vehicle origin=(0.000,-20.000) origin_yaw_deg=0.00 size=128x128 res=0.3125 positive_is_drivable=0 threshold=1 waypoint_bias=0 previous=1
[WARN] [1791408757.375894447] [upper_planner_node]: no valid preview interval at step=6; usable horizon=5 reason=3
[WARN] [1791408757.377025169] [upper_planner_node]: horizon_diag configured=6 extent_limit=6 requested=6 usable=5 reserve=1 restore=1 step_m=4.500 previous=1
[WARN] [1791408757.874110942] [upper_planner_node]: no valid preview interval at step=5; usable horizon=4 reason=3
[WARN] [1791408757.874396039] [upper_planner_node]: no valid preview interval at step=6; usable horizon=4 reason=3
[WARN] [1791408758.374849147] [upper_planner_node]: no valid preview interval at step=5; usable horizon=4 reason=3
[WARN] [1791408758.375521551] [upper_planner_node]: no valid preview interval at step=6; usable horizon=4 reason=3
[WARN] [1791408758.877554419] [upper_planner_node]: no valid preview interval at step=4; usable horizon=3 reason=3
[WARN] [1791408758.878164805] [upper_planner_node]: no valid preview interval at step=5; usable horizon=3 reason=3
[WARN] [1791408758.878364043] [upper_planner_node]: no valid preview interval at step=6; usable horizon=3 reason=3
[WARN] [1791408759.374569214] [upper_planner_node]: interval_diag step=4 reason=3 ref_body=(16.722,-6.661) heading_deg=-21.72 center_cell=(53,42) center_value=100 line_free=0 blocked=431 unknown=0 outside=1 longest_run=0 min_run=2 grid_free=1300 zero=1300 positive=15084 unknown=0 topic=/bev/occupancy_grid frame=Vehicle origin=(0.000,-20.000) origin_yaw_deg=0.00 size=128x128 res=0.3125 positive_is_drivable=0 threshold=1 waypoint_bias=0 previous=0
[WARN] [1791408759.375155568] [upper_planner_node]: no valid preview interval at step=4; usable horizon=3 reason=3
[WARN] [1791408759.375410103] [upper_planner_node]: no valid preview interval at step=5; usable horizon=3 reason=3
[WARN] [1791408759.375636094] [upper_planner_node]: no valid preview interval at step=6; usable horizon=3 reason=3
[WARN] [1791408759.874347421] [upper_planner_node]: no valid preview interval at step=4; usable horizon=3 reason=3
[WARN] [1791408759.874849708] [upper_planner_node]: no valid preview interval at step=5; usable horizon=3 reason=3
[WARN] [1791408759.875016209] [upper_planner_node]: no valid preview interval at step=6; usable horizon=3 reason=3
[WARN] [1791408759.875132917] [upper_planner_node]: horizon_diag configured=6 extent_limit=6 requested=6 usable=3 reserve=1 restore=1 step_m=4.500 previous=0
[WARN] [1791408760.374638316] [upper_planner_node]: no valid preview interval at step=3; usable horizon=2 reason=3
[WARN] [1791408760.375305344] [upper_planner_node]: no valid preview interval at step=4; usable horizon=2 reason=3
[WARN] [1791408760.375555752] [upper_planner_node]: no valid preview interval at step=5; usable horizon=2 reason=3
[WARN] [1791408760.375789519] [upper_planner_node]: no valid preview interval at step=6; usable horizon=2 reason=3
[WARN] [1791408760.874418315] [upper_planner_node]: no valid preview interval at step=3; usable horizon=2 reason=3
[WARN] [1791408760.874964795] [upper_planner_node]: no valid preview interval at step=4; usable horizon=2 reason=3
[WARN] [1791408760.875169698] [upper_planner_node]: no valid preview interval at step=5; usable horizon=2 reason=3
[WARN] [1791408760.875342951] [upper_planner_node]: no valid preview interval at step=6; usable horizon=2 reason=3
[WARN] [1791408761.374232043] [upper_planner_node]: no valid preview interval at step=2; usable horizon=1 reason=3
[WARN] [1791408761.374580821] [upper_planner_node]: no valid preview interval at step=3; usable horizon=1 reason=3
[WARN] [1791408761.374768187] [upper_planner_node]: interval_diag step=4 reason=3 ref_body=(7.997,-16.126) heading_deg=-63.62 center_cell=(25,12) center_value=100 line_free=0 blocked=445 unknown=0 outside=1 longest_run=0 min_run=2 grid_free=438 zero=438 positive=15946 unknown=0 topic=/bev/occupancy_grid frame=Vehicle origin=(0.000,-20.000) origin_yaw_deg=0.00 size=128x128 res=0.3125 positive_is_drivable=0 threshold=1 waypoint_bias=0 previous=0
[WARN] [1791408761.374867422] [upper_planner_node]: no valid preview interval at step=4; usable horizon=1 reason=3
[WARN] [1791408761.878406128] [upper_planner_node]: egocentric MIQP failed: status=DAQP direct corridor QP infeasible: tried=1 solve_ms=0.336; retaining last published path
[WARN] [1791408762.374149140] [upper_planner_node]: no valid interval at the measured k=0 state; retaining future horizon=6 reason=3
[WARN] [1791408762.874095448] [upper_planner_node]: no valid interval at the measured k=0 state; retaining future horizon=6 reason=3
[WARN] [1791408763.374288324] [upper_planner_node]: no valid interval at the measured k=0 state; retaining future horizon=6 reason=3
[WARN] [1791408763.376234047] [upper_planner_node]: egocentric MIQP failed: status=DAQP direct corridor QP infeasible: tried=1 solve_ms=0.339; retaining last published path
[WARN] [1791408763.874130629] [upper_planner_node]: no valid interval at the measured k=0 state; retaining future horizon=6 reason=3
[WARN] [1791408764.374146347] [upper_planner_node]: no valid interval at the measured k=0 state; retaining future horizon=6 reason=3
[WARN] [1791408764.376431824] [upper_planner_node]: egocentric MIQP failed: status=DAQP direct corridor QP infeasible: tried=1 solve_ms=0.325; retaining last published path
[WARN] [1791408764.873554943] [upper_planner_node]: no valid interval at the measured k=0 state; retaining future horizon=6 reason=3
[WARN] [1791408765.374273594] [upper_planner_node]: no valid interval at the measured k=0 state; retaining future horizon=6 reason=3
[WARN] [1791408765.874352450] [upper_planner_node]: no valid interval at the measured k=0 state; retaining future horizon=6 reason=3
[WARN] [1791408765.876160569] [upper_planner_node]: egocentric MIQP failed: status=DAQP direct corridor QP infeasible: tried=1 solve_ms=0.329; retaining last published path
[WARN] [1791408766.374473804] [upper_planner_node]: no valid interval at the measured k=0 state; retaining future horizon=6 reason=3
[WARN] [1791408766.874149607] [upper_planner_node]: no valid interval at the measured k=0 state; retaining future horizon=6 reason=3
[WARN] [1791408767.374299090] [upper_planner_node]: no valid interval at the measured k=0 state; retaining future horizon=6 reason=3
[WARN] [1791408767.376102952] [upper_planner_node]: egocentric MIQP failed: status=DAQP direct corridor QP infeasible: tried=1 solve_ms=0.336; retaining last published path
[WARN] [1791408767.873927244] [upper_planner_node]: no valid interval at the measured k=0 state; retaining future horizon=6 reason=3
[WARN] [1791408768.374635911] [upper_planner_node]: no valid interval at the measured k=0 state; retaining future horizon=6 reason=3
[WARN] [1791408768.376158581] [upper_planner_node]: egocentric MIQP failed: status=DAQP direct corridor QP infeasible: tried=1 solve_ms=0.291; retaining last published path
[WARN] [1791408768.874258913] [upper_planner_node]: no valid interval at the measured k=0 state; retaining future horizon=6 reason=3
[WARN] [1791408769.373810873] [upper_planner_node]: no valid interval at the measured k=0 state; retaining future horizon=6 reason=3
[WARN] [1791408769.873964196] [upper_planner_node]: no valid interval at the measured k=0 state; retaining future horizon=6 reason=3
[WARN] [1791408769.874926305] [upper_planner_node]: egocentric MIQP failed: status=DAQP direct corridor QP infeasible: tried=1 solve_ms=0.157; retaining last published path
[WARN] [1791408770.375190671] [upper_planner_node]: no valid interval at the measured k=0 state; retaining future horizon=6 reason=3
[WARN] [1791408770.874402076] [upper_planner_node]: no valid interval at the measured k=0 state; retaining future horizon=6 reason=3
[WARN] [1791408770.875889001] [upper_planner_node]: egocentric MIQP failed: status=DAQP direct corridor QP infeasible: tried=1 solve_ms=0.297; retaining last published path
[WARN] [1791408771.373931731] [upper_planner_node]: no valid interval at the measured k=0 state; retaining future horizon=6 reason=3
[WARN] [1791408771.874537547] [upper_planner_node]: no valid interval at the measured k=0 state; retaining future horizon=6 reason=3
[WARN] [1791408772.375118115] [upper_planner_node]: no valid interval at the measured k=0 state; retaining future horizon=6 reason=3
[WARN] [1791408772.377067422] [upper_planner_node]: egocentric MIQP failed: status=DAQP direct corridor QP infeasible: tried=1 solve_ms=0.318; retaining last published path
[WARN] [1791408772.874607321] [upper_planner_node]: no valid interval at the measured k=0 state; retaining future horizon=6 reason=3
[WARN] [1791408773.374429881] [upper_planner_node]: no valid interval at the measured k=0 state; retaining future horizon=6 reason=3
[WARN] [1791408773.874436158] [upper_planner_node]: no valid interval at the measured k=0 state; retaining future horizon=6 reason=3
[WARN] [1791408773.876311415] [upper_planner_node]: egocentric MIQP failed: status=DAQP direct corridor QP infeasible: tried=1 solve_ms=0.319; retaining last published path
[WARN] [1791408774.374389634] [upper_planner_node]: no valid interval at the measured k=0 state; retaining future horizon=6 reason=3
[WARN] [1791408774.874943065] [upper_planner_node]: no valid interval at the measured k=0 state; retaining future horizon=6 reason=3
[WARN] [1791408774.876572330] [upper_planner_node]: egocentric MIQP failed: status=DAQP direct corridor QP infeasible: tried=1 solve_ms=0.293; retaining last published path
[WARN] [1791408775.374921246] [upper_planner_node]: no valid interval at the measured k=0 state; retaining future horizon=6 reason=3
[WARN] [1791408775.874571896] [upper_planner_node]: no valid interval at the measured k=0 state; retaining future horizon=6 reason=3
[WARN] [1791408775.876589206] [upper_planner_node]: egocentric MIQP failed: status=DAQP direct corridor QP infeasible: tried=1 solve_ms=0.314; retaining last published path
[WARN] [1791408776.374700738] [upper_planner_node]: no valid interval at the measured k=0 state; retaining future horizon=6 reason=3
[WARN] [1791408776.874637637] [upper_planner_node]: no valid interval at the measured k=0 state; retaining future horizon=6 reason=3
[WARN] [1791408777.374408932] [upper_planner_node]: no valid interval at the measured k=0 state; retaining future horizon=6 reason=3
[WARN] [1791408777.376192826] [upper_planner_node]: egocentric MIQP failed: status=DAQP direct corridor QP infeasible: tried=1 solve_ms=0.325; retaining last published path
[WARN] [1791408777.874937561] [upper_planner_node]: no valid interval at the measured k=0 state; retaining future horizon=6 reason=3
[WARN] [1791408778.375032226] [upper_planner_node]: no valid interval at the measured k=0 state; retaining future horizon=6 reason=3
[WARN] [1791408778.376744150] [upper_planner_node]: egocentric MIQP failed: status=DAQP direct corridor QP infeasible: tried=1 solve_ms=0.332; retaining last published path
[WARN] [1791408778.874955397] [upper_planner_node]: no valid interval at the measured k=0 state; retaining future horizon=6 reason=3
[WARN] [1791408779.374644865] [upper_planner_node]: no valid interval at the measured k=0 state; retaining future horizon=6 reason=3
[WARN] [1791408779.874118358] [upper_planner_node]: no valid interval at the measured k=0 state; retaining future horizon=6 reason=3
[WARN] [1791408779.875046482] [upper_planner_node]: egocentric MIQP failed: status=DAQP direct corridor QP infeasible: tried=1 solve_ms=0.159; retaining last published path
[WARN] [1791408780.374627115] [upper_planner_node]: no valid interval at the measured k=0 state; retaining future horizon=6 reason=3
[WARN] [1791408780.874246501] [upper_planner_node]: no valid interval at the measured k=0 state; retaining future horizon=6 reason=3
[WARN] [1791408780.875330758] [upper_planner_node]: egocentric MIQP failed: status=DAQP direct corridor QP infeasible: tried=1 solve_ms=0.171; retaining last published path
[WARN] [1791408781.374608821] [upper_planner_node]: no valid interval at the measured k=0 state; retaining future horizon=6 reason=3
[WARN] [1791408781.876659865] [upper_planner_node]: egocentric MIQP failed: status=DAQP direct corridor QP infeasible: tried=12 solve_ms=0.655; retaining last published path
[INFO] [1791408782.756071312] [upper_planner_node]: mission cleared; awaiting path; revision=15
[INFO] [1791408782.861653819] [upper_planner_node]: reference path loaded from /navigation/global_path: 8 points frame=map waypoint_bias=disabled
[INFO] [1791408782.874491170] [upper_planner_node]: waypoint pair advanced: [0,1] -> [1,2]; previous reference retained
[INFO] [1791408790.874585977] [upper_planner_node]: waypoint pair advanced: [1,2] -> [2,3]; previous reference retained
[INFO] [1791408795.374936242] [upper_planner_node]: waypoint pair advanced: [2,3] -> [3,4]; previous reference retained
[INFO] [1791408799.874618454] [upper_planner_node]: waypoint pair advanced: [3,4] -> [4,5]; previous reference retained
[INFO] [1791408804.875263803] [upper_planner_node]: waypoint pair advanced: [4,5] -> [5,6]; previous reference retained
[INFO] [1791408808.875922966] [upper_planner_node]: waypoint pair advanced: [5,6] -> [6,7]; previous reference retained
[WARN] [1791408814.875859693] [upper_planner_node]: interval_diag step=6 reason=3 ref_body=(26.998,-0.102) heading_deg=-0.12 center_cell=(86,63) center_value=100 line_free=0 blocked=401 unknown=0 outside=1 longest_run=0 min_run=2 grid_free=2179 zero=2179 positive=14205 unknown=0 topic=/bev/occupancy_grid frame=Vehicle origin=(0.000,-20.000) origin_yaw_deg=0.00 size=128x128 res=0.3125 positive_is_drivable=0 threshold=1 waypoint_bias=0 previous=1
[WARN] [1791408814.876389757] [upper_planner_node]: no valid preview interval at step=6; usable horizon=5 reason=3
[WARN] [1791408814.876480416] [upper_planner_node]: horizon_diag configured=6 extent_limit=6 requested=6 usable=5 reserve=1 restore=1 step_m=4.500 previous=1
[WARN] [1791408815.376234237] [upper_planner_node]: no valid preview interval at step=6; usable horizon=5 reason=3
[WARN] [1791408815.876833588] [upper_planner_node]: no valid preview interval at step=5; usable horizon=4 reason=3
[WARN] [1791408815.877336580] [upper_planner_node]: no valid preview interval at step=6; usable horizon=4 reason=3
[WARN] [1791408816.376068322] [upper_planner_node]: no valid preview interval at step=5; usable horizon=4 reason=3
[WARN] [1791408816.376713237] [upper_planner_node]: no valid preview interval at step=6; usable horizon=4 reason=3
[WARN] [1791408816.876216619] [upper_planner_node]: interval_diag step=4 reason=3 ref_body=(17.996,0.367) heading_deg=1.17 center_cell=(57,65) center_value=100 line_free=0 blocked=400 unknown=0 outside=2 longest_run=0 min_run=2 grid_free=1277 zero=1277 positive=15107 unknown=0 topic=/bev/occupancy_grid frame=Vehicle origin=(0.000,-20.000) origin_yaw_deg=0.00 size=128x128 res=0.3125 positive_is_drivable=0 threshold=1 waypoint_bias=0 previous=0
[WARN] [1791408816.876782620] [upper_planner_node]: no valid preview interval at step=4; usable horizon=3 reason=3
[WARN] [1791408816.877259659] [upper_planner_node]: no valid preview interval at step=5; usable horizon=3 reason=3
[WARN] [1791408816.877524723] [upper_planner_node]: no valid preview interval at step=6; usable horizon=3 reason=3
[WARN] [1791408816.877653687] [upper_planner_node]: horizon_diag configured=6 extent_limit=6 requested=6 usable=3 reserve=1 restore=1 step_m=4.500 previous=0
[WARN] [1791408817.375965096] [upper_planner_node]: no valid preview interval at step=3; usable horizon=2 reason=3
[WARN] [1791408817.376586395] [upper_planner_node]: no valid preview interval at step=4; usable horizon=2 reason=3
[WARN] [1791408817.376804737] [upper_planner_node]: no valid preview interval at step=5; usable horizon=2 reason=3
[WARN] [1791408817.377001767] [upper_planner_node]: no valid preview interval at step=6; usable horizon=2 reason=3
[WARN] [1791408817.875537408] [upper_planner_node]: no valid preview interval at step=3; usable horizon=2 reason=3
[WARN] [1791408817.876035791] [upper_planner_node]: no valid preview interval at step=4; usable horizon=2 reason=3
[WARN] [1791408817.876250645] [upper_planner_node]: no valid preview interval at step=5; usable horizon=2 reason=3
[WARN] [1791408817.876433179] [upper_planner_node]: no valid preview interval at step=6; usable horizon=2 reason=3
[WARN] [1791408818.376105205] [upper_planner_node]: no valid preview interval at step=2; usable horizon=1 reason=3
[WARN] [1791408818.378263959] [upper_planner_node]: no valid preview interval at step=3; usable horizon=1 reason=3
[WARN] [1791408818.378462141] [upper_planner_node]: no valid preview interval at step=4; usable horizon=1 reason=3
[WARN] [1791408818.378585441] [upper_planner_node]: no valid preview interval at step=5; usable horizon=1 reason=3
[WARN] [1791408818.378699492] [upper_planner_node]: no valid preview interval at step=6; usable horizon=1 reason=3
[WARN] [1791408818.876224862] [upper_planner_node]: egocentric MIQP failed: status=DAQP direct corridor QP infeasible: tried=1 solve_ms=0.165; retaining last published path
[WARN] [1791408819.875377837] [upper_planner_node]: no valid interval at the measured k=0 state; retaining future horizon=6 reason=3
[WARN] [1791408819.876244488] [upper_planner_node]: egocentric MIQP failed: status=DAQP direct corridor QP infeasible: tried=1 solve_ms=0.159; retaining last published path
[WARN] [1791408820.375820543] [upper_planner_node]: no valid interval at the measured k=0 state; retaining future horizon=6 reason=3
[WARN] [1791408820.875770210] [upper_planner_node]: no valid interval at the measured k=0 state; retaining future horizon=6 reason=3
[WARN] [1791408820.877384596] [upper_planner_node]: egocentric MIQP failed: status=DAQP direct corridor QP infeasible: tried=1 solve_ms=0.320; retaining last published path
[WARN] [1791408821.375974157] [upper_planner_node]: no valid interval at the measured k=0 state; retaining future horizon=6 reason=3
[WARN] [1791408821.876006003] [upper_planner_node]: no valid interval at the measured k=0 state; retaining future horizon=6 reason=3
[WARN] [1791408821.877741288] [upper_planner_node]: egocentric MIQP failed: status=DAQP direct corridor QP infeasible: tried=1 solve_ms=0.322; retaining last published path
[WARN] [1791408822.876160001] [upper_planner_node]: no valid interval at the measured k=0 state; retaining future horizon=6 reason=3
[WARN] [1791408822.877942519] [upper_planner_node]: egocentric MIQP failed: status=DAQP direct corridor QP infeasible: tried=1 solve_ms=0.328; retaining last published path
[WARN] [1791408823.375900669] [upper_planner_node]: no valid interval at the measured k=0 state; retaining future horizon=6 reason=3
[WARN] [1791408823.875571704] [upper_planner_node]: no valid interval at the measured k=0 state; retaining future horizon=6 reason=3
[WARN] [1791408824.376051883] [upper_planner_node]: no valid interval at the measured k=0 state; retaining future horizon=6 reason=3
[WARN] [1791408824.376939046] [upper_planner_node]: egocentric MIQP failed: status=DAQP direct corridor QP infeasible: tried=1 solve_ms=0.138; retaining last published path
[WARN] [1791408824.875637283] [upper_planner_node]: no valid interval at the measured k=0 state; retaining future horizon=6 reason=3
[WARN] [1791408825.375971506] [upper_planner_node]: no valid interval at the measured k=0 state; retaining future horizon=6 reason=3
[WARN] [1791408825.377717319] [upper_planner_node]: egocentric MIQP failed: status=DAQP direct corridor QP infeasible: tried=1 solve_ms=0.316; retaining last published path
[WARN] [1791408825.875684781] [upper_planner_node]: no valid interval at the measured k=0 state; retaining future horizon=6 reason=3
[WARN] [1791408826.376156256] [upper_planner_node]: no valid interval at the measured k=0 state; retaining future horizon=6 reason=3
[WARN] [1791408826.378173086] [upper_planner_node]: egocentric MIQP failed: status=DAQP direct corridor QP infeasible: tried=1 solve_ms=0.321; retaining last published path
[WARN] [1791408826.876010880] [upper_planner_node]: no valid interval at the measured k=0 state; retaining future horizon=6 reason=3
[WARN] [1791408827.376176778] [upper_planner_node]: no valid interval at the measured k=0 state; retaining future horizon=6 reason=3
[WARN] [1791408827.876313587] [upper_planner_node]: no valid interval at the measured k=0 state; retaining future horizon=6 reason=3
[WARN] [1791408827.877964997] [upper_planner_node]: egocentric MIQP failed: status=DAQP direct corridor QP infeasible: tried=1 solve_ms=0.331; retaining last published path
[WARN] [1791408828.376026030] [upper_planner_node]: no valid interval at the measured k=0 state; retaining future horizon=6 reason=3
[WARN] [1791408828.876158263] [upper_planner_node]: no valid interval at the measured k=0 state; retaining future horizon=6 reason=3
[WARN] [1791408828.877987246] [upper_planner_node]: egocentric MIQP failed: status=DAQP direct corridor QP infeasible: tried=1 solve_ms=0.330; retaining last published path
[WARN] [1791408829.376025015] [upper_planner_node]: no valid interval at the measured k=0 state; retaining future horizon=6 reason=3
[WARN] [1791408829.875933881] [upper_planner_node]: no valid interval at the measured k=0 state; retaining future horizon=6 reason=3
[WARN] [1791408830.376330217] [upper_planner_node]: no valid interval at the measured k=0 state; retaining future horizon=6 reason=3
[WARN] [1791408830.378013084] [upper_planner_node]: egocentric MIQP failed: status=DAQP direct corridor QP infeasible: tried=1 solve_ms=0.318; retaining last published path
[WARN] [1791408830.876483154] [upper_planner_node]: no valid interval at the measured k=0 state; retaining future horizon=6 reason=3
[WARN] [1791408831.376429141] [upper_planner_node]: no valid interval at the measured k=0 state; retaining future horizon=6 reason=3
[WARN] [1791408831.378341519] [upper_planner_node]: egocentric MIQP failed: status=DAQP direct corridor QP infeasible: tried=1 solve_ms=0.335; retaining last published path
[WARN] [1791408831.876446874] [upper_planner_node]: no valid interval at the measured k=0 state; retaining future horizon=6 reason=3
[WARN] [1791408832.376315418] [upper_planner_node]: no valid interval at the measured k=0 state; retaining future horizon=6 reason=3
[WARN] [1791408832.876174235] [upper_planner_node]: no valid interval at the measured k=0 state; retaining future horizon=6 reason=3
[WARN] [1791408832.877999058] [upper_planner_node]: egocentric MIQP failed: status=DAQP direct corridor QP infeasible: tried=1 solve_ms=0.354; retaining last published path
[WARN] [1791408833.376491785] [upper_planner_node]: no valid interval at the measured k=0 state; retaining future horizon=6 reason=3
[WARN] [1791408833.876393098] [upper_planner_node]: no valid interval at the measured k=0 state; retaining future horizon=6 reason=3
[WARN] [1791408833.878487274] [upper_planner_node]: egocentric MIQP failed: status=DAQP direct corridor QP infeasible: tried=1 solve_ms=0.329; retaining last published path
[WARN] [1791408834.376204105] [upper_planner_node]: no valid interval at the measured k=0 state; retaining future horizon=6 reason=3
[WARN] [1791408834.876577240] [upper_planner_node]: no valid interval at the measured k=0 state; retaining future horizon=6 reason=3
[WARN] [1791408834.878199914] [upper_planner_node]: egocentric MIQP failed: status=DAQP direct corridor QP infeasible: tried=1 solve_ms=0.320; retaining last published path
[WARN] [1791408835.376519483] [upper_planner_node]: no valid interval at the measured k=0 state; retaining future horizon=6 reason=3
[WARN] [1791408835.875986255] [upper_planner_node]: no valid interval at the measured k=0 state; retaining future horizon=6 reason=3
[WARN] [1791408836.376394208] [upper_planner_node]: no valid interval at the measured k=0 state; retaining future horizon=6 reason=3
[WARN] [1791408836.379807464] [upper_planner_node]: egocentric MIQP failed: status=DAQP direct corridor QP infeasible: tried=1 solve_ms=0.335; retaining last published path
[WARN] [1791408836.876638219] [upper_planner_node]: no valid interval at the measured k=0 state; retaining future horizon=6 reason=3
[WARN] [1791408837.376556717] [upper_planner_node]: no valid interval at the measured k=0 state; retaining future horizon=6 reason=3
[WARN] [1791408837.876452782] [upper_planner_node]: no valid interval at the measured k=0 state; retaining future horizon=6 reason=3
[WARN] [1791408837.877828728] [upper_planner_node]: egocentric MIQP failed: status=DAQP direct corridor QP infeasible: tried=1 solve_ms=0.283; retaining last published path
[WARN] [1791408838.376472499] [upper_planner_node]: no valid interval at the measured k=0 state; retaining future horizon=6 reason=3
[WARN] [1791408838.876086956] [upper_planner_node]: no valid interval at the measured k=0 state; retaining future horizon=6 reason=3
[WARN] [1791408839.377373719] [upper_planner_node]: egocentric MIQP failed: status=DAQP direct corridor QP infeasible: tried=9 solve_ms=0.457; retaining last published path
[INFO] [1791408840.355345122] [upper_planner_node]: mission cleared; awaiting path; revision=17
[WARN] [1791408840.375839345] [upper_planner_node]: planner waiting for global path
[INFO] [1791408840.465023145] [upper_planner_node]: reference path loaded from /navigation/global_path: 8 points frame=map waypoint_bias=disabled
[INFO] [1791408840.876391206] [upper_planner_node]: waypoint pair advanced: [0,1] -> [1,2]; previous reference retained
[INFO] [1791408848.376604139] [upper_planner_node]: waypoint pair advanced: [1,2] -> [2,3]; previous reference retained
[INFO] [1791408853.376313035] [upper_planner_node]: waypoint pair advanced: [2,3] -> [3,4]; previous reference retained
[INFO] [1791408857.877092006] [upper_planner_node]: waypoint pair advanced: [3,4] -> [4,5]; previous reference retained
[INFO] [1791408862.876924136] [upper_planner_node]: waypoint pair advanced: [4,5] -> [5,6]; previous reference retained
[INFO] [1791408866.877417558] [upper_planner_node]: waypoint pair advanced: [5,6] -> [6,7]; previous reference retained
[WARN] [1791408872.877831983] [upper_planner_node]: interval_diag step=6 reason=3 ref_body=(26.886,2.495) heading_deg=5.40 center_cell=(86,71) center_value=100 line_free=0 blocked=402 unknown=0 outside=1 longest_run=0 min_run=2 grid_free=2272 zero=2272 positive=14112 unknown=0 topic=/bev/occupancy_grid frame=Vehicle origin=(0.000,-20.000) origin_yaw_deg=0.00 size=128x128 res=0.3125 positive_is_drivable=0 threshold=1 waypoint_bias=0 previous=1
[WARN] [1791408872.878431233] [upper_planner_node]: no valid preview interval at step=6; usable horizon=5 reason=3
[WARN] [1791408872.878562085] [upper_planner_node]: horizon_diag configured=6 extent_limit=6 requested=6 usable=5 reserve=1 restore=1 step_m=4.500 previous=1
[WARN] [1791408873.377639885] [upper_planner_node]: no valid preview interval at step=6; usable horizon=5 reason=3
[WARN] [1791408873.877820150] [upper_planner_node]: no valid preview interval at step=5; usable horizon=4 reason=3
[WARN] [1791408873.878337478] [upper_planner_node]: no valid preview interval at step=6; usable horizon=4 reason=3
[WARN] [1791408874.377819610] [upper_planner_node]: no valid preview interval at step=5; usable horizon=4 reason=3
[WARN] [1791408874.378708373] [upper_planner_node]: no valid preview interval at step=6; usable horizon=4 reason=3
[WARN] [1791408874.879673526] [upper_planner_node]: interval_diag step=4 reason=3 ref_body=(18.000,-0.113) heading_deg=-0.36 center_cell=(57,63) center_value=100 line_free=0 blocked=401 unknown=0 outside=1 longest_run=0 min_run=2 grid_free=1363 zero=1363 positive=15021 unknown=0 topic=/bev/occupancy_grid frame=Vehicle origin=(0.000,-20.000) origin_yaw_deg=0.00 size=128x128 res=0.3125 positive_is_drivable=0 threshold=1 waypoint_bias=0 previous=0
[WARN] [1791408874.880321865] [upper_planner_node]: no valid preview interval at step=4; usable horizon=3 reason=3
[WARN] [1791408874.880533296] [upper_planner_node]: no valid preview interval at step=5; usable horizon=3 reason=3
[WARN] [1791408874.880685941] [upper_planner_node]: no valid preview interval at step=6; usable horizon=3 reason=3
[WARN] [1791408874.880780215] [upper_planner_node]: horizon_diag configured=6 extent_limit=6 requested=6 usable=3 reserve=1 restore=1 step_m=4.500 previous=0
[WARN] [1791408875.378099626] [upper_planner_node]: no valid preview interval at step=4; usable horizon=3 reason=3
[WARN] [1791408875.378690812] [upper_planner_node]: no valid preview interval at step=5; usable horizon=3 reason=3
[WARN] [1791408875.378864001] [upper_planner_node]: no valid preview interval at step=6; usable horizon=3 reason=3
[WARN] [1791408875.877817733] [upper_planner_node]: no valid preview interval at step=3; usable horizon=2 reason=3
[WARN] [1791408875.878446328] [upper_planner_node]: no valid preview interval at step=4; usable horizon=2 reason=3
[WARN] [1791408875.878706176] [upper_planner_node]: no valid preview interval at step=5; usable horizon=2 reason=3
[WARN] [1791408875.878913958] [upper_planner_node]: no valid preview interval at step=6; usable horizon=2 reason=3
[WARN] [1791408876.377277080] [upper_planner_node]: no valid preview interval at step=2; usable horizon=1 reason=3
[WARN] [1791408876.377620706] [upper_planner_node]: no valid preview interval at step=3; usable horizon=1 reason=3
[WARN] [1791408876.377795400] [upper_planner_node]: no valid preview interval at step=4; usable horizon=1 reason=3
[WARN] [1791408876.377952940] [upper_planner_node]: no valid preview interval at step=5; usable horizon=1 reason=3
[WARN] [1791408876.378182963] [upper_planner_node]: no valid preview interval at step=6; usable horizon=1 reason=3
[WARN] [1791408876.877947888] [upper_planner_node]: no valid preview interval at step=2; usable horizon=1 reason=3
[WARN] [1791408876.878603268] [upper_planner_node]: no valid preview interval at step=3; usable horizon=1 reason=3
[WARN] [1791408876.878838123] [upper_planner_node]: no valid preview interval at step=4; usable horizon=1 reason=3
[WARN] [1791408876.879007280] [upper_planner_node]: no valid preview interval at step=5; usable horizon=1 reason=3
[WARN] [1791408876.879165621] [upper_planner_node]: no valid preview interval at step=6; usable horizon=1 reason=3
[WARN] [1791408877.378800589] [upper_planner_node]: egocentric MIQP failed: status=DAQP direct corridor QP infeasible: tried=1 solve_ms=0.336; retaining last published path
[WARN] [1791408877.877238273] [upper_planner_node]: no valid interval at the measured k=0 state; retaining future horizon=6 reason=3
[WARN] [1791408878.377722836] [upper_planner_node]: no valid interval at the measured k=0 state; retaining future horizon=6 reason=3
[WARN] [1791408878.379048764] [upper_planner_node]: egocentric MIQP failed: status=DAQP direct corridor QP infeasible: tried=1 solve_ms=0.210; retaining last published path
[WARN] [1791408878.877256585] [upper_planner_node]: no valid interval at the measured k=0 state; retaining future horizon=6 reason=3
[WARN] [1791408879.377635064] [upper_planner_node]: no valid interval at the measured k=0 state; retaining future horizon=6 reason=3
[WARN] [1791408879.379249097] [upper_planner_node]: egocentric MIQP failed: status=DAQP direct corridor QP infeasible: tried=1 solve_ms=0.284; retaining last published path
[WARN] [1791408879.878227406] [upper_planner_node]: no valid interval at the measured k=0 state; retaining future horizon=6 reason=3
[WARN] [1791408880.378664735] [upper_planner_node]: no valid interval at the measured k=0 state; retaining future horizon=6 reason=3
[WARN] [1791408880.382716122] [upper_planner_node]: egocentric MIQP failed: status=DAQP direct corridor QP infeasible: tried=1 solve_ms=0.307; retaining last published path
[WARN] [1791408880.877621507] [upper_planner_node]: no valid interval at the measured k=0 state; retaining future horizon=6 reason=3
[WARN] [1791408881.377964912] [upper_planner_node]: no valid interval at the measured k=0 state; retaining future horizon=6 reason=3
[WARN] [1791408881.879215706] [upper_planner_node]: no valid interval at the measured k=0 state; retaining future horizon=6 reason=3
[WARN] [1791408881.880785930] [upper_planner_node]: egocentric MIQP failed: status=DAQP direct corridor QP infeasible: tried=1 solve_ms=0.311; retaining last published path
[WARN] [1791408882.377269218] [upper_planner_node]: no valid interval at the measured k=0 state; retaining future horizon=6 reason=3
[WARN] [1791408882.877468460] [upper_planner_node]: no valid interval at the measured k=0 state; retaining future horizon=6 reason=3
[WARN] [1791408883.379609073] [upper_planner_node]: no valid interval at the measured k=0 state; retaining future horizon=6 reason=3
[WARN] [1791408883.381271203] [upper_planner_node]: egocentric MIQP failed: status=DAQP direct corridor QP infeasible: tried=1 solve_ms=0.314; retaining last published path
[WARN] [1791408883.877785373] [upper_planner_node]: no valid interval at the measured k=0 state; retaining future horizon=6 reason=3
[WARN] [1791408884.377318674] [upper_planner_node]: no valid interval at the measured k=0 state; retaining future horizon=6 reason=3
[WARN] [1791408884.878599676] [upper_planner_node]: no valid interval at the measured k=0 state; retaining future horizon=6 reason=3
[WARN] [1791408884.879501336] [upper_planner_node]: egocentric MIQP failed: status=DAQP direct corridor QP infeasible: tried=1 solve_ms=0.151; retaining last published path
[WARN] [1791408885.377932012] [upper_planner_node]: no valid interval at the measured k=0 state; retaining future horizon=6 reason=3
[WARN] [1791408885.877460737] [upper_planner_node]: no valid interval at the measured k=0 state; retaining future horizon=6 reason=3
[WARN] [1791408886.377998548] [upper_planner_node]: no valid interval at the measured k=0 state; retaining future horizon=6 reason=3
[WARN] [1791408886.379657671] [upper_planner_node]: egocentric MIQP failed: status=DAQP direct corridor QP infeasible: tried=1 solve_ms=0.321; retaining last published path
[WARN] [1791408886.877497801] [upper_planner_node]: no valid interval at the measured k=0 state; retaining future horizon=6 reason=3
[WARN] [1791408887.379036827] [upper_planner_node]: no valid interval at the measured k=0 state; retaining future horizon=6 reason=3
[WARN] [1791408887.380913108] [upper_planner_node]: egocentric MIQP failed: status=DAQP direct corridor QP infeasible: tried=1 solve_ms=0.345; retaining last published path
[WARN] [1791408887.877891452] [upper_planner_node]: no valid interval at the measured k=0 state; retaining future horizon=6 reason=3
[WARN] [1791408888.377899775] [upper_planner_node]: no valid interval at the measured k=0 state; retaining future horizon=6 reason=3
[WARN] [1791408888.877952900] [upper_planner_node]: no valid interval at the measured k=0 state; retaining future horizon=6 reason=3
[WARN] [1791408888.881095140] [upper_planner_node]: egocentric MIQP failed: status=DAQP direct corridor QP infeasible: tried=1 solve_ms=0.320; retaining last published path
[WARN] [1791408889.377532155] [upper_planner_node]: no valid interval at the measured k=0 state; retaining future horizon=6 reason=3
[WARN] [1791408889.877596992] [upper_planner_node]: no valid interval at the measured k=0 state; retaining future horizon=6 reason=3
[WARN] [1791408890.377637829] [upper_planner_node]: no valid interval at the measured k=0 state; retaining future horizon=6 reason=3
[WARN] [1791408890.378652036] [upper_planner_node]: egocentric MIQP failed: status=DAQP direct corridor QP infeasible: tried=1 solve_ms=0.162; retaining last published path
[WARN] [1791408890.878512483] [upper_planner_node]: no valid interval at the measured k=0 state; retaining future horizon=6 reason=3
[WARN] [1791408891.378331265] [upper_planner_node]: no valid interval at the measured k=0 state; retaining future horizon=6 reason=3
[WARN] [1791408891.380074678] [upper_planner_node]: egocentric MIQP failed: status=DAQP direct corridor QP infeasible: tried=1 solve_ms=0.324; retaining last published path
[WARN] [1791408891.878313348] [upper_planner_node]: no valid interval at the measured k=0 state; retaining future horizon=6 reason=3
[WARN] [1791408892.378125025] [upper_planner_node]: no valid interval at the measured k=0 state; retaining future horizon=6 reason=3
[WARN] [1791408892.382823088] [upper_planner_node]: egocentric MIQP failed: status=DAQP direct corridor QP infeasible: tried=1 solve_ms=0.316; retaining last published path
[WARN] [1791408892.878232552] [upper_planner_node]: no valid interval at the measured k=0 state; retaining future horizon=6 reason=3
[WARN] [1791408893.378133864] [upper_planner_node]: no valid interval at the measured k=0 state; retaining future horizon=6 reason=3
[WARN] [1791408893.878735038] [upper_planner_node]: no valid interval at the measured k=0 state; retaining future horizon=6 reason=3
[WARN] [1791408893.879916834] [upper_planner_node]: egocentric MIQP failed: status=DAQP direct corridor QP infeasible: tried=1 solve_ms=0.167; retaining last published path
[WARN] [1791408894.378297780] [upper_planner_node]: no valid interval at the measured k=0 state; retaining future horizon=6 reason=3
[WARN] [1791408894.878164851] [upper_planner_node]: no valid interval at the measured k=0 state; retaining future horizon=6 reason=3
[WARN] [1791408895.378467520] [upper_planner_node]: no valid interval at the measured k=0 state; retaining future horizon=6 reason=3
[WARN] [1791408895.382825220] [upper_planner_node]: egocentric MIQP failed: status=DAQP direct corridor QP infeasible: tried=1 solve_ms=0.730; retaining last published path
[WARN] [1791408895.877692395] [upper_planner_node]: no valid interval at the measured k=0 state; retaining future horizon=6 reason=3
[WARN] [1791408896.378428229] [upper_planner_node]: no valid interval at the measured k=0 state; retaining future horizon=6 reason=3
[WARN] [1791408896.878861813] [upper_planner_node]: no valid interval at the measured k=0 state; retaining future horizon=6 reason=3
[WARN] [1791408896.881998197] [upper_planner_node]: egocentric MIQP failed: status=DAQP direct corridor QP infeasible: tried=1 solve_ms=0.314; retaining last published path
[WARN] [1791408897.378543471] [upper_planner_node]: no valid interval at the measured k=0 state; retaining future horizon=6 reason=3
[WARN] [1791408898.379196073] [upper_planner_node]: egocentric MIQP failed: status=DAQP direct corridor QP infeasible: tried=9 solve_ms=0.455; retaining last published path
[INFO] [1791408898.858312210] [upper_planner_node]: mission cleared; awaiting path; revision=19
[WARN] [1791408898.877730848] [upper_planner_node]: planner waiting for global path
[INFO] [1791408898.959396211] [upper_planner_node]: reference path loaded from /navigation/global_path: 8 points frame=map waypoint_bias=disabled
[INFO] [1791408899.378404312] [upper_planner_node]: waypoint pair advanced: [0,1] -> [1,2]; previous reference retained
[INFO] [1791408906.879269410] [upper_planner_node]: waypoint pair advanced: [1,2] -> [2,3]; previous reference retained
[INFO] [1791408911.878455464] [upper_planner_node]: waypoint pair advanced: [2,3] -> [3,4]; previous reference retained
[INFO] [1791408915.879286778] [upper_planner_node]: waypoint pair advanced: [3,4] -> [4,5]; previous reference retained
[INFO] [1791408920.879053072] [upper_planner_node]: waypoint pair advanced: [4,5] -> [5,6]; previous reference retained
[INFO] [1791408924.879303215] [upper_planner_node]: waypoint pair advanced: [5,6] -> [6,7]; previous reference retained
[WARN] [1791408930.879958244] [upper_planner_node]: interval_diag step=6 reason=3 ref_body=(26.959,1.511) heading_deg=3.13 center_cell=(86,68) center_value=100 line_free=0 blocked=401 unknown=0 outside=1 longest_run=0 min_run=2 grid_free=2233 zero=2233 positive=14151 unknown=0 topic=/bev/occupancy_grid frame=Vehicle origin=(0.000,-20.000) origin_yaw_deg=0.00 size=128x128 res=0.3125 positive_is_drivable=0 threshold=1 waypoint_bias=0 previous=1
[WARN] [1791408930.880509333] [upper_planner_node]: no valid preview interval at step=6; usable horizon=5 reason=3
[WARN] [1791408930.880613976] [upper_planner_node]: horizon_diag configured=6 extent_limit=6 requested=6 usable=5 reserve=1 restore=1 step_m=4.500 previous=1
[WARN] [1791408931.379678462] [upper_planner_node]: no valid preview interval at step=6; usable horizon=5 reason=3
[WARN] [1791408931.879517020] [upper_planner_node]: no valid preview interval at step=5; usable horizon=4 reason=3
[WARN] [1791408931.880312308] [upper_planner_node]: no valid preview interval at step=6; usable horizon=4 reason=3
[WARN] [1791408932.379730021] [upper_planner_node]: no valid preview interval at step=5; usable horizon=4 reason=3
[WARN] [1791408932.380329528] [upper_planner_node]: no valid preview interval at step=6; usable horizon=4 reason=3
[WARN] [1791408932.880525664] [upper_planner_node]: interval_diag step=4 reason=3 ref_body=(18.000,-0.110) heading_deg=-0.35 center_cell=(57,63) center_value=100 line_free=0 blocked=401 unknown=0 outside=1 longest_run=0 min_run=2 grid_free=1314 zero=1314 positive=15070 unknown=0 topic=/bev/occupancy_grid frame=Vehicle origin=(0.000,-20.000) origin_yaw_deg=0.00 size=128x128 res=0.3125 positive_is_drivable=0 threshold=1 waypoint_bias=0 previous=0
[WARN] [1791408932.881069393] [upper_planner_node]: no valid preview interval at step=4; usable horizon=3 reason=3
[WARN] [1791408932.882164274] [upper_planner_node]: no valid preview interval at step=5; usable horizon=3 reason=3
[WARN] [1791408932.884413111] [upper_planner_node]: no valid preview interval at step=6; usable horizon=3 reason=3
[WARN] [1791408932.884688319] [upper_planner_node]: horizon_diag configured=6 extent_limit=6 requested=6 usable=3 reserve=1 restore=1 step_m=4.500 previous=0
[WARN] [1791408933.379089815] [upper_planner_node]: no valid preview interval at step=4; usable horizon=3 reason=3
[WARN] [1791408933.379469091] [upper_planner_node]: no valid preview interval at step=5; usable horizon=3 reason=3
[WARN] [1791408933.379675657] [upper_planner_node]: no valid preview interval at step=6; usable horizon=3 reason=3
[WARN] [1791408933.879789391] [upper_planner_node]: no valid preview interval at step=3; usable horizon=2 reason=3
[WARN] [1791408933.880342080] [upper_planner_node]: no valid preview interval at step=4; usable horizon=2 reason=3
[WARN] [1791408933.880563847] [upper_planner_node]: no valid preview interval at step=5; usable horizon=2 reason=3
[WARN] [1791408933.880754253] [upper_planner_node]: no valid preview interval at step=6; usable horizon=2 reason=3
[WARN] [1791408934.379919926] [upper_planner_node]: no valid preview interval at step=2; usable horizon=1 reason=3
[WARN] [1791408934.380313122] [upper_planner_node]: no valid preview interval at step=3; usable horizon=1 reason=3
[WARN] [1791408934.380433926] [upper_planner_node]: no valid preview interval at step=4; usable horizon=1 reason=3
[WARN] [1791408934.380537257] [upper_planner_node]: no valid preview interval at step=5; usable horizon=1 reason=3
[WARN] [1791408934.380639852] [upper_planner_node]: no valid preview interval at step=6; usable horizon=1 reason=3
[WARN] [1791408934.881995448] [upper_planner_node]: egocentric MIQP failed: status=DAQP direct corridor QP infeasible: tried=1 solve_ms=0.305; retaining last published path
[WARN] [1791408935.379581649] [upper_planner_node]: no valid interval at the measured k=0 state; retaining future horizon=6 reason=3
[WARN] [1791408935.879331532] [upper_planner_node]: no valid interval at the measured k=0 state; retaining future horizon=6 reason=3
[WARN] [1791408936.379371760] [upper_planner_node]: no valid interval at the measured k=0 state; retaining future horizon=6 reason=3
[WARN] [1791408936.382100067] [upper_planner_node]: egocentric MIQP failed: status=DAQP direct corridor QP infeasible: tried=1 solve_ms=0.320; retaining last published path
[WARN] [1791408936.878990823] [upper_planner_node]: no valid interval at the measured k=0 state; retaining future horizon=6 reason=3
[WARN] [1791408937.379043051] [upper_planner_node]: no valid interval at the measured k=0 state; retaining future horizon=6 reason=3
[WARN] [1791408937.879508988] [upper_planner_node]: no valid interval at the measured k=0 state; retaining future horizon=6 reason=3
[WARN] [1791408937.881852547] [upper_planner_node]: egocentric MIQP failed: status=DAQP direct corridor QP infeasible: tried=1 solve_ms=0.353; retaining last published path
[WARN] [1791408938.378971151] [upper_planner_node]: no valid interval at the measured k=0 state; retaining future horizon=6 reason=3
[WARN] [1791408938.879641990] [upper_planner_node]: no valid interval at the measured k=0 state; retaining future horizon=6 reason=3
[WARN] [1791408939.379116696] [upper_planner_node]: no valid interval at the measured k=0 state; retaining future horizon=6 reason=3
[WARN] [1791408939.380720361] [upper_planner_node]: egocentric MIQP failed: status=DAQP direct corridor QP infeasible: tried=1 solve_ms=0.576; retaining last published path
[WARN] [1791408939.879068153] [upper_planner_node]: no valid interval at the measured k=0 state; retaining future horizon=6 reason=3
[WARN] [1791408940.380031353] [upper_planner_node]: no valid interval at the measured k=0 state; retaining future horizon=6 reason=3
[WARN] [1791408940.380980566] [upper_planner_node]: egocentric MIQP failed: status=DAQP direct corridor QP infeasible: tried=1 solve_ms=0.160; retaining last published path
[WARN] [1791408940.879145569] [upper_planner_node]: no valid interval at the measured k=0 state; retaining future horizon=6 reason=3
[WARN] [1791408941.379823928] [upper_planner_node]: no valid interval at the measured k=0 state; retaining future horizon=6 reason=3
[WARN] [1791408941.381598894] [upper_planner_node]: egocentric MIQP failed: status=DAQP direct corridor QP infeasible: tried=1 solve_ms=0.327; retaining last published path
[WARN] [1791408941.879920830] [upper_planner_node]: no valid interval at the measured k=0 state; retaining future horizon=6 reason=3
[WARN] [1791408942.381974015] [upper_planner_node]: no valid interval at the measured k=0 state; retaining future horizon=6 reason=3
[WARN] [1791408942.384436426] [upper_planner_node]: egocentric MIQP failed: status=DAQP direct corridor QP infeasible: tried=1 solve_ms=0.290; retaining last published path
[WARN] [1791408942.879607513] [upper_planner_node]: no valid interval at the measured k=0 state; retaining future horizon=6 reason=3
[WARN] [1791408943.379274962] [upper_planner_node]: no valid interval at the measured k=0 state; retaining future horizon=6 reason=3
[WARN] [1791408943.880001674] [upper_planner_node]: no valid interval at the measured k=0 state; retaining future horizon=6 reason=3
[WARN] [1791408943.881545625] [upper_planner_node]: egocentric MIQP failed: status=DAQP direct corridor QP infeasible: tried=1 solve_ms=0.320; retaining last published path
[WARN] [1791408944.379579104] [upper_planner_node]: no valid interval at the measured k=0 state; retaining future horizon=6 reason=3
[WARN] [1791408944.879342043] [upper_planner_node]: no valid interval at the measured k=0 state; retaining future horizon=6 reason=3
[WARN] [1791408945.379580133] [upper_planner_node]: no valid interval at the measured k=0 state; retaining future horizon=6 reason=3
[WARN] [1791408945.381417501] [upper_planner_node]: egocentric MIQP failed: status=DAQP direct corridor QP infeasible: tried=1 solve_ms=0.325; retaining last published path
[WARN] [1791408945.879293471] [upper_planner_node]: no valid interval at the measured k=0 state; retaining future horizon=6 reason=3
[WARN] [1791408946.380036568] [upper_planner_node]: no valid interval at the measured k=0 state; retaining future horizon=6 reason=3
[WARN] [1791408946.381864464] [upper_planner_node]: egocentric MIQP failed: status=DAQP direct corridor QP infeasible: tried=1 solve_ms=0.339; retaining last published path
[WARN] [1791408946.879733489] [upper_planner_node]: no valid interval at the measured k=0 state; retaining future horizon=6 reason=3
[WARN] [1791408947.379898553] [upper_planner_node]: no valid interval at the measured k=0 state; retaining future horizon=6 reason=3
[WARN] [1791408947.381982104] [upper_planner_node]: egocentric MIQP failed: status=DAQP direct corridor QP infeasible: tried=1 solve_ms=0.331; retaining last published path
[WARN] [1791408947.879856122] [upper_planner_node]: no valid interval at the measured k=0 state; retaining future horizon=6 reason=3
[WARN] [1791408948.380101284] [upper_planner_node]: no valid interval at the measured k=0 state; retaining future horizon=6 reason=3
[WARN] [1791408948.879975683] [upper_planner_node]: no valid interval at the measured k=0 state; retaining future horizon=6 reason=3
[WARN] [1791408948.881595124] [upper_planner_node]: egocentric MIQP failed: status=DAQP direct corridor QP infeasible: tried=1 solve_ms=0.318; retaining last published path
[WARN] [1791408949.379366771] [upper_planner_node]: no valid interval at the measured k=0 state; retaining future horizon=6 reason=3
[WARN] [1791408949.879343605] [upper_planner_node]: no valid interval at the measured k=0 state; retaining future horizon=6 reason=3
[WARN] [1791408950.379507516] [upper_planner_node]: no valid interval at the measured k=0 state; retaining future horizon=6 reason=3
[WARN] [1791408950.380451897] [upper_planner_node]: egocentric MIQP failed: status=DAQP direct corridor QP infeasible: tried=1 solve_ms=0.160; retaining last published path
[WARN] [1791408950.879422588] [upper_planner_node]: no valid interval at the measured k=0 state; retaining future horizon=6 reason=3
[WARN] [1791408951.379425054] [upper_planner_node]: no valid interval at the measured k=0 state; retaining future horizon=6 reason=3
[WARN] [1791408951.381115442] [upper_planner_node]: egocentric MIQP failed: status=DAQP direct corridor QP infeasible: tried=1 solve_ms=0.330; retaining last published path
[WARN] [1791408951.880317436] [upper_planner_node]: no valid interval at the measured k=0 state; retaining future horizon=6 reason=3
[WARN] [1791408952.379890641] [upper_planner_node]: no valid interval at the measured k=0 state; retaining future horizon=6 reason=3
[WARN] [1791408952.381522531] [upper_planner_node]: egocentric MIQP failed: status=DAQP direct corridor QP infeasible: tried=1 solve_ms=0.321; retaining last published path
[WARN] [1791408952.879886900] [upper_planner_node]: no valid interval at the measured k=0 state; retaining future horizon=6 reason=3
[WARN] [1791408953.380898901] [upper_planner_node]: no valid interval at the measured k=0 state; retaining future horizon=6 reason=3
[WARN] [1791408953.383005749] [upper_planner_node]: egocentric MIQP failed: status=DAQP direct corridor QP infeasible: tried=1 solve_ms=0.365; retaining last published path
[WARN] [1791408953.879968219] [upper_planner_node]: no valid interval at the measured k=0 state; retaining future horizon=6 reason=3
[WARN] [1791408954.380365098] [upper_planner_node]: no valid interval at the measured k=0 state; retaining future horizon=6 reason=3
[WARN] [1791408954.383628109] [upper_planner_node]: egocentric MIQP failed: status=DAQP direct corridor QP infeasible: tried=1 solve_ms=0.342; retaining last published path
[WARN] [1791408954.880113572] [upper_planner_node]: no valid interval at the measured k=0 state; retaining future horizon=6 reason=3
[INFO] [1791408955.363713908] [rclcpp]: signal_handler(SIGINT/SIGTERM)
