time,t,seconds,known,unknown,free,known_forward_min,known_forward_end,free_forward_min_effective0,free_forward_end_effective0,free_first9m,free_at_k7_forward_column,free_y0_cells,stamp_zero
16:57:14.185,1791273434.185709,0.0,16384,0,4606,2.95,42.95,0.0,40.0,1040,37,128,True
16:57:14.186,1791273434.1860378,0.0003287792205810547,16384,0,4605,2.95,42.95,0.0,40.0,1039,37,128,True
16:57:14.244,1791273434.244064,0.058355093002319336,16384,0,4604,2.95,42.95,0.0,40.0,1037,37,128,True
16:57:14.291,1791273434.2918262,0.10611724853515625,16384,0,4604,2.95,42.95,0.0,40.0,1036,37,128,True
16:57:14.339,1791273434.3397357,0.15402674674987793,16384,0,4603,2.95,42.95,0.0,40.0,1035,37,128,True
16:57:14.401,1791273434.4018636,0.2161545753479004,16384,0,4603,2.95,42.95,0.0,40.0,1036,37,128,True
16:57:14.441,1791273434.441836,0.25612711906433105,16384,0,4600,2.95,42.95,0.0,40.0,1035,37,128,True
16:57:14.500,1791273434.500345,0.3146359920501709,16384,0,4598,2.95,42.95,0.0,40.0,1033,37,128,True
16:57:14.547,1791273434.5472147,0.36150574684143066,16384,0,4601,2.95,42.95,0.0,40.0,1035,37,128,True
16:57:14.651,1791273434.6516726,0.46596360206604004,16384,0,4596,2.95,42.95,0.0,40.0,1031,37,128,True
16:57:14.709,1791273434.7098598,0.5241508483886719,16384,0,4602,2.95,42.95,0.0,40.0,1030,37,128,True
16:57:14.756,1791273434.7566738,0.5709648132324219,16384,0,4602,2.95,42.95,0.0,40.0,1029,37,128,True
16:57:14.808,1791273434.8089015,0.623192548751831,16384,0,4611,2.95,42.95,0.0,40.0,1030,37,128,True
16:57:14.859,1791273434.85936,0.6736509799957275,16384,0,4611,2.95,42.95,0.0,40.0,1029,37,128,True
16:57:14.915,1791273434.9159358,0.7302267551422119,16384,0,4616,2.95,42.95,0.0,40.0,1029,37,128,True
16:57:14.981,1791273434.9810762,0.7953672409057617,16384,0,4616,2.95,42.95,0.0,40.0,1028,37,128,True
16:57:15.018,1791273435.0186243,0.8329153060913086,16384,0,4618,2.95,42.95,0.0,40.0,1029,37,128,True
16:57:15.070,1791273435.0701704,0.8844614028930664,16384,0,4624,2.95,42.95,0.0,40.0,1036,37,128,True
16:57:15.125,1791273435.1258152,0.9401061534881592,16384,0,4626,2.95,42.95,0.0,40.0,1036,37,128,True
16:57:15.178,1791273435.1780167,0.9923076629638672,16384,0,4626,2.95,42.95,0.0,40.0,1035,37,128,True
16:57:15.281,1791273435.28161,1.0959010124206543,16384,0,4632,2.95,42.95,0.0,40.0,1037,37,128,True
16:57:15.338,1791273435.3384633,1.152754306793213,16384,0,4630,2.95,42.95,0.0,40.0,1034,37,128,True
16:57:15.401,1791273435.401591,1.2158820629119873,16384,0,4623,2.95,42.95,0.0,40.0,1036,37,128,True
16:57:15.439,1791273435.4395578,1.2538487911224365,16384,0,4618,2.95,42.95,0.0,40.0,1033,37,128,True
16:57:15.492,1791273435.4922302,1.3065211772918701,16384,0,4620,2.95,42.95,0.0,40.0,1034,38,128,True
16:57:15.575,1791273435.57571,1.3900010585784912,16384,0,4622,2.95,42.95,0.0,40.0,1035,38,128,True
16:57:15.596,1791273435.59674,1.4110310077667236,16384,0,4621,2.95,42.95,0.0,40.0,1034,37,128,True
16:57:15.649,1791273435.6495454,1.463836431503296,16384,0,4624,2.95,42.95,0.0,40.0,1035,38,128,True
16:57:15.701,1791273435.7014587,1.5157496929168701,16384,0,4621,2.95,42.95,0.0,40.0,1034,37,128,True
16:57:15.806,1791273435.8067539,1.6210448741912842,16384,0,4622,2.95,42.95,0.0,40.0,1031,37,128,True
16:57:15.860,1791273435.860983,1.6752738952636719,16384,0,4622,2.95,42.95,0.0,40.0,1029,37,128,True
16:57:16.071,1791273436.0712013,1.8854923248291016,16384,0,4624,2.95,42.95,0.0,40.0,1025,38,128,True
16:57:16.119,1791273436.1194384,1.9337294101715088,16384,0,4627,2.95,42.95,0.0,40.0,1024,38,128,True
16:57:16.173,1791273436.1735866,1.987877607345581,16384,0,4625,2.95,42.95,0.0,40.0,1021,38,128,True
16:57:16.225,1791273436.2258837,2.040174722671509,16384,0,4627,2.95,42.95,0.0,40.0,1022,38,128,True
16:57:16.309,1791273436.3092415,2.12353253364563,16384,0,4627,2.95,42.95,0.0,40.0,1020,38,128,True
16:57:16.333,1791273436.3334215,2.147712469100952,16384,0,4625,2.95,42.95,0.0,40.0,1016,38,128,True
16:57:16.383,1791273436.3837717,2.1980626583099365,16384,0,4625,2.95,42.95,0.0,40.0,1015,38,128,True
16:57:16.449,1791273436.4492674,2.2635583877563477,16384,0,4628,2.95,42.95,0.0,40.0,1014,37,128,True
16:57:16.487,1791273436.4878087,2.3020997047424316,16384,0,4627,2.95,42.95,0.0,40.0,1012,37,128,True
16:57:16.551,1791273436.5517054,2.3659963607788086,16384,0,4629,2.95,42.95,0.0,40.0,1009,37,128,True
16:57:16.594,1791273436.5948827,2.4091737270355225,16384,0,4631,2.95,42.95,0.0,40.0,1006,37,128,True
16:57:16.703,1791273436.7034562,2.517747163772583,16384,0,4634,2.95,42.95,0.0,40.0,1003,38,128,True
16:57:16.753,1791273436.7533548,2.567645788192749,16384,0,4633,2.95,42.95,0.0,40.0,1000,38,128,True
16:57:16.806,1791273436.8064675,2.620758533477783,16384,0,4637,2.95,42.95,0.0,40.0,999,38,128,True
16:57:16.858,1791273436.858989,2.6732800006866455,16384,0,4635,2.95,42.95,0.0,40.0,996,38,128,True
16:57:17.013,1791273437.0130982,2.8273892402648926,16384,0,4643,2.95,42.95,0.0,40.0,993,38,128,True
16:57:17.170,1791273437.1706104,2.9849014282226562,16384,0,4661,2.95,42.95,0.0,40.0,992,38,128,True
16:57:17.283,1791273437.2835662,3.0978572368621826,16384,0,4661,2.95,42.95,0.0,40.0,990,38,128,True
16:57:17.336,1791273437.3368638,3.1511547565460205,16384,0,4665,2.95,42.95,0.0,40.0,988,38,128,True
16:57:17.698,1791273437.6983716,3.512662649154663,16384,0,4673,2.95,42.95,0.0,40.0,973,39,128,True
16:57:17.750,1791273437.7509866,3.565277576446533,16384,0,4677,2.95,42.95,0.0,40.0,970,38,128,True
16:57:17.966,1791273437.9665399,3.7808308601379395,16384,0,4686,2.95,42.95,0.0,40.0,963,39,128,True
16:57:18.227,1791273438.2271516,4.041442632675171,16384,0,4697,2.95,42.95,0.0,40.0,956,39,128,True
16:57:18.287,1791273438.2873259,4.101616859436035,16384,0,4703,2.95,42.95,0.0,40.0,956,39,128,True
16:57:18.333,1791273438.3334203,4.147711277008057,16384,0,4709,2.95,42.95,0.0,40.0,955,38,128,True
16:57:18.387,1791273438.387828,4.2021191120147705,16384,0,4701,2.95,42.95,0.0,40.0,954,38,128,True
16:57:18.442,1791273438.4423218,4.256612777709961,16384,0,4711,2.95,42.95,0.0,40.0,954,38,128,True
16:57:18.493,1791273438.4932268,4.307517766952515,16384,0,4717,2.95,42.95,0.0,40.0,956,38,128,True
16:57:18.598,1791273438.5987341,4.413025140762329,16384,0,4723,2.95,42.95,0.0,40.0,958,39,128,True
16:57:18.650,1791273438.6505253,4.464816331863403,16384,0,4726,2.95,42.95,0.0,40.0,959,39,128,True
16:57:18.704,1791273438.7043161,4.518607139587402,16384,0,4730,2.95,42.95,0.0,40.0,961,39,128,True
16:57:18.811,1791273438.811456,4.625746965408325,16384,0,4739,2.95,42.95,0.0,40.0,965,38,128,True
16:57:18.861,1791273438.86186,4.6761510372161865,16384,0,4743,2.95,42.95,0.0,40.0,966,38,128,True
16:57:18.915,1791273438.9150243,4.729315280914307,16384,0,4746,2.95,42.95,0.0,40.0,968,38,128,True
16:57:18.969,1791273438.9690466,4.783337593078613,16384,0,4750,2.95,42.95,0.0,40.0,968,38,128,True
16:57:19.022,1791273439.0222456,4.836536645889282,16384,0,4752,2.95,42.95,0.0,40.0,970,38,128,True
16:57:19.126,1791273439.1264393,4.940730333328247,16384,0,4762,2.95,42.95,0.0,40.0,975,38,128,True
16:57:19.190,1791273439.1902792,5.004570245742798,16384,0,4766,2.95,42.95,0.0,40.0,976,39,128,True
16:57:19.233,1791273439.2333546,5.047645568847656,16384,0,4769,2.95,42.95,0.0,40.0,978,39,128,True
16:57:19.304,1791273439.3045325,5.118823528289795,16384,0,4775,2.95,42.95,0.0,40.0,983,38,128,True
16:57:19.346,1791273439.3464825,5.160773515701294,16384,0,4776,2.95,42.95,0.0,40.0,985,38,128,True
16:57:19.393,1791273439.3936,5.20789098739624,16384,0,4782,2.95,42.95,0.0,40.0,988,38,128,True
16:57:19.446,1791273439.4464586,5.260749578475952,16384,0,4783,2.95,42.95,0.0,40.0,990,38,128,True
16:57:19.501,1791273439.5013509,5.3156418800354,16384,0,4791,2.95,42.95,0.0,40.0,994,38,128,True
16:57:19.550,1791273439.5506613,5.364952325820923,16384,0,4787,2.95,42.95,0.0,40.0,994,38,128,True
16:57:19.601,1791273439.6010814,5.415372371673584,16384,0,4791,2.95,42.95,0.0,40.0,997,38,128,True
16:57:19.655,1791273439.6558466,5.470137596130371,16384,0,4796,2.95,42.95,0.0,40.0,999,38,128,True
16:57:19.705,1791273439.7056713,5.519962310791016,16384,0,4800,2.95,42.95,0.0,40.0,1003,38,128,True
16:57:19.828,1791273439.8281736,5.642464637756348,16384,0,4800,2.95,42.95,0.0,40.0,1003,39,128,True
16:57:19.868,1791273439.868348,5.682638883590698,16384,0,4804,2.95,42.95,0.0,40.0,1005,39,128,True
16:57:19.972,1791273439.9721625,5.786453485488892,16384,0,4805,2.95,42.95,0.0,40.0,1008,39,128,True
16:57:19.974,1791273439.9742196,5.78851056098938,16384,0,4808,2.95,42.95,0.0,40.0,1012,38,128,True
16:57:20.089,1791273440.0891252,5.903416156768799,16384,0,4813,2.95,42.95,0.0,40.0,1015,38,128,True
16:57:20.135,1791273440.135387,5.94967794418335,16384,0,4812,2.95,42.95,0.0,40.0,1016,38,128,True
16:57:20.188,1791273440.1882384,6.0025293827056885,16384,0,4815,2.95,42.95,0.0,40.0,1018,38,128,True
16:57:20.264,1791273440.2642813,6.0785722732543945,16384,0,4818,2.95,42.95,0.0,40.0,1022,38,128,True
16:57:20.293,1791273440.2935495,6.107840538024902,16384,0,4820,2.95,42.95,0.0,40.0,1023,38,128,True
16:57:20.396,1791273440.3962402,6.210531234741211,16384,0,4821,2.95,42.95,0.0,40.0,1027,38,128,True
16:57:20.457,1791273440.457872,6.272162914276123,16384,0,4826,2.95,42.95,0.0,40.0,1034,37,128,True
16:57:20.537,1791273440.5377815,6.352072477340698,16384,0,4827,2.95,42.95,0.0,40.0,1037,37,128,True
16:57:20.569,1791273440.5693634,6.383654356002808,16384,0,4830,2.95,42.95,0.0,40.0,1039,37,128,True
16:57:20.601,1791273440.6012526,6.415543556213379,16384,0,4830,2.95,42.95,0.0,40.0,1040,37,128,True
16:57:20.680,1791273440.680419,6.4947099685668945,16384,0,4830,2.95,42.95,0.0,40.0,1043,38,128,True
16:57:20.731,1791273440.731359,6.545650005340576,16384,0,4830,2.95,42.95,0.0,40.0,1043,38,128,True
16:57:20.780,1791273440.7804751,6.594766139984131,16384,0,4831,2.95,42.95,0.0,40.0,1044,38,128,True
16:57:20.829,1791273440.829018,6.643309116363525,16384,0,4827,2.95,42.95,0.0,40.0,1044,37,128,True
16:57:20.878,1791273440.8784268,6.692717790603638,16384,0,4827,2.95,42.95,0.0,40.0,1045,37,128,True
16:57:20.931,1791273440.931257,6.7455480098724365,16384,0,4828,2.95,42.95,0.0,40.0,1048,37,128,True
16:57:20.983,1791273440.9839592,6.798250198364258,16384,0,4830,2.95,42.95,0.0,40.0,1050,37,128,True
16:57:21.032,1791273441.0324829,6.846773862838745,16384,0,4828,2.95,42.95,0.0,40.0,1052,37,128,True
16:57:21.084,1791273441.08454,6.898830890655518,16384,0,4826,2.95,42.95,0.0,40.0,1054,37,128,True
16:57:21.125,1791273441.1259286,6.9402196407318115,16384,0,4824,2.95,42.95,0.0,40.0,1054,37,128,True
16:57:21.153,1791273441.153379,6.96766996383667,16384,0,4825,2.95,42.95,0.0,40.0,1056,37,128,True
16:57:21.176,1791273441.1764922,6.990783214569092,16384,0,4820,2.95,42.95,0.0,40.0,1056,37,128,True
16:57:21.229,1791273441.229877,7.044167995452881,16384,0,4825,2.95,42.95,0.0,40.0,1061,37,128,True
16:57:21.254,1791273441.2545466,7.068837642669678,16384,0,4821,2.95,42.95,0.0,40.0,1061,37,128,True
16:57:21.279,1791273441.279778,7.094069004058838,16384,0,4819,2.95,42.95,0.0,40.0,1060,37,128,True
16:57:21.308,1791273441.3084204,7.122711420059204,16384,0,4817,2.95,42.95,0.0,40.0,1061,37,128,True
16:57:21.335,1791273441.3352535,7.1495444774627686,16384,0,4820,2.95,42.95,0.0,40.0,1062,37,128,True
16:57:21.356,1791273441.356741,7.171031951904297,16384,0,4819,2.95,42.95,0.0,40.0,1064,37,128,True
16:57:21.394,1791273441.3948717,7.209162712097168,16384,0,4817,2.95,42.95,0.0,40.0,1063,36,128,True
16:57:21.406,1791273441.4066694,7.220960378646851,16384,0,4818,2.95,42.95,0.0,40.0,1065,36,128,True
16:57:21.432,1791273441.4322155,7.246506452560425,16384,0,4815,2.95,42.95,0.0,40.0,1065,36,128,True
16:57:21.460,1791273441.4602609,7.274551868438721,16384,0,4817,2.95,42.95,0.0,40.0,1065,36,128,True
16:57:21.483,1791273441.4838552,7.2981462478637695,16384,0,4818,2.95,42.95,0.0,40.0,1069,36,128,True
16:57:21.526,1791273441.526757,7.341048002243042,16384,0,4810,2.95,42.95,0.0,40.0,1067,36,128,True
16:57:21.592,1791273441.592691,7.406981945037842,16384,0,4810,2.95,42.95,0.0,40.0,1069,37,128,True
16:57:21.592,1791273441.5929835,7.407274484634399,16384,0,4812,2.95,42.95,0.0,40.0,1072,37,128,True
16:57:21.598,1791273441.5986576,7.4129486083984375,16384,0,4807,2.95,42.95,0.0,40.0,1069,37,128,True
16:57:21.612,1791273441.612898,7.427189111709595,16384,0,4812,2.95,42.95,0.0,40.0,1073,37,128,True
16:57:21.636,1791273441.6366694,7.450960397720337,16384,0,4803,2.95,42.95,0.0,40.0,1070,37,128,True
16:57:21.670,1791273441.6700716,7.484362602233887,16384,0,4808,2.95,42.95,0.0,40.0,1073,37,128,True
16:57:21.689,1791273441.6891859,7.503476858139038,16384,0,4804,2.95,42.95,0.0,40.0,1072,37,128,True
16:57:21.714,1791273441.714823,7.529114007949829,16384,0,4805,2.95,42.95,0.0,40.0,1072,37,128,True
16:57:21.772,1791273441.7726684,7.586959362030029,16384,0,4800,2.95,42.95,0.0,40.0,1073,37,128,True
16:57:21.821,1791273441.821078,7.635369062423706,16384,0,4800,2.95,42.95,0.0,40.0,1075,37,128,True
16:57:21.841,1791273441.8416424,7.655933380126953,16384,0,4800,2.95,42.95,0.0,40.0,1076,37,128,True
16:57:21.871,1791273441.8717487,7.686039686203003,16384,0,4795,2.95,42.95,0.0,40.0,1074,36,128,True
16:57:21.892,1791273441.8923392,7.706630229949951,16384,0,4792,2.95,42.95,0.0,40.0,1076,36,128,True
16:57:21.959,1791273441.9597735,7.774064540863037,16384,0,4789,2.95,42.95,0.0,40.0,1078,36,128,True
16:57:21.971,1791273441.9712088,7.785499811172485,16384,0,4790,2.95,42.95,0.0,40.0,1078,36,128,True
16:57:21.996,1791273441.996388,7.810678958892822,16384,0,4783,2.95,42.95,0.0,40.0,1076,36,128,True
16:57:22.025,1791273442.0259905,7.8402814865112305,16384,0,4782,2.95,42.95,0.0,40.0,1077,36,128,True
16:57:22.050,1791273442.0508544,7.865145444869995,16384,0,4779,2.95,42.95,0.0,40.0,1075,36,128,True
16:57:22.076,1791273442.0764468,7.890737771987915,16384,0,4780,2.95,42.95,0.0,40.0,1076,36,128,True
16:57:22.101,1791273442.1015635,7.915854454040527,16384,0,4775,2.95,42.95,0.0,40.0,1075,36,128,True
16:57:22.127,1791273442.1278055,7.942096471786499,16384,0,4776,2.95,42.95,0.0,40.0,1076,36,128,True
16:57:22.152,1791273442.1523228,7.96661376953125,16384,0,4770,2.95,42.95,0.0,40.0,1075,36,128,True
16:57:22.204,1791273442.2042985,8.018589496612549,16384,0,4770,2.95,42.95,0.0,40.0,1078,37,128,True
16:57:22.228,1791273442.2282164,8.042507410049438,16384,0,4764,2.95,42.95,0.0,40.0,1077,37,128,True
16:57:22.316,1791273442.3166342,8.130925178527832,16384,0,4768,2.95,42.95,0.0,40.0,1080,36,128,True
16:57:22.316,1791273442.3168447,8.131135702133179,16384,0,4762,2.95,42.95,0.0,40.0,1077,36,128,True
16:57:22.330,1791273442.3307686,8.145059585571289,16384,0,4759,2.95,42.95,0.0,40.0,1079,36,128,True
16:57:22.357,1791273442.357103,8.171394109725952,16384,0,4759,2.95,42.95,0.0,40.0,1079,36,128,True
16:57:22.386,1791273442.3867075,8.200998544692993,16384,0,4759,2.95,42.95,0.0,40.0,1078,36,128,True
16:57:22.429,1791273442.4299443,8.244235277175903,16384,0,4754,2.95,42.95,0.0,40.0,1077,36,128,True
16:57:22.457,1791273442.4573154,8.2716064453125,16384,0,4752,2.95,42.95,0.0,40.0,1077,36,128,True
16:57:22.478,1791273442.4784915,8.292782545089722,16384,0,4749,2.95,42.95,0.0,40.0,1077,36,128,True
16:57:22.506,1791273442.5064,8.320691108703613,16384,0,4748,2.95,42.95,0.0,40.0,1077,36,128,True
16:57:22.530,1791273442.5302448,8.344535827636719,16384,0,4744,2.95,42.95,0.0,40.0,1076,36,128,True
16:57:22.557,1791273442.5574262,8.37171721458435,16384,0,4745,2.95,42.95,0.0,40.0,1077,36,128,True
16:57:22.586,1791273442.5864549,8.400745868682861,16384,0,4743,2.95,42.95,0.0,40.0,1078,36,128,True
16:57:22.604,1791273442.6040096,8.41830062866211,16384,0,4741,2.95,42.95,0.0,40.0,1077,36,128,True
16:57:22.629,1791273442.6294975,8.443788528442383,16384,0,4741,2.95,42.95,0.0,40.0,1078,36,128,True
16:57:22.652,1791273442.6528625,8.467153549194336,16384,0,4741,2.95,42.95,0.0,40.0,1078,36,128,True
16:57:22.677,1791273442.6779506,8.492241621017456,16384,0,4740,2.95,42.95,0.0,40.0,1080,36,128,True
16:57:22.703,1791273442.7031045,8.517395496368408,16384,0,4737,2.95,42.95,0.0,40.0,1080,36,128,True
16:57:22.729,1791273442.7299042,8.544195175170898,16384,0,4733,2.95,42.95,0.0,40.0,1081,36,128,True
16:57:22.752,1791273442.752893,8.56718397140503,16384,0,4733,2.95,42.95,0.0,40.0,1081,36,128,True
16:57:22.778,1791273442.7781749,8.592465877532959,16384,0,4729,2.95,42.95,0.0,40.0,1082,35,128,True
16:57:22.805,1791273442.8051395,8.619430541992188,16384,0,4728,2.95,42.95,0.0,40.0,1081,35,128,True
16:57:22.828,1791273442.8289623,8.643253326416016,16384,0,4723,2.95,42.95,0.0,40.0,1079,35,128,True
16:57:22.852,1791273442.8523045,8.666595458984375,16384,0,4723,2.95,42.95,0.0,40.0,1079,35,128,True
16:57:22.878,1791273442.8789995,8.69329047203064,16384,0,4720,2.95,42.95,0.0,40.0,1080,35,128,True
16:57:22.902,1791273442.9022,8.716490983963013,16384,0,4719,2.95,42.95,0.0,40.0,1079,35,128,True
16:57:22.982,1791273442.9820106,8.79630160331726,16384,0,4713,2.95,42.95,0.0,40.0,1078,35,128,True
16:57:22.982,1791273442.9823549,8.796645879745483,16384,0,4714,2.95,42.95,0.0,40.0,1078,35,128,True
16:57:22.982,1791273442.982546,8.796837091445923,16384,0,4708,2.95,42.95,0.0,40.0,1078,35,128,True
16:57:23.004,1791273443.0041249,8.818415880203247,16384,0,4710,2.95,42.95,0.0,40.0,1077,36,128,True
16:57:23.030,1791273443.0302372,8.844528198242188,16384,0,4707,2.95,42.95,0.0,40.0,1078,36,128,True
16:57:23.100,1791273443.1002443,8.914535284042358,16384,0,4706,2.95,42.95,0.0,40.0,1078,36,128,True
16:57:23.100,1791273443.1004398,8.914730787277222,16384,0,4703,2.95,42.95,0.0,40.0,1076,36,128,True
16:57:23.104,1791273443.1049705,8.919261455535889,16384,0,4704,2.95,42.95,0.0,40.0,1078,36,128,True
16:57:23.128,1791273443.1289074,8.943198442459106,16384,0,4698,2.95,42.95,0.0,40.0,1076,36,128,True
16:57:23.178,1791273443.1784945,8.992785453796387,16384,0,4697,2.95,42.95,0.0,40.0,1078,36,128,True
16:57:23.252,1791273443.2526827,9.066973686218262,16384,0,4693,2.95,42.95,0.0,40.0,1077,36,128,True
16:57:23.252,1791273443.2528808,9.067171812057495,16384,0,4692,2.95,42.95,0.0,40.0,1078,35,128,True
16:57:23.253,1791273443.253149,9.067440032958984,16384,0,4692,2.95,42.95,0.0,40.0,1078,35,128,True
16:57:23.277,1791273443.2776594,9.091950416564941,16384,0,4692,2.95,42.95,0.0,40.0,1077,35,128,True
16:57:23.304,1791273443.3041196,9.118410587310791,16384,0,4689,2.95,42.95,0.0,40.0,1077,35,128,True
16:57:23.328,1791273443.3284726,9.142763614654541,16384,0,4686,2.95,42.95,0.0,40.0,1076,35,128,True
16:57:23.400,1791273443.4003255,9.214616537094116,16384,0,4685,2.95,42.95,0.0,40.0,1076,35,128,True
16:57:23.400,1791273443.4006848,9.214975833892822,16384,0,4679,2.95,42.95,0.0,40.0,1075,35,128,True
16:57:23.406,1791273443.4066784,9.220969438552856,16384,0,4679,2.95,42.95,0.0,40.0,1075,35,128,True
16:57:23.431,1791273443.431051,9.245342016220093,16384,0,4674,2.95,42.95,0.0,40.0,1074,35,128,True
16:57:23.482,1791273443.482054,9.296344995498657,16384,0,4672,2.95,42.95,0.0,40.0,1073,35,128,True
16:57:23.506,1791273443.5061786,9.320469617843628,16384,0,4667,2.95,42.95,0.0,40.0,1073,35,128,True
16:57:23.527,1791273443.527153,9.34144401550293,16384,0,4668,2.95,42.95,0.0,40.0,1073,35,128,True
16:57:23.554,1791273443.5540016,9.368292570114136,16384,0,4663,2.95,42.95,0.0,40.0,1071,35,128,True
16:57:23.582,1791273443.5826998,9.396990776062012,16384,0,4665,2.95,42.95,0.0,40.0,1072,35,128,True
16:57:23.603,1791273443.6033347,9.417625665664673,16384,0,4659,2.95,42.95,0.0,40.0,1070,35,128,True
16:57:23.632,1791273443.6321335,9.44642448425293,16384,0,4655,2.95,42.95,0.0,40.0,1070,35,128,True
16:57:23.651,1791273443.6518874,9.46617841720581,16384,0,4656,2.95,42.95,0.0,40.0,1070,35,128,True
16:57:23.676,1791273443.6761951,9.490486145019531,16384,0,4658,2.95,42.95,0.0,40.0,1069,35,128,True
16:57:23.702,1791273443.7025986,9.516889572143555,16384,0,4652,2.95,42.95,0.0,40.0,1069,34,128,True
16:57:23.726,1791273443.726748,9.541038990020752,16384,0,4647,2.95,42.95,0.0,40.0,1068,34,128,True
16:57:23.750,1791273443.7509575,9.565248489379883,16384,0,4649,2.95,42.95,0.0,40.0,1068,34,128,True
16:57:23.803,1791273443.8032775,9.617568492889404,16384,0,4643,2.95,42.95,0.0,40.0,1067,35,128,True
16:57:23.830,1791273443.8303466,9.64463758468628,16384,0,4639,2.95,42.95,0.0,40.0,1067,35,128,True
16:57:23.852,1791273443.8529987,9.667289733886719,16384,0,4640,2.95,42.95,0.0,40.0,1067,35,128,True
16:57:23.877,1791273443.8775444,9.691835403442383,16384,0,4637,2.95,42.95,0.0,40.0,1066,35,128,True
16:57:23.903,1791273443.9038436,9.718134641647339,16384,0,4632,2.95,42.95,0.0,40.0,1064,35,128,True
16:57:23.929,1791273443.9292665,9.743557453155518,16384,0,4631,2.95,42.95,0.0,40.0,1065,35,128,True
16:57:23.950,1791273443.9507554,9.76504635810852,16384,0,4631,2.95,42.95,0.0,40.0,1065,35,128,True
16:57:23.976,1791273443.9767969,9.791087865829468,16384,0,4627,2.95,42.95,0.0,40.0,1064,35,128,True
16:57:24.002,1791273444.0026498,9.816940784454346,16384,0,4627,2.95,42.95,0.0,40.0,1064,35,128,True
16:57:24.028,1791273444.0287952,9.843086242675781,16384,0,4619,2.95,42.95,0.0,40.0,1062,35,128,True
16:57:24.079,1791273444.07907,9.89336109161377,16384,0,4620,2.95,42.95,0.0,40.0,1063,35,128,True
16:57:24.102,1791273444.102223,9.916513919830322,16384,0,4616,2.95,42.95,0.0,40.0,1061,35,128,True
16:57:24.129,1791273444.129956,9.944247007369995,16384,0,4616,2.95,42.95,0.0,40.0,1062,35,128,True
16:57:24.151,1791273444.1513736,9.965664625167847,16384,0,4614,2.95,42.95,0.0,40.0,1062,35,128,True
16:57:24.175,1791273444.1758893,9.990180253982544,16384,0,4609,2.95,42.95,0.0,40.0,1059,35,128,True
16:57:24.203,1791273444.203018,10.017308950424194,16384,0,4606,2.95,42.95,0.0,40.0,1057,35,128,True
16:57:24.231,1791273444.2313442,10.045635223388672,16384,0,4604,2.95,42.95,0.0,40.0,1058,35,128,True
16:57:24.276,1791273444.276953,10.091243982315063,16384,0,4601,2.95,42.95,0.0,40.0,1057,35,128,True
16:57:24.302,1791273444.3026762,10.11696720123291,16384,0,4599,2.95,42.95,0.0,40.0,1055,34,128,True
16:57:24.352,1791273444.3524778,10.166768789291382,16384,0,4594,2.95,42.95,0.0,40.0,1054,34,128,True
16:57:24.376,1791273444.3767602,10.191051244735718,16384,0,4594,2.95,42.95,0.0,40.0,1054,34,128,True
16:57:24.401,1791273444.4016368,10.215927839279175,16384,0,4588,2.95,42.95,0.0,40.0,1052,34,128,True
16:57:24.427,1791273444.4279165,10.242207527160645,16384,0,4585,2.95,42.95,0.0,40.0,1052,35,128,True
16:57:24.451,1791273444.4518485,10.266139507293701,16384,0,4584,2.95,42.95,0.0,40.0,1052,35,128,True
16:57:24.504,1791273444.5044682,10.318759202957153,16384,0,4577,2.95,42.95,0.0,40.0,1051,35,128,True
16:57:24.572,1791273444.5723555,10.386646509170532,16384,0,4579,2.95,42.95,0.0,40.0,1049,35,128,True
16:57:24.579,1791273444.5792167,10.393507719039917,16384,0,4571,2.95,42.95,0.0,40.0,1049,35,128,True
16:57:24.606,1791273444.60638,10.420670986175537,16384,0,4570,2.95,42.95,0.0,40.0,1050,35,128,True
16:57:24.628,1791273444.6280503,10.442341327667236,16384,0,4571,2.95,42.95,0.0,40.0,1049,35,128,True
16:57:24.676,1791273444.6762853,10.490576267242432,16384,0,4572,2.95,42.95,0.0,40.0,1049,35,128,True
16:57:24.708,1791273444.7086425,10.52293348312378,16384,0,4568,2.95,42.95,0.0,40.0,1048,35,128,True
16:57:24.729,1791273444.7297113,10.544002294540405,16384,0,4567,2.95,42.95,0.0,40.0,1047,35,128,True
16:57:24.753,1791273444.753753,10.568043947219849,16384,0,4568,2.95,42.95,0.0,40.0,1047,35,128,True
16:57:24.779,1791273444.7794533,10.593744277954102,16384,0,4566,2.95,42.95,0.0,40.0,1047,34,128,True
16:57:24.803,1791273444.803963,10.618253946304321,16384,0,4562,2.95,42.95,0.0,40.0,1045,34,128,True
16:57:24.831,1791273444.831197,10.645488023757935,16384,0,4562,2.95,42.95,0.0,40.0,1044,34,128,True
16:57:24.851,1791273444.8514004,10.665691375732422,16384,0,4561,2.95,42.95,0.0,40.0,1044,34,128,True
16:57:24.878,1791273444.8782609,10.692551851272583,16384,0,4561,2.95,42.95,0.0,40.0,1042,34,128,True
16:57:24.902,1791273444.9028287,10.717119693756104,16384,0,4557,2.95,42.95,0.0,40.0,1041,34,128,True
16:57:24.928,1791273444.9281561,10.742447137832642,16384,0,4557,2.95,42.95,0.0,40.0,1040,34,128,True
16:57:24.951,1791273444.9515522,10.765843152999878,16384,0,4554,2.95,42.95,0.0,40.0,1040,34,128,True
16:57:25.002,1791273445.0026684,10.816959381103516,16384,0,4556,2.95,42.95,0.0,40.0,1039,34,128,True
16:57:25.031,1791273445.0312595,10.845550537109375,16384,0,4556,2.95,42.95,0.0,40.0,1039,34,128,True
16:57:25.060,1791273445.060619,10.874910116195679,16384,0,4556,2.95,42.95,0.0,40.0,1039,34,128,True
16:57:25.079,1791273445.079595,10.893886089324951,16384,0,4553,2.95,42.95,0.0,40.0,1037,34,128,True
16:57:25.107,1791273445.1076589,10.921949863433838,16384,0,4554,2.95,42.95,0.0,40.0,1036,34,128,True
16:57:25.131,1791273445.1317127,10.946003675460815,16384,0,4555,2.95,42.95,0.0,40.0,1037,34,128,True
16:57:25.156,1791273445.1568408,10.971131801605225,16384,0,4556,2.95,42.95,0.0,40.0,1037,34,128,True
16:57:25.230,1791273445.230019,11.044310092926025,16384,0,4559,2.95,42.95,0.0,40.0,1038,34,128,True
16:57:25.254,1791273445.2544665,11.0687575340271,16384,0,4560,2.95,42.95,0.0,40.0,1038,35,128,True
16:57:25.324,1791273445.3248296,11.13912057876587,16384,0,4561,2.95,42.95,0.0,40.0,1036,34,128,True
16:57:25.325,1791273445.3250678,11.139358758926392,16384,0,4560,2.95,42.95,0.0,40.0,1035,34,128,True
16:57:25.330,1791273445.3308496,11.145140647888184,16384,0,4563,2.95,42.95,0.0,40.0,1034,34,128,True
16:57:25.357,1791273445.3577726,11.17206358909607,16384,0,4564,2.95,42.95,0.0,40.0,1034,34,128,True
16:57:25.379,1791273445.3799217,11.194212675094604,16384,0,4569,2.95,42.95,0.0,40.0,1034,34,128,True
16:57:25.404,1791273445.404275,11.218565940856934,16384,0,4566,2.95,42.95,0.0,40.0,1032,34,128,True
16:57:25.432,1791273445.4324899,11.24678087234497,16384,0,4568,2.95,42.95,0.0,40.0,1031,34,128,True
16:57:25.454,1791273445.4545014,11.268792390823364,16384,0,4569,2.95,42.95,0.0,40.0,1028,34,128,True
16:57:25.479,1791273445.47918,11.293471097946167,16384,0,4571,2.95,42.95,0.0,40.0,1029,34,128,True
16:57:25.504,1791273445.5047998,11.319090843200684,16384,0,4570,2.95,42.95,0.0,40.0,1029,34,128,True
16:57:25.530,1791273445.5301507,11.344441652297974,16384,0,4573,2.95,42.95,0.0,40.0,1029,34,128,True
16:57:25.555,1791273445.5554929,11.369783878326416,16384,0,4572,2.95,42.95,0.0,40.0,1029,34,128,True
16:57:25.578,1791273445.578745,11.393035888671875,16384,0,4582,2.95,42.95,0.0,40.0,1030,34,128,True
16:57:25.606,1791273445.6066327,11.420923709869385,16384,0,4578,2.95,42.95,0.0,40.0,1029,34,128,True
16:57:25.632,1791273445.6329703,11.447261333465576,16384,0,4583,2.95,42.95,0.0,40.0,1029,33,128,True
16:57:25.658,1791273445.6583939,11.472684860229492,16384,0,4584,2.95,42.95,0.0,40.0,1029,33,128,True
16:57:25.760,1791273445.7607517,11.575042724609375,16384,0,4596,2.95,42.95,0.0,40.0,1027,33,128,True
16:57:25.784,1791273445.7846484,11.598939418792725,16384,0,4603,2.95,42.95,0.0,40.0,1027,33,128,True
16:57:25.810,1791273445.8103213,11.62461233139038,16384,0,4606,2.95,42.95,0.0,40.0,1027,33,128,True
16:57:25.836,1791273445.836577,11.650867938995361,16384,0,4612,2.95,42.95,0.0,40.0,1026,34,128,True
16:57:25.862,1791273445.8620548,11.676345825195312,16384,0,4613,2.95,42.95,0.0,40.0,1027,34,128,True
16:57:25.886,1791273445.8861978,11.700488805770874,16384,0,4618,2.95,42.95,0.0,40.0,1026,34,128,True
16:57:25.988,1791273445.9886925,11.802983522415161,16384,0,4633,2.95,42.95,0.0,40.0,1024,34,128,True
16:57:25.988,1791273445.988922,11.803213119506836,16384,0,4636,2.95,42.95,0.0,40.0,1024,35,128,True
16:57:26.012,1791273446.012608,11.82689905166626,16384,0,4639,2.95,42.95,0.0,40.0,1022,35,128,True
16:57:26.095,1791273446.0958886,11.910179615020752,16384,0,4645,2.95,42.95,0.0,40.0,1023,35,128,True
16:57:26.096,1791273446.0960767,11.910367727279663,16384,0,4653,2.95,42.95,0.0,40.0,1022,35,128,True
16:57:26.096,1791273446.0961661,11.910457134246826,16384,0,4654,2.95,42.95,0.0,40.0,1022,35,128,True
16:57:26.142,1791273446.1421525,11.956443548202515,16384,0,4666,2.95,42.95,0.0,40.0,1019,36,128,True
16:57:26.244,1791273446.2445662,12.058857202529907,16384,0,4675,2.95,42.95,0.0,40.0,1020,36,128,True
16:57:26.244,1791273446.244893,12.059184074401855,16384,0,4678,2.95,42.95,0.0,40.0,1018,36,128,True
16:57:26.245,1791273446.2456384,12.059929370880127,16384,0,4686,2.95,42.95,0.0,40.0,1018,36,128,True
16:57:26.275,1791273446.2755902,12.089881181716919,16384,0,4694,2.95,42.95,0.0,40.0,1016,36,128,True
16:57:26.297,1791273446.2970219,12.111312866210938,16384,0,4697,2.95,42.95,0.0,40.0,1015,36,128,True
16:57:26.319,1791273446.3195028,12.133793830871582,16384,0,4697,2.95,42.95,0.0,40.0,1015,36,128,True
16:57:26.347,1791273446.3476813,12.161972284317017,16384,0,4702,2.95,42.95,0.0,40.0,1014,37,128,True
16:57:26.424,1791273446.4241831,12.238474130630493,16384,0,4714,2.95,42.95,0.0,40.0,1013,37,128,True
16:57:26.425,1791273446.4251842,12.23947525024414,16384,0,4718,2.95,42.95,0.0,40.0,1012,37,128,True
16:57:26.425,1791273446.425345,12.239635944366455,16384,0,4718,2.95,42.95,0.0,40.0,1012,37,128,True
16:57:26.451,1791273446.451602,12.26589298248291,16384,0,4732,2.95,42.95,0.0,40.0,1011,37,128,True
16:57:26.485,1791273446.4854267,12.299717664718628,16384,0,4743,2.95,42.95,0.0,40.0,1011,37,128,True
16:57:26.522,1791273446.5221825,12.33647346496582,16384,0,4750,2.95,42.95,0.0,40.0,1011,38,128,True
16:57:26.551,1791273446.5516407,12.365931749343872,16384,0,4759,2.95,42.95,0.0,40.0,1010,38,128,True
16:57:26.585,1791273446.5857108,12.400001764297485,16384,0,4766,2.95,42.95,0.0,40.0,1011,38,128,True
16:57:26.601,1791273446.6014981,12.415789127349854,16384,0,4775,2.95,42.95,0.0,40.0,1012,38,128,True
16:57:26.624,1791273446.6248999,12.439190864562988,16384,0,4786,2.95,42.95,0.0,40.0,1010,39,128,True
16:57:26.653,1791273446.6539352,12.468226194381714,16384,0,4785,2.95,42.95,0.0,40.0,1010,39,128,True
16:57:26.673,1791273446.673436,12.487726926803589,16384,0,4789,2.95,42.95,0.0,40.0,1009,39,128,True
16:57:26.725,1791273446.7251594,12.539450407028198,16384,0,4814,2.95,42.95,0.0,40.0,1006,39,128,True
16:57:26.752,1791273446.752563,12.566854000091553,16384,0,4813,2.95,42.95,0.0,40.0,1006,39,128,True
16:57:26.775,1791273446.7757998,12.59009075164795,16384,0,4823,2.95,42.95,0.0,40.0,1001,40,128,True
16:57:26.800,1791273446.8002925,12.614583492279053,16384,0,4835,2.95,42.95,0.0,40.0,999,40,128,True
16:57:26.851,1791273446.8515565,12.665847539901733,16384,0,4845,2.95,42.95,0.0,40.0,996,40,128,True
16:57:26.875,1791273446.875753,12.690043926239014,16384,0,4856,2.95,42.95,0.0,40.0,998,41,128,True
16:57:26.900,1791273446.900919,12.7152099609375,16384,0,4861,2.95,42.95,0.0,40.0,999,41,128,True
16:57:26.928,1791273446.9280202,12.742311239242554,16384,0,4862,2.95,42.95,0.0,40.0,1000,41,128,True
16:57:26.951,1791273446.9512627,12.765553712844849,16384,0,4863,2.95,42.95,0.0,40.0,1000,41,128,True
16:57:26.973,1791273446.9734566,12.787747621536255,16384,0,4886,2.95,42.95,0.0,40.0,1002,41,128,True
16:57:27.000,1791273447.0002813,12.81457233428955,16384,0,4909,2.95,42.95,0.0,40.0,1004,42,128,True
16:57:27.026,1791273447.0260167,12.840307712554932,16384,0,4934,2.95,42.95,0.0,40.0,1007,42,128,True
16:57:27.074,1791273447.0748065,12.889097452163696,16384,0,4935,2.95,42.95,0.0,40.0,1008,42,128,True
16:57:27.099,1791273447.099078,12.913368940353394,16384,0,4930,2.95,42.95,0.0,40.0,1008,42,128,True
16:57:27.149,1791273447.1495063,12.963797330856323,16384,0,4952,2.95,42.95,0.0,40.0,996,42,128,True
16:57:27.173,1791273447.1739986,12.988289594650269,16384,0,4972,2.95,42.95,0.0,40.0,991,43,128,True
16:57:27.225,1791273447.2258072,13.040098190307617,16384,0,4991,2.95,42.95,0.0,40.0,986,43,127,True
16:57:27.247,1791273447.247389,13.06168007850647,16384,0,4990,2.95,42.95,0.0,40.0,986,43,127,True
16:57:27.272,1791273447.272811,13.087101936340332,16384,0,5002,2.95,42.95,0.0,40.0,984,44,127,True
16:57:27.302,1791273447.3029654,13.11725640296936,16384,0,5019,2.95,42.95,0.0,40.0,985,44,127,True
16:57:27.358,1791273447.35845,13.172740936279297,16384,0,5011,2.95,42.95,0.0,40.0,991,44,128,True
16:57:27.400,1791273447.4002895,13.214580535888672,16384,0,5104,2.95,42.95,0.0,40.0,1003,45,128,True
16:57:27.422,1791273447.4223006,13.236591577529907,16384,0,5104,2.95,42.95,0.0,40.0,1003,45,128,True
16:57:27.447,1791273447.4474955,13.261786460876465,16384,0,5105,2.95,42.95,0.0,40.0,1000,45,128,True
16:57:27.473,1791273447.473408,13.287698984146118,16384,0,5087,2.95,42.95,0.0,40.0,997,45,128,True
16:57:27.501,1791273447.501017,13.315308094024658,16384,0,5113,2.95,42.95,0.0,40.0,995,46,128,True
16:57:27.569,1791273447.569365,13.383656024932861,16384,0,5132,2.95,42.95,0.0,40.0,993,46,128,True
16:57:27.569,1791273447.5695662,13.383857250213623,16384,0,5131,2.95,42.95,0.0,40.0,993,46,128,True
16:57:27.576,1791273447.5762753,13.390566349029541,16384,0,5132,2.95,42.95,0.0,40.0,991,46,128,True
16:57:27.606,1791273447.6064985,13.42078948020935,16384,0,5155,2.95,42.95,0.0,40.0,988,46,128,True
16:57:27.623,1791273447.6235714,13.437862396240234,16384,0,5171,2.95,42.95,0.0,40.0,985,47,128,True
16:57:27.645,1791273447.6458335,13.460124492645264,16384,0,5171,2.95,42.95,0.0,40.0,985,47,128,True
16:57:27.671,1791273447.671072,13.485363006591797,16384,0,5178,2.95,42.95,0.0,40.0,981,47,128,True
16:57:27.699,1791273447.6990168,13.513307809829712,16384,0,5206,2.95,42.95,0.0,40.0,979,47,128,True
16:57:27.720,1791273447.7207522,13.535043239593506,16384,0,5209,2.95,42.95,0.0,40.0,979,47,128,True
16:57:27.748,1791273447.748833,13.563123941421509,16384,0,5221,2.95,42.95,0.0,40.0,981,49,128,True
16:57:27.771,1791273447.7713442,13.5856351852417,16384,0,5233,2.95,42.95,0.0,40.0,979,49,128,True
16:57:27.797,1791273447.7970507,13.611341714859009,16384,0,5255,2.95,42.95,0.0,40.0,981,49,128,True
16:57:27.822,1791273447.8220022,13.636293172836304,16384,0,5256,2.95,42.95,0.0,40.0,981,49,128,True
16:57:27.846,1791273447.8468404,13.661131381988525,16384,0,5281,2.95,42.95,0.0,40.0,982,49,128,True
16:57:27.872,1791273447.8722222,13.686513185501099,16384,0,5294,2.95,42.95,0.0,40.0,982,50,128,True
16:57:27.897,1791273447.8976958,13.711986780166626,16384,0,5305,2.95,42.95,0.0,40.0,980,50,128,True
16:57:27.921,1791273447.9210494,13.735340356826782,16384,0,5306,2.95,42.95,0.0,40.0,980,50,128,True
16:57:27.972,1791273447.9720156,13.786306619644165,16384,0,5353,2.95,42.95,0.0,40.0,979,51,128,True
16:57:27.997,1791273447.9974148,13.811705827713013,16384,0,5372,2.95,42.95,0.0,40.0,978,51,128,True
16:57:28.022,1791273448.0229652,13.83725619316101,16384,0,5372,2.95,42.95,0.0,40.0,977,51,128,True
16:57:28.097,1791273448.0973265,13.911617517471313,16384,0,5435,2.95,42.95,0.0,40.0,975,52,126,True
16:57:28.123,1791273448.1236472,13.937938213348389,16384,0,5434,2.95,42.95,0.0,40.0,975,52,126,True
16:57:28.148,1791273448.1488655,13.963156461715698,16384,0,5466,2.95,42.95,0.0,40.0,975,52,125,True
16:57:28.170,1791273448.170536,13.984827041625977,16384,0,5482,2.95,42.95,0.0,40.0,974,53,125,True
16:57:28.197,1791273448.1976292,14.01192021369934,16384,0,5503,2.95,42.95,0.0,40.0,973,54,124,True
16:57:28.222,1791273448.2226365,14.036927461624146,16384,0,5521,2.95,42.95,0.0,40.0,973,54,124,True
16:57:28.246,1791273448.2467487,14.061039686203003,16384,0,5519,2.95,42.95,0.0,40.0,973,54,124,True
16:57:28.312,1791273448.312756,14.127047061920166,16384,0,5566,2.95,42.95,0.0,40.0,972,54,122,True
16:57:28.321,1791273448.3217316,14.136022567749023,16384,0,5567,2.95,42.95,0.0,40.0,972,54,122,True
16:57:28.348,1791273448.3483865,14.162677526473999,16384,0,5583,2.95,42.95,0.0,40.0,971,55,121,True
16:57:28.370,1791273448.370522,14.184813022613525,16384,0,5616,2.95,42.95,0.0,40.0,971,56,120,True
16:57:28.396,1791273448.3965042,14.210795164108276,16384,0,5638,2.95,42.95,0.0,40.0,970,56,120,True
16:57:28.424,1791273448.4245405,14.238831520080566,16384,0,5639,2.95,42.95,0.0,40.0,970,56,120,True
16:57:28.446,1791273448.446407,14.260698080062866,16384,0,5668,2.95,42.95,0.0,40.0,969,57,118,True
16:57:28.471,1791273448.4712522,14.285543203353882,16384,0,5692,2.95,42.95,0.0,40.0,970,57,117,True
16:57:28.497,1791273448.4978678,14.312158823013306,16384,0,5716,2.95,42.95,0.0,40.0,968,58,117,True
16:57:28.570,1791273448.57046,14.384751081466675,16384,0,5774,2.95,42.95,0.0,40.0,967,59,115,True
16:57:28.620,1791273448.6207407,14.435031652450562,16384,0,5798,2.95,42.95,0.0,40.0,966,58,114,True
16:57:28.671,1791273448.6712964,14.485587358474731,16384,0,5855,2.95,42.95,0.0,40.0,965,60,111,True
16:57:28.701,1791273448.7014759,14.515766859054565,16384,0,5888,2.95,42.95,0.0,40.0,964,60,108,True
16:57:28.720,1791273448.720637,14.5349280834198,16384,0,5889,2.95,42.95,0.0,40.0,964,60,108,True
16:57:28.770,1791273448.770282,14.584573030471802,16384,0,5935,2.95,42.95,0.0,40.0,960,61,106,True
16:57:28.794,1791273448.7949371,14.609228134155273,16384,0,5975,2.95,42.95,0.0,40.0,959,62,105,True
16:57:28.843,1791273448.8435593,14.65785026550293,16384,0,6027,2.95,42.95,0.0,40.0,961,63,104,True
16:57:28.869,1791273448.8696768,14.68396782875061,16384,0,6045,2.95,42.95,0.0,40.0,961,62,103,True
16:57:28.972,1791273448.972423,14.78671407699585,16384,0,6063,2.95,42.95,0.0,40.0,962,63,102,True
16:57:28.972,1791273448.9727025,14.786993503570557,16384,0,6116,2.95,42.95,0.0,40.0,964,63,100,True
16:57:28.972,1791273448.9728076,14.78709864616394,16384,0,6126,2.95,42.95,0.0,40.0,965,63,99,True
16:57:28.993,1791273448.993671,14.80796194076538,16384,0,6156,2.95,42.95,0.0,40.0,967,63,98,True
16:57:29.095,1791273449.0959835,14.910274505615234,16384,0,6225,2.95,42.95,0.0,40.0,953,64,95,True
16:57:29.096,1791273449.0963366,14.910627603530884,16384,0,6184,2.95,42.95,0.0,40.0,947,64,94,True
16:57:29.121,1791273449.1212752,14.935566186904907,16384,0,6183,2.95,42.95,0.0,40.0,947,64,94,True
16:57:29.146,1791273449.1463928,14.960683822631836,16384,0,6258,2.95,42.95,0.0,40.0,951,65,105,True
16:57:29.168,1791273449.1687117,14.983002662658691,16384,0,6284,2.95,42.95,0.0,40.0,952,67,104,True
16:57:29.243,1791273449.243621,15.057912111282349,16384,0,6330,2.95,42.95,0.0,40.0,955,68,117,True
16:57:29.318,1791273449.3180766,15.132367610931396,16384,0,6359,2.95,42.95,0.0,40.0,961,69,117,True
16:57:29.346,1791273449.346585,15.160876035690308,16384,0,6393,2.95,42.95,0.0,40.0,960,70,122,True
16:57:29.404,1791273449.4040945,15.218385457992554,16384,0,6403,2.95,42.95,0.0,40.0,960,70,128,True
16:57:29.421,1791273449.4218895,15.236180543899536,16384,0,6423,2.95,42.95,0.0,40.0,960,71,128,True
16:57:29.469,1791273449.4693382,15.283629179000854,16384,0,6433,2.95,42.95,0.0,40.0,955,73,128,True
16:57:29.492,1791273449.4922307,15.306521654129028,16384,0,6442,2.95,42.95,0.0,40.0,952,72,128,True
16:57:29.516,1791273449.5160663,15.330357313156128,16384,0,6441,2.95,42.95,0.0,40.0,952,72,128,True
16:57:29.541,1791273449.5419242,15.356215238571167,16384,0,6440,2.95,42.95,0.0,40.0,952,73,128,True
16:57:29.565,1791273449.5659866,15.380277633666992,16384,0,6452,2.95,42.95,0.0,40.0,951,74,128,True
16:57:29.643,1791273449.643607,15.457897901535034,16384,0,6468,2.95,42.95,0.0,40.0,944,74,128,True
16:57:29.667,1791273449.6679616,15.482252597808838,16384,0,6475,2.95,42.95,0.0,40.0,942,75,128,True
16:57:29.691,1791273449.6919754,15.506266355514526,16384,0,6479,2.95,42.95,0.0,40.0,944,73,128,True
16:57:29.714,1791273449.7144825,15.528773546218872,16384,0,6480,2.95,42.95,0.0,40.0,945,73,128,True
16:57:29.740,1791273449.7403965,15.5546875,16384,0,6502,2.95,42.95,0.0,40.0,955,72,128,True
16:57:29.770,1791273449.7701259,15.58441686630249,16384,0,6516,2.95,42.95,0.0,40.0,961,71,128,True
16:57:29.790,1791273449.7906985,15.604989528656006,16384,0,6520,2.95,42.95,0.0,40.0,957,72,128,True
16:57:29.815,1791273449.8153336,15.629624605178833,16384,0,6519,2.95,42.95,0.0,40.0,957,72,128,True
16:57:29.841,1791273449.8415024,15.65579342842102,16384,0,6513,2.95,42.95,0.0,40.0,953,70,128,True
16:57:29.867,1791273449.8670096,15.681300640106201,16384,0,6519,2.95,42.95,0.0,40.0,951,70,128,True
16:57:29.916,1791273449.916109,15.730400085449219,16384,0,6523,2.95,42.95,0.0,40.0,951,71,128,True
16:57:29.944,1791273449.9442313,15.758522272109985,16384,0,6535,2.95,42.95,0.0,40.0,950,70,128,True
16:57:29.964,1791273449.9649184,15.77920937538147,16384,0,6535,2.95,42.95,0.0,40.0,950,70,128,True
16:57:29.988,1791273449.9887986,15.803089618682861,16384,0,6557,2.95,42.95,0.0,40.0,952,69,128,True
16:57:30.016,1791273450.0161524,15.830443382263184,16384,0,6555,2.95,42.95,0.0,40.0,951,69,128,True
16:57:30.068,1791273450.068073,15.88236403465271,16384,0,6579,2.95,42.95,0.0,40.0,956,68,128,True
16:57:30.093,1791273450.0936842,15.907975196838379,16384,0,6602,2.95,42.95,0.0,40.0,957,68,128,True
16:57:30.117,1791273450.1170454,15.931336402893066,16384,0,6601,2.95,42.95,0.0,40.0,957,68,128,True
16:57:30.142,1791273450.1420658,15.956356763839722,16384,0,6621,2.95,42.95,0.0,40.0,957,68,128,True
16:57:30.193,1791273450.1936238,16.007914781570435,16384,0,6768,2.95,42.95,0.0,40.0,964,67,128,True
16:57:30.215,1791273450.2158124,16.0301034450531,16384,0,6768,2.95,42.95,0.0,40.0,964,67,128,True
16:57:30.241,1791273450.24182,16.056111097335815,16384,0,6828,2.95,42.95,0.0,40.0,967,68,128,True
16:57:30.269,1791273450.269092,16.083383083343506,16384,0,6867,2.95,42.95,0.0,40.0,973,68,128,True
16:57:30.303,1791273450.303603,16.117893934249878,16384,0,6912,2.95,42.95,0.0,40.0,978,68,128,True
16:57:30.318,1791273450.3185418,16.132832765579224,16384,0,6912,2.95,42.95,0.0,40.0,978,68,128,True
16:57:30.343,1791273450.3433762,16.15766716003418,16384,0,6961,2.95,42.95,0.0,40.0,968,68,128,True
16:57:30.368,1791273450.3681886,16.18247961997986,16384,0,7004,2.95,42.95,0.0,40.0,964,69,128,True
16:57:30.393,1791273450.3934393,16.207730293273926,16384,0,7053,2.95,42.95,0.0,40.0,966,69,128,True
16:57:30.416,1791273450.4169943,16.231285333633423,16384,0,7051,2.95,42.95,0.0,40.0,966,69,128,True
16:57:30.440,1791273450.440997,16.255287885665894,16384,0,7122,2.95,42.95,0.0,40.0,989,70,117,True
16:57:30.469,1791273450.4699974,16.28428840637207,16384,0,7207,2.95,42.95,0.0,40.0,989,70,117,True
16:57:30.563,1791273450.5639303,16.37822127342224,16384,0,7256,2.95,42.95,0.0,40.0,989,70,104,True
16:57:30.564,1791273450.5643697,16.378660678863525,16384,0,7292,2.95,42.95,0.0,40.0,985,71,70,True
16:57:30.564,1791273450.5645463,16.37883734703064,16384,0,7351,2.95,42.95,0.0,40.0,992,71,72,True
16:57:30.594,1791273450.5940752,16.408366203308105,16384,0,7350,2.95,42.95,0.0,40.0,992,71,72,True
16:57:30.612,1791273450.6128774,16.427168369293213,16384,0,7413,2.95,42.95,0.0,40.0,995,71,74,True
16:57:30.638,1791273450.6384015,16.45269250869751,16384,0,7486,2.95,42.95,0.0,40.0,998,72,76,True
16:57:30.666,1791273450.6668293,16.481120347976685,16384,0,7538,2.95,42.95,0.0,40.0,1005,72,77,True
16:57:30.689,1791273450.6891978,16.503488779067993,16384,0,7539,2.95,42.95,0.0,40.0,1006,72,77,True
16:57:30.712,1791273450.7121983,16.5264892578125,16384,0,7595,2.95,42.95,0.0,40.0,1007,73,80,True
16:57:30.738,1791273450.7383401,16.55263113975525,16384,0,7654,2.95,42.95,0.0,40.0,1010,74,83,True
16:57:30.764,1791273450.7641566,16.578447580337524,16384,0,7715,2.95,42.95,0.0,40.0,1013,74,85,True
16:57:30.785,1791273450.7858984,16.600189447402954,16384,0,7718,2.95,42.95,0.0,40.0,1014,74,85,True
16:57:30.813,1791273450.8137949,16.62808585166931,16384,0,7779,2.95,42.95,0.0,40.0,1016,74,87,True
16:57:30.840,1791273450.8401372,16.654428243637085,16384,0,7861,2.95,42.95,0.0,40.0,1026,75,89,True
16:57:30.886,1791273450.8866968,16.700987815856934,16384,0,7926,2.95,42.95,0.0,40.0,1029,76,91,True
16:57:30.913,1791273450.913659,16.72795009613037,16384,0,7985,2.95,42.95,0.0,40.0,1036,76,94,True
16:57:30.974,1791273450.9741676,16.788458585739136,16384,0,8062,2.95,42.95,0.0,40.0,1038,77,95,True
16:57:30.974,1791273450.9743617,16.788652658462524,16384,0,8119,2.95,42.95,0.0,40.0,1044,77,96,True
16:57:30.986,1791273450.9862015,16.800492525100708,16384,0,8121,2.95,42.95,0.0,40.0,1045,77,96,True
16:57:31.036,1791273451.0361745,16.850465536117554,16384,0,8242,2.95,42.95,0.0,40.0,1057,79,102,True
16:57:31.062,1791273451.0627701,16.877061128616333,16384,0,8304,2.95,42.95,0.0,40.0,1063,79,103,True
16:57:31.085,1791273451.0857992,16.900090217590332,16384,0,8303,2.95,42.95,0.0,40.0,1063,79,103,True
16:57:31.109,1791273451.1099982,16.924289226531982,16384,0,8365,2.95,42.95,0.0,40.0,1071,80,105,True
16:57:31.136,1791273451.1365137,16.950804710388184,16384,0,8429,2.95,42.95,0.0,40.0,1079,80,106,True
16:57:31.186,1791273451.1864817,17.000772714614868,16384,0,8486,2.95,42.95,0.0,40.0,1087,81,104,True
16:57:31.209,1791273451.2097518,17.02404284477234,16384,0,8526,2.95,42.95,0.0,40.0,1091,81,104,True
16:57:31.320,1791273451.320919,17.135210037231445,16384,0,8685,2.95,42.95,0.0,40.0,1115,81,105,True
16:57:31.335,1791273451.3354316,17.149722576141357,16384,0,8744,2.95,42.95,0.0,40.0,1121,87,105,True
16:57:31.364,1791273451.364563,17.17885398864746,16384,0,8786,2.95,42.95,0.0,40.0,1129,91,105,True
16:57:31.385,1791273451.3859785,17.2002694606781,16384,0,8785,2.95,42.95,0.0,40.0,1128,91,105,True
16:57:31.409,1791273451.4098673,17.22415828704834,16384,0,8848,2.95,42.95,0.0,40.0,1139,96,108,True
16:57:31.434,1791273451.4346724,17.248963356018066,16384,0,8897,2.95,42.95,0.0,40.0,1146,101,109,True
16:57:31.457,1791273451.4573543,17.271645307540894,16384,0,8897,2.95,42.95,0.0,40.0,1146,101,109,True
16:57:31.507,1791273451.507947,17.322237968444824,16384,0,8981,2.95,42.95,0.0,40.0,1161,110,112,True
16:57:31.537,1791273451.5371585,17.351449489593506,16384,0,9041,2.95,42.95,0.0,40.0,1173,114,113,True
16:57:31.558,1791273451.558292,17.37258291244507,16384,0,9041,2.95,42.95,0.0,40.0,1173,114,113,True
16:57:31.582,1791273451.5827732,17.397064208984375,16384,0,9079,2.95,42.95,0.0,40.0,1180,115,112,True
16:57:31.608,1791273451.6087594,17.42305040359497,16384,0,9120,2.95,42.95,0.0,40.0,1186,117,114,True
16:57:31.634,1791273451.6342342,17.448525190353394,16384,0,9145,2.95,42.95,0.0,40.0,1197,117,113,True
16:57:31.659,1791273451.6591752,17.473466157913208,16384,0,9180,2.95,42.95,0.0,40.0,1208,118,115,True
16:57:31.683,1791273451.6838367,17.498127698898315,16384,0,9181,2.95,42.95,0.0,40.0,1208,118,115,True
16:57:31.708,1791273451.7083642,17.522655248641968,16384,0,9197,2.95,42.95,0.0,40.0,1217,118,115,True
16:57:31.733,1791273451.7337387,17.54802966117859,16384,0,9219,2.95,42.95,0.0,40.0,1226,119,115,True
16:57:31.760,1791273451.7609916,17.57528257369995,16384,0,9229,2.95,42.95,0.0,40.0,1235,120,114,True
16:57:31.783,1791273451.7831335,17.597424507141113,16384,0,9227,2.95,42.95,0.0,40.0,1235,120,114,True
16:57:31.808,1791273451.8082745,17.622565507888794,16384,0,9243,2.95,42.95,0.0,40.0,1242,119,114,True
16:57:31.832,1791273451.83267,17.646960973739624,16384,0,9250,2.95,42.95,0.0,40.0,1254,119,113,True
16:57:31.858,1791273451.8584063,17.67269730567932,16384,0,9259,2.95,42.95,0.0,40.0,1265,118,113,True
16:57:31.883,1791273451.8830209,17.697311878204346,16384,0,9260,2.95,42.95,0.0,40.0,1264,118,113,True
16:57:31.907,1791273451.9078548,17.722145795822144,16384,0,9250,2.95,42.95,0.0,40.0,1274,118,113,True
16:57:31.984,1791273451.9840887,17.79837965965271,16384,0,9240,2.95,42.95,0.0,40.0,1283,118,113,True
16:57:31.984,1791273451.984253,17.79854393005371,16384,0,9241,2.95,42.95,0.0,40.0,1283,118,113,True
16:57:31.984,1791273451.9844985,17.798789501190186,16384,0,9251,2.95,42.95,0.0,40.0,1297,118,112,True
16:57:32.007,1791273452.0074055,17.821696519851685,16384,0,9221,2.95,42.95,0.0,40.0,1305,117,112,True
16:57:32.091,1791273452.0919685,17.906259536743164,16384,0,9221,2.95,42.95,0.0,40.0,1321,117,112,True
16:57:32.110,1791273452.1101522,17.924443244934082,16384,0,9178,2.95,42.95,0.0,40.0,1342,116,111,True
16:57:32.135,1791273452.1353233,17.94961428642273,16384,0,9157,2.95,42.95,0.0,40.0,1358,116,111,True
16:57:32.159,1791273452.1590981,17.973389148712158,16384,0,9155,2.95,42.95,0.0,40.0,1358,116,111,True
16:57:32.260,1791273452.2606943,18.07498526573181,16384,0,9094,2.95,42.95,0.0,40.0,1379,116,111,True
16:57:32.260,1791273452.2609396,18.075230598449707,16384,0,9056,2.95,42.95,0.0,40.0,1393,116,111,True
16:57:32.261,1791273452.261206,18.075496912002563,16384,0,9056,2.95,42.95,0.0,40.0,1393,116,111,True
16:57:32.285,1791273452.285713,18.100003957748413,16384,0,9006,2.95,42.95,0.0,40.0,1401,115,111,True
16:57:32.312,1791273452.312675,18.12696599960327,16384,0,8985,2.95,42.95,0.0,40.0,1413,115,112,True
16:57:32.408,1791273452.4082706,18.222561597824097,16384,0,8902,2.95,42.95,0.0,40.0,1434,101,112,True
16:57:32.408,1791273452.4086452,18.222936153411865,16384,0,8901,2.95,42.95,0.0,40.0,1434,101,112,True
16:57:32.463,1791273452.4632614,18.277552366256714,16384,0,8751,2.95,42.95,0.0,40.0,1470,85,113,True
16:57:32.483,1791273452.483497,18.29778790473938,16384,0,8749,2.95,42.95,0.0,40.0,1470,85,113,True
16:57:32.510,1791273452.5107157,18.32500672340393,16384,0,8719,2.95,42.95,0.0,40.0,1478,83,114,True
16:57:32.536,1791273452.536551,18.350841999053955,16384,0,8681,2.95,42.95,0.0,40.0,1492,80,114,True
16:57:32.560,1791273452.5602458,18.374536752700806,16384,0,8680,2.95,42.95,0.0,40.0,1492,80,114,True
16:57:32.586,1791273452.5861707,18.400461673736572,16384,0,8635,2.95,42.95,0.0,40.0,1500,78,115,True
16:57:32.609,1791273452.6093645,18.42365550994873,16384,0,8600,2.95,42.95,0.0,40.0,1510,74,116,True
16:57:32.635,1791273452.635213,18.449503898620605,16384,0,8574,2.95,42.95,0.0,40.0,1520,73,117,True
16:57:32.683,1791273452.6834173,18.497708320617676,16384,0,8537,2.95,42.95,0.0,40.0,1532,70,118,True
16:57:32.709,1791273452.7099643,18.52425527572632,16384,0,8515,2.95,42.95,0.0,40.0,1544,69,118,True
16:57:32.736,1791273452.736812,18.551103115081787,16384,0,8472,2.95,42.95,0.0,40.0,1552,67,119,True
16:57:32.757,1791273452.757606,18.57189702987671,16384,0,8471,2.95,42.95,0.0,40.0,1551,67,119,True
16:57:32.784,1791273452.7844975,18.598788499832153,16384,0,8451,2.95,42.95,0.0,40.0,1559,65,120,True
16:57:32.810,1791273452.810941,18.625231981277466,16384,0,8415,2.95,42.95,0.0,40.0,1565,63,120,True
16:57:32.834,1791273452.8346713,18.648962259292603,16384,0,8396,2.95,42.95,0.0,40.0,1576,62,120,True
16:57:32.859,1791273452.8595912,18.673882246017456,16384,0,8396,2.95,42.95,0.0,40.0,1576,62,120,True
16:57:32.882,1791273452.8821657,18.69645667076111,16384,0,8363,2.95,42.95,0.0,40.0,1578,61,121,True
16:57:32.909,1791273452.9090304,18.723321437835693,16384,0,8335,2.95,42.95,0.0,40.0,1585,60,121,True
16:57:32.935,1791273452.9358017,18.75009274482727,16384,0,8315,2.95,42.95,0.0,40.0,1599,58,121,True
16:57:32.958,1791273452.9584153,18.772706270217896,16384,0,8315,2.95,42.95,0.0,40.0,1598,58,121,True
16:57:32.983,1791273452.983933,18.798223972320557,16384,0,8295,2.95,42.95,0.0,40.0,1615,57,121,True
16:57:33.008,1791273453.00823,18.822520971298218,16384,0,8292,2.95,42.95,0.0,40.0,1622,58,121,True
16:57:33.036,1791273453.0361202,18.85041117668152,16384,0,8255,2.95,42.95,0.0,40.0,1636,58,121,True
16:57:33.060,1791273453.060594,18.874885082244873,16384,0,8232,2.95,42.95,0.0,40.0,1637,58,121,True
16:57:33.083,1791273453.0830815,18.897372484207153,16384,0,8230,2.95,42.95,0.0,40.0,1637,57,121,True
16:57:33.110,1791273453.1100702,18.92436122894287,16384,0,8215,2.95,42.95,0.0,40.0,1641,58,121,True
16:57:33.138,1791273453.1380944,18.952385425567627,16384,0,8182,2.95,42.95,0.0,40.0,1644,58,121,True
16:57:33.186,1791273453.186054,19.00034499168396,16384,0,8166,2.95,42.95,0.0,40.0,1649,59,121,True
16:57:33.209,1791273453.2095504,19.023841381072998,16384,0,8136,2.95,42.95,0.0,40.0,1648,59,121,True
16:57:33.238,1791273453.2386997,19.052990674972534,16384,0,8114,2.95,42.95,0.0,40.0,1649,59,121,True
16:57:33.313,1791273453.3132133,19.127504348754883,16384,0,8072,2.95,42.95,0.0,40.0,1649,60,120,True
16:57:33.337,1791273453.337149,19.151439905166626,16384,0,8047,2.95,42.95,0.0,40.0,1650,62,120,True
16:57:33.361,1791273453.361012,19.175302982330322,16384,0,8011,2.95,42.95,0.0,40.0,1648,62,120,True
16:57:33.383,1791273453.3833063,19.19759726524353,16384,0,8013,2.95,42.95,0.0,40.0,1648,62,120,True
16:57:33.411,1791273453.411088,19.22537899017334,16384,0,8005,2.95,42.95,0.0,40.0,1651,63,119,True
16:57:33.434,1791273453.4347558,19.249046802520752,16384,0,7980,2.95,42.95,0.0,40.0,1655,65,118,True
16:57:33.458,1791273453.4588585,19.273149490356445,16384,0,7982,2.95,42.95,0.0,40.0,1655,65,118,True
16:57:33.484,1791273453.4841356,19.298426628112793,16384,0,7960,2.95,42.95,0.0,40.0,1650,66,117,True
16:57:33.508,1791273453.5085373,19.32282829284668,16384,0,7951,2.95,42.95,0.0,40.0,1654,68,117,True
16:57:33.568,1791273453.5683873,19.382678270339966,16384,0,7922,2.95,42.95,0.0,40.0,1655,68,116,True
16:57:33.568,1791273453.5685012,19.382792234420776,16384,0,7922,2.95,42.95,0.0,40.0,1655,68,116,True
16:57:33.583,1791273453.5839264,19.39821743965149,16384,0,7905,2.95,42.95,0.0,40.0,1657,70,115,True
16:57:33.635,1791273453.6357634,19.45005440711975,16384,0,7875,2.95,42.95,0.0,40.0,1653,69,112,True
16:57:33.660,1791273453.6606364,19.47492742538452,16384,0,7871,2.95,42.95,0.0,40.0,1655,68,111,True
16:57:33.684,1791273453.6849766,19.499267578125,16384,0,7871,2.95,42.95,0.0,40.0,1655,68,111,True
16:57:33.728,1791273453.7286136,19.54290461540222,16384,0,7857,2.95,42.95,0.0,40.0,1658,68,109,True
16:57:33.736,1791273453.7360182,19.55030918121338,16384,0,7843,2.95,42.95,0.0,40.0,1663,67,108,True
16:57:33.758,1791273453.758293,19.5725839138031,16384,0,7841,2.95,42.95,0.0,40.0,1663,67,108,True
16:57:33.808,1791273453.8081589,19.62244987487793,16384,0,7843,2.95,42.95,0.0,40.0,1670,66,104,True
16:57:33.833,1791273453.8339498,19.64824080467224,16384,0,7846,2.95,42.95,0.0,40.0,1676,66,103,True
16:57:33.855,1791273453.8558402,19.67013120651245,16384,0,7846,2.95,42.95,0.0,40.0,1675,66,103,True
16:57:33.883,1791273453.8835626,19.697853565216064,16384,0,7847,2.95,42.95,0.0,40.0,1684,65,101,True
16:57:33.908,1791273453.9081326,19.722423553466797,16384,0,7826,2.95,42.95,0.0,40.0,1679,64,100,True
16:57:33.933,1791273453.933363,19.74765396118164,16384,0,7813,2.95,42.95,0.0,40.0,1680,59,98,True
16:57:33.959,1791273453.959613,19.7739040851593,16384,0,7821,2.95,42.95,0.0,40.0,1690,52,96,True
16:57:34.007,1791273454.0071542,19.82144522666931,16384,0,7810,2.95,42.95,0.0,40.0,1690,49,95,True
16:57:34.035,1791273454.0353081,19.8495991230011,16384,0,7799,2.95,42.95,0.0,40.0,1697,46,93,True
16:57:34.135,1791273454.1355605,19.949851512908936,16384,0,7773,2.95,42.95,0.0,40.0,1701,42,90,True
16:57:34.158,1791273454.1589866,19.97327756881714,16384,0,7775,2.95,42.95,0.0,40.0,1701,42,90,True
16:57:34.183,1791273454.1830025,19.99729347229004,16384,0,7762,2.95,42.95,0.0,40.0,1698,41,89,True
16:57:34.207,1791273454.2075076,20.021798610687256,16384,0,7750,2.95,42.95,0.0,40.0,1701,37,88,True
16:57:34.235,1791273454.2358027,20.05009365081787,16384,0,7722,2.95,42.95,0.0,40.0,1701,34,87,True
16:57:34.311,1791273454.311915,20.126205921173096,16384,0,7701,2.95,42.95,0.0,40.0,1699,32,87,True
16:57:34.312,1791273454.3120394,20.126330375671387,16384,0,7675,2.95,42.95,0.0,40.0,1697,30,86,True
16:57:34.334,1791273454.3341808,20.14847183227539,16384,0,7650,2.95,42.95,0.0,40.0,1696,29,85,True
16:57:34.361,1791273454.3611248,20.175415754318237,16384,0,7650,2.95,42.95,0.0,40.0,1696,29,85,True
16:57:34.408,1791273454.408742,20.22303295135498,16384,0,7598,2.95,42.95,0.0,40.0,1698,28,85,True
16:57:34.436,1791273454.436761,20.251051902770996,16384,0,7584,2.95,42.95,0.0,40.0,1695,28,85,True
16:57:34.458,1791273454.4583733,20.272664308547974,16384,0,7546,2.95,42.95,0.0,40.0,1692,28,85,True
16:57:34.507,1791273454.5079663,20.32225728034973,16384,0,7502,2.95,42.95,0.0,40.0,1689,27,86,True
16:57:34.533,1791273454.533341,20.34763193130493,16384,0,7468,2.95,42.95,0.0,40.0,1685,27,86,True
16:57:34.582,1791273454.5826163,20.396907329559326,16384,0,7410,2.95,42.95,0.0,40.0,1673,27,87,True
16:57:34.608,1791273454.6084278,20.42271876335144,16384,0,7372,2.95,42.95,0.0,40.0,1658,27,88,True
16:57:34.633,1791273454.633325,20.44761610031128,16384,0,7332,2.95,42.95,0.0,40.0,1647,26,89,True
16:57:34.657,1791273454.657504,20.471795082092285,16384,0,7334,2.95,42.95,0.0,40.0,1647,26,89,True
16:57:34.682,1791273454.6826787,20.49696969985962,16384,0,7289,2.95,42.95,0.0,40.0,1629,27,90,True
16:57:34.709,1791273454.709208,20.523499011993408,16384,0,7242,2.95,42.95,0.0,40.0,1615,26,92,True
16:57:34.732,1791273454.7326367,20.54692769050598,16384,0,7196,2.95,42.95,0.0,40.0,1599,26,94,True
16:57:34.759,1791273454.7591832,20.573474168777466,16384,0,7196,2.95,42.95,0.0,40.0,1599,26,94,True
16:57:34.781,1791273454.7819667,20.59625768661499,16384,0,7145,2.95,42.95,0.0,40.0,1588,26,96,True
16:57:34.833,1791273454.8334491,20.647740125656128,16384,0,7048,2.95,42.95,0.0,40.0,1597,26,100,True
16:57:34.855,1791273454.8559666,20.670257568359375,16384,0,7049,2.95,42.95,0.0,40.0,1598,25,100,True
16:57:34.908,1791273454.9083304,20.72262144088745,16384,0,6963,2.95,42.95,0.0,40.0,1606,28,107,True
16:57:34.965,1791273454.965062,20.77935290336609,16384,0,6924,2.95,42.95,0.0,40.0,1619,29,111,True
16:57:34.965,1791273454.9653847,20.779675722122192,16384,0,6923,2.95,42.95,0.0,40.0,1619,29,111,True
16:57:34.981,1791273454.98181,20.796101093292236,16384,0,6875,2.95,42.95,0.0,40.0,1628,33,114,True
16:57:35.007,1791273455.007772,20.822062969207764,16384,0,6844,2.95,42.95,0.0,40.0,1640,33,120,True
16:57:35.032,1791273455.0328455,20.84713649749756,16384,0,6817,2.95,42.95,0.0,40.0,1651,35,125,True
16:57:35.088,1791273455.0888102,20.903101205825806,16384,0,6821,2.95,42.95,0.0,40.0,1652,35,125,True
16:57:35.089,1791273455.089054,20.903345108032227,16384,0,6771,2.95,42.95,0.0,40.0,1664,36,128,True
16:57:35.110,1791273455.1104321,20.924723148345947,16384,0,6739,2.95,42.95,0.0,40.0,1676,36,128,True
16:57:35.133,1791273455.1334686,20.9477596282959,16384,0,6721,2.95,42.95,0.0,40.0,1696,37,128,True
16:57:35.155,1791273455.155244,20.96953511238098,16384,0,6721,2.95,42.95,0.0,40.0,1696,37,128,True
16:57:35.183,1791273455.1834154,20.997706413269043,16384,0,6697,2.95,42.95,0.0,40.0,1708,39,128,True
16:57:35.259,1791273455.259187,21.07347798347473,16384,0,6641,2.95,42.95,0.0,40.0,1763,43,128,True
16:57:35.285,1791273455.28575,21.100040912628174,16384,0,6643,2.95,42.95,0.0,40.0,1765,43,128,True
16:57:35.308,1791273455.308286,21.12257695198059,16384,0,6640,2.95,42.95,0.0,40.0,1780,44,128,True
16:57:35.333,1791273455.3338172,21.14810824394226,16384,0,6630,2.95,42.95,0.0,40.0,1795,45,128,True
16:57:35.412,1791273455.4126792,21.226970195770264,16384,0,6632,2.95,42.95,0.0,40.0,1830,46,128,True
16:57:35.412,1791273455.4128637,21.22715473175049,16384,0,6632,2.95,42.95,0.0,40.0,1830,46,128,True
16:57:35.413,1791273455.4131262,21.22741723060608,16384,0,6627,2.95,42.95,0.0,40.0,1851,48,128,True
16:57:35.432,1791273455.4326894,21.24698042869568,16384,0,6619,2.95,42.95,0.0,40.0,1854,49,128,True
16:57:35.457,1791273455.4575865,21.27187752723694,16384,0,6618,2.95,42.95,0.0,40.0,1854,49,128,True
16:57:35.480,1791273455.4803603,21.29465126991272,16384,0,6628,2.95,42.95,0.0,40.0,1856,50,128,True
16:57:35.505,1791273455.505679,21.31996989250183,16384,0,6634,2.95,42.95,0.0,40.0,1870,51,128,True
16:57:35.532,1791273455.5322998,21.346590757369995,16384,0,6644,2.95,42.95,0.0,40.0,1872,51,110,True
16:57:35.559,1791273455.5594661,21.373757123947144,16384,0,6643,2.95,42.95,0.0,40.0,1872,51,110,True
16:57:35.581,1791273455.581366,21.395657062530518,16384,0,6634,2.95,42.95,0.0,40.0,1858,52,83,True
16:57:35.606,1791273455.6060815,21.420372486114502,16384,0,6624,2.95,42.95,0.0,40.0,1839,53,81,True
16:57:35.681,1791273455.6814013,21.495692253112793,16384,0,6605,2.95,42.95,0.0,40.0,1813,53,79,True
16:57:35.706,1791273455.7067335,21.521024465560913,16384,0,6590,2.95,42.95,0.0,40.0,1796,52,78,True
16:57:35.754,1791273455.7544515,21.568742513656616,16384,0,6563,2.95,42.95,0.0,40.0,1771,52,77,True
16:57:35.781,1791273455.7819803,21.596271276474,16384,0,6554,2.95,42.95,0.0,40.0,1752,53,75,True
16:57:35.831,1791273455.8311374,21.64542841911316,16384,0,6499,2.95,42.95,0.0,40.0,1704,52,73,True
16:57:35.855,1791273455.8558636,21.670154571533203,16384,0,6500,2.95,42.95,0.0,40.0,1704,52,73,True
16:57:35.881,1791273455.8817918,21.696082830429077,16384,0,6511,2.95,42.95,0.0,40.0,1684,53,73,True
16:57:35.907,1791273455.907971,21.722261905670166,16384,0,6462,2.95,42.95,0.0,40.0,1661,52,72,True
16:57:35.933,1791273455.933701,21.747992038726807,16384,0,6415,2.95,42.95,0.0,40.0,1637,51,71,True
16:57:35.957,1791273455.957056,21.771347045898438,16384,0,6412,2.95,42.95,0.0,40.0,1637,51,71,True
16:57:35.981,1791273455.981398,21.79568910598755,16384,0,6410,2.95,42.95,0.0,40.0,1613,52,71,True
16:57:36.017,1791273456.0177715,21.832062482833862,16384,0,6374,2.95,42.95,0.0,40.0,1596,52,70,True
16:57:36.037,1791273456.0377514,21.85204243659973,16384,0,6362,2.95,42.95,0.0,40.0,1574,53,70,True
16:57:36.056,1791273456.0560212,21.870312213897705,16384,0,6362,2.95,42.95,0.0,40.0,1574,53,70,True
16:57:36.080,1791273456.0801191,21.894410133361816,16384,0,6326,2.95,42.95,0.0,40.0,1551,51,69,True
16:57:36.107,1791273456.1071804,21.92147135734558,16384,0,6307,2.95,42.95,0.0,40.0,1536,52,68,True
16:57:36.132,1791273456.1324444,21.946735382080078,16384,0,6274,2.95,42.95,0.0,40.0,1511,52,68,True
16:57:36.156,1791273456.1564062,21.970697164535522,16384,0,6274,2.95,42.95,0.0,40.0,1511,52,68,True
16:57:36.181,1791273456.1817431,21.996034145355225,16384,0,6244,2.95,42.95,0.0,40.0,1492,52,67,True
16:57:36.208,1791273456.2085037,22.022794723510742,16384,0,6210,2.95,42.95,0.0,40.0,1476,52,66,True
16:57:36.237,1791273456.2373474,22.05163836479187,16384,0,6178,2.95,42.95,0.0,40.0,1455,52,66,True
16:57:36.282,1791273456.28281,22.097100973129272,16384,0,6154,2.95,42.95,0.0,40.0,1439,51,65,True
16:57:36.308,1791273456.3084695,22.1227605342865,16384,0,6120,2.95,42.95,0.0,40.0,1422,51,65,True
16:57:36.332,1791273456.332261,22.146552085876465,16384,0,6096,2.95,42.95,0.0,40.0,1410,51,64,True
16:57:36.383,1791273456.38307,22.19736099243164,16384,0,6060,2.95,42.95,0.0,40.0,1396,50,63,True
16:57:36.409,1791273456.4094725,22.223763465881348,16384,0,6033,2.95,42.95,0.0,40.0,1385,51,63,True
16:57:36.432,1791273456.4320712,22.24636220932007,16384,0,6005,2.95,42.95,0.0,40.0,1375,51,62,True
16:57:36.457,1791273456.4578097,22.272100687026978,16384,0,5963,2.95,42.95,0.0,40.0,1365,50,61,True
16:57:36.487,1791273456.4873018,22.30159282684326,16384,0,5965,2.95,42.95,0.0,40.0,1366,50,61,True
16:57:36.505,1791273456.5052948,22.3195858001709,16384,0,5953,2.95,42.95,0.0,40.0,1360,49,61,True
16:57:36.580,1791273456.5806756,22.39496660232544,16384,0,5913,2.95,42.95,0.0,40.0,1352,48,60,True
16:57:36.580,1791273456.580963,22.395253896713257,16384,0,5892,2.95,42.95,0.0,40.0,1345,48,59,True
16:57:36.581,1791273456.5812385,22.3955295085907,16384,0,5891,2.95,42.95,0.0,40.0,1345,48,59,True
16:57:36.606,1791273456.6061661,22.420457124710083,16384,0,5872,2.95,42.95,0.0,40.0,1342,47,59,True
16:57:36.631,1791273456.631249,22.445539951324463,16384,0,5841,2.95,42.95,0.0,40.0,1337,46,58,True
16:57:36.656,1791273456.6567185,22.471009492874146,16384,0,5804,2.95,42.95,0.0,40.0,1333,45,57,True
16:57:36.681,1791273456.6816788,22.495969772338867,16384,0,5805,2.95,42.95,0.0,40.0,1333,45,57,True
16:57:36.705,1791273456.7052872,22.519578218460083,16384,0,5785,2.95,42.95,0.0,40.0,1335,44,57,True
16:57:36.731,1791273456.7310913,22.545382261276245,16384,0,5757,2.95,42.95,0.0,40.0,1327,43,56,True
16:57:36.754,1791273456.7547653,22.569056272506714,16384,0,5757,2.95,42.95,0.0,40.0,1327,43,56,True
16:57:36.784,1791273456.7849338,22.59922480583191,16384,0,5729,2.95,42.95,0.0,40.0,1323,42,55,True
16:57:36.806,1791273456.8068337,22.621124744415283,16384,0,5703,2.95,42.95,0.0,40.0,1319,41,55,True
16:57:36.831,1791273456.8319287,22.646219730377197,16384,0,5672,2.95,42.95,0.0,40.0,1318,39,54,True
16:57:36.855,1791273456.8552403,22.66953134536743,16384,0,5674,2.95,42.95,0.0,40.0,1318,39,54,True
16:57:36.906,1791273456.9060254,22.720316410064697,16384,0,5640,2.95,42.95,0.0,40.0,1317,31,53,True
16:57:36.932,1791273456.932949,22.74724006652832,16384,0,5623,2.95,42.95,0.0,40.0,1320,28,52,True
16:57:36.956,1791273456.9567022,22.77099323272705,16384,0,5627,2.95,42.95,0.0,40.0,1320,28,52,True
16:57:36.981,1791273456.9815109,22.795801877975464,16384,0,5595,2.95,42.95,0.0,40.0,1322,25,51,True
16:57:37.007,1791273457.0073974,22.821688413619995,16384,0,5575,2.95,42.95,0.0,40.0,1323,23,51,True
16:57:37.057,1791273457.0570326,22.871323585510254,16384,0,5550,2.95,42.95,0.0,40.0,1327,23,50,True
16:57:37.079,1791273457.079917,22.89420795440674,16384,0,5531,2.95,42.95,0.0,40.0,1329,23,50,True
16:57:37.106,1791273457.106562,22.92085289955139,16384,0,5509,2.95,42.95,0.0,40.0,1331,23,49,True
16:57:37.132,1791273457.1323862,22.946677207946777,16384,0,5487,2.95,42.95,0.0,40.0,1329,23,48,True
16:57:37.154,1791273457.1549714,22.96926236152649,16384,0,5488,2.95,42.95,0.0,40.0,1329,23,48,True
16:57:37.180,1791273457.1806798,22.99497079849243,16384,0,5476,2.95,42.95,0.0,40.0,1334,23,48,True
16:57:37.206,1791273457.206534,23.020824909210205,16384,0,5453,2.95,42.95,0.0,40.0,1333,24,47,True
16:57:37.230,1791273457.2301207,23.044411659240723,16384,0,5445,2.95,42.95,0.0,40.0,1334,23,47,True
16:57:37.253,1791273457.2536454,23.067936420440674,16384,0,5446,2.95,42.95,0.0,40.0,1335,23,47,True
16:57:37.325,1791273457.3252861,23.13957715034485,16384,0,5416,2.95,42.95,0.0,40.0,1340,22,46,True
16:57:37.325,1791273457.3255644,23.13985538482666,16384,0,5403,2.95,42.95,0.0,40.0,1341,22,45,True
16:57:37.338,1791273457.3386047,23.15289568901062,16384,0,5389,2.95,42.95,0.0,40.0,1347,22,44,True
16:57:37.356,1791273457.3569386,23.171229600906372,16384,0,5388,2.95,42.95,0.0,40.0,1347,22,44,True
16:57:37.381,1791273457.3813698,23.195660829544067,16384,0,5365,2.95,42.95,0.0,40.0,1350,22,44,True
16:57:37.406,1791273457.4064734,23.22076439857483,16384,0,5345,2.95,42.95,0.0,40.0,1353,22,43,True
16:57:37.433,1791273457.433007,23.247298002243042,16384,0,5332,2.95,42.95,0.0,40.0,1357,23,43,True
16:57:37.456,1791273457.4564795,23.27077054977417,16384,0,5332,2.95,42.95,0.0,40.0,1357,23,43,True
16:57:37.479,1791273457.4793844,23.293675422668457,16384,0,5312,2.95,42.95,0.0,40.0,1358,23,42,True
16:57:37.506,1791273457.5063562,23.32064723968506,16384,0,5319,2.95,42.95,0.0,40.0,1361,22,41,True
16:57:37.531,1791273457.5313315,23.345622539520264,16384,0,5300,2.95,42.95,0.0,40.0,1368,23,41,True
16:57:37.553,1791273457.5539174,23.368208408355713,16384,0,5302,2.95,42.95,0.0,40.0,1369,23,41,True
16:57:37.578,1791273457.5787604,23.393051385879517,16384,0,5280,2.95,42.95,0.0,40.0,1375,22,40,True
16:57:37.611,1791273457.6110404,23.425331354141235,16384,0,5285,2.95,42.95,0.0,40.0,1379,23,39,True
16:57:37.630,1791273457.6309464,23.445237398147583,16384,0,5263,2.95,42.95,0.0,40.0,1383,22,39,True
16:57:37.653,1791273457.6538222,23.46811318397522,16384,0,5263,2.95,42.95,0.0,40.0,1383,22,39,True
16:57:37.679,1791273457.679588,23.493879079818726,16384,0,5256,2.95,42.95,0.0,40.0,1385,22,38,True
16:57:37.704,1791273457.7043521,23.518643140792847,16384,0,5243,2.95,42.95,0.0,40.0,1390,23,38,True
16:57:37.729,1791273457.729869,23.54415988922119,16384,0,5224,2.95,42.95,0.0,40.0,1395,23,37,True
16:57:37.751,1791273457.7516425,23.56593346595764,16384,0,5225,2.95,42.95,0.0,40.0,1395,23,37,True
16:57:37.779,1791273457.7796192,23.593910217285156,16384,0,5234,2.95,42.95,0.0,40.0,1400,23,36,True
16:57:37.807,1791273457.807164,23.62145495414734,16384,0,5228,2.95,42.95,0.0,40.0,1408,23,36,True
16:57:37.853,1791273457.8535283,23.667819261550903,16384,0,5234,2.95,42.95,0.0,40.0,1415,23,36,True
16:57:37.878,1791273457.8780866,23.69237756729126,16384,0,5216,2.95,42.95,0.0,40.0,1423,23,35,True
16:57:37.904,1791273457.9045246,23.718815565109253,16384,0,5228,2.95,42.95,0.0,40.0,1427,23,35,True
16:57:37.980,1791273457.98016,23.794450998306274,16384,0,5228,2.95,42.95,0.0,40.0,1436,22,34,True
16:57:37.980,1791273457.9803693,23.794660329818726,16384,0,5231,2.95,42.95,0.0,40.0,1436,22,34,True
16:57:37.980,1791273457.9805825,23.794873476028442,16384,0,5253,2.95,42.95,0.0,40.0,1445,24,34,True
16:57:38.033,1791273458.0337834,23.848074436187744,16384,0,5270,2.95,42.95,0.0,40.0,1459,25,33,True
16:57:38.120,1791273458.1203232,23.934614181518555,16384,0,5280,2.95,42.95,0.0,40.0,1475,28,33,True
16:57:38.157,1791273458.157272,23.97156310081482,16384,0,5296,2.95,42.95,0.0,40.0,1482,30,33,True
16:57:38.183,1791273458.1836371,23.997928142547607,16384,0,5286,2.95,42.95,0.0,40.0,1493,30,33,True
16:57:38.252,1791273458.2523723,24.06666326522827,16384,0,5264,2.95,42.95,0.0,40.0,1505,34,33,True
16:57:38.257,1791273458.2571518,24.07144284248352,16384,0,5265,2.95,42.95,0.0,40.0,1505,34,33,True
16:57:38.283,1791273458.2833495,24.09764051437378,16384,0,5237,2.95,42.95,0.0,40.0,1506,36,34,True
16:57:38.307,1791273458.307432,24.12172293663025,16384,0,5187,2.95,42.95,0.0,40.0,1501,36,37,True
16:57:38.333,1791273458.3337142,24.14800524711609,16384,0,5108,2.95,42.95,0.0,40.0,1499,35,39,True
16:57:38.403,1791273458.4036233,24.21791434288025,16384,0,5107,2.95,42.95,0.0,40.0,1499,35,39,True
16:57:38.403,1791273458.403786,24.218076944351196,16384,0,5029,2.95,42.95,0.0,40.0,1496,34,40,True
16:57:38.408,1791273458.4083054,24.222596406936646,16384,0,4968,2.95,42.95,0.0,40.0,1498,32,41,True
16:57:38.434,1791273458.4341016,24.248392581939697,16384,0,4905,2.95,42.95,0.0,40.0,1495,29,42,True
16:57:38.458,1791273458.4588692,24.273160219192505,16384,0,4905,2.95,42.95,0.0,40.0,1495,29,42,True
16:57:38.507,1791273458.507607,24.321897983551025,16384,0,4765,2.95,42.95,0.0,40.0,1484,26,44,True
16:57:38.535,1791273458.5351675,24.34945845603943,16384,0,4677,2.95,42.95,0.0,40.0,1482,23,45,True
16:57:38.561,1791273458.5618834,24.376174449920654,16384,0,4586,2.95,42.95,0.0,40.0,1472,21,46,True
16:57:38.589,1791273458.5893188,24.40360975265503,16384,0,4586,2.95,42.95,0.0,40.0,1472,21,47,True
16:57:38.608,1791273458.6087728,24.4230637550354,16384,0,4503,2.95,42.95,0.0,40.0,1468,15,48,True
16:57:38.637,1791273458.637996,24.452286958694458,16384,0,4400,2.95,42.95,0.0,40.0,1467,14,50,True
16:57:38.662,1791273458.662773,24.47706389427185,16384,0,4294,2.95,42.95,0.0,40.0,1451,14,51,True
16:57:38.685,1791273458.6852577,24.49954867362976,16384,0,4293,2.95,42.95,0.0,40.0,1450,14,51,True
16:57:38.709,1791273458.7093701,24.523661136627197,16384,0,4203,2.95,42.95,0.0,40.0,1457,15,53,True
16:57:38.736,1791273458.736977,24.551268100738525,16384,0,4084,2.95,42.95,0.0,40.0,1448,15,55,True
16:57:38.765,1791273458.765367,24.579658031463623,16384,0,3986,2.95,42.95,0.0,40.0,1439,14,57,True
16:57:38.784,1791273458.7845383,24.59882926940918,16384,0,3985,2.95,42.95,0.0,40.0,1439,14,57,True
16:57:38.837,1791273458.837336,24.65162706375122,16384,0,3801,2.95,42.95,0.0,40.0,1423,14,62,True
16:57:38.866,1791273458.8666828,24.680973768234253,16384,0,3709,2.95,42.95,0.0,40.0,1408,14,64,True
16:57:38.886,1791273458.8866851,24.700976133346558,16384,0,3710,2.95,42.95,0.0,40.0,1409,14,64,True
16:57:38.909,1791273458.9093482,24.723639249801636,16384,0,3631,2.95,42.95,0.0,40.0,1392,14,67,True
16:57:38.934,1791273458.934736,24.749027013778687,16384,0,3550,2.95,42.95,0.0,40.0,1365,14,66,True
16:57:38.960,1791273458.9607778,24.775068759918213,16384,0,3548,2.95,42.95,0.0,40.0,1364,14,66,True
16:57:38.984,1791273458.9847405,24.799031496047974,16384,0,3481,2.95,42.95,0.0,40.0,1343,15,66,True
16:57:39.013,1791273459.0136652,24.827956199645996,16384,0,3417,2.95,42.95,0.0,40.0,1317,15,66,True
16:57:39.060,1791273459.0604472,24.874738216400146,16384,0,3284,2.95,42.95,0.0,40.0,1254,16,66,True
16:57:39.086,1791273459.0860593,24.900350332260132,16384,0,3225,2.95,42.95,0.0,40.0,1224,16,67,True
16:57:39.109,1791273459.109413,24.923703908920288,16384,0,3225,2.95,42.95,0.0,40.0,1224,16,67,True
16:57:39.136,1791273459.1362047,24.950495719909668,16384,0,3159,2.95,42.95,0.0,40.0,1185,16,70,True
16:57:39.187,1791273459.1870618,25.001352787017822,16384,0,3115,2.95,42.95,0.0,40.0,1154,16,78,True
16:57:39.209,1791273459.2099984,25.02428936958313,16384,0,3075,2.95,42.95,0.0,40.0,1126,16,84,True
16:57:39.234,1791273459.2349885,25.04927945137024,16384,0,3015,2.95,42.95,0.0,40.0,1086,16,85,True
16:57:39.262,1791273459.2621577,25.076448678970337,16384,0,2360,2.95,42.95,0.0,40.0,506,17,84,True
16:57:39.288,1791273459.288522,25.102813005447388,16384,0,2360,2.95,42.95,0.0,40.0,499,17,83,True
16:57:39.310,1791273459.3102126,25.12450361251831,16384,0,2360,2.95,42.95,0.0,40.0,499,17,83,True
16:57:39.336,1791273459.3366628,25.150953769683838,16384,0,2359,2.95,42.95,0.0,40.0,500,18,82,True
16:57:39.362,1791273459.3627932,25.17708420753479,16384,0,2354,2.95,42.95,0.0,40.0,495,18,81,True
16:57:39.386,1791273459.3866987,25.200989723205566,16384,0,2353,2.95,42.95,0.0,40.0,495,19,80,True
16:57:39.435,1791273459.4359803,25.250271320343018,16384,0,2352,2.95,42.95,0.0,40.0,493,20,79,True
16:57:39.487,1791273459.4874957,25.30178666114807,16384,0,2350,2.95,42.95,0.0,40.0,492,20,78,True
16:57:39.512,1791273459.51275,25.327040910720825,16384,0,2353,2.95,42.95,0.0,40.0,493,20,78,True
16:57:39.596,1791273459.5964599,25.41075086593628,16384,0,2347,2.95,42.95,0.0,40.0,493,20,77,True
16:57:39.596,1791273459.596787,25.411077976226807,16384,0,2348,2.95,42.95,0.0,40.0,493,20,77,True
16:57:39.597,1791273459.597043,25.41133403778076,16384,0,2357,2.95,42.95,0.0,40.0,494,20,77,True
16:57:39.610,1791273459.610614,25.4249050617218,16384,0,2353,2.95,42.95,0.0,40.0,495,21,77,True
16:57:39.634,1791273459.6346962,25.448987245559692,16384,0,2354,2.95,42.95,0.0,40.0,494,21,76,True
16:57:39.660,1791273459.6609318,25.47522282600403,16384,0,2353,2.95,42.95,0.0,40.0,496,20,76,True
16:57:39.686,1791273459.6865652,25.500856161117554,16384,0,2363,2.95,42.95,0.0,40.0,501,21,76,True
16:57:39.708,1791273459.7087014,25.522992372512817,16384,0,2364,2.95,42.95,0.0,40.0,502,21,76,True
16:57:39.783,1791273459.7836359,25.59792685508728,16384,0,2358,2.95,42.95,0.0,40.0,503,21,74,True
16:57:39.809,1791273459.8090112,25.623302221298218,16384,0,2361,2.95,42.95,0.0,40.0,504,21,73,True
16:57:39.836,1791273459.836556,25.6508469581604,16384,0,2358,2.95,42.95,0.0,40.0,506,20,72,True
16:57:39.864,1791273459.8641737,25.678464651107788,16384,0,2357,2.95,42.95,0.0,40.0,508,21,71,True
16:57:39.883,1791273459.883177,25.697468042373657,16384,0,2356,2.95,42.95,0.0,40.0,508,21,71,True
16:57:39.909,1791273459.9098182,25.724109172821045,16384,0,2361,2.95,42.95,0.0,40.0,510,20,70,True
16:57:39.937,1791273459.9370146,25.75130558013916,16384,0,2360,2.95,42.95,0.0,40.0,511,21,69,True
16:57:39.958,1791273459.9584796,25.772770643234253,16384,0,2360,2.95,42.95,0.0,40.0,511,21,69,True
16:57:39.983,1791273459.9839535,25.79824447631836,16384,0,2360,2.95,42.95,0.0,40.0,512,20,68,True
16:57:40.011,1791273460.0116343,25.82592535018921,16384,0,2358,2.95,42.95,0.0,40.0,514,21,68,True
16:57:40.034,1791273460.0349383,25.849229335784912,16384,0,2358,2.95,42.95,0.0,40.0,516,20,67,True
16:57:40.059,1791273460.0593505,25.87364149093628,16384,0,2358,2.95,42.95,0.0,40.0,516,20,67,True
16:57:40.085,1791273460.0856931,25.899984121322632,16384,0,2358,2.95,42.95,0.0,40.0,518,21,66,True
16:57:40.111,1791273460.1115382,25.9258291721344,16384,0,2364,2.95,42.95,0.0,40.0,519,21,65,True
16:57:40.139,1791273460.1396127,25.953903675079346,16384,0,2353,2.95,42.95,0.0,40.0,517,20,64,True
16:57:40.160,1791273460.1609826,25.975273609161377,16384,0,2354,2.95,42.95,0.0,40.0,517,20,64,True
16:57:40.186,1791273460.1868749,26.001165866851807,16384,0,2358,2.95,42.95,0.0,40.0,519,21,63,True
16:57:40.211,1791273460.2118812,26.026172161102295,16384,0,2357,2.95,42.95,0.0,40.0,519,21,62,True
16:57:40.237,1791273460.2370014,26.051292419433594,16384,0,2356,2.95,42.95,0.0,40.0,520,21,61,True
16:57:40.309,1791273460.3090432,26.123334169387817,16384,0,2344,2.95,42.95,0.0,40.0,521,20,60,True
16:57:40.311,1791273460.3113446,26.125635623931885,16384,0,2352,2.95,42.95,0.0,40.0,522,21,58,True
16:57:40.336,1791273460.336889,26.151180028915405,16384,0,2356,2.95,42.95,0.0,40.0,523,21,57,True
16:57:40.362,1791273460.3623083,26.176599264144897,16384,0,2349,2.95,42.95,0.0,40.0,523,21,53,True
16:57:40.388,1791273460.3884838,26.2027747631073,16384,0,2350,2.95,42.95,0.0,40.0,524,21,52,True
16:57:40.410,1791273460.4104297,26.22472071647644,16384,0,2350,2.95,42.95,0.0,40.0,524,21,52,True
16:57:40.435,1791273460.4354594,26.24975037574768,16384,0,2345,2.95,42.95,0.0,40.0,524,21,49,True
16:57:40.462,1791273460.462166,26.27645707130432,16384,0,2345,2.95,42.95,0.0,40.0,528,21,47,True
16:57:40.486,1791273460.4863358,26.300626754760742,16384,0,2348,2.95,42.95,0.0,40.0,526,22,45,True
16:57:40.537,1791273460.5371492,26.35144019126892,16384,0,2342,2.95,42.95,0.0,40.0,522,21,42,True
16:57:40.561,1791273460.561325,26.3756160736084,16384,0,2338,2.95,42.95,0.0,40.0,519,22,40,True
16:57:40.585,1791273460.585845,26.40013599395752,16384,0,2337,2.95,42.95,0.0,40.0,519,21,40,True
16:57:40.612,1791273460.6124651,26.426756143569946,16384,0,2334,2.95,42.95,0.0,40.0,514,21,38,True
16:57:40.636,1791273460.6368003,26.451091289520264,16384,0,2338,2.95,42.95,0.0,40.0,510,21,37,True
16:57:40.663,1791273460.6633513,26.47764229774475,16384,0,2334,2.95,42.95,0.0,40.0,505,22,35,True
16:57:40.686,1791273460.686823,26.501113891601562,16384,0,2335,2.95,42.95,0.0,40.0,505,22,35,True
16:57:40.712,1791273460.7126374,26.526928424835205,16384,0,2331,2.95,42.95,0.0,40.0,497,21,35,True
16:57:40.738,1791273460.7380507,26.55234169960022,16384,0,2327,2.95,42.95,0.0,40.0,489,22,33,True
16:57:40.788,1791273460.7880528,26.602343797683716,16384,0,2320,2.95,42.95,0.0,40.0,482,22,31,True
16:57:40.813,1791273460.8130372,26.627328157424927,16384,0,2322,2.95,42.95,0.0,40.0,477,21,30,True
16:57:40.839,1791273460.8394246,26.65371561050415,16384,0,2324,2.95,42.95,0.0,40.0,470,22,28,True
16:57:40.862,1791273460.8626325,26.676923513412476,16384,0,2323,2.95,42.95,0.0,40.0,465,22,27,True
16:57:40.887,1791273460.8874931,26.701784133911133,16384,0,2322,2.95,42.95,0.0,40.0,465,22,27,True
16:57:40.915,1791273460.9155948,26.729885816574097,16384,0,2316,2.95,42.95,0.0,40.0,457,22,25,True
16:57:40.972,1791273460.972362,26.7866530418396,16384,0,2319,2.95,42.95,0.0,40.0,450,22,24,True
16:57:40.972,1791273460.972609,26.78690004348755,16384,0,2315,2.95,42.95,0.0,40.0,444,21,23,True
16:57:41.018,1791273461.018286,26.832576990127563,16384,0,2306,2.95,42.95,0.0,40.0,435,22,21,True
16:57:41.088,1791273461.088029,26.90231990814209,16384,0,2309,2.95,42.95,0.0,40.0,428,22,20,True
16:57:41.088,1791273461.0881946,26.902485609054565,16384,0,2297,2.95,42.95,0.0,40.0,420,22,19,True
16:57:41.092,1791273461.0923343,26.906625270843506,16384,0,2286,2.95,42.95,0.0,40.0,413,22,17,True
16:57:41.122,1791273461.1220326,26.936323642730713,16384,0,2286,2.95,42.95,0.0,40.0,413,22,17,True
16:57:41.140,1791273461.1405673,26.95485830307007,16384,0,2279,2.95,42.95,0.0,40.0,405,22,16,True
16:57:41.165,1791273461.1658475,26.980138540267944,16384,0,2265,2.95,42.95,0.0,40.0,400,22,14,True
16:57:41.245,1791273461.2450194,27.05931043624878,16384,0,2265,2.95,42.95,0.0,40.0,400,22,14,True
16:57:41.245,1791273461.2452595,27.059550523757935,16384,0,2266,2.95,42.95,0.0,40.0,395,22,14,True
16:57:41.265,1791273461.2650511,27.079342126846313,16384,0,2244,2.95,42.95,0.0,40.0,380,22,12,True
16:57:41.291,1791273461.2913022,27.10559320449829,16384,0,2238,2.95,42.95,0.0,40.0,378,22,10,True
16:57:41.316,1791273461.3166788,27.130969762802124,16384,0,2239,2.95,42.95,0.0,40.0,378,22,10,True
16:57:41.416,1791273461.4166224,27.230913400650024,16384,0,2223,2.95,42.95,0.0,40.0,372,22,9,True
16:57:41.416,1791273461.4168627,27.23115372657776,16384,0,2222,2.95,42.95,0.0,40.0,369,22,7,True
16:57:41.416,1791273461.4169462,27.231237173080444,16384,0,2223,2.95,42.95,0.0,40.0,369,22,7,True
16:57:41.438,1791273461.4388344,27.253125429153442,16384,0,2215,2.95,42.95,0.0,40.0,364,22,6,True
16:57:41.475,1791273461.475775,27.29006600379944,16384,0,2208,2.95,42.95,0.0,40.0,360,22,5,True
16:57:41.491,1791273461.4914997,27.305790662765503,16384,0,2206,2.95,42.95,0.0,40.0,355,22,4,True
16:57:41.515,1791273461.5150023,27.329293251037598,16384,0,2205,2.95,42.95,0.0,40.0,355,22,4,True
16:57:41.539,1791273461.5395625,27.353853464126587,16384,0,2211,2.95,42.95,0.0,40.0,349,22,4,True
16:57:41.566,1791273461.5666647,27.380955696105957,16384,0,2215,2.95,42.95,0.0,40.0,345,22,3,True
16:57:41.593,1791273461.593443,27.407733917236328,16384,0,2221,2.95,42.95,0.0,40.0,343,22,2,True
16:57:41.613,1791273461.613717,27.42800807952881,16384,0,2220,2.95,42.95,0.0,40.0,342,22,2,True
16:57:41.639,1791273461.6396565,27.4539475440979,16384,0,2219,2.95,42.95,0.0,40.0,339,21,2,True
16:57:41.691,1791273461.6917439,27.50603485107422,16384,0,2235,2.95,42.95,0.0,40.0,335,22,2,True
16:57:41.714,1791273461.7147589,27.52904987335205,16384,0,2235,2.95,42.95,0.0,40.0,335,22,2,True
16:57:41.741,1791273461.7416375,27.555928468704224,16384,0,2258,2.95,42.95,0.0,40.0,334,22,3,True
16:57:41.796,1791273461.7968206,27.611111640930176,16384,0,2275,2.95,42.95,0.0,40.0,336,22,5,True
16:57:41.815,1791273461.8157766,27.630067586898804,16384,0,2276,2.95,42.95,0.0,40.0,336,22,5,True
16:57:41.841,1791273461.8412971,27.655588150024414,16384,0,2281,2.95,42.95,0.0,40.0,332,21,6,True
16:57:41.864,1791273461.8649662,27.67925715446472,16384,0,2285,2.95,42.95,0.0,40.0,334,21,8,True
16:57:41.892,1791273461.892261,27.706552028656006,16384,0,2295,2.95,42.95,0.0,40.0,338,22,10,True
16:57:41.941,1791273461.9417322,27.756023168563843,16384,0,2297,2.95,42.95,0.0,40.0,338,22,12,True
16:57:41.967,1791273461.9670196,27.781310558319092,16384,0,2304,2.95,42.95,0.0,40.0,338,21,14,True
16:57:41.992,1791273461.9922261,27.806517124176025,16384,0,2302,2.95,42.95,0.0,40.0,341,21,14,True
16:57:42.016,1791273462.0165243,27.830815315246582,16384,0,2302,2.95,42.95,0.0,40.0,341,21,14,True
16:57:42.041,1791273462.041643,27.855933904647827,16384,0,2314,2.95,42.95,0.0,40.0,345,21,13,True
16:57:42.067,1791273462.067425,27.881716012954712,16384,0,2313,2.95,42.95,0.0,40.0,347,20,13,True
16:57:42.093,1791273462.093489,27.907779932022095,16384,0,2323,2.95,42.95,0.0,40.0,352,20,13,True
16:57:42.116,1791273462.1169267,27.931217670440674,16384,0,2322,2.95,42.95,0.0,40.0,351,20,13,True
16:57:42.145,1791273462.1456764,27.959967374801636,16384,0,2326,2.95,42.95,0.0,40.0,354,21,18,True
16:57:42.168,1791273462.1681988,27.982489824295044,16384,0,2335,2.95,42.95,0.0,40.0,361,21,22,True
16:57:42.193,1791273462.1937516,28.008042573928833,16384,0,2338,2.95,42.95,0.0,40.0,366,20,26,True
16:57:42.218,1791273462.2184138,28.032704830169678,16384,0,2337,2.95,42.95,0.0,40.0,366,20,26,True
16:57:42.245,1791273462.2452915,28.059582471847534,16384,0,2347,2.95,42.95,0.0,40.0,373,20,33,True
16:57:42.269,1791273462.2694829,28.083773851394653,16384,0,2347,2.95,42.95,0.0,40.0,376,21,39,True
16:57:42.295,1791273462.2954443,28.109735250473022,16384,0,2357,2.95,42.95,0.0,40.0,385,20,45,True
16:57:42.321,1791273462.321269,28.135560035705566,16384,0,2358,2.95,42.95,0.0,40.0,385,20,45,True
16:57:42.348,1791273462.3482945,28.162585496902466,16384,0,2361,2.95,42.95,0.0,40.0,392,20,59,True
16:57:42.372,1791273462.3726132,28.186904191970825,16384,0,2368,2.95,42.95,0.0,40.0,403,20,63,True
16:57:42.400,1791273462.400259,28.214550018310547,16384,0,2366,2.95,42.95,0.0,40.0,404,20,67,True
16:57:42.426,1791273462.4265933,28.24088430404663,16384,0,2368,2.95,42.95,0.0,40.0,405,20,67,True
16:57:42.451,1791273462.4519315,28.26622247695923,16384,0,2373,2.95,42.95,0.0,40.0,416,20,71,True
16:57:42.472,1791273462.472781,28.28707194328308,16384,0,2380,2.95,42.95,0.0,40.0,423,20,76,True
16:57:42.498,1791273462.498494,28.312784910202026,16384,0,2384,2.95,42.95,0.0,40.0,435,19,80,True
16:57:42.576,1791273462.576705,28.390995979309082,16384,0,2392,2.95,42.95,0.0,40.0,443,20,86,True
16:57:42.576,1791273462.576945,28.391236066818237,16384,0,2389,2.95,42.95,0.0,40.0,451,20,90,True
16:57:42.600,1791273462.6005883,28.414879322052002,16384,0,2391,2.95,42.95,0.0,40.0,458,19,96,True
16:57:42.622,1791273462.622227,28.43651795387268,16384,0,2391,2.95,42.95,0.0,40.0,458,19,96,True
16:57:42.647,1791273462.647508,28.461798906326294,16384,0,2390,2.95,42.95,0.0,40.0,463,20,101,True
16:57:42.673,1791273462.6731167,28.487407684326172,16384,0,2401,2.95,42.95,0.0,40.0,476,19,107,True
16:57:42.698,1791273462.6985264,28.5128173828125,16384,0,2411,2.95,42.95,0.0,40.0,487,19,113,True
16:57:42.724,1791273462.7243738,28.53866481781006,16384,0,2404,2.95,42.95,0.0,40.0,482,20,119,True
16:57:42.746,1791273462.7462442,28.560535192489624,16384,0,2404,2.95,42.95,0.0,40.0,482,19,119,True
16:57:42.772,1791273462.772271,28.586561918258667,16384,0,2408,2.95,42.95,0.0,40.0,496,19,124,True
16:57:42.801,1791273462.8010218,28.615312814712524,16384,0,2417,2.95,42.95,0.0,40.0,500,19,128,True
16:57:42.824,1791273462.8248906,28.63918161392212,16384,0,2413,2.95,42.95,0.0,40.0,502,19,128,True
16:57:42.847,1791273462.8476138,28.66190481185913,16384,0,2412,2.95,42.95,0.0,40.0,502,19,128,True
16:57:42.951,1791273462.9517515,28.766042470932007,16384,0,2415,2.95,42.95,0.0,40.0,513,19,128,True
16:57:42.973,1791273462.9733977,28.787688732147217,16384,0,2414,2.95,42.95,0.0,40.0,515,19,128,True
16:57:42.999,1791273462.9990153,28.81330633163452,16384,0,2419,2.95,42.95,0.0,40.0,521,19,128,True
16:57:43.049,1791273463.0491545,28.863445520401,16384,0,2427,2.95,42.95,0.0,40.0,522,19,128,True
16:57:43.074,1791273463.0744152,28.88870620727539,16384,0,2422,2.95,42.95,0.0,40.0,523,18,128,True
16:57:43.125,1791273463.1257048,28.939995765686035,16384,0,2429,2.95,42.95,0.0,40.0,531,19,128,True
16:57:43.149,1791273463.14962,28.963911056518555,16384,0,2429,2.95,42.95,0.0,40.0,531,19,128,True
16:57:43.173,1791273463.1739957,28.98828673362732,16384,0,2436,2.95,42.95,0.0,40.0,531,18,115,True
16:57:43.200,1791273463.200672,29.014962911605835,16384,0,2430,2.95,42.95,0.0,40.0,534,19,86,True
16:57:43.224,1791273463.2248888,29.039179801940918,16384,0,2430,2.95,42.95,0.0,40.0,535,19,71,True
16:57:43.308,1791273463.3089232,29.12321424484253,16384,0,2429,2.95,42.95,0.0,40.0,535,19,70,True
16:57:43.309,1791273463.3091009,29.12339186668396,16384,0,2426,2.95,42.95,0.0,40.0,536,19,54,True
16:57:43.326,1791273463.3261683,29.140459299087524,16384,0,2416,2.95,42.95,0.0,40.0,536,19,48,True
16:57:43.347,1791273463.3478758,29.162166833877563,16384,0,2417,2.95,42.95,0.0,40.0,537,19,48,True
16:57:43.374,1791273463.3745472,29.188838243484497,16384,0,2423,2.95,42.95,0.0,40.0,536,19,43,True
16:57:43.424,1791273463.4245186,29.23880958557129,16384,0,2424,2.95,42.95,0.0,40.0,537,18,39,True
16:57:43.449,1791273463.449691,29.26398205757141,16384,0,2424,2.95,42.95,0.0,40.0,537,18,39,True
16:57:43.476,1791273463.476549,29.290839910507202,16384,0,2421,2.95,42.95,0.0,40.0,536,18,39,True
16:57:43.525,1791273463.5251954,29.339486360549927,16384,0,2425,2.95,42.95,0.0,40.0,537,18,39,True
16:57:43.550,1791273463.5505183,29.364809274673462,16384,0,2424,2.95,42.95,0.0,40.0,537,18,39,True
16:57:43.577,1791273463.577061,29.39135193824768,16384,0,2424,2.95,42.95,0.0,40.0,536,19,40,True
16:57:43.611,1791273463.6114209,29.42571187019348,16384,0,2420,2.95,42.95,0.0,40.0,536,19,41,True
16:57:43.626,1791273463.6265528,29.4408438205719,16384,0,2421,2.95,42.95,0.0,40.0,536,19,44,True
16:57:43.653,1791273463.6536856,29.467976570129395,16384,0,2421,2.95,42.95,0.0,40.0,536,19,44,True
16:57:43.673,1791273463.6739092,29.488200187683105,16384,0,2418,2.95,42.95,0.0,40.0,537,19,49,True
16:57:43.748,1791273463.7483747,29.562665700912476,16384,0,2423,2.95,42.95,0.0,40.0,536,18,59,True
16:57:43.775,1791273463.7755756,29.589866638183594,16384,0,2426,2.95,42.95,0.0,40.0,537,19,67,True
16:57:43.851,1791273463.8513014,29.665592432022095,16384,0,2429,2.95,42.95,0.0,40.0,536,18,92,True
16:57:43.873,1791273463.8735251,29.68781614303589,16384,0,2441,2.95,42.95,0.0,40.0,535,19,120,True
16:57:43.976,1791273463.976065,29.790355920791626,16384,0,2431,2.95,42.95,0.0,40.0,538,19,128,True
16:57:43.976,1791273463.9763348,29.79062581062317,16384,0,2430,2.95,42.95,0.0,40.0,538,19,128,True
16:57:44.002,1791273464.0025263,29.81681728363037,16384,0,2427,2.95,42.95,0.0,40.0,534,19,128,True
16:57:44.026,1791273464.0269697,29.8412606716156,16384,0,2439,2.95,42.95,0.0,40.0,537,19,128,True
16:57:44.087,1791273464.0878005,29.90209150314331,16384,0,2440,2.95,42.95,0.0,40.0,537,19,128,True
16:57:44.105,1791273464.1054811,29.919772148132324,16384,0,2428,2.95,42.95,0.0,40.0,530,19,128,True
16:57:44.129,1791273464.1295102,29.943801164627075,16384,0,2430,2.95,42.95,0.0,40.0,527,19,128,True
16:57:44.151,1791273464.1513338,29.965624809265137,16384,0,2428,2.95,42.95,0.0,40.0,527,19,128,True
16:57:44.178,1791273464.1783545,29.992645502090454,16384,0,2438,2.95,42.95,0.0,40.0,532,19,123,True
16:57:44.244,1791273464.2447586,30.059049606323242,16384,0,2437,2.95,42.95,0.0,40.0,532,19,119,True
16:57:44.252,1791273464.2524953,30.066786289215088,16384,0,2442,2.95,42.95,0.0,40.0,532,19,114,True
16:57:44.277,1791273464.277472,30.091763019561768,16384,0,2439,2.95,42.95,0.0,40.0,528,19,110,True
16:57:44.304,1791273464.3042622,30.118553161621094,16384,0,2450,2.95,42.95,0.0,40.0,533,19,105,True
16:57:44.329,1791273464.3298209,30.14411187171936,16384,0,2446,2.95,42.95,0.0,40.0,533,20,101,True
16:57:44.409,1791273464.4094129,30.223703861236572,16384,0,2447,2.95,42.95,0.0,40.0,533,20,101,True
16:57:44.409,1791273464.4096894,30.22398042678833,16384,0,2448,2.95,42.95,0.0,40.0,534,19,97,True
16:57:44.409,1791273464.4097812,30.224072217941284,16384,0,2448,2.95,42.95,0.0,40.0,536,19,93,True
16:57:44.429,1791273464.4296436,30.243934631347656,16384,0,2443,2.95,42.95,0.0,40.0,536,19,88,True
16:57:44.452,1791273464.4529426,30.2672336101532,16384,0,2444,2.95,42.95,0.0,40.0,536,19,88,True
16:57:44.481,1791273464.481715,30.296005964279175,16384,0,2445,2.95,42.95,0.0,40.0,535,20,85,True
16:57:44.557,1791273464.5574186,30.37170958518982,16384,0,2444,2.95,42.95,0.0,40.0,538,20,78,True
16:57:44.579,1791273464.579095,30.393385887145996,16384,0,2439,2.95,42.95,0.0,40.0,538,20,75,True
16:57:44.605,1791273464.605925,30.42021608352661,16384,0,2436,2.95,42.95,0.0,40.0,539,20,73,True
16:57:44.631,1791273464.631623,30.445914030075073,16384,0,2426,2.95,42.95,0.0,40.0,538,20,70,True
16:57:44.653,1791273464.6533322,30.467623233795166,16384,0,2427,2.95,42.95,0.0,40.0,538,20,70,True
16:57:44.682,1791273464.6825964,30.49688744544983,16384,0,2427,2.95,42.95,0.0,40.0,539,20,67,True
16:57:44.737,1791273464.7376988,30.551989793777466,16384,0,2420,2.95,42.95,0.0,40.0,541,20,63,True
16:57:44.759,1791273464.759576,30.573867082595825,16384,0,2421,2.95,42.95,0.0,40.0,541,20,63,True
16:57:44.813,1791273464.8139067,30.62819766998291,16384,0,2410,2.95,42.95,0.0,40.0,542,20,59,True
16:57:44.843,1791273464.8432896,30.657580614089966,16384,0,2390,2.95,42.95,0.0,40.0,543,20,56,True
16:57:44.860,1791273464.8603218,30.674612760543823,16384,0,2390,2.95,42.95,0.0,40.0,543,20,56,True
16:57:44.886,1791273464.8864112,30.70070219039917,16384,0,2378,2.95,42.95,0.0,40.0,540,20,55,True
16:57:44.909,1791273464.9098492,30.724140167236328,16384,0,2365,2.95,42.95,0.0,40.0,541,20,54,True
16:57:44.938,1791273464.938705,30.75299596786499,16384,0,2353,2.95,42.95,0.0,40.0,544,20,52,True
16:57:44.964,1791273464.964014,30.778305053710938,16384,0,2335,2.95,42.95,0.0,39.6875,545,20,51,True
16:57:44.985,1791273464.9859965,30.80028748512268,16384,0,2335,2.95,42.95,0.0,39.6875,545,20,51,True
16:57:45.062,1791273465.0624025,30.87669348716736,16384,0,2287,2.95,42.95,0.0,39.0625,544,20,47,True
16:57:45.088,1791273465.0885222,30.90281319618225,16384,0,2287,2.95,42.95,0.0,39.0625,544,20,47,True
16:57:45.112,1791273465.1126459,30.926936864852905,16384,0,2268,2.95,42.95,0.0,38.75,547,20,46,True
16:57:45.139,1791273465.1394467,30.95373773574829,16384,0,2253,2.95,42.95,0.0,38.4375,547,20,45,True
16:57:45.163,1791273465.163732,30.978023052215576,16384,0,2245,2.95,42.95,0.0,38.4375,546,21,45,True
16:57:45.190,1791273465.190717,31.00500798225403,16384,0,2245,2.95,42.95,0.0,38.4375,545,21,45,True
16:57:45.215,1791273465.2152493,31.029540300369263,16384,0,2229,2.95,42.95,0.0,38.125,546,20,44,True
16:57:45.240,1791273465.2400928,31.054383754730225,16384,0,2214,2.95,42.95,0.0,37.8125,546,20,44,True
16:57:45.293,1791273465.2936108,31.10790181159973,16384,0,2186,2.95,42.95,0.0,37.5,546,16,43,True
16:57:45.318,1791273465.3180065,31.13229751586914,16384,0,2189,2.95,42.95,0.0,37.5,547,16,43,True
16:57:45.341,1791273465.3417995,31.15609049797058,16384,0,2172,2.95,42.95,0.0,37.5,545,15,43,True
16:57:45.369,1791273465.3691852,31.183476209640503,16384,0,2154,2.95,42.95,0.0,37.1875,545,14,43,True
16:57:45.393,1791273465.393432,31.207722902297974,16384,0,2150,2.95,42.95,0.0,37.1875,547,14,43,True
16:57:45.421,1791273465.4211776,31.23546862602234,16384,0,2148,2.95,42.95,0.0,37.1875,545,14,43,True
16:57:45.444,1791273465.4444194,31.258710384368896,16384,0,2126,2.95,42.95,0.0,36.875,545,13,43,True
16:57:45.468,1791273465.4682405,31.28253149986267,16384,0,2113,2.95,42.95,0.0,36.875,544,12,43,True
16:57:45.498,1791273465.4989648,31.313255786895752,16384,0,2109,2.95,42.95,0.0,36.875,543,11,43,True
16:57:45.571,1791273465.5719745,31.386265516281128,16384,0,2109,2.95,42.95,0.0,36.875,543,11,43,True
16:57:45.572,1791273465.5721612,31.386452198028564,16384,0,2091,2.95,42.95,0.0,36.5625,544,11,44,True
16:57:45.572,1791273465.572246,31.386537075042725,16384,0,2075,2.95,42.95,0.0,36.5625,543,11,44,True
16:57:45.598,1791273465.598818,31.413109064102173,16384,0,2074,2.95,42.95,0.0,36.25,544,10,44,True
16:57:45.625,1791273465.6251876,31.439478635787964,16384,0,2073,2.95,42.95,0.0,36.25,544,10,44,True
16:57:45.645,1791273465.6450574,31.459348440170288,16384,0,2055,2.95,42.95,0.0,36.25,545,10,45,True
16:57:45.681,1791273465.6819837,31.496274709701538,16384,0,2044,2.95,42.95,0.0,36.25,542,11,45,True
16:57:45.697,1791273465.6977553,31.512046337127686,16384,0,2035,2.95,42.95,0.0,35.9375,541,10,46,True
16:57:45.721,1791273465.7211542,31.53544521331787,16384,0,2034,2.95,42.95,0.0,35.9375,541,10,46,True
16:57:45.746,1791273465.7462187,31.56050968170166,16384,0,2024,2.95,42.95,0.0,35.9375,541,11,47,True
16:57:45.780,1791273465.7800455,31.59433650970459,16384,0,2017,2.95,42.95,0.0,35.9375,543,10,47,True
16:57:45.822,1791273465.8221958,31.636486768722534,16384,0,2007,2.95,42.95,0.0,35.9375,541,11,48,True
16:57:45.847,1791273465.84798,31.66227102279663,16384,0,1995,2.95,42.95,0.0,35.9375,542,10,49,True
16:57:45.876,1791273465.8762696,31.690560579299927,16384,0,1985,2.95,42.95,0.0,35.625,541,11,50,True
16:57:45.907,1791273465.9077284,31.72201943397522,16384,0,1977,2.95,42.95,0.0,35.625,539,11,51,True
16:57:45.927,1791273465.9273546,31.741645574569702,16384,0,1968,2.95,42.95,0.0,35.3125,539,11,52,True
16:57:45.952,1791273465.9525354,31.766826391220093,16384,0,1969,2.95,42.95,0.0,35.3125,539,11,52,True
16:57:45.977,1791273465.9770665,31.79135751724243,16384,0,1956,2.95,42.95,0.0,35.3125,539,11,53,True
16:57:46.007,1791273466.0076816,31.821972608566284,16384,0,1950,2.95,42.95,0.0,35.3125,539,11,55,True
16:57:46.028,1791273466.0280495,31.84234046936035,16384,0,1942,2.95,42.95,0.0,35.0,539,11,56,True
16:57:46.052,1791273466.0529099,31.86720085144043,16384,0,1941,2.95,42.95,0.0,35.0,539,11,56,True
16:57:46.103,1791273466.1037972,31.91808819770813,16384,0,1924,2.95,42.95,0.0,34.6875,536,12,59,True
16:57:46.128,1791273466.1287851,31.943076133728027,16384,0,1912,2.95,42.95,0.0,34.375,537,13,60,True
16:57:46.152,1791273466.1526945,31.96698546409607,16384,0,1913,2.95,42.95,0.0,34.375,537,13,60,True
16:57:46.204,1791273466.2041245,32.018415451049805,16384,0,1897,2.95,42.95,0.0,34.0625,536,14,64,True
16:57:46.229,1791273466.2297893,32.04408025741577,16384,0,1898,2.95,42.95,0.0,34.0625,534,14,66,True
16:57:46.308,1791273466.3088684,32.123159408569336,16384,0,1884,2.95,42.95,0.0,33.75,533,16,68,True
16:57:46.310,1791273466.3101184,32.124409437179565,16384,0,1881,2.95,42.95,0.0,33.75,534,16,70,True
16:57:46.330,1791273466.3306909,32.1449818611145,16384,0,1864,2.95,42.95,0.0,33.4375,532,16,72,True
16:57:46.353,1791273466.353412,32.1677029132843,16384,0,1862,2.95,42.95,0.0,33.4375,531,16,72,True
16:57:46.378,1791273466.3786683,32.19295930862427,16384,0,1858,2.95,42.95,0.0,33.4375,532,17,74,True
16:57:46.404,1791273466.4042234,32.21851444244385,16384,0,1851,2.95,42.95,0.0,33.125,531,17,76,True
16:57:46.431,1791273466.4314914,32.24578237533569,16384,0,1838,2.95,42.95,0.0,32.8125,530,17,76,True
16:57:46.456,1791273466.456491,32.27078199386597,16384,0,1839,2.95,42.95,0.0,32.8125,530,18,76,True
16:57:46.478,1791273466.4785824,32.29287338256836,16384,0,1832,2.95,42.95,0.0,32.8125,530,17,76,True
16:57:46.506,1791273466.5064313,32.320722341537476,16384,0,1820,2.95,42.95,0.0,32.5,530,17,75,True
16:57:46.531,1791273466.5310957,32.34538674354553,16384,0,1812,2.95,42.95,0.0,32.5,530,16,75,True
16:57:46.581,1791273466.581159,32.39545011520386,16384,0,1800,2.95,42.95,0.0,32.1875,530,13,75,True
16:57:46.604,1791273466.604413,32.41870403289795,16384,0,1795,2.95,42.95,0.0,32.1875,531,12,75,True
16:57:46.631,1791273466.6311398,32.445430755615234,16384,0,1786,2.95,42.95,0.0,31.875,536,8,74,True
16:57:46.655,1791273466.6551933,32.46948432922363,16384,0,1786,2.95,42.95,0.0,31.875,536,8,74,True
16:57:46.678,1791273466.6788254,32.49311637878418,16384,0,1772,2.95,42.95,0.0,31.5625,532,6,76,True
16:57:46.729,1791273466.729259,32.54355001449585,16384,0,1755,2.95,42.95,0.0,31.25,532,0,85,True
16:57:46.752,1791273466.7523522,32.56664323806763,16384,0,1755,2.95,42.95,0.0,31.25,532,0,85,True
16:57:46.776,1791273466.7768064,32.591097354888916,16384,0,1748,2.95,42.95,0.0,31.25,532,0,89,True
16:57:46.880,1791273466.8807945,32.695085525512695,16384,0,1726,2.95,42.95,0.0,30.625,540,0,98,True
16:57:46.905,1791273466.905253,32.71954393386841,16384,0,1707,2.95,42.95,0.0,30.3125,532,0,97,True
16:57:46.967,1791273466.9679112,32.78220224380493,16384,0,1696,2.95,42.95,0.0,30.0,532,0,96,True
16:57:47.003,1791273467.0030725,32.81736350059509,16384,0,1677,2.95,42.95,0.0,29.6875,532,0,95,True
16:57:47.032,1791273467.0321665,32.84645748138428,16384,0,1667,2.95,42.95,0.0,29.375,532,0,94,True
16:57:47.092,1791273467.0927975,32.9070885181427,16384,0,1667,2.95,42.95,0.0,29.375,532,0,94,True
16:57:47.093,1791273467.0931368,32.90742778778076,16384,0,1661,2.95,42.95,0.0,29.375,532,0,93,True
16:57:47.105,1791273467.1055872,32.919878244400024,16384,0,1637,2.95,42.95,0.0,29.0625,522,0,93,True
16:57:47.131,1791273467.1314566,32.94574761390686,16384,0,1632,2.95,42.95,0.0,29.0625,531,0,92,True
16:57:47.153,1791273467.1530821,32.96737313270569,16384,0,1634,2.95,42.95,0.0,29.0625,532,0,92,True
16:57:47.177,1791273467.1779902,32.99228119850159,16384,0,1624,2.95,42.95,0.0,28.75,533,0,91,True
16:57:47.249,1791273467.2491868,33.063477754592896,16384,0,1610,2.95,42.95,0.0,28.4375,533,0,91,True
16:57:47.250,1791273467.2503653,33.064656257629395,16384,0,1603,2.95,42.95,0.0,28.4375,533,0,90,True
16:57:47.277,1791273467.277696,33.091986894607544,16384,0,1591,2.95,42.95,0.0,28.125,532,0,89,True
16:57:47.303,1791273467.303491,33.11778211593628,16384,0,1580,2.95,42.95,0.0,27.8125,532,0,88,True
16:57:47.327,1791273467.327781,33.14207196235657,16384,0,1570,2.95,42.95,0.0,27.8125,532,0,88,True
16:57:47.404,1791273467.404215,33.21850609779358,16384,0,1570,2.95,42.95,0.0,27.8125,532,0,88,True
16:57:47.405,1791273467.4050832,33.21937417984009,16384,0,1530,2.95,42.95,0.0,27.1875,520,0,87,True
16:57:47.428,1791273467.4281628,33.242453813552856,16384,0,1514,2.95,42.95,0.0,27.1875,518,0,86,True
16:57:47.453,1791273467.4533536,33.26764464378357,16384,0,1514,2.95,42.95,0.0,27.1875,518,0,86,True
16:57:47.480,1791273467.4809134,33.295204401016235,16384,0,1497,2.95,42.95,0.0,26.875,516,0,85,True
16:57:47.503,1791273467.5035298,33.31782078742981,16384,0,1483,2.95,42.95,0.0,26.875,514,0,84,True
16:57:47.556,1791273467.5565898,33.37088084220886,16384,0,1473,2.95,42.95,0.0,26.5625,516,0,84,True
16:57:47.628,1791273467.6286433,33.44293427467346,16384,0,1445,2.95,42.95,0.0,25.9375,525,0,82,True
16:57:47.652,1791273467.6522102,33.466501235961914,16384,0,1444,2.95,42.95,0.0,25.9375,524,0,82,True
16:57:47.677,1791273467.6771224,33.49141335487366,16384,0,1434,2.95,42.95,0.0,25.625,528,0,81,True
16:57:47.703,1791273467.7038841,33.51817512512207,16384,0,1425,2.95,42.95,0.0,25.625,528,0,81,True
16:57:47.730,1791273467.7300293,33.54432034492493,16384,0,1414,2.95,42.95,0.0,25.3125,528,0,80,True
16:57:47.753,1791273467.753915,33.56820607185364,16384,0,1415,2.95,42.95,0.0,25.3125,528,0,80,True
16:57:47.776,1791273467.7762823,33.59057331085205,16384,0,1398,2.95,42.95,0.0,25.0,527,0,79,True
16:57:47.802,1791273467.8026989,33.616989850997925,16384,0,1388,2.95,42.95,0.0,25.0,527,0,79,True
16:57:47.829,1791273467.829674,33.643965005874634,16384,0,1370,2.95,42.95,0.0,24.6875,525,0,78,True
16:57:47.878,1791273467.8788195,33.69311046600342,16384,0,1357,2.95,42.95,0.0,24.375,523,0,77,True
16:57:47.997,1791273467.997352,33.81164288520813,16384,0,1308,2.95,42.95,0.0,23.75,506,0,76,True
16:57:48.004,1791273468.0040834,33.81837439537048,16384,0,1300,2.95,42.95,0.0,23.75,506,0,75,True
16:57:48.056,1791273468.0566409,33.87093186378479,16384,0,1293,2.95,42.95,0.0,23.4375,507,0,75,True
16:57:48.082,1791273468.082518,33.896809101104736,16384,0,1278,2.95,42.95,0.0,23.4375,507,0,74,True
16:57:48.107,1791273468.10754,33.921830892562866,16384,0,1273,2.95,42.95,0.0,23.125,514,0,73,True
16:57:48.130,1791273468.1306992,33.944990158081055,16384,0,1269,2.95,42.95,0.0,22.8125,529,0,72,True
16:57:48.158,1791273468.1581993,33.972490310668945,16384,0,1268,2.95,42.95,0.0,22.8125,528,0,72,True
16:57:48.179,1791273468.1794214,33.993712425231934,16384,0,1256,2.95,42.95,0.0,22.8125,532,0,72,True
16:57:48.230,1791273468.2307851,34.04507613182068,16384,0,1228,2.95,42.95,0.0,22.1875,527,0,71,True
16:57:48.254,1791273468.2541847,34.0684757232666,16384,0,1228,2.95,42.95,0.0,22.1875,527,0,71,True
16:57:48.278,1791273468.278655,34.09294605255127,16384,0,1212,2.95,42.95,0.0,22.1875,523,0,70,True
16:57:48.330,1791273468.3305385,34.144829511642456,16384,0,1188,2.95,42.95,0.0,21.875,524,0,69,True
16:57:48.379,1791273468.3795533,34.19384431838989,16384,0,1169,2.95,42.95,0.0,21.5625,523,0,68,True
16:57:48.458,1791273468.4583614,34.27265238761902,16384,0,1142,2.95,42.95,0.0,21.25,520,0,67,True
16:57:48.479,1791273468.479567,34.29385805130005,16384,0,1124,2.95,42.95,0.0,20.9375,516,0,66,True
16:57:48.565,1791273468.5659056,34.3801965713501,16384,0,1102,2.95,42.95,0.0,20.625,516,0,65,True
16:57:48.566,1791273468.5661657,34.3804566860199,16384,0,1102,2.95,42.95,0.0,20.625,516,0,65,True
16:57:48.580,1791273468.5805523,34.394843339920044,16384,0,1092,2.95,42.95,0.0,20.3125,514,0,65,True
16:57:48.607,1791273468.607945,34.42223596572876,16384,0,1078,2.95,42.95,0.0,20.3125,509,0,64,True
16:57:48.629,1791273468.6298063,34.44409728050232,16384,0,1063,2.95,42.95,0.0,20.0,503,0,64,True
16:57:48.653,1791273468.6534445,34.46773552894592,16384,0,1062,2.95,42.95,0.0,20.0,503,0,64,True
16:57:48.679,1791273468.6795998,34.4938907623291,16384,0,1043,2.95,42.95,0.0,19.6875,495,0,63,True
16:57:48.704,1791273468.704157,34.51844811439514,16384,0,1031,2.95,42.95,0.0,19.6875,490,0,62,True
16:57:48.730,1791273468.730731,34.54502201080322,16384,0,1013,2.95,42.95,0.0,19.375,483,0,62,True
16:57:48.752,1791273468.7524,34.56669092178345,16384,0,1012,2.95,42.95,0.0,19.375,483,0,62,True
16:57:48.781,1791273468.7811615,34.595452547073364,16384,0,1001,2.95,42.95,0.0,19.0625,478,0,61,True
16:57:48.829,1791273468.8294675,34.64375853538513,16384,0,969,2.95,42.95,0.0,18.75,464,0,60,True
16:57:48.877,1791273468.8770902,34.691381216049194,16384,0,951,2.95,42.95,0.0,18.4375,458,0,59,True
16:57:48.907,1791273468.9077563,34.722047328948975,16384,0,935,2.95,42.95,0.0,18.4375,450,0,59,True
16:57:48.931,1791273468.9318874,34.74617838859558,16384,0,923,2.95,42.95,0.0,18.125,443,0,58,True
16:57:48.953,1791273468.9535751,34.767866134643555,16384,0,922,2.95,42.95,0.0,18.125,442,0,58,True
16:57:48.981,1791273468.9816828,34.795973777770996,16384,0,906,2.95,42.95,0.0,17.8125,435,0,57,True
16:57:49.005,1791273469.0052671,34.81955814361572,16384,0,894,2.95,42.95,0.0,17.8125,429,0,56,True
16:57:49.029,1791273469.0296516,34.843942642211914,16384,0,872,2.95,42.95,0.0,17.5,423,0,55,True
16:57:49.056,1791273469.0562255,34.870516538619995,16384,0,872,2.95,42.95,0.0,17.5,423,0,55,True
16:57:49.106,1791273469.1060538,34.920344829559326,16384,0,845,2.95,42.95,0.0,17.1875,413,0,53,True
16:57:49.131,1791273469.1314924,34.945783376693726,16384,0,826,2.95,42.95,0.0,16.875,406,0,51,True
16:57:49.154,1791273469.1543603,34.96865129470825,16384,0,827,2.95,42.95,0.0,16.875,406,0,51,True
16:57:49.182,1791273469.1823986,34.996689558029175,16384,0,812,2.95,42.95,0.0,16.5625,402,0,50,True
16:57:49.208,1791273469.208536,35.02282691001892,16384,0,798,2.95,42.95,0.0,16.5625,399,0,50,True
16:57:49.232,1791273469.2325175,35.04680848121643,16384,0,783,2.95,42.95,0.0,16.25,392,0,49,True
16:57:49.257,1791273469.2572935,35.07158446311951,16384,0,784,2.95,42.95,0.0,16.25,392,0,49,True
16:57:49.316,1791273469.3166335,35.130924463272095,16384,0,761,2.95,42.95,0.0,15.9375,385,0,48,True
16:57:49.316,1791273469.3168263,35.13111734390259,16384,0,747,2.95,42.95,0.0,15.9375,382,0,46,True
16:57:49.330,1791273469.3308213,35.14511227607727,16384,0,726,2.95,42.95,0.0,15.625,375,0,45,True
16:57:49.379,1791273469.3795364,35.193827390670776,16384,0,712,2.95,42.95,0.0,15.625,373,0,44,True
16:57:49.406,1791273469.4063356,35.22062659263611,16384,0,700,2.95,42.95,0.0,15.3125,369,0,44,True
16:57:49.434,1791273469.434551,35.248842000961304,16384,0,679,2.95,42.95,0.0,15.0,367,0,42,True
16:57:49.453,1791273469.4539979,35.2682888507843,16384,0,678,2.95,42.95,0.0,15.0,367,0,42,True
16:57:49.479,1791273469.4796338,35.2939248085022,16384,0,664,2.95,42.95,0.0,15.0,366,0,41,True
16:57:49.504,1791273469.5043101,35.31860113143921,16384,0,657,2.95,42.95,0.0,14.6875,370,0,41,True
16:57:49.531,1791273469.5313325,35.34562349319458,16384,0,642,2.95,42.95,0.0,14.375,370,0,40,True
16:57:49.554,1791273469.5541296,35.36842060089111,16384,0,642,2.95,42.95,0.0,14.375,370,0,40,True
16:57:49.581,1791273469.5817523,35.39604330062866,16384,0,629,2.95,42.95,0.0,14.375,372,0,39,True
16:57:49.605,1791273469.6055155,35.419806480407715,16384,0,618,2.95,42.95,0.0,14.0625,376,0,38,True
16:57:49.630,1791273469.630095,35.44438600540161,16384,0,602,2.95,42.95,0.0,13.75,376,0,37,True
16:57:49.679,1791273469.6795173,35.49380826950073,16384,0,592,2.95,42.95,0.0,13.75,379,0,36,True
16:57:49.704,1791273469.7041655,35.51845645904541,16384,0,577,2.95,42.95,0.0,13.4375,382,0,35,True
16:57:49.777,1791273469.7774956,35.5917866230011,16384,0,551,2.95,42.95,0.0,13.125,390,0,33,True
16:57:49.806,1791273469.8061588,35.62044978141785,16384,0,539,2.95,42.95,0.0,13.125,390,0,32,True
16:57:49.853,1791273469.8532646,35.66755557060242,16384,0,527,2.95,42.95,0.0,12.8125,391,0,31,True
16:57:49.904,1791273469.9042127,35.71850371360779,16384,0,504,2.95,42.95,0.0,12.5,391,0,29,True
16:57:49.976,1791273469.9764485,35.7907395362854,16384,0,483,2.95,42.95,0.0,12.1875,386,0,27,True
16:57:49.983,1791273469.983479,35.79777002334595,16384,0,473,2.95,42.95,0.0,12.1875,383,0,26,True
16:57:50.032,1791273470.0329432,35.84723424911499,16384,0,450,2.95,42.95,0.0,11.875,377,0,24,True
16:57:50.092,1791273470.0923545,35.90664553642273,16384,0,450,2.95,42.95,0.0,11.875,377,0,24,True
16:57:50.092,1791273470.092631,35.90692210197449,16384,0,438,2.95,42.95,0.0,11.5625,370,0,23,True
16:57:50.105,1791273470.105908,35.920198917388916,16384,0,426,2.95,42.95,0.0,11.5625,365,0,22,True
16:57:50.131,1791273470.1317263,35.946017265319824,16384,0,412,2.95,42.95,0.0,11.25,356,0,21,True
16:57:50.155,1791273470.1558216,35.970112562179565,16384,0,412,2.95,42.95,0.0,11.25,356,0,21,True
16:57:50.181,1791273470.181775,35.996066093444824,16384,0,398,2.95,42.95,0.0,11.25,348,0,20,True
16:57:50.260,1791273470.2600381,36.074329137802124,16384,0,389,2.95,42.95,0.0,10.9375,344,0,19,True
16:57:50.260,1791273470.2602227,36.07451367378235,16384,0,375,2.95,42.95,0.0,10.625,336,0,18,True
16:57:50.279,1791273470.2793622,36.093653202056885,16384,0,365,2.95,42.95,0.0,10.625,329,0,17,True
16:57:50.308,1791273470.308788,36.12307906150818,16384,0,352,2.95,42.95,0.0,10.3125,321,0,16,True
16:57:50.335,1791273470.335317,36.14960789680481,16384,0,342,2.95,42.95,0.0,10.3125,314,0,15,True
16:57:50.408,1791273470.4083858,36.2226767539978,16384,0,342,2.95,42.95,0.0,10.3125,314,0,15,True
16:57:50.408,1791273470.408675,36.22296595573425,16384,0,328,2.95,42.95,0.0,10.0,305,0,14,True
16:57:50.410,1791273470.4109576,36.22524857521057,16384,0,319,2.95,42.95,0.0,10.0,299,0,13,True
16:57:50.429,1791273470.4295952,36.2438862323761,16384,0,305,2.95,42.95,0.0,9.6875,289,0,12,True
16:57:50.453,1791273470.4538045,36.26809549331665,16384,0,305,2.95,42.95,0.0,9.6875,289,0,12,True
16:57:50.480,1791273470.480485,36.29477596282959,16384,0,293,2.95,42.95,0.0,9.6875,281,0,11,True
16:57:50.505,1791273470.5052152,36.31950616836548,16384,0,282,2.95,42.95,0.0,9.375,273,0,10,True
16:57:50.555,1791273470.5558414,36.37013244628906,16384,0,268,2.95,42.95,0.0,9.375,262,0,9,True
16:57:50.577,1791273470.577686,36.391977071762085,16384,0,264,2.95,42.95,25.9375,31.875,0,3,0,True
16:57:50.610,1791273470.6107223,36.425013303756714,16384,0,264,2.95,42.95,25.625,31.5625,0,2,0,True
16:57:50.630,1791273470.6309986,36.445289611816406,16384,0,265,2.95,42.95,25.625,31.5625,0,1,0,True
16:57:50.653,1791273470.6536555,36.46794652938843,16384,0,265,2.95,42.95,25.625,31.5625,0,1,0,True
16:57:50.677,1791273470.677528,36.49181890487671,16384,0,269,2.95,42.95,25.3125,31.25,0,0,0,True
16:57:50.722,1791273470.7221735,36.53646445274353,16384,0,269,2.95,42.95,25.3125,31.25,0,0,0,True
16:57:50.754,1791273470.7541854,36.56847643852234,16384,0,269,2.95,42.95,25.0,30.9375,0,0,0,True
16:57:50.779,1791273470.7793717,36.59366273880005,16384,0,267,2.95,42.95,25.0,30.9375,0,0,0,True
16:57:50.806,1791273470.8060803,36.62037134170532,16384,0,266,2.95,42.95,24.6875,30.625,0,0,0,True
16:57:50.830,1791273470.8303175,36.64460849761963,16384,0,268,2.95,42.95,24.6875,30.3125,0,0,0,True
16:57:50.854,1791273470.8542526,36.668543577194214,16384,0,269,2.95,42.95,24.6875,30.3125,0,0,0,True
16:57:50.882,1791273470.8827124,36.69700336456299,16384,0,269,2.95,42.95,24.375,30.3125,0,0,0,True
16:57:50.905,1791273470.9059768,36.72026777267456,16384,0,269,2.95,42.95,24.375,30.0,0,0,0,True
16:57:50.930,1791273470.930249,36.744539976119995,16384,0,271,2.95,42.95,24.0625,30.0,0,0,0,True
16:57:50.953,1791273470.953607,36.767898082733154,16384,0,271,2.95,42.95,24.0625,30.0,0,0,0,True
16:57:50.979,1791273470.9792933,36.79358434677124,16384,0,271,2.95,42.95,24.0625,29.6875,0,0,0,True
16:57:51.003,1791273471.0032604,36.817551374435425,16384,0,269,2.95,42.95,23.75,29.6875,0,0,0,True
16:57:51.030,1791273471.030477,36.844768047332764,16384,0,273,2.95,42.95,23.75,29.375,0,0,0,True
16:57:51.052,1791273471.052585,36.866875886917114,16384,0,272,2.95,42.95,23.75,29.375,0,0,0,True
16:57:51.077,1791273471.077603,36.89189410209656,16384,0,262,2.95,42.95,23.4375,29.0625,0,0,0,True
16:57:51.104,1791273471.1048613,36.91915225982666,16384,0,269,2.95,42.95,23.4375,29.0625,0,0,0,True
16:57:51.125,1791273471.125837,36.94012808799744,16384,0,267,2.95,42.95,23.4375,29.0625,0,0,0,True
