getifaddrs: Operation not permitted
getifaddrs: Operation not permitted
getifaddrs: Operation not permitted
getifaddrs: Operation not permitted
[37;1m2026-10-06 16:16:32.322 [31;1m[[37;1mTRANSPORT[31;1m Error] [37mAll whitelist interfaces were filtered out[34;1m -> Function [36mUDPv4Transport[m
[37;1m2026-10-06 16:16:32.323 [31;1m[[37;1mTRANSPORT_UDP[31;1m Error] [37mError creating socket: Operation not permitted[34;1m -> Function [36minit[m
[37;1m2026-10-06 16:16:32.323 [31;1m[[37;1mRTPS_PARTICIPANT[31;1m Error] [37mUser transport failed to register.[34;1m -> Function [36mRTPSParticipantImpl[m
[INFO] [1791270992.350325846] [upper_planner_node]: planner state input: Odometry topic=/motive/vehicle/odom_map yaw=orientation.z scalar
[INFO] [1791270992.356001452] [upper_planner_node]: Egocentric MIQP planner ready: rate=2.00Hz pred_dt=0.750s Nmax=7 lower_dt=0.100s target_v=6.000m/s scale=fullscale wheelbase=2.80m length=4.70m bev=40.00m margin=2.00m state=odom grid=/bev/occupancy_grid sparse=/planner/upper_path_sparse dense=/planner/lower_reference_path
[INFO] [1791270992.356166227] [upper_planner_node]: upper branch model: cumulative_increment=1 turn_window_at_split=1 turn_target_absolute=1 split_continuity=6.75m r_dpsi=2.000 lambda_turn=0.600
[INFO] [1791270992.366711803] [lower_tracking_mpc_node]: LowerTrackingMpcNode ready: rate=10.00Hz dt=0.100s N=30 path=/planner/lower_reference_path scale=fullscale wheelbase=2.80m rear_offset=1.40m command_scale=0.350rad actuator_model=1 delay=0.00s tau=0.74s backend=disabled virtual=/cmd_control
"live_curve" "tau0.74_noise2" "h7" "goal_reached" cycles=396
getifaddrs: Operation not permitted
getifaddrs: Operation not permitted
[37;1m2026-10-06 16:16:32.567 [31;1m[[37;1mTRANSPORT[31;1m Error] [37mAll whitelist interfaces were filtered out[34;1m -> Function [36mUDPv4Transport[m
[37;1m2026-10-06 16:16:32.568 [31;1m[[37;1mTRANSPORT_UDP[31;1m Error] [37mError creating socket: Operation not permitted[34;1m -> Function [36minit[m
[37;1m2026-10-06 16:16:32.568 [31;1m[[37;1mRTPS_PARTICIPANT[31;1m Error] [37mUser transport failed to register.[34;1m -> Function [36mRTPSParticipantImpl[m
[INFO] [1791270992.579706938] [upper_planner_node]: planner state input: Odometry topic=/motive/vehicle/odom_map yaw=orientation.z scalar
[INFO] [1791270992.582579670] [upper_planner_node]: Egocentric MIQP planner ready: rate=2.00Hz pred_dt=0.750s Nmax=7 lower_dt=0.100s target_v=6.000m/s scale=fullscale wheelbase=2.80m length=4.70m bev=40.00m margin=2.00m state=odom grid=/bev/occupancy_grid sparse=/planner/upper_path_sparse dense=/planner/lower_reference_path
[INFO] [1791270992.582705660] [upper_planner_node]: upper branch model: cumulative_increment=1 turn_window_at_split=1 turn_target_absolute=1 split_continuity=6.75m r_dpsi=2.000 lambda_turn=0.600
[INFO] [1791270992.591608477] [lower_tracking_mpc_node]: LowerTrackingMpcNode ready: rate=10.00Hz dt=0.100s N=30 path=/planner/lower_reference_path scale=fullscale wheelbase=2.80m rear_offset=1.40m command_scale=0.350rad actuator_model=1 delay=0.00s tau=0.74s backend=disabled virtual=/cmd_control
"live_curve" "tau0.74_noise2" "h6" "goal_reached" cycles=395
getifaddrs: Operation not permitted
getifaddrs: Operation not permitted
[37;1m2026-10-06 16:16:32.785 [31;1m[[37;1mTRANSPORT[31;1m Error] [37mAll whitelist interfaces were filtered out[34;1m -> Function [36mUDPv4Transport[m
[37;1m2026-10-06 16:16:32.786 [31;1m[[37;1mTRANSPORT_UDP[31;1m Error] [37mError creating socket: Operation not permitted[34;1m -> Function [36minit[m
[37;1m2026-10-06 16:16:32.786 [31;1m[[37;1mRTPS_PARTICIPANT[31;1m Error] [37mUser transport failed to register.[34;1m -> Function [36mRTPSParticipantImpl[m
[INFO] [1791270992.797370147] [upper_planner_node]: planner state input: Odometry topic=/motive/vehicle/odom_map yaw=orientation.z scalar
[INFO] [1791270992.800202845] [upper_planner_node]: Egocentric MIQP planner ready: rate=2.00Hz pred_dt=0.750s Nmax=7 lower_dt=0.100s target_v=6.000m/s scale=fullscale wheelbase=2.80m length=4.70m bev=40.00m margin=2.00m state=odom grid=/bev/occupancy_grid sparse=/planner/upper_path_sparse dense=/planner/lower_reference_path
[INFO] [1791270992.800385765] [upper_planner_node]: upper branch model: cumulative_increment=1 turn_window_at_split=1 turn_target_absolute=1 split_continuity=6.75m r_dpsi=2.000 lambda_turn=0.600
[INFO] [1791270992.809266757] [lower_tracking_mpc_node]: LowerTrackingMpcNode ready: rate=10.00Hz dt=0.100s N=30 path=/planner/lower_reference_path scale=fullscale wheelbase=2.80m rear_offset=1.40m command_scale=0.350rad actuator_model=1 delay=0.00s tau=0.74s backend=disabled virtual=/cmd_control
"live_curve" "tau0.5" "h7" "goal_reached" cycles=396
getifaddrs: Operation not permitted
getifaddrs: Operation not permitted
[37;1m2026-10-06 16:16:33.003 [31;1m[[37;1mTRANSPORT[31;1m Error] [37mAll whitelist interfaces were filtered out[34;1m -> Function [36mUDPv4Transport[m
[37;1m2026-10-06 16:16:33.003 [31;1m[[37;1mTRANSPORT_UDP[31;1m Error] [37mError creating socket: Operation not permitted[34;1m -> Function [36minit[m
[37;1m2026-10-06 16:16:33.003 [31;1m[[37;1mRTPS_PARTICIPANT[31;1m Error] [37mUser transport failed to register.[34;1m -> Function [36mRTPSParticipantImpl[m
[INFO] [1791270993.014343501] [upper_planner_node]: planner state input: Odometry topic=/motive/vehicle/odom_map yaw=orientation.z scalar
[INFO] [1791270993.017241130] [upper_planner_node]: Egocentric MIQP planner ready: rate=2.00Hz pred_dt=0.750s Nmax=7 lower_dt=0.100s target_v=6.000m/s scale=fullscale wheelbase=2.80m length=4.70m bev=40.00m margin=2.00m state=odom grid=/bev/occupancy_grid sparse=/planner/upper_path_sparse dense=/planner/lower_reference_path
[INFO] [1791270993.017360720] [upper_planner_node]: upper branch model: cumulative_increment=1 turn_window_at_split=1 turn_target_absolute=1 split_continuity=6.75m r_dpsi=2.000 lambda_turn=0.600
[INFO] [1791270993.026004101] [lower_tracking_mpc_node]: LowerTrackingMpcNode ready: rate=10.00Hz dt=0.100s N=30 path=/planner/lower_reference_path scale=fullscale wheelbase=2.80m rear_offset=1.40m command_scale=0.350rad actuator_model=1 delay=0.00s tau=0.74s backend=disabled virtual=/cmd_control
"live_curve" "tau0.5" "h6" "goal_reached" cycles=395
getifaddrs: Operation not permitted
getifaddrs: Operation not permitted
[37;1m2026-10-06 16:16:33.221 [31;1m[[37;1mTRANSPORT[31;1m Error] [37mAll whitelist interfaces were filtered out[34;1m -> Function [36mUDPv4Transport[m
[37;1m2026-10-06 16:16:33.221 [31;1m[[37;1mTRANSPORT_UDP[31;1m Error] [37mError creating socket: Operation not permitted[34;1m -> Function [36minit[m
[37;1m2026-10-06 16:16:33.221 [31;1m[[37;1mRTPS_PARTICIPANT[31;1m Error] [37mUser transport failed to register.[34;1m -> Function [36mRTPSParticipantImpl[m
[INFO] [1791270993.233675861] [upper_planner_node]: planner state input: Odometry topic=/motive/vehicle/odom_map yaw=orientation.z scalar
[INFO] [1791270993.236585682] [upper_planner_node]: Egocentric MIQP planner ready: rate=2.00Hz pred_dt=0.750s Nmax=7 lower_dt=0.100s target_v=6.000m/s scale=fullscale wheelbase=2.80m length=4.70m bev=40.00m margin=2.00m state=odom grid=/bev/occupancy_grid sparse=/planner/upper_path_sparse dense=/planner/lower_reference_path
[INFO] [1791270993.236859742] [upper_planner_node]: upper branch model: cumulative_increment=1 turn_window_at_split=1 turn_target_absolute=1 split_continuity=6.75m r_dpsi=2.000 lambda_turn=0.600
[INFO] [1791270993.246478686] [lower_tracking_mpc_node]: LowerTrackingMpcNode ready: rate=10.00Hz dt=0.100s N=30 path=/planner/lower_reference_path scale=fullscale wheelbase=2.80m rear_offset=1.40m command_scale=0.350rad actuator_model=1 delay=0.00s tau=0.74s backend=disabled virtual=/cmd_control
[WARN] [1791270993.368626109] [upper_planner_node]: interval_diag step=7 reason=3 ref_body=(23.578,19.958) heading_deg=46.49 center_cell=(75,127) center_value=100 line_free=0 blocked=227 unknown=0 outside=2 longest_run=0 min_run=2 grid_free=3227 zero=3227 positive=13157 unknown=0 topic=/bev/occupancy_grid frame=Vehicle origin=(0.000,-20.000) origin_yaw_deg=0.00 size=128x128 res=0.3125 positive_is_drivable=0 threshold=0 waypoint_bias=0 previous=1
[WARN] [1791270993.369075216] [upper_planner_node]: no valid preview interval at step=7; usable horizon=6 reason=3
"live_curve" "tau1.0" "h7" "goal_reached" cycles=396
getifaddrs: Operation not permitted
getifaddrs: Operation not permitted
[37;1m2026-10-06 16:16:33.448 [31;1m[[37;1mTRANSPORT[31;1m Error] [37mAll whitelist interfaces were filtered out[34;1m -> Function [36mUDPv4Transport[m
[37;1m2026-10-06 16:16:33.448 [31;1m[[37;1mTRANSPORT_UDP[31;1m Error] [37mError creating socket: Operation not permitted[34;1m -> Function [36minit[m
[37;1m2026-10-06 16:16:33.448 [31;1m[[37;1mRTPS_PARTICIPANT[31;1m Error] [37mUser transport failed to register.[34;1m -> Function [36mRTPSParticipantImpl[m
[INFO] [1791270993.459756608] [upper_planner_node]: planner state input: Odometry topic=/motive/vehicle/odom_map yaw=orientation.z scalar
[INFO] [1791270993.462538424] [upper_planner_node]: Egocentric MIQP planner ready: rate=2.00Hz pred_dt=0.750s Nmax=7 lower_dt=0.100s target_v=6.000m/s scale=fullscale wheelbase=2.80m length=4.70m bev=40.00m margin=2.00m state=odom grid=/bev/occupancy_grid sparse=/planner/upper_path_sparse dense=/planner/lower_reference_path
[INFO] [1791270993.462651709] [upper_planner_node]: upper branch model: cumulative_increment=1 turn_window_at_split=1 turn_target_absolute=1 split_continuity=6.75m r_dpsi=2.000 lambda_turn=0.600
[INFO] [1791270993.471332628] [lower_tracking_mpc_node]: LowerTrackingMpcNode ready: rate=10.00Hz dt=0.100s N=30 path=/planner/lower_reference_path scale=fullscale wheelbase=2.80m rear_offset=1.40m command_scale=0.350rad actuator_model=1 delay=0.00s tau=0.74s backend=disabled virtual=/cmd_control
"live_curve" "tau1.0" "h6" "goal_reached" cycles=396
getifaddrs: Operation not permitted
getifaddrs: Operation not permitted
[37;1m2026-10-06 16:16:33.673 [31;1m[[37;1mTRANSPORT[31;1m Error] [37mAll whitelist interfaces were filtered out[34;1m -> Function [36mUDPv4Transport[m
[37;1m2026-10-06 16:16:33.673 [31;1m[[37;1mTRANSPORT_UDP[31;1m Error] [37mError creating socket: Operation not permitted[34;1m -> Function [36minit[m
[37;1m2026-10-06 16:16:33.673 [31;1m[[37;1mRTPS_PARTICIPANT[31;1m Error] [37mUser transport failed to register.[34;1m -> Function [36mRTPSParticipantImpl[m
[INFO] [1791270993.684631639] [upper_planner_node]: planner state input: Odometry topic=/motive/vehicle/odom_map yaw=orientation.z scalar
[INFO] [1791270993.687473169] [upper_planner_node]: Egocentric MIQP planner ready: rate=2.00Hz pred_dt=0.750s Nmax=7 lower_dt=0.100s target_v=6.000m/s scale=fullscale wheelbase=2.80m length=4.70m bev=40.00m margin=2.00m state=odom grid=/bev/occupancy_grid sparse=/planner/upper_path_sparse dense=/planner/lower_reference_path
[INFO] [1791270993.687588822] [upper_planner_node]: upper branch model: cumulative_increment=1 turn_window_at_split=1 turn_target_absolute=1 split_continuity=6.75m r_dpsi=2.000 lambda_turn=0.600
[INFO] [1791270993.696253549] [lower_tracking_mpc_node]: LowerTrackingMpcNode ready: rate=10.00Hz dt=0.100s N=30 path=/planner/lower_reference_path scale=fullscale wheelbase=2.80m rear_offset=1.40m command_scale=0.350rad actuator_model=1 delay=0.00s tau=0.74s backend=disabled virtual=/cmd_control
[WARN] [1791270993.827616890] [upper_planner_node]: no valid preview interval at step=7; usable horizon=6 reason=3
"branch_width" "tau0.74_noise2" "h7" "goal_reached" cycles=404
getifaddrs: Operation not permitted
getifaddrs: Operation not permitted
[37;1m2026-10-06 16:16:33.897 [31;1m[[37;1mTRANSPORT[31;1m Error] [37mAll whitelist interfaces were filtered out[34;1m -> Function [36mUDPv4Transport[m
[37;1m2026-10-06 16:16:33.898 [31;1m[[37;1mTRANSPORT_UDP[31;1m Error] [37mError creating socket: Operation not permitted[34;1m -> Function [36minit[m
[37;1m2026-10-06 16:16:33.898 [31;1m[[37;1mRTPS_PARTICIPANT[31;1m Error] [37mUser transport failed to register.[34;1m -> Function [36mRTPSParticipantImpl[m
[INFO] [1791270993.909858301] [upper_planner_node]: planner state input: Odometry topic=/motive/vehicle/odom_map yaw=orientation.z scalar
[INFO] [1791270993.912792572] [upper_planner_node]: Egocentric MIQP planner ready: rate=2.00Hz pred_dt=0.750s Nmax=7 lower_dt=0.100s target_v=6.000m/s scale=fullscale wheelbase=2.80m length=4.70m bev=40.00m margin=2.00m state=odom grid=/bev/occupancy_grid sparse=/planner/upper_path_sparse dense=/planner/lower_reference_path
[INFO] [1791270993.912910177] [upper_planner_node]: upper branch model: cumulative_increment=1 turn_window_at_split=1 turn_target_absolute=1 split_continuity=6.75m r_dpsi=2.000 lambda_turn=0.600
[INFO] [1791270993.921698332] [lower_tracking_mpc_node]: LowerTrackingMpcNode ready: rate=10.00Hz dt=0.100s N=30 path=/planner/lower_reference_path scale=fullscale wheelbase=2.80m rear_offset=1.40m command_scale=0.350rad actuator_model=1 delay=0.00s tau=0.74s backend=disabled virtual=/cmd_control
"branch_width" "tau0.74_noise2" "h6" "goal_reached" cycles=398
getifaddrs: Operation not permitted
getifaddrs: Operation not permitted
[37;1m2026-10-06 16:16:34.113 [31;1m[[37;1mTRANSPORT[31;1m Error] [37mAll whitelist interfaces were filtered out[34;1m -> Function [36mUDPv4Transport[m
[37;1m2026-10-06 16:16:34.113 [31;1m[[37;1mTRANSPORT_UDP[31;1m Error] [37mError creating socket: Operation not permitted[34;1m -> Function [36minit[m
[37;1m2026-10-06 16:16:34.113 [31;1m[[37;1mRTPS_PARTICIPANT[31;1m Error] [37mUser transport failed to register.[34;1m -> Function [36mRTPSParticipantImpl[m
[INFO] [1791270994.124533877] [upper_planner_node]: planner state input: Odometry topic=/motive/vehicle/odom_map yaw=orientation.z scalar
[INFO] [1791270994.127399057] [upper_planner_node]: Egocentric MIQP planner ready: rate=2.00Hz pred_dt=0.750s Nmax=7 lower_dt=0.100s target_v=6.000m/s scale=fullscale wheelbase=2.80m length=4.70m bev=40.00m margin=2.00m state=odom grid=/bev/occupancy_grid sparse=/planner/upper_path_sparse dense=/planner/lower_reference_path
[INFO] [1791270994.127518518] [upper_planner_node]: upper branch model: cumulative_increment=1 turn_window_at_split=1 turn_target_absolute=1 split_continuity=6.75m r_dpsi=2.000 lambda_turn=0.600
[INFO] [1791270994.136165548] [lower_tracking_mpc_node]: LowerTrackingMpcNode ready: rate=10.00Hz dt=0.100s N=30 path=/planner/lower_reference_path scale=fullscale wheelbase=2.80m rear_offset=1.40m command_scale=0.350rad actuator_model=1 delay=0.00s tau=0.74s backend=disabled virtual=/cmd_control
[WARN] [1791270994.262724292] [upper_planner_node]: no valid preview interval at step=7; usable horizon=6 reason=3
"branch_width" "tau0.5" "h7" "goal_reached" cycles=402
getifaddrs: Operation not permitted
getifaddrs: Operation not permitted
[37;1m2026-10-06 16:16:34.336 [31;1m[[37;1mTRANSPORT[31;1m Error] [37mAll whitelist interfaces were filtered out[34;1m -> Function [36mUDPv4Transport[m
[37;1m2026-10-06 16:16:34.336 [31;1m[[37;1mTRANSPORT_UDP[31;1m Error] [37mError creating socket: Operation not permitted[34;1m -> Function [36minit[m
[37;1m2026-10-06 16:16:34.336 [31;1m[[37;1mRTPS_PARTICIPANT[31;1m Error] [37mUser transport failed to register.[34;1m -> Function [36mRTPSParticipantImpl[m
[INFO] [1791270994.348666530] [upper_planner_node]: planner state input: Odometry topic=/motive/vehicle/odom_map yaw=orientation.z scalar
[INFO] [1791270994.352769012] [upper_planner_node]: Egocentric MIQP planner ready: rate=2.00Hz pred_dt=0.750s Nmax=7 lower_dt=0.100s target_v=6.000m/s scale=fullscale wheelbase=2.80m length=4.70m bev=40.00m margin=2.00m state=odom grid=/bev/occupancy_grid sparse=/planner/upper_path_sparse dense=/planner/lower_reference_path
[INFO] [1791270994.352924442] [upper_planner_node]: upper branch model: cumulative_increment=1 turn_window_at_split=1 turn_target_absolute=1 split_continuity=6.75m r_dpsi=2.000 lambda_turn=0.600
[INFO] [1791270994.366170006] [lower_tracking_mpc_node]: LowerTrackingMpcNode ready: rate=10.00Hz dt=0.100s N=30 path=/planner/lower_reference_path scale=fullscale wheelbase=2.80m rear_offset=1.40m command_scale=0.350rad actuator_model=1 delay=0.00s tau=0.74s backend=disabled virtual=/cmd_control
"branch_width" "tau0.5" "h6" "goal_reached" cycles=397
getifaddrs: Operation not permitted
getifaddrs: Operation not permitted
[37;1m2026-10-06 16:16:34.567 [31;1m[[37;1mTRANSPORT[31;1m Error] [37mAll whitelist interfaces were filtered out[34;1m -> Function [36mUDPv4Transport[m
[37;1m2026-10-06 16:16:34.567 [31;1m[[37;1mTRANSPORT_UDP[31;1m Error] [37mError creating socket: Operation not permitted[34;1m -> Function [36minit[m
[37;1m2026-10-06 16:16:34.567 [31;1m[[37;1mRTPS_PARTICIPANT[31;1m Error] [37mUser transport failed to register.[34;1m -> Function [36mRTPSParticipantImpl[m
[INFO] [1791270994.581427172] [upper_planner_node]: planner state input: Odometry topic=/motive/vehicle/odom_map yaw=orientation.z scalar
[INFO] [1791270994.584376515] [upper_planner_node]: Egocentric MIQP planner ready: rate=2.00Hz pred_dt=0.750s Nmax=7 lower_dt=0.100s target_v=6.000m/s scale=fullscale wheelbase=2.80m length=4.70m bev=40.00m margin=2.00m state=odom grid=/bev/occupancy_grid sparse=/planner/upper_path_sparse dense=/planner/lower_reference_path
[INFO] [1791270994.584502345] [upper_planner_node]: upper branch model: cumulative_increment=1 turn_window_at_split=1 turn_target_absolute=1 split_continuity=6.75m r_dpsi=2.000 lambda_turn=0.600
[INFO] [1791270994.593384168] [lower_tracking_mpc_node]: LowerTrackingMpcNode ready: rate=10.00Hz dt=0.100s N=30 path=/planner/lower_reference_path scale=fullscale wheelbase=2.80m rear_offset=1.40m command_scale=0.350rad actuator_model=1 delay=0.00s tau=0.74s backend=disabled virtual=/cmd_control
[WARN] [1791270994.737998572] [upper_planner_node]: no valid preview interval at step=7; usable horizon=6 reason=3
[WARN] [1791270994.757758689] [upper_planner_node]: no valid interval at the measured k=0 state; retaining future horizon=7 reason=3
"branch_width" "tau1.0" "h7" "left_road_stop" cycles=394
getifaddrs: Operation not permitted
getifaddrs: Operation not permitted
[37;1m2026-10-06 16:16:34.792 [31;1m[[37;1mTRANSPORT[31;1m Error] [37mAll whitelist interfaces were filtered out[34;1m -> Function [36mUDPv4Transport[m
[37;1m2026-10-06 16:16:34.792 [31;1m[[37;1mTRANSPORT_UDP[31;1m Error] [37mError creating socket: Operation not permitted[34;1m -> Function [36minit[m
[37;1m2026-10-06 16:16:34.792 [31;1m[[37;1mRTPS_PARTICIPANT[31;1m Error] [37mUser transport failed to register.[34;1m -> Function [36mRTPSParticipantImpl[m
[INFO] [1791270994.804433696] [upper_planner_node]: planner state input: Odometry topic=/motive/vehicle/odom_map yaw=orientation.z scalar
[INFO] [1791270994.807473796] [upper_planner_node]: Egocentric MIQP planner ready: rate=2.00Hz pred_dt=0.750s Nmax=7 lower_dt=0.100s target_v=6.000m/s scale=fullscale wheelbase=2.80m length=4.70m bev=40.00m margin=2.00m state=odom grid=/bev/occupancy_grid sparse=/planner/upper_path_sparse dense=/planner/lower_reference_path
[INFO] [1791270994.807601033] [upper_planner_node]: upper branch model: cumulative_increment=1 turn_window_at_split=1 turn_target_absolute=1 split_continuity=6.75m r_dpsi=2.000 lambda_turn=0.600
[INFO] [1791270994.816606126] [lower_tracking_mpc_node]: LowerTrackingMpcNode ready: rate=10.00Hz dt=0.100s N=30 path=/planner/lower_reference_path scale=fullscale wheelbase=2.80m rear_offset=1.40m command_scale=0.350rad actuator_model=1 delay=0.00s tau=0.74s backend=disabled virtual=/cmd_control
[WARN] [1791270994.959701072] [upper_planner_node]: no valid preview interval at step=6; usable horizon=5 reason=3
[WARN] [1791270994.975548508] [upper_planner_node]: no valid interval at the measured k=0 state; retaining future horizon=6 reason=3
"branch_width" "tau1.0" "h6" "left_road_stop" cycles=390
getifaddrs: Operation not permitted
getifaddrs: Operation not permitted
[37;1m2026-10-06 16:16:35.010 [31;1m[[37;1mTRANSPORT[31;1m Error] [37mAll whitelist interfaces were filtered out[34;1m -> Function [36mUDPv4Transport[m
[37;1m2026-10-06 16:16:35.010 [31;1m[[37;1mTRANSPORT_UDP[31;1m Error] [37mError creating socket: Operation not permitted[34;1m -> Function [36minit[m
[37;1m2026-10-06 16:16:35.010 [31;1m[[37;1mRTPS_PARTICIPANT[31;1m Error] [37mUser transport failed to register.[34;1m -> Function [36mRTPSParticipantImpl[m
[INFO] [1791270995.022227227] [upper_planner_node]: planner state input: Odometry topic=/motive/vehicle/odom_map yaw=orientation.z scalar
[INFO] [1791270995.025419237] [upper_planner_node]: Egocentric MIQP planner ready: rate=2.00Hz pred_dt=0.750s Nmax=7 lower_dt=0.100s target_v=6.000m/s scale=fullscale wheelbase=2.80m length=4.70m bev=40.00m margin=2.00m state=odom grid=/bev/occupancy_grid sparse=/planner/upper_path_sparse dense=/planner/lower_reference_path
[INFO] [1791270995.025717521] [upper_planner_node]: upper branch model: cumulative_increment=1 turn_window_at_split=1 turn_target_absolute=1 split_continuity=6.75m r_dpsi=2.000 lambda_turn=0.600
[INFO] [1791270995.034858620] [lower_tracking_mpc_node]: LowerTrackingMpcNode ready: rate=10.00Hz dt=0.100s N=30 path=/planner/lower_reference_path scale=fullscale wheelbase=2.80m rear_offset=1.40m command_scale=0.350rad actuator_model=1 delay=0.00s tau=0.74s backend=disabled virtual=/cmd_control
"replica_east(scenario1)_off+0.0_yaw+0" "tau0.74_noise2" "h7" "time_limit" cycles=160
getifaddrs: Operation not permitted
getifaddrs: Operation not permitted
[37;1m2026-10-06 16:16:35.139 [31;1m[[37;1mTRANSPORT[31;1m Error] [37mAll whitelist interfaces were filtered out[34;1m -> Function [36mUDPv4Transport[m
[37;1m2026-10-06 16:16:35.139 [31;1m[[37;1mTRANSPORT_UDP[31;1m Error] [37mError creating socket: Operation not permitted[34;1m -> Function [36minit[m
[37;1m2026-10-06 16:16:35.139 [31;1m[[37;1mRTPS_PARTICIPANT[31;1m Error] [37mUser transport failed to register.[34;1m -> Function [36mRTPSParticipantImpl[m
[INFO] [1791270995.153278511] [upper_planner_node]: planner state input: Odometry topic=/motive/vehicle/odom_map yaw=orientation.z scalar
[INFO] [1791270995.157684909] [upper_planner_node]: Egocentric MIQP planner ready: rate=2.00Hz pred_dt=0.750s Nmax=7 lower_dt=0.100s target_v=6.000m/s scale=fullscale wheelbase=2.80m length=4.70m bev=40.00m margin=2.00m state=odom grid=/bev/occupancy_grid sparse=/planner/upper_path_sparse dense=/planner/lower_reference_path
[INFO] [1791270995.157841556] [upper_planner_node]: upper branch model: cumulative_increment=1 turn_window_at_split=1 turn_target_absolute=1 split_continuity=6.75m r_dpsi=2.000 lambda_turn=0.600
[INFO] [1791270995.169432744] [lower_tracking_mpc_node]: LowerTrackingMpcNode ready: rate=10.00Hz dt=0.100s N=30 path=/planner/lower_reference_path scale=fullscale wheelbase=2.80m rear_offset=1.40m command_scale=0.350rad actuator_model=1 delay=0.00s tau=0.74s backend=disabled virtual=/cmd_control
"replica_east(scenario1)_off+0.0_yaw+0" "tau0.74_noise2" "h6" "time_limit" cycles=160
getifaddrs: Operation not permitted
getifaddrs: Operation not permitted
[37;1m2026-10-06 16:16:35.269 [31;1m[[37;1mTRANSPORT[31;1m Error] [37mAll whitelist interfaces were filtered out[34;1m -> Function [36mUDPv4Transport[m
[37;1m2026-10-06 16:16:35.270 [31;1m[[37;1mTRANSPORT_UDP[31;1m Error] [37mError creating socket: Operation not permitted[34;1m -> Function [36minit[m
[37;1m2026-10-06 16:16:35.270 [31;1m[[37;1mRTPS_PARTICIPANT[31;1m Error] [37mUser transport failed to register.[34;1m -> Function [36mRTPSParticipantImpl[m
[INFO] [1791270995.283394139] [upper_planner_node]: planner state input: Odometry topic=/motive/vehicle/odom_map yaw=orientation.z scalar
[INFO] [1791270995.287819610] [upper_planner_node]: Egocentric MIQP planner ready: rate=2.00Hz pred_dt=0.750s Nmax=7 lower_dt=0.100s target_v=6.000m/s scale=fullscale wheelbase=2.80m length=4.70m bev=40.00m margin=2.00m state=odom grid=/bev/occupancy_grid sparse=/planner/upper_path_sparse dense=/planner/lower_reference_path
[INFO] [1791270995.288087174] [upper_planner_node]: upper branch model: cumulative_increment=1 turn_window_at_split=1 turn_target_absolute=1 split_continuity=6.75m r_dpsi=2.000 lambda_turn=0.600
[INFO] [1791270995.297237232] [lower_tracking_mpc_node]: LowerTrackingMpcNode ready: rate=10.00Hz dt=0.100s N=30 path=/planner/lower_reference_path scale=fullscale wheelbase=2.80m rear_offset=1.40m command_scale=0.350rad actuator_model=1 delay=0.00s tau=0.74s backend=disabled virtual=/cmd_control
"replica_east(scenario1)_off+0.0_yaw+0" "tau0.5" "h7" "time_limit" cycles=160
getifaddrs: Operation not permitted
getifaddrs: Operation not permitted
[37;1m2026-10-06 16:16:35.399 [31;1m[[37;1mTRANSPORT[31;1m Error] [37mAll whitelist interfaces were filtered out[34;1m -> Function [36mUDPv4Transport[m
[37;1m2026-10-06 16:16:35.399 [31;1m[[37;1mTRANSPORT_UDP[31;1m Error] [37mError creating socket: Operation not permitted[34;1m -> Function [36minit[m
[37;1m2026-10-06 16:16:35.399 [31;1m[[37;1mRTPS_PARTICIPANT[31;1m Error] [37mUser transport failed to register.[34;1m -> Function [36mRTPSParticipantImpl[m
[INFO] [1791270995.410544136] [upper_planner_node]: planner state input: Odometry topic=/motive/vehicle/odom_map yaw=orientation.z scalar
[INFO] [1791270995.413506951] [upper_planner_node]: Egocentric MIQP planner ready: rate=2.00Hz pred_dt=0.750s Nmax=7 lower_dt=0.100s target_v=6.000m/s scale=fullscale wheelbase=2.80m length=4.70m bev=40.00m margin=2.00m state=odom grid=/bev/occupancy_grid sparse=/planner/upper_path_sparse dense=/planner/lower_reference_path
[INFO] [1791270995.413639629] [upper_planner_node]: upper branch model: cumulative_increment=1 turn_window_at_split=1 turn_target_absolute=1 split_continuity=6.75m r_dpsi=2.000 lambda_turn=0.600
[INFO] [1791270995.422392071] [lower_tracking_mpc_node]: LowerTrackingMpcNode ready: rate=10.00Hz dt=0.100s N=30 path=/planner/lower_reference_path scale=fullscale wheelbase=2.80m rear_offset=1.40m command_scale=0.350rad actuator_model=1 delay=0.00s tau=0.74s backend=disabled virtual=/cmd_control
"replica_east(scenario1)_off+0.0_yaw+0" "tau0.5" "h6" "time_limit" cycles=160
getifaddrs: Operation not permitted
getifaddrs: Operation not permitted
[37;1m2026-10-06 16:16:35.517 [31;1m[[37;1mTRANSPORT[31;1m Error] [37mAll whitelist interfaces were filtered out[34;1m -> Function [36mUDPv4Transport[m
[37;1m2026-10-06 16:16:35.518 [31;1m[[37;1mTRANSPORT_UDP[31;1m Error] [37mError creating socket: Operation not permitted[34;1m -> Function [36minit[m
[37;1m2026-10-06 16:16:35.518 [31;1m[[37;1mRTPS_PARTICIPANT[31;1m Error] [37mUser transport failed to register.[34;1m -> Function [36mRTPSParticipantImpl[m
[INFO] [1791270995.530110125] [upper_planner_node]: planner state input: Odometry topic=/motive/vehicle/odom_map yaw=orientation.z scalar
[INFO] [1791270995.533213458] [upper_planner_node]: Egocentric MIQP planner ready: rate=2.00Hz pred_dt=0.750s Nmax=7 lower_dt=0.100s target_v=6.000m/s scale=fullscale wheelbase=2.80m length=4.70m bev=40.00m margin=2.00m state=odom grid=/bev/occupancy_grid sparse=/planner/upper_path_sparse dense=/planner/lower_reference_path
[INFO] [1791270995.533487390] [upper_planner_node]: upper branch model: cumulative_increment=1 turn_window_at_split=1 turn_target_absolute=1 split_continuity=6.75m r_dpsi=2.000 lambda_turn=0.600
[INFO] [1791270995.542467138] [lower_tracking_mpc_node]: LowerTrackingMpcNode ready: rate=10.00Hz dt=0.100s N=30 path=/planner/lower_reference_path scale=fullscale wheelbase=2.80m rear_offset=1.40m command_scale=0.350rad actuator_model=1 delay=0.00s tau=0.74s backend=disabled virtual=/cmd_control
"replica_east(scenario1)_off+0.0_yaw+0" "tau1.0" "h7" "time_limit" cycles=160
getifaddrs: Operation not permitted
getifaddrs: Operation not permitted
[37;1m2026-10-06 16:16:35.648 [31;1m[[37;1mTRANSPORT[31;1m Error] [37mAll whitelist interfaces were filtered out[34;1m -> Function [36mUDPv4Transport[m
[37;1m2026-10-06 16:16:35.648 [31;1m[[37;1mTRANSPORT_UDP[31;1m Error] [37mError creating socket: Operation not permitted[34;1m -> Function [36minit[m
[37;1m2026-10-06 16:16:35.648 [31;1m[[37;1mRTPS_PARTICIPANT[31;1m Error] [37mUser transport failed to register.[34;1m -> Function [36mRTPSParticipantImpl[m
[INFO] [1791270995.659302321] [upper_planner_node]: planner state input: Odometry topic=/motive/vehicle/odom_map yaw=orientation.z scalar
[INFO] [1791270995.662339508] [upper_planner_node]: Egocentric MIQP planner ready: rate=2.00Hz pred_dt=0.750s Nmax=7 lower_dt=0.100s target_v=6.000m/s scale=fullscale wheelbase=2.80m length=4.70m bev=40.00m margin=2.00m state=odom grid=/bev/occupancy_grid sparse=/planner/upper_path_sparse dense=/planner/lower_reference_path
[INFO] [1791270995.662622464] [upper_planner_node]: upper branch model: cumulative_increment=1 turn_window_at_split=1 turn_target_absolute=1 split_continuity=6.75m r_dpsi=2.000 lambda_turn=0.600
[INFO] [1791270995.671501695] [lower_tracking_mpc_node]: LowerTrackingMpcNode ready: rate=10.00Hz dt=0.100s N=30 path=/planner/lower_reference_path scale=fullscale wheelbase=2.80m rear_offset=1.40m command_scale=0.350rad actuator_model=1 delay=0.00s tau=0.74s backend=disabled virtual=/cmd_control
"replica_east(scenario1)_off+0.0_yaw+0" "tau1.0" "h6" "time_limit" cycles=160
getifaddrs: Operation not permitted
getifaddrs: Operation not permitted
[37;1m2026-10-06 16:16:35.772 [31;1m[[37;1mTRANSPORT[31;1m Error] [37mAll whitelist interfaces were filtered out[34;1m -> Function [36mUDPv4Transport[m
[37;1m2026-10-06 16:16:35.772 [31;1m[[37;1mTRANSPORT_UDP[31;1m Error] [37mError creating socket: Operation not permitted[34;1m -> Function [36minit[m
[37;1m2026-10-06 16:16:35.773 [31;1m[[37;1mRTPS_PARTICIPANT[31;1m Error] [37mUser transport failed to register.[34;1m -> Function [36mRTPSParticipantImpl[m
[INFO] [1791270995.785173926] [upper_planner_node]: planner state input: Odometry topic=/motive/vehicle/odom_map yaw=orientation.z scalar
[INFO] [1791270995.788807075] [upper_planner_node]: Egocentric MIQP planner ready: rate=2.00Hz pred_dt=0.750s Nmax=7 lower_dt=0.100s target_v=6.000m/s scale=fullscale wheelbase=2.80m length=4.70m bev=40.00m margin=2.00m state=odom grid=/bev/occupancy_grid sparse=/planner/upper_path_sparse dense=/planner/lower_reference_path
[INFO] [1791270995.789024140] [upper_planner_node]: upper branch model: cumulative_increment=1 turn_window_at_split=1 turn_target_absolute=1 split_continuity=6.75m r_dpsi=2.000 lambda_turn=0.600
[INFO] [1791270995.800930958] [lower_tracking_mpc_node]: LowerTrackingMpcNode ready: rate=10.00Hz dt=0.100s N=30 path=/planner/lower_reference_path scale=fullscale wheelbase=2.80m rear_offset=1.40m command_scale=0.350rad actuator_model=1 delay=0.00s tau=0.74s backend=disabled virtual=/cmd_control
"replica_east(scenario1)_off+0.8_yaw+3" "tau0.74_noise2" "h7" "time_limit" cycles=160
getifaddrs: Operation not permitted
[37;1m2026-10-06 16:16:35.913 [31;1m[[37;1mTRANSPORT[31;1m Error] [37mAll whitelist interfaces were filtered out[34;1m -> Function [36mUDPv4Transport[m
getifaddrs: Operation not permitted
[37;1m2026-10-06 16:16:35.913 [31;1m[[37;1mTRANSPORT_UDP[31;1m Error] [37mError creating socket: Operation not permitted[34;1m -> Function [36minit[m
[37;1m2026-10-06 16:16:35.913 [31;1m[[37;1mRTPS_PARTICIPANT[31;1m Error] [37mUser transport failed to register.[34;1m -> Function [36mRTPSParticipantImpl[m
[INFO] [1791270995.930791823] [upper_planner_node]: planner state input: Odometry topic=/motive/vehicle/odom_map yaw=orientation.z scalar
[INFO] [1791270995.934017242] [upper_planner_node]: Egocentric MIQP planner ready: rate=2.00Hz pred_dt=0.750s Nmax=7 lower_dt=0.100s target_v=6.000m/s scale=fullscale wheelbase=2.80m length=4.70m bev=40.00m margin=2.00m state=odom grid=/bev/occupancy_grid sparse=/planner/upper_path_sparse dense=/planner/lower_reference_path
[INFO] [1791270995.934287749] [upper_planner_node]: upper branch model: cumulative_increment=1 turn_window_at_split=1 turn_target_absolute=1 split_continuity=6.75m r_dpsi=2.000 lambda_turn=0.600
[INFO] [1791270995.943189125] [lower_tracking_mpc_node]: LowerTrackingMpcNode ready: rate=10.00Hz dt=0.100s N=30 path=/planner/lower_reference_path scale=fullscale wheelbase=2.80m rear_offset=1.40m command_scale=0.350rad actuator_model=1 delay=0.00s tau=0.74s backend=disabled virtual=/cmd_control
"replica_east(scenario1)_off+0.8_yaw+3" "tau0.74_noise2" "h6" "time_limit" cycles=160
getifaddrs: Operation not permitted
[37;1m2026-10-06 16:16:36.037 [31;1m[[37;1mTRANSPORT[31;1m Error] [37mAll whitelist interfaces were filtered out[34;1m -> Function [36mUDPv4Transport[m
getifaddrs: Operation not permitted
[37;1m2026-10-06 16:16:36.037 [31;1m[[37;1mTRANSPORT_UDP[31;1m Error] [37mError creating socket: Operation not permitted[34;1m -> Function [36minit[m
[37;1m2026-10-06 16:16:36.037 [31;1m[[37;1mRTPS_PARTICIPANT[31;1m Error] [37mUser transport failed to register.[34;1m -> Function [36mRTPSParticipantImpl[m
[INFO] [1791270996.048537667] [upper_planner_node]: planner state input: Odometry topic=/motive/vehicle/odom_map yaw=orientation.z scalar
[INFO] [1791270996.051930453] [upper_planner_node]: Egocentric MIQP planner ready: rate=2.00Hz pred_dt=0.750s Nmax=7 lower_dt=0.100s target_v=6.000m/s scale=fullscale wheelbase=2.80m length=4.70m bev=40.00m margin=2.00m state=odom grid=/bev/occupancy_grid sparse=/planner/upper_path_sparse dense=/planner/lower_reference_path
[INFO] [1791270996.052152543] [upper_planner_node]: upper branch model: cumulative_increment=1 turn_window_at_split=1 turn_target_absolute=1 split_continuity=6.75m r_dpsi=2.000 lambda_turn=0.600
[INFO] [1791270996.060942810] [lower_tracking_mpc_node]: LowerTrackingMpcNode ready: rate=10.00Hz dt=0.100s N=30 path=/planner/lower_reference_path scale=fullscale wheelbase=2.80m rear_offset=1.40m command_scale=0.350rad actuator_model=1 delay=0.00s tau=0.74s backend=disabled virtual=/cmd_control
"replica_east(scenario1)_off+0.8_yaw+3" "tau0.5" "h7" "time_limit" cycles=160
getifaddrs: Operation not permitted
getifaddrs: Operation not permitted
[37;1m2026-10-06 16:16:36.164 [31;1m[[37;1mTRANSPORT[31;1m Error] [37mAll whitelist interfaces were filtered out[34;1m -> Function [36mUDPv4Transport[m
[37;1m2026-10-06 16:16:36.164 [31;1m[[37;1mTRANSPORT_UDP[31;1m Error] [37mError creating socket: Operation not permitted[34;1m -> Function [36minit[m
[37;1m2026-10-06 16:16:36.164 [31;1m[[37;1mRTPS_PARTICIPANT[31;1m Error] [37mUser transport failed to register.[34;1m -> Function [36mRTPSParticipantImpl[m
[INFO] [1791270996.176245954] [upper_planner_node]: planner state input: Odometry topic=/motive/vehicle/odom_map yaw=orientation.z scalar
[INFO] [1791270996.179382249] [upper_planner_node]: Egocentric MIQP planner ready: rate=2.00Hz pred_dt=0.750s Nmax=7 lower_dt=0.100s target_v=6.000m/s scale=fullscale wheelbase=2.80m length=4.70m bev=40.00m margin=2.00m state=odom grid=/bev/occupancy_grid sparse=/planner/upper_path_sparse dense=/planner/lower_reference_path
[INFO] [1791270996.179666101] [upper_planner_node]: upper branch model: cumulative_increment=1 turn_window_at_split=1 turn_target_absolute=1 split_continuity=6.75m r_dpsi=2.000 lambda_turn=0.600
[INFO] [1791270996.188542548] [lower_tracking_mpc_node]: LowerTrackingMpcNode ready: rate=10.00Hz dt=0.100s N=30 path=/planner/lower_reference_path scale=fullscale wheelbase=2.80m rear_offset=1.40m command_scale=0.350rad actuator_model=1 delay=0.00s tau=0.74s backend=disabled virtual=/cmd_control
"replica_east(scenario1)_off+0.8_yaw+3" "tau0.5" "h6" "time_limit" cycles=160
getifaddrs: Operation not permitted
getifaddrs: Operation not permitted
[37;1m2026-10-06 16:16:36.282 [31;1m[[37;1mTRANSPORT[31;1m Error] [37mAll whitelist interfaces were filtered out[34;1m -> Function [36mUDPv4Transport[m
[37;1m2026-10-06 16:16:36.282 [31;1m[[37;1mTRANSPORT_UDP[31;1m Error] [37mError creating socket: Operation not permitted[34;1m -> Function [36minit[m
[37;1m2026-10-06 16:16:36.282 [31;1m[[37;1mRTPS_PARTICIPANT[31;1m Error] [37mUser transport failed to register.[34;1m -> Function [36mRTPSParticipantImpl[m
[INFO] [1791270996.294354787] [upper_planner_node]: planner state input: Odometry topic=/motive/vehicle/odom_map yaw=orientation.z scalar
[INFO] [1791270996.297523563] [upper_planner_node]: Egocentric MIQP planner ready: rate=2.00Hz pred_dt=0.750s Nmax=7 lower_dt=0.100s target_v=6.000m/s scale=fullscale wheelbase=2.80m length=4.70m bev=40.00m margin=2.00m state=odom grid=/bev/occupancy_grid sparse=/planner/upper_path_sparse dense=/planner/lower_reference_path
[INFO] [1791270996.297836569] [upper_planner_node]: upper branch model: cumulative_increment=1 turn_window_at_split=1 turn_target_absolute=1 split_continuity=6.75m r_dpsi=2.000 lambda_turn=0.600
[INFO] [1791270996.306825692] [lower_tracking_mpc_node]: LowerTrackingMpcNode ready: rate=10.00Hz dt=0.100s N=30 path=/planner/lower_reference_path scale=fullscale wheelbase=2.80m rear_offset=1.40m command_scale=0.350rad actuator_model=1 delay=0.00s tau=0.74s backend=disabled virtual=/cmd_control
"replica_east(scenario1)_off+0.8_yaw+3" "tau1.0" "h7" "time_limit" cycles=160
getifaddrs: Operation not permitted
getifaddrs: Operation not permitted
[37;1m2026-10-06 16:16:36.411 [31;1m[[37;1mTRANSPORT[31;1m Error] [37mAll whitelist interfaces were filtered out[34;1m -> Function [36mUDPv4Transport[m
[37;1m2026-10-06 16:16:36.412 [31;1m[[37;1mTRANSPORT_UDP[31;1m Error] [37mError creating socket: Operation not permitted[34;1m -> Function [36minit[m
[37;1m2026-10-06 16:16:36.412 [31;1m[[37;1mRTPS_PARTICIPANT[31;1m Error] [37mUser transport failed to register.[34;1m -> Function [36mRTPSParticipantImpl[m
[INFO] [1791270996.422889637] [upper_planner_node]: planner state input: Odometry topic=/motive/vehicle/odom_map yaw=orientation.z scalar
[INFO] [1791270996.426054542] [upper_planner_node]: Egocentric MIQP planner ready: rate=2.00Hz pred_dt=0.750s Nmax=7 lower_dt=0.100s target_v=6.000m/s scale=fullscale wheelbase=2.80m length=4.70m bev=40.00m margin=2.00m state=odom grid=/bev/occupancy_grid sparse=/planner/upper_path_sparse dense=/planner/lower_reference_path
[INFO] [1791270996.426303480] [upper_planner_node]: upper branch model: cumulative_increment=1 turn_window_at_split=1 turn_target_absolute=1 split_continuity=6.75m r_dpsi=2.000 lambda_turn=0.600
[INFO] [1791270996.435052113] [lower_tracking_mpc_node]: LowerTrackingMpcNode ready: rate=10.00Hz dt=0.100s N=30 path=/planner/lower_reference_path scale=fullscale wheelbase=2.80m rear_offset=1.40m command_scale=0.350rad actuator_model=1 delay=0.00s tau=0.74s backend=disabled virtual=/cmd_control
"replica_east(scenario1)_off+0.8_yaw+3" "tau1.0" "h6" "time_limit" cycles=160
getifaddrs: Operation not permitted
getifaddrs: Operation not permitted
[37;1m2026-10-06 16:16:36.531 [31;1m[[37;1mTRANSPORT[31;1m Error] [37mAll whitelist interfaces were filtered out[34;1m -> Function [36mUDPv4Transport[m
[37;1m2026-10-06 16:16:36.532 [31;1m[[37;1mTRANSPORT_UDP[31;1m Error] [37mError creating socket: Operation not permitted[34;1m -> Function [36minit[m
[37;1m2026-10-06 16:16:36.532 [31;1m[[37;1mRTPS_PARTICIPANT[31;1m Error] [37mUser transport failed to register.[34;1m -> Function [36mRTPSParticipantImpl[m
[INFO] [1791270996.543074560] [upper_planner_node]: planner state input: Odometry topic=/motive/vehicle/odom_map yaw=orientation.z scalar
[INFO] [1791270996.546180005] [upper_planner_node]: Egocentric MIQP planner ready: rate=2.00Hz pred_dt=0.750s Nmax=7 lower_dt=0.100s target_v=6.000m/s scale=fullscale wheelbase=2.80m length=4.70m bev=40.00m margin=2.00m state=odom grid=/bev/occupancy_grid sparse=/planner/upper_path_sparse dense=/planner/lower_reference_path
[INFO] [1791270996.546521428] [upper_planner_node]: upper branch model: cumulative_increment=1 turn_window_at_split=1 turn_target_absolute=1 split_continuity=6.75m r_dpsi=2.000 lambda_turn=0.600
[INFO] [1791270996.555353361] [lower_tracking_mpc_node]: LowerTrackingMpcNode ready: rate=10.00Hz dt=0.100s N=30 path=/planner/lower_reference_path scale=fullscale wheelbase=2.80m rear_offset=1.40m command_scale=0.350rad actuator_model=1 delay=0.00s tau=0.74s backend=disabled virtual=/cmd_control
"replica_east(scenario1)_off-0.8_yaw-3" "tau0.74_noise2" "h7" "time_limit" cycles=160
getifaddrs: Operation not permitted
getifaddrs: Operation not permitted
[37;1m2026-10-06 16:16:36.660 [31;1m[[37;1mTRANSPORT[31;1m Error] [37mAll whitelist interfaces were filtered out[34;1m -> Function [36mUDPv4Transport[m
[37;1m2026-10-06 16:16:36.660 [31;1m[[37;1mTRANSPORT_UDP[31;1m Error] [37mError creating socket: Operation not permitted[34;1m -> Function [36minit[m
[37;1m2026-10-06 16:16:36.660 [31;1m[[37;1mRTPS_PARTICIPANT[31;1m Error] [37mUser transport failed to register.[34;1m -> Function [36mRTPSParticipantImpl[m
[INFO] [1791270996.672553611] [upper_planner_node]: planner state input: Odometry topic=/motive/vehicle/odom_map yaw=orientation.z scalar
[INFO] [1791270996.675757877] [upper_planner_node]: Egocentric MIQP planner ready: rate=2.00Hz pred_dt=0.750s Nmax=7 lower_dt=0.100s target_v=6.000m/s scale=fullscale wheelbase=2.80m length=4.70m bev=40.00m margin=2.00m state=odom grid=/bev/occupancy_grid sparse=/planner/upper_path_sparse dense=/planner/lower_reference_path
[INFO] [1791270996.675903387] [upper_planner_node]: upper branch model: cumulative_increment=1 turn_window_at_split=1 turn_target_absolute=1 split_continuity=6.75m r_dpsi=2.000 lambda_turn=0.600
[INFO] [1791270996.684870653] [lower_tracking_mpc_node]: LowerTrackingMpcNode ready: rate=10.00Hz dt=0.100s N=30 path=/planner/lower_reference_path scale=fullscale wheelbase=2.80m rear_offset=1.40m command_scale=0.350rad actuator_model=1 delay=0.00s tau=0.74s backend=disabled virtual=/cmd_control
"replica_east(scenario1)_off-0.8_yaw-3" "tau0.74_noise2" "h6" "time_limit" cycles=160
getifaddrs: Operation not permitted
getifaddrs: Operation not permitted
[37;1m2026-10-06 16:16:36.778 [31;1m[[37;1mTRANSPORT[31;1m Error] [37mAll whitelist interfaces were filtered out[34;1m -> Function [36mUDPv4Transport[m
[37;1m2026-10-06 16:16:36.778 [31;1m[[37;1mTRANSPORT_UDP[31;1m Error] [37mError creating socket: Operation not permitted[34;1m -> Function [36minit[m
[37;1m2026-10-06 16:16:36.779 [31;1m[[37;1mRTPS_PARTICIPANT[31;1m Error] [37mUser transport failed to register.[34;1m -> Function [36mRTPSParticipantImpl[m
[INFO] [1791270996.789522267] [upper_planner_node]: planner state input: Odometry topic=/motive/vehicle/odom_map yaw=orientation.z scalar
[INFO] [1791270996.792730725] [upper_planner_node]: Egocentric MIQP planner ready: rate=2.00Hz pred_dt=0.750s Nmax=7 lower_dt=0.100s target_v=6.000m/s scale=fullscale wheelbase=2.80m length=4.70m bev=40.00m margin=2.00m state=odom grid=/bev/occupancy_grid sparse=/planner/upper_path_sparse dense=/planner/lower_reference_path
[INFO] [1791270996.792860298] [upper_planner_node]: upper branch model: cumulative_increment=1 turn_window_at_split=1 turn_target_absolute=1 split_continuity=6.75m r_dpsi=2.000 lambda_turn=0.600
[INFO] [1791270996.801731753] [lower_tracking_mpc_node]: LowerTrackingMpcNode ready: rate=10.00Hz dt=0.100s N=30 path=/planner/lower_reference_path scale=fullscale wheelbase=2.80m rear_offset=1.40m command_scale=0.350rad actuator_model=1 delay=0.00s tau=0.74s backend=disabled virtual=/cmd_control
"replica_east(scenario1)_off-0.8_yaw-3" "tau0.5" "h7" "time_limit" cycles=160
getifaddrs: Operation not permitted
getifaddrs: Operation not permitted
[37;1m2026-10-06 16:16:36.907 [31;1m[[37;1mTRANSPORT[31;1m Error] [37mAll whitelist interfaces were filtered out[34;1m -> Function [36mUDPv4Transport[m
[37;1m2026-10-06 16:16:36.907 [31;1m[[37;1mTRANSPORT_UDP[31;1m Error] [37mError creating socket: Operation not permitted[34;1m -> Function [36minit[m
[37;1m2026-10-06 16:16:36.907 [31;1m[[37;1mRTPS_PARTICIPANT[31;1m Error] [37mUser transport failed to register.[34;1m -> Function [36mRTPSParticipantImpl[m
[INFO] [1791270996.918663479] [upper_planner_node]: planner state input: Odometry topic=/motive/vehicle/odom_map yaw=orientation.z scalar
[INFO] [1791270996.921775101] [upper_planner_node]: Egocentric MIQP planner ready: rate=2.00Hz pred_dt=0.750s Nmax=7 lower_dt=0.100s target_v=6.000m/s scale=fullscale wheelbase=2.80m length=4.70m bev=40.00m margin=2.00m state=odom grid=/bev/occupancy_grid sparse=/planner/upper_path_sparse dense=/planner/lower_reference_path
[INFO] [1791270996.922100331] [upper_planner_node]: upper branch model: cumulative_increment=1 turn_window_at_split=1 turn_target_absolute=1 split_continuity=6.75m r_dpsi=2.000 lambda_turn=0.600
[INFO] [1791270996.931433117] [lower_tracking_mpc_node]: LowerTrackingMpcNode ready: rate=10.00Hz dt=0.100s N=30 path=/planner/lower_reference_path scale=fullscale wheelbase=2.80m rear_offset=1.40m command_scale=0.350rad actuator_model=1 delay=0.00s tau=0.74s backend=disabled virtual=/cmd_control
"replica_east(scenario1)_off-0.8_yaw-3" "tau0.5" "h6" "time_limit" cycles=160
getifaddrs: Operation not permitted
getifaddrs: Operation not permitted
[37;1m2026-10-06 16:16:37.024 [31;1m[[37;1mTRANSPORT[31;1m Error] [37mAll whitelist interfaces were filtered out[34;1m -> Function [36mUDPv4Transport[m
[37;1m2026-10-06 16:16:37.024 [31;1m[[37;1mTRANSPORT_UDP[31;1m Error] [37mError creating socket: Operation not permitted[34;1m -> Function [36minit[m
[37;1m2026-10-06 16:16:37.024 [31;1m[[37;1mRTPS_PARTICIPANT[31;1m Error] [37mUser transport failed to register.[34;1m -> Function [36mRTPSParticipantImpl[m
[INFO] [1791270997.035839374] [upper_planner_node]: planner state input: Odometry topic=/motive/vehicle/odom_map yaw=orientation.z scalar
[INFO] [1791270997.038974261] [upper_planner_node]: Egocentric MIQP planner ready: rate=2.00Hz pred_dt=0.750s Nmax=7 lower_dt=0.100s target_v=6.000m/s scale=fullscale wheelbase=2.80m length=4.70m bev=40.00m margin=2.00m state=odom grid=/bev/occupancy_grid sparse=/planner/upper_path_sparse dense=/planner/lower_reference_path
[INFO] [1791270997.039216448] [upper_planner_node]: upper branch model: cumulative_increment=1 turn_window_at_split=1 turn_target_absolute=1 split_continuity=6.75m r_dpsi=2.000 lambda_turn=0.600
[INFO] [1791270997.048250757] [lower_tracking_mpc_node]: LowerTrackingMpcNode ready: rate=10.00Hz dt=0.100s N=30 path=/planner/lower_reference_path scale=fullscale wheelbase=2.80m rear_offset=1.40m command_scale=0.350rad actuator_model=1 delay=0.00s tau=0.74s backend=disabled virtual=/cmd_control
"replica_east(scenario1)_off-0.8_yaw-3" "tau1.0" "h7" "time_limit" cycles=160
getifaddrs: Operation not permitted
getifaddrs: Operation not permitted
[37;1m2026-10-06 16:16:37.152 [31;1m[[37;1mTRANSPORT[31;1m Error] [37mAll whitelist interfaces were filtered out[34;1m -> Function [36mUDPv4Transport[m
[37;1m2026-10-06 16:16:37.152 [31;1m[[37;1mTRANSPORT_UDP[31;1m Error] [37mError creating socket: Operation not permitted[34;1m -> Function [36minit[m
[37;1m2026-10-06 16:16:37.152 [31;1m[[37;1mRTPS_PARTICIPANT[31;1m Error] [37mUser transport failed to register.[34;1m -> Function [36mRTPSParticipantImpl[m
[INFO] [1791270997.163710510] [upper_planner_node]: planner state input: Odometry topic=/motive/vehicle/odom_map yaw=orientation.z scalar
[INFO] [1791270997.166688591] [upper_planner_node]: Egocentric MIQP planner ready: rate=2.00Hz pred_dt=0.750s Nmax=7 lower_dt=0.100s target_v=6.000m/s scale=fullscale wheelbase=2.80m length=4.70m bev=40.00m margin=2.00m state=odom grid=/bev/occupancy_grid sparse=/planner/upper_path_sparse dense=/planner/lower_reference_path
[INFO] [1791270997.166963162] [upper_planner_node]: upper branch model: cumulative_increment=1 turn_window_at_split=1 turn_target_absolute=1 split_continuity=6.75m r_dpsi=2.000 lambda_turn=0.600
[INFO] [1791270997.175660785] [lower_tracking_mpc_node]: LowerTrackingMpcNode ready: rate=10.00Hz dt=0.100s N=30 path=/planner/lower_reference_path scale=fullscale wheelbase=2.80m rear_offset=1.40m command_scale=0.350rad actuator_model=1 delay=0.00s tau=0.74s backend=disabled virtual=/cmd_control
"replica_east(scenario1)_off-0.8_yaw-3" "tau1.0" "h6" "time_limit" cycles=160
getifaddrs: Operation not permitted
getifaddrs: Operation not permitted
[37;1m2026-10-06 16:16:37.272 [31;1m[[37;1mTRANSPORT[31;1m Error] [37mAll whitelist interfaces were filtered out[34;1m -> Function [36mUDPv4Transport[m
[37;1m2026-10-06 16:16:37.272 [31;1m[[37;1mTRANSPORT_UDP[31;1m Error] [37mError creating socket: Operation not permitted[34;1m -> Function [36minit[m
[37;1m2026-10-06 16:16:37.272 [31;1m[[37;1mRTPS_PARTICIPANT[31;1m Error] [37mUser transport failed to register.[34;1m -> Function [36mRTPSParticipantImpl[m
[INFO] [1791270997.283437264] [upper_planner_node]: planner state input: Odometry topic=/motive/vehicle/odom_map yaw=orientation.z scalar
[INFO] [1791270997.286260169] [upper_planner_node]: Egocentric MIQP planner ready: rate=2.00Hz pred_dt=0.750s Nmax=7 lower_dt=0.100s target_v=6.000m/s scale=fullscale wheelbase=2.80m length=4.70m bev=40.00m margin=2.00m state=odom grid=/bev/occupancy_grid sparse=/planner/upper_path_sparse dense=/planner/lower_reference_path
[INFO] [1791270997.286387567] [upper_planner_node]: upper branch model: cumulative_increment=1 turn_window_at_split=1 turn_target_absolute=1 split_continuity=6.75m r_dpsi=2.000 lambda_turn=0.600
[INFO] [1791270997.295144360] [lower_tracking_mpc_node]: LowerTrackingMpcNode ready: rate=10.00Hz dt=0.100s N=30 path=/planner/lower_reference_path scale=fullscale wheelbase=2.80m rear_offset=1.40m command_scale=0.350rad actuator_model=1 delay=0.00s tau=0.74s backend=disabled virtual=/cmd_control
"replica_north(control)_off+0.0_yaw+0" "tau0.74_noise2" "h7" "time_limit" cycles=160
getifaddrs: Operation not permitted
getifaddrs: Operation not permitted
[37;1m2026-10-06 16:16:37.395 [31;1m[[37;1mTRANSPORT[31;1m Error] [37mAll whitelist interfaces were filtered out[34;1m -> Function [36mUDPv4Transport[m
[37;1m2026-10-06 16:16:37.395 [31;1m[[37;1mTRANSPORT_UDP[31;1m Error] [37mError creating socket: Operation not permitted[34;1m -> Function [36minit[m
[37;1m2026-10-06 16:16:37.395 [31;1m[[37;1mRTPS_PARTICIPANT[31;1m Error] [37mUser transport failed to register.[34;1m -> Function [36mRTPSParticipantImpl[m
[INFO] [1791270997.407695349] [upper_planner_node]: planner state input: Odometry topic=/motive/vehicle/odom_map yaw=orientation.z scalar
[INFO] [1791270997.410623923] [upper_planner_node]: Egocentric MIQP planner ready: rate=2.00Hz pred_dt=0.750s Nmax=7 lower_dt=0.100s target_v=6.000m/s scale=fullscale wheelbase=2.80m length=4.70m bev=40.00m margin=2.00m state=odom grid=/bev/occupancy_grid sparse=/planner/upper_path_sparse dense=/planner/lower_reference_path
[INFO] [1791270997.410742424] [upper_planner_node]: upper branch model: cumulative_increment=1 turn_window_at_split=1 turn_target_absolute=1 split_continuity=6.75m r_dpsi=2.000 lambda_turn=0.600
[INFO] [1791270997.419592789] [lower_tracking_mpc_node]: LowerTrackingMpcNode ready: rate=10.00Hz dt=0.100s N=30 path=/planner/lower_reference_path scale=fullscale wheelbase=2.80m rear_offset=1.40m command_scale=0.350rad actuator_model=1 delay=0.00s tau=0.74s backend=disabled virtual=/cmd_control
"replica_north(control)_off+0.0_yaw+0" "tau0.74_noise2" "h6" "time_limit" cycles=160
getifaddrs: Operation not permitted
getifaddrs: Operation not permitted
[37;1m2026-10-06 16:16:37.510 [31;1m[[37;1mTRANSPORT[31;1m Error] [37mAll whitelist interfaces were filtered out[34;1m -> Function [36mUDPv4Transport[m
[37;1m2026-10-06 16:16:37.510 [31;1m[[37;1mTRANSPORT_UDP[31;1m Error] [37mError creating socket: Operation not permitted[34;1m -> Function [36minit[m
[37;1m2026-10-06 16:16:37.510 [31;1m[[37;1mRTPS_PARTICIPANT[31;1m Error] [37mUser transport failed to register.[34;1m -> Function [36mRTPSParticipantImpl[m
[INFO] [1791270997.521840902] [upper_planner_node]: planner state input: Odometry topic=/motive/vehicle/odom_map yaw=orientation.z scalar
[INFO] [1791270997.524681024] [upper_planner_node]: Egocentric MIQP planner ready: rate=2.00Hz pred_dt=0.750s Nmax=7 lower_dt=0.100s target_v=6.000m/s scale=fullscale wheelbase=2.80m length=4.70m bev=40.00m margin=2.00m state=odom grid=/bev/occupancy_grid sparse=/planner/upper_path_sparse dense=/planner/lower_reference_path
[INFO] [1791270997.524815462] [upper_planner_node]: upper branch model: cumulative_increment=1 turn_window_at_split=1 turn_target_absolute=1 split_continuity=6.75m r_dpsi=2.000 lambda_turn=0.600
[INFO] [1791270997.533432761] [lower_tracking_mpc_node]: LowerTrackingMpcNode ready: rate=10.00Hz dt=0.100s N=30 path=/planner/lower_reference_path scale=fullscale wheelbase=2.80m rear_offset=1.40m command_scale=0.350rad actuator_model=1 delay=0.00s tau=0.74s backend=disabled virtual=/cmd_control
"replica_north(control)_off+0.0_yaw+0" "tau0.5" "h7" "time_limit" cycles=160
getifaddrs: Operation not permitted
getifaddrs: Operation not permitted
[37;1m2026-10-06 16:16:37.760 [31;1m[[37;1mTRANSPORT[31;1m Error] [37mAll whitelist interfaces were filtered out[34;1m -> Function [36mUDPv4Transport[m
[37;1m2026-10-06 16:16:37.760 [31;1m[[37;1mTRANSPORT_UDP[31;1m Error] [37mError creating socket: Operation not permitted[34;1m -> Function [36minit[m
[37;1m2026-10-06 16:16:37.760 [31;1m[[37;1mRTPS_PARTICIPANT[31;1m Error] [37mUser transport failed to register.[34;1m -> Function [36mRTPSParticipantImpl[m
[INFO] [1791270997.774834032] [upper_planner_node]: planner state input: Odometry topic=/motive/vehicle/odom_map yaw=orientation.z scalar
[INFO] [1791270997.778053050] [upper_planner_node]: Egocentric MIQP planner ready: rate=2.00Hz pred_dt=0.750s Nmax=7 lower_dt=0.100s target_v=6.000m/s scale=fullscale wheelbase=2.80m length=4.70m bev=40.00m margin=2.00m state=odom grid=/bev/occupancy_grid sparse=/planner/upper_path_sparse dense=/planner/lower_reference_path
[INFO] [1791270997.778199136] [upper_planner_node]: upper branch model: cumulative_increment=1 turn_window_at_split=1 turn_target_absolute=1 split_continuity=6.75m r_dpsi=2.000 lambda_turn=0.600
[INFO] [1791270997.789977147] [lower_tracking_mpc_node]: LowerTrackingMpcNode ready: rate=10.00Hz dt=0.100s N=30 path=/planner/lower_reference_path scale=fullscale wheelbase=2.80m rear_offset=1.40m command_scale=0.350rad actuator_model=1 delay=0.00s tau=0.74s backend=disabled virtual=/cmd_control
"replica_north(control)_off+0.0_yaw+0" "tau0.5" "h6" "time_limit" cycles=160
getifaddrs: Operation not permitted
getifaddrs: Operation not permitted
[37;1m2026-10-06 16:16:37.895 [31;1m[[37;1mTRANSPORT[31;1m Error] [37mAll whitelist interfaces were filtered out[34;1m -> Function [36mUDPv4Transport[m
[37;1m2026-10-06 16:16:37.896 [31;1m[[37;1mTRANSPORT_UDP[31;1m Error] [37mError creating socket: Operation not permitted[34;1m -> Function [36minit[m
[37;1m2026-10-06 16:16:37.896 [31;1m[[37;1mRTPS_PARTICIPANT[31;1m Error] [37mUser transport failed to register.[34;1m -> Function [36mRTPSParticipantImpl[m
[INFO] [1791270997.908320481] [upper_planner_node]: planner state input: Odometry topic=/motive/vehicle/odom_map yaw=orientation.z scalar
[INFO] [1791270997.911166972] [upper_planner_node]: Egocentric MIQP planner ready: rate=2.00Hz pred_dt=0.750s Nmax=7 lower_dt=0.100s target_v=6.000m/s scale=fullscale wheelbase=2.80m length=4.70m bev=40.00m margin=2.00m state=odom grid=/bev/occupancy_grid sparse=/planner/upper_path_sparse dense=/planner/lower_reference_path
[INFO] [1791270997.911299362] [upper_planner_node]: upper branch model: cumulative_increment=1 turn_window_at_split=1 turn_target_absolute=1 split_continuity=6.75m r_dpsi=2.000 lambda_turn=0.600
[INFO] [1791270997.920485517] [lower_tracking_mpc_node]: LowerTrackingMpcNode ready: rate=10.00Hz dt=0.100s N=30 path=/planner/lower_reference_path scale=fullscale wheelbase=2.80m rear_offset=1.40m command_scale=0.350rad actuator_model=1 delay=0.00s tau=0.74s backend=disabled virtual=/cmd_control
"replica_north(control)_off+0.0_yaw+0" "tau1.0" "h7" "time_limit" cycles=160
getifaddrs: Operation not permitted
getifaddrs: Operation not permitted
[37;1m2026-10-06 16:16:38.019 [31;1m[[37;1mTRANSPORT[31;1m Error] [37mAll whitelist interfaces were filtered out[34;1m -> Function [36mUDPv4Transport[m
[37;1m2026-10-06 16:16:38.019 [31;1m[[37;1mTRANSPORT_UDP[31;1m Error] [37mError creating socket: Operation not permitted[34;1m -> Function [36minit[m
[37;1m2026-10-06 16:16:38.019 [31;1m[[37;1mRTPS_PARTICIPANT[31;1m Error] [37mUser transport failed to register.[34;1m -> Function [36mRTPSParticipantImpl[m
[INFO] [1791270998.030448521] [upper_planner_node]: planner state input: Odometry topic=/motive/vehicle/odom_map yaw=orientation.z scalar
[INFO] [1791270998.033359878] [upper_planner_node]: Egocentric MIQP planner ready: rate=2.00Hz pred_dt=0.750s Nmax=7 lower_dt=0.100s target_v=6.000m/s scale=fullscale wheelbase=2.80m length=4.70m bev=40.00m margin=2.00m state=odom grid=/bev/occupancy_grid sparse=/planner/upper_path_sparse dense=/planner/lower_reference_path
[INFO] [1791270998.033569903] [upper_planner_node]: upper branch model: cumulative_increment=1 turn_window_at_split=1 turn_target_absolute=1 split_continuity=6.75m r_dpsi=2.000 lambda_turn=0.600
[INFO] [1791270998.042210179] [lower_tracking_mpc_node]: LowerTrackingMpcNode ready: rate=10.00Hz dt=0.100s N=30 path=/planner/lower_reference_path scale=fullscale wheelbase=2.80m rear_offset=1.40m command_scale=0.350rad actuator_model=1 delay=0.00s tau=0.74s backend=disabled virtual=/cmd_control
"replica_north(control)_off+0.0_yaw+0" "tau1.0" "h6" "time_limit" cycles=160
getifaddrs: Operation not permitted
getifaddrs: Operation not permitted
[37;1m2026-10-06 16:16:38.134 [31;1m[[37;1mTRANSPORT[31;1m Error] [37mAll whitelist interfaces were filtered out[34;1m -> Function [36mUDPv4Transport[m
[37;1m2026-10-06 16:16:38.134 [31;1m[[37;1mTRANSPORT_UDP[31;1m Error] [37mError creating socket: Operation not permitted[34;1m -> Function [36minit[m
[37;1m2026-10-06 16:16:38.134 [31;1m[[37;1mRTPS_PARTICIPANT[31;1m Error] [37mUser transport failed to register.[34;1m -> Function [36mRTPSParticipantImpl[m
[INFO] [1791270998.145710309] [upper_planner_node]: planner state input: Odometry topic=/motive/vehicle/odom_map yaw=orientation.z scalar
[INFO] [1791270998.148559392] [upper_planner_node]: Egocentric MIQP planner ready: rate=2.00Hz pred_dt=0.750s Nmax=7 lower_dt=0.100s target_v=6.000m/s scale=fullscale wheelbase=2.80m length=4.70m bev=40.00m margin=2.00m state=odom grid=/bev/occupancy_grid sparse=/planner/upper_path_sparse dense=/planner/lower_reference_path
[INFO] [1791270998.148689830] [upper_planner_node]: upper branch model: cumulative_increment=1 turn_window_at_split=1 turn_target_absolute=1 split_continuity=6.75m r_dpsi=2.000 lambda_turn=0.600
[INFO] [1791270998.157178131] [lower_tracking_mpc_node]: LowerTrackingMpcNode ready: rate=10.00Hz dt=0.100s N=30 path=/planner/lower_reference_path scale=fullscale wheelbase=2.80m rear_offset=1.40m command_scale=0.350rad actuator_model=1 delay=0.00s tau=0.74s backend=disabled virtual=/cmd_control
"replica_north(control)_off+0.8_yaw+3" "tau0.74_noise2" "h7" "time_limit" cycles=160
getifaddrs: Operation not permitted
getifaddrs: Operation not permitted
[37;1m2026-10-06 16:16:38.253 [31;1m[[37;1mTRANSPORT[31;1m Error] [37mAll whitelist interfaces were filtered out[34;1m -> Function [36mUDPv4Transport[m
[37;1m2026-10-06 16:16:38.253 [31;1m[[37;1mTRANSPORT_UDP[31;1m Error] [37mError creating socket: Operation not permitted[34;1m -> Function [36minit[m
[37;1m2026-10-06 16:16:38.253 [31;1m[[37;1mRTPS_PARTICIPANT[31;1m Error] [37mUser transport failed to register.[34;1m -> Function [36mRTPSParticipantImpl[m
[INFO] [1791270998.265097779] [upper_planner_node]: planner state input: Odometry topic=/motive/vehicle/odom_map yaw=orientation.z scalar
[INFO] [1791270998.267989295] [upper_planner_node]: Egocentric MIQP planner ready: rate=2.00Hz pred_dt=0.750s Nmax=7 lower_dt=0.100s target_v=6.000m/s scale=fullscale wheelbase=2.80m length=4.70m bev=40.00m margin=2.00m state=odom grid=/bev/occupancy_grid sparse=/planner/upper_path_sparse dense=/planner/lower_reference_path
[INFO] [1791270998.268119253] [upper_planner_node]: upper branch model: cumulative_increment=1 turn_window_at_split=1 turn_target_absolute=1 split_continuity=6.75m r_dpsi=2.000 lambda_turn=0.600
[INFO] [1791270998.276737544] [lower_tracking_mpc_node]: LowerTrackingMpcNode ready: rate=10.00Hz dt=0.100s N=30 path=/planner/lower_reference_path scale=fullscale wheelbase=2.80m rear_offset=1.40m command_scale=0.350rad actuator_model=1 delay=0.00s tau=0.74s backend=disabled virtual=/cmd_control
"replica_north(control)_off+0.8_yaw+3" "tau0.74_noise2" "h6" "time_limit" cycles=160
getifaddrs: Operation not permitted
getifaddrs: Operation not permitted
[37;1m2026-10-06 16:16:38.367 [31;1m[[37;1mTRANSPORT[31;1m Error] [37mAll whitelist interfaces were filtered out[34;1m -> Function [36mUDPv4Transport[m
[37;1m2026-10-06 16:16:38.367 [31;1m[[37;1mTRANSPORT_UDP[31;1m Error] [37mError creating socket: Operation not permitted[34;1m -> Function [36minit[m
[37;1m2026-10-06 16:16:38.367 [31;1m[[37;1mRTPS_PARTICIPANT[31;1m Error] [37mUser transport failed to register.[34;1m -> Function [36mRTPSParticipantImpl[m
[INFO] [1791270998.378328920] [upper_planner_node]: planner state input: Odometry topic=/motive/vehicle/odom_map yaw=orientation.z scalar
[INFO] [1791270998.381302648] [upper_planner_node]: Egocentric MIQP planner ready: rate=2.00Hz pred_dt=0.750s Nmax=7 lower_dt=0.100s target_v=6.000m/s scale=fullscale wheelbase=2.80m length=4.70m bev=40.00m margin=2.00m state=odom grid=/bev/occupancy_grid sparse=/planner/upper_path_sparse dense=/planner/lower_reference_path
[INFO] [1791270998.381449534] [upper_planner_node]: upper branch model: cumulative_increment=1 turn_window_at_split=1 turn_target_absolute=1 split_continuity=6.75m r_dpsi=2.000 lambda_turn=0.600
[INFO] [1791270998.390045552] [lower_tracking_mpc_node]: LowerTrackingMpcNode ready: rate=10.00Hz dt=0.100s N=30 path=/planner/lower_reference_path scale=fullscale wheelbase=2.80m rear_offset=1.40m command_scale=0.350rad actuator_model=1 delay=0.00s tau=0.74s backend=disabled virtual=/cmd_control
"replica_north(control)_off+0.8_yaw+3" "tau0.5" "h7" "time_limit" cycles=160
getifaddrs: Operation not permitted
getifaddrs: Operation not permitted
[37;1m2026-10-06 16:16:38.488 [31;1m[[37;1mTRANSPORT[31;1m Error] [37mAll whitelist interfaces were filtered out[34;1m -> Function [36mUDPv4Transport[m
[37;1m2026-10-06 16:16:38.488 [31;1m[[37;1mTRANSPORT_UDP[31;1m Error] [37mError creating socket: Operation not permitted[34;1m -> Function [36minit[m
[37;1m2026-10-06 16:16:38.489 [31;1m[[37;1mRTPS_PARTICIPANT[31;1m Error] [37mUser transport failed to register.[34;1m -> Function [36mRTPSParticipantImpl[m
[INFO] [1791270998.499657369] [upper_planner_node]: planner state input: Odometry topic=/motive/vehicle/odom_map yaw=orientation.z scalar
[INFO] [1791270998.502569847] [upper_planner_node]: Egocentric MIQP planner ready: rate=2.00Hz pred_dt=0.750s Nmax=7 lower_dt=0.100s target_v=6.000m/s scale=fullscale wheelbase=2.80m length=4.70m bev=40.00m margin=2.00m state=odom grid=/bev/occupancy_grid sparse=/planner/upper_path_sparse dense=/planner/lower_reference_path
[INFO] [1791270998.502837474] [upper_planner_node]: upper branch model: cumulative_increment=1 turn_window_at_split=1 turn_target_absolute=1 split_continuity=6.75m r_dpsi=2.000 lambda_turn=0.600
[INFO] [1791270998.511785699] [lower_tracking_mpc_node]: LowerTrackingMpcNode ready: rate=10.00Hz dt=0.100s N=30 path=/planner/lower_reference_path scale=fullscale wheelbase=2.80m rear_offset=1.40m command_scale=0.350rad actuator_model=1 delay=0.00s tau=0.74s backend=disabled virtual=/cmd_control
"replica_north(control)_off+0.8_yaw+3" "tau0.5" "h6" "time_limit" cycles=160
getifaddrs: Operation not permitted
getifaddrs: Operation not permitted
[37;1m2026-10-06 16:16:38.602 [31;1m[[37;1mTRANSPORT[31;1m Error] [37mAll whitelist interfaces were filtered out[34;1m -> Function [36mUDPv4Transport[m
[37;1m2026-10-06 16:16:38.603 [31;1m[[37;1mTRANSPORT_UDP[31;1m Error] [37mError creating socket: Operation not permitted[34;1m -> Function [36minit[m
[37;1m2026-10-06 16:16:38.603 [31;1m[[37;1mRTPS_PARTICIPANT[31;1m Error] [37mUser transport failed to register.[34;1m -> Function [36mRTPSParticipantImpl[m
[INFO] [1791270998.614490787] [upper_planner_node]: planner state input: Odometry topic=/motive/vehicle/odom_map yaw=orientation.z scalar
[INFO] [1791270998.617382720] [upper_planner_node]: Egocentric MIQP planner ready: rate=2.00Hz pred_dt=0.750s Nmax=7 lower_dt=0.100s target_v=6.000m/s scale=fullscale wheelbase=2.80m length=4.70m bev=40.00m margin=2.00m state=odom grid=/bev/occupancy_grid sparse=/planner/upper_path_sparse dense=/planner/lower_reference_path
[INFO] [1791270998.617572488] [upper_planner_node]: upper branch model: cumulative_increment=1 turn_window_at_split=1 turn_target_absolute=1 split_continuity=6.75m r_dpsi=2.000 lambda_turn=0.600
[INFO] [1791270998.626296575] [lower_tracking_mpc_node]: LowerTrackingMpcNode ready: rate=10.00Hz dt=0.100s N=30 path=/planner/lower_reference_path scale=fullscale wheelbase=2.80m rear_offset=1.40m command_scale=0.350rad actuator_model=1 delay=0.00s tau=0.74s backend=disabled virtual=/cmd_control
"replica_north(control)_off+0.8_yaw+3" "tau1.0" "h7" "time_limit" cycles=160
getifaddrs: Operation not permitted
getifaddrs: Operation not permitted
[37;1m2026-10-06 16:16:38.726 [31;1m[[37;1mTRANSPORT[31;1m Error] [37mAll whitelist interfaces were filtered out[34;1m -> Function [36mUDPv4Transport[m
[37;1m2026-10-06 16:16:38.727 [31;1m[[37;1mTRANSPORT_UDP[31;1m Error] [37mError creating socket: Operation not permitted[34;1m -> Function [36minit[m
[37;1m2026-10-06 16:16:38.727 [31;1m[[37;1mRTPS_PARTICIPANT[31;1m Error] [37mUser transport failed to register.[34;1m -> Function [36mRTPSParticipantImpl[m
[INFO] [1791270998.737788569] [upper_planner_node]: planner state input: Odometry topic=/motive/vehicle/odom_map yaw=orientation.z scalar
[INFO] [1791270998.740645748] [upper_planner_node]: Egocentric MIQP planner ready: rate=2.00Hz pred_dt=0.750s Nmax=7 lower_dt=0.100s target_v=6.000m/s scale=fullscale wheelbase=2.80m length=4.70m bev=40.00m margin=2.00m state=odom grid=/bev/occupancy_grid sparse=/planner/upper_path_sparse dense=/planner/lower_reference_path
[INFO] [1791270998.740909151] [upper_planner_node]: upper branch model: cumulative_increment=1 turn_window_at_split=1 turn_target_absolute=1 split_continuity=6.75m r_dpsi=2.000 lambda_turn=0.600
[INFO] [1791270998.749467407] [lower_tracking_mpc_node]: LowerTrackingMpcNode ready: rate=10.00Hz dt=0.100s N=30 path=/planner/lower_reference_path scale=fullscale wheelbase=2.80m rear_offset=1.40m command_scale=0.350rad actuator_model=1 delay=0.00s tau=0.74s backend=disabled virtual=/cmd_control
"replica_north(control)_off+0.8_yaw+3" "tau1.0" "h6" "time_limit" cycles=160
getifaddrs: Operation not permitted
getifaddrs: Operation not permitted
[37;1m2026-10-06 16:16:38.840 [31;1m[[37;1mTRANSPORT[31;1m Error] [37mAll whitelist interfaces were filtered out[34;1m -> Function [36mUDPv4Transport[m
[37;1m2026-10-06 16:16:38.840 [31;1m[[37;1mTRANSPORT_UDP[31;1m Error] [37mError creating socket: Operation not permitted[34;1m -> Function [36minit[m
[37;1m2026-10-06 16:16:38.840 [31;1m[[37;1mRTPS_PARTICIPANT[31;1m Error] [37mUser transport failed to register.[34;1m -> Function [36mRTPSParticipantImpl[m
[INFO] [1791270998.851460209] [upper_planner_node]: planner state input: Odometry topic=/motive/vehicle/odom_map yaw=orientation.z scalar
[INFO] [1791270998.854258921] [upper_planner_node]: Egocentric MIQP planner ready: rate=2.00Hz pred_dt=0.750s Nmax=7 lower_dt=0.100s target_v=6.000m/s scale=fullscale wheelbase=2.80m length=4.70m bev=40.00m margin=2.00m state=odom grid=/bev/occupancy_grid sparse=/planner/upper_path_sparse dense=/planner/lower_reference_path
[INFO] [1791270998.854552950] [upper_planner_node]: upper branch model: cumulative_increment=1 turn_window_at_split=1 turn_target_absolute=1 split_continuity=6.75m r_dpsi=2.000 lambda_turn=0.600
[INFO] [1791270998.863177289] [lower_tracking_mpc_node]: LowerTrackingMpcNode ready: rate=10.00Hz dt=0.100s N=30 path=/planner/lower_reference_path scale=fullscale wheelbase=2.80m rear_offset=1.40m command_scale=0.350rad actuator_model=1 delay=0.00s tau=0.74s backend=disabled virtual=/cmd_control
"replica_north(control)_off-0.8_yaw-3" "tau0.74_noise2" "h7" "time_limit" cycles=160
getifaddrs: Operation not permitted
getifaddrs: Operation not permitted
[37;1m2026-10-06 16:16:38.963 [31;1m[[37;1mTRANSPORT[31;1m Error] [37mAll whitelist interfaces were filtered out[34;1m -> Function [36mUDPv4Transport[m
[37;1m2026-10-06 16:16:38.963 [31;1m[[37;1mTRANSPORT_UDP[31;1m Error] [37mError creating socket: Operation not permitted[34;1m -> Function [36minit[m
[37;1m2026-10-06 16:16:38.963 [31;1m[[37;1mRTPS_PARTICIPANT[31;1m Error] [37mUser transport failed to register.[34;1m -> Function [36mRTPSParticipantImpl[m
[INFO] [1791270998.975355073] [upper_planner_node]: planner state input: Odometry topic=/motive/vehicle/odom_map yaw=orientation.z scalar
[INFO] [1791270998.978121143] [upper_planner_node]: Egocentric MIQP planner ready: rate=2.00Hz pred_dt=0.750s Nmax=7 lower_dt=0.100s target_v=6.000m/s scale=fullscale wheelbase=2.80m length=4.70m bev=40.00m margin=2.00m state=odom grid=/bev/occupancy_grid sparse=/planner/upper_path_sparse dense=/planner/lower_reference_path
[INFO] [1791270998.978250685] [upper_planner_node]: upper branch model: cumulative_increment=1 turn_window_at_split=1 turn_target_absolute=1 split_continuity=6.75m r_dpsi=2.000 lambda_turn=0.600
[INFO] [1791270998.986878704] [lower_tracking_mpc_node]: LowerTrackingMpcNode ready: rate=10.00Hz dt=0.100s N=30 path=/planner/lower_reference_path scale=fullscale wheelbase=2.80m rear_offset=1.40m command_scale=0.350rad actuator_model=1 delay=0.00s tau=0.74s backend=disabled virtual=/cmd_control
"replica_north(control)_off-0.8_yaw-3" "tau0.74_noise2" "h6" "time_limit" cycles=160
getifaddrs: Operation not permitted
getifaddrs: Operation not permitted
[37;1m2026-10-06 16:16:39.078 [31;1m[[37;1mTRANSPORT[31;1m Error] [37mAll whitelist interfaces were filtered out[34;1m -> Function [36mUDPv4Transport[m
[37;1m2026-10-06 16:16:39.078 [31;1m[[37;1mTRANSPORT_UDP[31;1m Error] [37mError creating socket: Operation not permitted[34;1m -> Function [36minit[m
[37;1m2026-10-06 16:16:39.078 [31;1m[[37;1mRTPS_PARTICIPANT[31;1m Error] [37mUser transport failed to register.[34;1m -> Function [36mRTPSParticipantImpl[m
[INFO] [1791270999.088958738] [upper_planner_node]: planner state input: Odometry topic=/motive/vehicle/odom_map yaw=orientation.z scalar
[INFO] [1791270999.091914033] [upper_planner_node]: Egocentric MIQP planner ready: rate=2.00Hz pred_dt=0.750s Nmax=7 lower_dt=0.100s target_v=6.000m/s scale=fullscale wheelbase=2.80m length=4.70m bev=40.00m margin=2.00m state=odom grid=/bev/occupancy_grid sparse=/planner/upper_path_sparse dense=/planner/lower_reference_path
[INFO] [1791270999.092068727] [upper_planner_node]: upper branch model: cumulative_increment=1 turn_window_at_split=1 turn_target_absolute=1 split_continuity=6.75m r_dpsi=2.000 lambda_turn=0.600
[INFO] [1791270999.100741644] [lower_tracking_mpc_node]: LowerTrackingMpcNode ready: rate=10.00Hz dt=0.100s N=30 path=/planner/lower_reference_path scale=fullscale wheelbase=2.80m rear_offset=1.40m command_scale=0.350rad actuator_model=1 delay=0.00s tau=0.74s backend=disabled virtual=/cmd_control
"replica_north(control)_off-0.8_yaw-3" "tau0.5" "h7" "time_limit" cycles=160
getifaddrs: Operation not permitted
getifaddrs: Operation not permitted
[37;1m2026-10-06 16:16:39.198 [31;1m[[37;1mTRANSPORT[31;1m Error] [37mAll whitelist interfaces were filtered out[34;1m -> Function [36mUDPv4Transport[m
[37;1m2026-10-06 16:16:39.199 [31;1m[[37;1mTRANSPORT_UDP[31;1m Error] [37mError creating socket: Operation not permitted[34;1m -> Function [36minit[m
[37;1m2026-10-06 16:16:39.199 [31;1m[[37;1mRTPS_PARTICIPANT[31;1m Error] [37mUser transport failed to register.[34;1m -> Function [36mRTPSParticipantImpl[m
[INFO] [1791270999.209872252] [upper_planner_node]: planner state input: Odometry topic=/motive/vehicle/odom_map yaw=orientation.z scalar
[INFO] [1791270999.212759256] [upper_planner_node]: Egocentric MIQP planner ready: rate=2.00Hz pred_dt=0.750s Nmax=7 lower_dt=0.100s target_v=6.000m/s scale=fullscale wheelbase=2.80m length=4.70m bev=40.00m margin=2.00m state=odom grid=/bev/occupancy_grid sparse=/planner/upper_path_sparse dense=/planner/lower_reference_path
[INFO] [1791270999.212892766] [upper_planner_node]: upper branch model: cumulative_increment=1 turn_window_at_split=1 turn_target_absolute=1 split_continuity=6.75m r_dpsi=2.000 lambda_turn=0.600
[INFO] [1791270999.221763675] [lower_tracking_mpc_node]: LowerTrackingMpcNode ready: rate=10.00Hz dt=0.100s N=30 path=/planner/lower_reference_path scale=fullscale wheelbase=2.80m rear_offset=1.40m command_scale=0.350rad actuator_model=1 delay=0.00s tau=0.74s backend=disabled virtual=/cmd_control
"replica_north(control)_off-0.8_yaw-3" "tau0.5" "h6" "time_limit" cycles=160
getifaddrs: Operation not permitted
getifaddrs: Operation not permitted
[37;1m2026-10-06 16:16:39.312 [31;1m[[37;1mTRANSPORT[31;1m Error] [37mAll whitelist interfaces were filtered out[34;1m -> Function [36mUDPv4Transport[m
[37;1m2026-10-06 16:16:39.312 [31;1m[[37;1mTRANSPORT_UDP[31;1m Error] [37mError creating socket: Operation not permitted[34;1m -> Function [36minit[m
[37;1m2026-10-06 16:16:39.312 [31;1m[[37;1mRTPS_PARTICIPANT[31;1m Error] [37mUser transport failed to register.[34;1m -> Function [36mRTPSParticipantImpl[m
[INFO] [1791270999.324551866] [upper_planner_node]: planner state input: Odometry topic=/motive/vehicle/odom_map yaw=orientation.z scalar
[INFO] [1791270999.327495577] [upper_planner_node]: Egocentric MIQP planner ready: rate=2.00Hz pred_dt=0.750s Nmax=7 lower_dt=0.100s target_v=6.000m/s scale=fullscale wheelbase=2.80m length=4.70m bev=40.00m margin=2.00m state=odom grid=/bev/occupancy_grid sparse=/planner/upper_path_sparse dense=/planner/lower_reference_path
[INFO] [1791270999.327627486] [upper_planner_node]: upper branch model: cumulative_increment=1 turn_window_at_split=1 turn_target_absolute=1 split_continuity=6.75m r_dpsi=2.000 lambda_turn=0.600
[INFO] [1791270999.336467898] [lower_tracking_mpc_node]: LowerTrackingMpcNode ready: rate=10.00Hz dt=0.100s N=30 path=/planner/lower_reference_path scale=fullscale wheelbase=2.80m rear_offset=1.40m command_scale=0.350rad actuator_model=1 delay=0.00s tau=0.74s backend=disabled virtual=/cmd_control
"replica_north(control)_off-0.8_yaw-3" "tau1.0" "h7" "time_limit" cycles=160
getifaddrs: Operation not permitted
getifaddrs: Operation not permitted
[37;1m2026-10-06 16:16:39.435 [31;1m[[37;1mTRANSPORT[31;1m Error] [37mAll whitelist interfaces were filtered out[34;1m -> Function [36mUDPv4Transport[m
[37;1m2026-10-06 16:16:39.435 [31;1m[[37;1mTRANSPORT_UDP[31;1m Error] [37mError creating socket: Operation not permitted[34;1m -> Function [36minit[m
[37;1m2026-10-06 16:16:39.435 [31;1m[[37;1mRTPS_PARTICIPANT[31;1m Error] [37mUser transport failed to register.[34;1m -> Function [36mRTPSParticipantImpl[m
[INFO] [1791270999.446039229] [upper_planner_node]: planner state input: Odometry topic=/motive/vehicle/odom_map yaw=orientation.z scalar
[INFO] [1791270999.448892631] [upper_planner_node]: Egocentric MIQP planner ready: rate=2.00Hz pred_dt=0.750s Nmax=7 lower_dt=0.100s target_v=6.000m/s scale=fullscale wheelbase=2.80m length=4.70m bev=40.00m margin=2.00m state=odom grid=/bev/occupancy_grid sparse=/planner/upper_path_sparse dense=/planner/lower_reference_path
[INFO] [1791270999.449032381] [upper_planner_node]: upper branch model: cumulative_increment=1 turn_window_at_split=1 turn_target_absolute=1 split_continuity=6.75m r_dpsi=2.000 lambda_turn=0.600
[INFO] [1791270999.457699378] [lower_tracking_mpc_node]: LowerTrackingMpcNode ready: rate=10.00Hz dt=0.100s N=30 path=/planner/lower_reference_path scale=fullscale wheelbase=2.80m rear_offset=1.40m command_scale=0.350rad actuator_model=1 delay=0.00s tau=0.74s backend=disabled virtual=/cmd_control
"replica_north(control)_off-0.8_yaw-3" "tau1.0" "h6" "time_limit" cycles=160
getifaddrs: Operation not permitted
getifaddrs: Operation not permitted
[37;1m2026-10-06 16:16:39.551 [31;1m[[37;1mTRANSPORT[31;1m Error] [37mAll whitelist interfaces were filtered out[34;1m -> Function [36mUDPv4Transport[m
[37;1m2026-10-06 16:16:39.551 [31;1m[[37;1mTRANSPORT_UDP[31;1m Error] [37mError creating socket: Operation not permitted[34;1m -> Function [36minit[m
[37;1m2026-10-06 16:16:39.551 [31;1m[[37;1mRTPS_PARTICIPANT[31;1m Error] [37mUser transport failed to register.[34;1m -> Function [36mRTPSParticipantImpl[m
[INFO] [1791270999.562935802] [upper_planner_node]: planner state input: Odometry topic=/motive/vehicle/odom_map yaw=orientation.z scalar
[INFO] [1791270999.565854648] [upper_planner_node]: Egocentric MIQP planner ready: rate=2.00Hz pred_dt=0.750s Nmax=7 lower_dt=0.100s target_v=6.000m/s scale=fullscale wheelbase=2.80m length=4.70m bev=40.00m margin=2.00m state=odom grid=/bev/occupancy_grid sparse=/planner/upper_path_sparse dense=/planner/lower_reference_path
[INFO] [1791270999.566012511] [upper_planner_node]: upper branch model: cumulative_increment=1 turn_window_at_split=1 turn_target_absolute=1 split_continuity=6.75m r_dpsi=2.000 lambda_turn=0.600
[INFO] [1791270999.574882332] [lower_tracking_mpc_node]: LowerTrackingMpcNode ready: rate=10.00Hz dt=0.100s N=30 path=/planner/lower_reference_path scale=fullscale wheelbase=2.80m rear_offset=1.40m command_scale=0.350rad actuator_model=1 delay=0.00s tau=0.74s backend=disabled virtual=/cmd_control
"Yright_target_diverging_off+0_yaw+0" "tau0.74_noise2" "h7" "goal_reached" cycles=255
getifaddrs: Operation not permitted
getifaddrs: Operation not permitted
[37;1m2026-10-06 16:16:39.707 [31;1m[[37;1mTRANSPORT[31;1m Error] [37mAll whitelist interfaces were filtered out[34;1m -> Function [36mUDPv4Transport[m
[37;1m2026-10-06 16:16:39.707 [31;1m[[37;1mTRANSPORT_UDP[31;1m Error] [37mError creating socket: Operation not permitted[34;1m -> Function [36minit[m
[37;1m2026-10-06 16:16:39.707 [31;1m[[37;1mRTPS_PARTICIPANT[31;1m Error] [37mUser transport failed to register.[34;1m -> Function [36mRTPSParticipantImpl[m
[INFO] [1791270999.720369093] [upper_planner_node]: planner state input: Odometry topic=/motive/vehicle/odom_map yaw=orientation.z scalar
[INFO] [1791270999.723558734] [upper_planner_node]: Egocentric MIQP planner ready: rate=2.00Hz pred_dt=0.750s Nmax=7 lower_dt=0.100s target_v=6.000m/s scale=fullscale wheelbase=2.80m length=4.70m bev=40.00m margin=2.00m state=odom grid=/bev/occupancy_grid sparse=/planner/upper_path_sparse dense=/planner/lower_reference_path
[INFO] [1791270999.723701780] [upper_planner_node]: upper branch model: cumulative_increment=1 turn_window_at_split=1 turn_target_absolute=1 split_continuity=6.75m r_dpsi=2.000 lambda_turn=0.600
[INFO] [1791270999.732494158] [lower_tracking_mpc_node]: LowerTrackingMpcNode ready: rate=10.00Hz dt=0.100s N=30 path=/planner/lower_reference_path scale=fullscale wheelbase=2.80m rear_offset=1.40m command_scale=0.350rad actuator_model=1 delay=0.00s tau=0.74s backend=disabled virtual=/cmd_control
"Yright_target_diverging_off+0_yaw+0" "tau0.74_noise2" "h6" "goal_reached" cycles=254
getifaddrs: Operation not permitted
getifaddrs: Operation not permitted
[37;1m2026-10-06 16:16:39.860 [31;1m[[37;1mTRANSPORT[31;1m Error] [37mAll whitelist interfaces were filtered out[34;1m -> Function [36mUDPv4Transport[m
[37;1m2026-10-06 16:16:39.861 [31;1m[[37;1mTRANSPORT_UDP[31;1m Error] [37mError creating socket: Operation not permitted[34;1m -> Function [36minit[m
[37;1m2026-10-06 16:16:39.861 [31;1m[[37;1mRTPS_PARTICIPANT[31;1m Error] [37mUser transport failed to register.[34;1m -> Function [36mRTPSParticipantImpl[m
[INFO] [1791270999.872604337] [upper_planner_node]: planner state input: Odometry topic=/motive/vehicle/odom_map yaw=orientation.z scalar
[INFO] [1791270999.875991298] [upper_planner_node]: Egocentric MIQP planner ready: rate=2.00Hz pred_dt=0.750s Nmax=7 lower_dt=0.100s target_v=6.000m/s scale=fullscale wheelbase=2.80m length=4.70m bev=40.00m margin=2.00m state=odom grid=/bev/occupancy_grid sparse=/planner/upper_path_sparse dense=/planner/lower_reference_path
[INFO] [1791270999.876166314] [upper_planner_node]: upper branch model: cumulative_increment=1 turn_window_at_split=1 turn_target_absolute=1 split_continuity=6.75m r_dpsi=2.000 lambda_turn=0.600
[INFO] [1791270999.885194542] [lower_tracking_mpc_node]: LowerTrackingMpcNode ready: rate=10.00Hz dt=0.100s N=30 path=/planner/lower_reference_path scale=fullscale wheelbase=2.80m rear_offset=1.40m command_scale=0.350rad actuator_model=1 delay=0.00s tau=0.74s backend=disabled virtual=/cmd_control
"Yright_target_diverging_off+0_yaw+0" "tau0.5" "h7" "goal_reached" cycles=255
getifaddrs: Operation not permitted
getifaddrs: Operation not permitted
[37;1m2026-10-06 16:16:40.017 [31;1m[[37;1mTRANSPORT[31;1m Error] [37mAll whitelist interfaces were filtered out[34;1m -> Function [36mUDPv4Transport[m
[37;1m2026-10-06 16:16:40.017 [31;1m[[37;1mTRANSPORT_UDP[31;1m Error] [37mError creating socket: Operation not permitted[34;1m -> Function [36minit[m
[37;1m2026-10-06 16:16:40.017 [31;1m[[37;1mRTPS_PARTICIPANT[31;1m Error] [37mUser transport failed to register.[34;1m -> Function [36mRTPSParticipantImpl[m
[INFO] [1791271000.028681536] [upper_planner_node]: planner state input: Odometry topic=/motive/vehicle/odom_map yaw=orientation.z scalar
[INFO] [1791271000.031764485] [upper_planner_node]: Egocentric MIQP planner ready: rate=2.00Hz pred_dt=0.750s Nmax=7 lower_dt=0.100s target_v=6.000m/s scale=fullscale wheelbase=2.80m length=4.70m bev=40.00m margin=2.00m state=odom grid=/bev/occupancy_grid sparse=/planner/upper_path_sparse dense=/planner/lower_reference_path
[INFO] [1791271000.031909835] [upper_planner_node]: upper branch model: cumulative_increment=1 turn_window_at_split=1 turn_target_absolute=1 split_continuity=6.75m r_dpsi=2.000 lambda_turn=0.600
[INFO] [1791271000.040816617] [lower_tracking_mpc_node]: LowerTrackingMpcNode ready: rate=10.00Hz dt=0.100s N=30 path=/planner/lower_reference_path scale=fullscale wheelbase=2.80m rear_offset=1.40m command_scale=0.350rad actuator_model=1 delay=0.00s tau=0.74s backend=disabled virtual=/cmd_control
"Yright_target_diverging_off+0_yaw+0" "tau0.5" "h6" "goal_reached" cycles=254
getifaddrs: Operation not permitted
getifaddrs: Operation not permitted
[37;1m2026-10-06 16:16:40.166 [31;1m[[37;1mTRANSPORT[31;1m Error] [37mAll whitelist interfaces were filtered out[34;1m -> Function [36mUDPv4Transport[m
[37;1m2026-10-06 16:16:40.166 [31;1m[[37;1mTRANSPORT_UDP[31;1m Error] [37mError creating socket: Operation not permitted[34;1m -> Function [36minit[m
[37;1m2026-10-06 16:16:40.166 [31;1m[[37;1mRTPS_PARTICIPANT[31;1m Error] [37mUser transport failed to register.[34;1m -> Function [36mRTPSParticipantImpl[m
[INFO] [1791271000.178487773] [upper_planner_node]: planner state input: Odometry topic=/motive/vehicle/odom_map yaw=orientation.z scalar
[INFO] [1791271000.181464701] [upper_planner_node]: Egocentric MIQP planner ready: rate=2.00Hz pred_dt=0.750s Nmax=7 lower_dt=0.100s target_v=6.000m/s scale=fullscale wheelbase=2.80m length=4.70m bev=40.00m margin=2.00m state=odom grid=/bev/occupancy_grid sparse=/planner/upper_path_sparse dense=/planner/lower_reference_path
[INFO] [1791271000.181688582] [upper_planner_node]: upper branch model: cumulative_increment=1 turn_window_at_split=1 turn_target_absolute=1 split_continuity=6.75m r_dpsi=2.000 lambda_turn=0.600
[INFO] [1791271000.190687017] [lower_tracking_mpc_node]: LowerTrackingMpcNode ready: rate=10.00Hz dt=0.100s N=30 path=/planner/lower_reference_path scale=fullscale wheelbase=2.80m rear_offset=1.40m command_scale=0.350rad actuator_model=1 delay=0.00s tau=0.74s backend=disabled virtual=/cmd_control
"Yright_target_diverging_off+0_yaw+0" "tau1.0" "h7" "goal_reached" cycles=255
getifaddrs: Operation not permitted
getifaddrs: Operation not permitted
[37;1m2026-10-06 16:16:40.321 [31;1m[[37;1mTRANSPORT[31;1m Error] [37mAll whitelist interfaces were filtered out[34;1m -> Function [36mUDPv4Transport[m
[37;1m2026-10-06 16:16:40.322 [31;1m[[37;1mTRANSPORT_UDP[31;1m Error] [37mError creating socket: Operation not permitted[34;1m -> Function [36minit[m
[37;1m2026-10-06 16:16:40.322 [31;1m[[37;1mRTPS_PARTICIPANT[31;1m Error] [37mUser transport failed to register.[34;1m -> Function [36mRTPSParticipantImpl[m
[INFO] [1791271000.333277008] [upper_planner_node]: planner state input: Odometry topic=/motive/vehicle/odom_map yaw=orientation.z scalar
[INFO] [1791271000.336285809] [upper_planner_node]: Egocentric MIQP planner ready: rate=2.00Hz pred_dt=0.750s Nmax=7 lower_dt=0.100s target_v=6.000m/s scale=fullscale wheelbase=2.80m length=4.70m bev=40.00m margin=2.00m state=odom grid=/bev/occupancy_grid sparse=/planner/upper_path_sparse dense=/planner/lower_reference_path
[INFO] [1791271000.336425687] [upper_planner_node]: upper branch model: cumulative_increment=1 turn_window_at_split=1 turn_target_absolute=1 split_continuity=6.75m r_dpsi=2.000 lambda_turn=0.600
[INFO] [1791271000.345301908] [lower_tracking_mpc_node]: LowerTrackingMpcNode ready: rate=10.00Hz dt=0.100s N=30 path=/planner/lower_reference_path scale=fullscale wheelbase=2.80m rear_offset=1.40m command_scale=0.350rad actuator_model=1 delay=0.00s tau=0.74s backend=disabled virtual=/cmd_control
"Yright_target_diverging_off+0_yaw+0" "tau1.0" "h6" "goal_reached" cycles=254
getifaddrs: Operation not permitted
getifaddrs: Operation not permitted
[37;1m2026-10-06 16:16:40.475 [31;1m[[37;1mTRANSPORT[31;1m Error] [37mAll whitelist interfaces were filtered out[34;1m -> Function [36mUDPv4Transport[m
[37;1m2026-10-06 16:16:40.475 [31;1m[[37;1mTRANSPORT_UDP[31;1m Error] [37mError creating socket: Operation not permitted[34;1m -> Function [36minit[m
[37;1m2026-10-06 16:16:40.475 [31;1m[[37;1mRTPS_PARTICIPANT[31;1m Error] [37mUser transport failed to register.[34;1m -> Function [36mRTPSParticipantImpl[m
[INFO] [1791271000.486708200] [upper_planner_node]: planner state input: Odometry topic=/motive/vehicle/odom_map yaw=orientation.z scalar
[INFO] [1791271000.489603748] [upper_planner_node]: Egocentric MIQP planner ready: rate=2.00Hz pred_dt=0.750s Nmax=7 lower_dt=0.100s target_v=6.000m/s scale=fullscale wheelbase=2.80m length=4.70m bev=40.00m margin=2.00m state=odom grid=/bev/occupancy_grid sparse=/planner/upper_path_sparse dense=/planner/lower_reference_path
[INFO] [1791271000.489735754] [upper_planner_node]: upper branch model: cumulative_increment=1 turn_window_at_split=1 turn_target_absolute=1 split_continuity=6.75m r_dpsi=2.000 lambda_turn=0.600
[INFO] [1791271000.498588998] [lower_tracking_mpc_node]: LowerTrackingMpcNode ready: rate=10.00Hz dt=0.100s N=30 path=/planner/lower_reference_path scale=fullscale wheelbase=2.80m rear_offset=1.40m command_scale=0.350rad actuator_model=1 delay=0.00s tau=0.74s backend=disabled virtual=/cmd_control
"Yright_target_continuing_off+0_yaw+0" "tau0.74_noise2" "h7" "goal_reached" cycles=256
getifaddrs: Operation not permitted
getifaddrs: Operation not permitted
[37;1m2026-10-06 16:16:40.626 [31;1m[[37;1mTRANSPORT[31;1m Error] [37mAll whitelist interfaces were filtered out[34;1m -> Function [36mUDPv4Transport[m
[37;1m2026-10-06 16:16:40.626 [31;1m[[37;1mTRANSPORT_UDP[31;1m Error] [37mError creating socket: Operation not permitted[34;1m -> Function [36minit[m
[37;1m2026-10-06 16:16:40.626 [31;1m[[37;1mRTPS_PARTICIPANT[31;1m Error] [37mUser transport failed to register.[34;1m -> Function [36mRTPSParticipantImpl[m
[INFO] [1791271000.638683266] [upper_planner_node]: planner state input: Odometry topic=/motive/vehicle/odom_map yaw=orientation.z scalar
[INFO] [1791271000.641788743] [upper_planner_node]: Egocentric MIQP planner ready: rate=2.00Hz pred_dt=0.750s Nmax=7 lower_dt=0.100s target_v=6.000m/s scale=fullscale wheelbase=2.80m length=4.70m bev=40.00m margin=2.00m state=odom grid=/bev/occupancy_grid sparse=/planner/upper_path_sparse dense=/planner/lower_reference_path
[INFO] [1791271000.641972367] [upper_planner_node]: upper branch model: cumulative_increment=1 turn_window_at_split=1 turn_target_absolute=1 split_continuity=6.75m r_dpsi=2.000 lambda_turn=0.600
[INFO] [1791271000.650881805] [lower_tracking_mpc_node]: LowerTrackingMpcNode ready: rate=10.00Hz dt=0.100s N=30 path=/planner/lower_reference_path scale=fullscale wheelbase=2.80m rear_offset=1.40m command_scale=0.350rad actuator_model=1 delay=0.00s tau=0.74s backend=disabled virtual=/cmd_control
"Yright_target_continuing_off+0_yaw+0" "tau0.74_noise2" "h6" "goal_reached" cycles=256
getifaddrs: Operation not permitted
getifaddrs: Operation not permitted
[37;1m2026-10-06 16:16:40.775 [31;1m[[37;1mTRANSPORT[31;1m Error] [37mAll whitelist interfaces were filtered out[34;1m -> Function [36mUDPv4Transport[m
[37;1m2026-10-06 16:16:40.775 [31;1m[[37;1mTRANSPORT_UDP[31;1m Error] [37mError creating socket: Operation not permitted[34;1m -> Function [36minit[m
[37;1m2026-10-06 16:16:40.775 [31;1m[[37;1mRTPS_PARTICIPANT[31;1m Error] [37mUser transport failed to register.[34;1m -> Function [36mRTPSParticipantImpl[m
[INFO] [1791271000.786544459] [upper_planner_node]: planner state input: Odometry topic=/motive/vehicle/odom_map yaw=orientation.z scalar
[INFO] [1791271000.789479913] [upper_planner_node]: Egocentric MIQP planner ready: rate=2.00Hz pred_dt=0.750s Nmax=7 lower_dt=0.100s target_v=6.000m/s scale=fullscale wheelbase=2.80m length=4.70m bev=40.00m margin=2.00m state=odom grid=/bev/occupancy_grid sparse=/planner/upper_path_sparse dense=/planner/lower_reference_path
[INFO] [1791271000.789634800] [upper_planner_node]: upper branch model: cumulative_increment=1 turn_window_at_split=1 turn_target_absolute=1 split_continuity=6.75m r_dpsi=2.000 lambda_turn=0.600
[INFO] [1791271000.798755191] [lower_tracking_mpc_node]: LowerTrackingMpcNode ready: rate=10.00Hz dt=0.100s N=30 path=/planner/lower_reference_path scale=fullscale wheelbase=2.80m rear_offset=1.40m command_scale=0.350rad actuator_model=1 delay=0.00s tau=0.74s backend=disabled virtual=/cmd_control
"Yright_target_continuing_off+0_yaw+0" "tau0.5" "h7" "goal_reached" cycles=256
getifaddrs: Operation not permitted
getifaddrs: Operation not permitted
[37;1m2026-10-06 16:16:40.927 [31;1m[[37;1mTRANSPORT[31;1m Error] [37mAll whitelist interfaces were filtered out[34;1m -> Function [36mUDPv4Transport[m
[37;1m2026-10-06 16:16:40.927 [31;1m[[37;1mTRANSPORT_UDP[31;1m Error] [37mError creating socket: Operation not permitted[34;1m -> Function [36minit[m
[37;1m2026-10-06 16:16:40.927 [31;1m[[37;1mRTPS_PARTICIPANT[31;1m Error] [37mUser transport failed to register.[34;1m -> Function [36mRTPSParticipantImpl[m
[INFO] [1791271000.938126100] [upper_planner_node]: planner state input: Odometry topic=/motive/vehicle/odom_map yaw=orientation.z scalar
[INFO] [1791271000.940972046] [upper_planner_node]: Egocentric MIQP planner ready: rate=2.00Hz pred_dt=0.750s Nmax=7 lower_dt=0.100s target_v=6.000m/s scale=fullscale wheelbase=2.80m length=4.70m bev=40.00m margin=2.00m state=odom grid=/bev/occupancy_grid sparse=/planner/upper_path_sparse dense=/planner/lower_reference_path
[INFO] [1791271000.941143829] [upper_planner_node]: upper branch model: cumulative_increment=1 turn_window_at_split=1 turn_target_absolute=1 split_continuity=6.75m r_dpsi=2.000 lambda_turn=0.600
[INFO] [1791271000.949984817] [lower_tracking_mpc_node]: LowerTrackingMpcNode ready: rate=10.00Hz dt=0.100s N=30 path=/planner/lower_reference_path scale=fullscale wheelbase=2.80m rear_offset=1.40m command_scale=0.350rad actuator_model=1 delay=0.00s tau=0.74s backend=disabled virtual=/cmd_control
"Yright_target_continuing_off+0_yaw+0" "tau0.5" "h6" "goal_reached" cycles=256
getifaddrs: Operation not permitted
getifaddrs: Operation not permitted
[37;1m2026-10-06 16:16:41.072 [31;1m[[37;1mTRANSPORT[31;1m Error] [37mAll whitelist interfaces were filtered out[34;1m -> Function [36mUDPv4Transport[m
[37;1m2026-10-06 16:16:41.072 [31;1m[[37;1mTRANSPORT_UDP[31;1m Error] [37mError creating socket: Operation not permitted[34;1m -> Function [36minit[m
[37;1m2026-10-06 16:16:41.072 [31;1m[[37;1mRTPS_PARTICIPANT[31;1m Error] [37mUser transport failed to register.[34;1m -> Function [36mRTPSParticipantImpl[m
[INFO] [1791271001.084284144] [upper_planner_node]: planner state input: Odometry topic=/motive/vehicle/odom_map yaw=orientation.z scalar
[INFO] [1791271001.087240527] [upper_planner_node]: Egocentric MIQP planner ready: rate=2.00Hz pred_dt=0.750s Nmax=7 lower_dt=0.100s target_v=6.000m/s scale=fullscale wheelbase=2.80m length=4.70m bev=40.00m margin=2.00m state=odom grid=/bev/occupancy_grid sparse=/planner/upper_path_sparse dense=/planner/lower_reference_path
[INFO] [1791271001.087443480] [upper_planner_node]: upper branch model: cumulative_increment=1 turn_window_at_split=1 turn_target_absolute=1 split_continuity=6.75m r_dpsi=2.000 lambda_turn=0.600
[INFO] [1791271001.096683044] [lower_tracking_mpc_node]: LowerTrackingMpcNode ready: rate=10.00Hz dt=0.100s N=30 path=/planner/lower_reference_path scale=fullscale wheelbase=2.80m rear_offset=1.40m command_scale=0.350rad actuator_model=1 delay=0.00s tau=0.74s backend=disabled virtual=/cmd_control
"Yright_target_continuing_off+0_yaw+0" "tau1.0" "h7" "goal_reached" cycles=256
getifaddrs: Operation not permitted
getifaddrs: Operation not permitted
[37;1m2026-10-06 16:16:41.223 [31;1m[[37;1mTRANSPORT[31;1m Error] [37mAll whitelist interfaces were filtered out[34;1m -> Function [36mUDPv4Transport[m
[37;1m2026-10-06 16:16:41.223 [31;1m[[37;1mTRANSPORT_UDP[31;1m Error] [37mError creating socket: Operation not permitted[34;1m -> Function [36minit[m
[37;1m2026-10-06 16:16:41.223 [31;1m[[37;1mRTPS_PARTICIPANT[31;1m Error] [37mUser transport failed to register.[34;1m -> Function [36mRTPSParticipantImpl[m
[INFO] [1791271001.234764036] [upper_planner_node]: planner state input: Odometry topic=/motive/vehicle/odom_map yaw=orientation.z scalar
[INFO] [1791271001.237745763] [upper_planner_node]: Egocentric MIQP planner ready: rate=2.00Hz pred_dt=0.750s Nmax=7 lower_dt=0.100s target_v=6.000m/s scale=fullscale wheelbase=2.80m length=4.70m bev=40.00m margin=2.00m state=odom grid=/bev/occupancy_grid sparse=/planner/upper_path_sparse dense=/planner/lower_reference_path
[INFO] [1791271001.237895466] [upper_planner_node]: upper branch model: cumulative_increment=1 turn_window_at_split=1 turn_target_absolute=1 split_continuity=6.75m r_dpsi=2.000 lambda_turn=0.600
[INFO] [1791271001.246801256] [lower_tracking_mpc_node]: LowerTrackingMpcNode ready: rate=10.00Hz dt=0.100s N=30 path=/planner/lower_reference_path scale=fullscale wheelbase=2.80m rear_offset=1.40m command_scale=0.350rad actuator_model=1 delay=0.00s tau=0.74s backend=disabled virtual=/cmd_control
"Yright_target_continuing_off+0_yaw+0" "tau1.0" "h6" "goal_reached" cycles=256
getifaddrs: Operation not permitted
getifaddrs: Operation not permitted
[37;1m2026-10-06 16:16:41.373 [31;1m[[37;1mTRANSPORT[31;1m Error] [37mAll whitelist interfaces were filtered out[34;1m -> Function [36mUDPv4Transport[m
[37;1m2026-10-06 16:16:41.373 [31;1m[[37;1mTRANSPORT_UDP[31;1m Error] [37mError creating socket: Operation not permitted[34;1m -> Function [36minit[m
[37;1m2026-10-06 16:16:41.373 [31;1m[[37;1mRTPS_PARTICIPANT[31;1m Error] [37mUser transport failed to register.[34;1m -> Function [36mRTPSParticipantImpl[m
[INFO] [1791271001.385037774] [upper_planner_node]: planner state input: Odometry topic=/motive/vehicle/odom_map yaw=orientation.z scalar
[INFO] [1791271001.388256376] [upper_planner_node]: Egocentric MIQP planner ready: rate=2.00Hz pred_dt=0.750s Nmax=7 lower_dt=0.100s target_v=6.000m/s scale=fullscale wheelbase=2.80m length=4.70m bev=40.00m margin=2.00m state=odom grid=/bev/occupancy_grid sparse=/planner/upper_path_sparse dense=/planner/lower_reference_path
[INFO] [1791271001.388409310] [upper_planner_node]: upper branch model: cumulative_increment=1 turn_window_at_split=1 turn_target_absolute=1 split_continuity=6.75m r_dpsi=2.000 lambda_turn=0.600
[INFO] [1791271001.397277979] [lower_tracking_mpc_node]: LowerTrackingMpcNode ready: rate=10.00Hz dt=0.100s N=30 path=/planner/lower_reference_path scale=fullscale wheelbase=2.80m rear_offset=1.40m command_scale=0.350rad actuator_model=1 delay=0.00s tau=0.74s backend=disabled virtual=/cmd_control
"Yleft_target_diverging_off+0_yaw+0" "tau0.74_noise2" "h7" "goal_reached" cycles=255
getifaddrs: Operation not permitted
getifaddrs: Operation not permitted
[37;1m2026-10-06 16:16:41.530 [31;1m[[37;1mTRANSPORT[31;1m Error] [37mAll whitelist interfaces were filtered out[34;1m -> Function [36mUDPv4Transport[m
[37;1m2026-10-06 16:16:41.530 [31;1m[[37;1mTRANSPORT_UDP[31;1m Error] [37mError creating socket: Operation not permitted[34;1m -> Function [36minit[m
[37;1m2026-10-06 16:16:41.530 [31;1m[[37;1mRTPS_PARTICIPANT[31;1m Error] [37mUser transport failed to register.[34;1m -> Function [36mRTPSParticipantImpl[m
[INFO] [1791271001.542328933] [upper_planner_node]: planner state input: Odometry topic=/motive/vehicle/odom_map yaw=orientation.z scalar
[INFO] [1791271001.545386344] [upper_planner_node]: Egocentric MIQP planner ready: rate=2.00Hz pred_dt=0.750s Nmax=7 lower_dt=0.100s target_v=6.000m/s scale=fullscale wheelbase=2.80m length=4.70m bev=40.00m margin=2.00m state=odom grid=/bev/occupancy_grid sparse=/planner/upper_path_sparse dense=/planner/lower_reference_path
[INFO] [1791271001.545526862] [upper_planner_node]: upper branch model: cumulative_increment=1 turn_window_at_split=1 turn_target_absolute=1 split_continuity=6.75m r_dpsi=2.000 lambda_turn=0.600
[INFO] [1791271001.554783995] [lower_tracking_mpc_node]: LowerTrackingMpcNode ready: rate=10.00Hz dt=0.100s N=30 path=/planner/lower_reference_path scale=fullscale wheelbase=2.80m rear_offset=1.40m command_scale=0.350rad actuator_model=1 delay=0.00s tau=0.74s backend=disabled virtual=/cmd_control
"Yleft_target_diverging_off+0_yaw+0" "tau0.74_noise2" "h6" "goal_reached" cycles=254
getifaddrs: Operation not permitted
getifaddrs: Operation not permitted
[37;1m2026-10-06 16:16:41.683 [31;1m[[37;1mTRANSPORT[31;1m Error] [37mAll whitelist interfaces were filtered out[34;1m -> Function [36mUDPv4Transport[m
[37;1m2026-10-06 16:16:41.683 [31;1m[[37;1mTRANSPORT_UDP[31;1m Error] [37mError creating socket: Operation not permitted[34;1m -> Function [36minit[m
[37;1m2026-10-06 16:16:41.683 [31;1m[[37;1mRTPS_PARTICIPANT[31;1m Error] [37mUser transport failed to register.[34;1m -> Function [36mRTPSParticipantImpl[m
[INFO] [1791271001.694342810] [upper_planner_node]: planner state input: Odometry topic=/motive/vehicle/odom_map yaw=orientation.z scalar
[INFO] [1791271001.697319833] [upper_planner_node]: Egocentric MIQP planner ready: rate=2.00Hz pred_dt=0.750s Nmax=7 lower_dt=0.100s target_v=6.000m/s scale=fullscale wheelbase=2.80m length=4.70m bev=40.00m margin=2.00m state=odom grid=/bev/occupancy_grid sparse=/planner/upper_path_sparse dense=/planner/lower_reference_path
[INFO] [1791271001.697463136] [upper_planner_node]: upper branch model: cumulative_increment=1 turn_window_at_split=1 turn_target_absolute=1 split_continuity=6.75m r_dpsi=2.000 lambda_turn=0.600
[INFO] [1791271001.706591847] [lower_tracking_mpc_node]: LowerTrackingMpcNode ready: rate=10.00Hz dt=0.100s N=30 path=/planner/lower_reference_path scale=fullscale wheelbase=2.80m rear_offset=1.40m command_scale=0.350rad actuator_model=1 delay=0.00s tau=0.74s backend=disabled virtual=/cmd_control
"Yleft_target_diverging_off+0_yaw+0" "tau0.5" "h7" "goal_reached" cycles=254
getifaddrs: Operation not permitted
getifaddrs: Operation not permitted
[37;1m2026-10-06 16:16:41.837 [31;1m[[37;1mTRANSPORT[31;1m Error] [37mAll whitelist interfaces were filtered out[34;1m -> Function [36mUDPv4Transport[m
[37;1m2026-10-06 16:16:41.837 [31;1m[[37;1mTRANSPORT_UDP[31;1m Error] [37mError creating socket: Operation not permitted[34;1m -> Function [36minit[m
[37;1m2026-10-06 16:16:41.837 [31;1m[[37;1mRTPS_PARTICIPANT[31;1m Error] [37mUser transport failed to register.[34;1m -> Function [36mRTPSParticipantImpl[m
[INFO] [1791271001.848498346] [upper_planner_node]: planner state input: Odometry topic=/motive/vehicle/odom_map yaw=orientation.z scalar
[INFO] [1791271001.851762678] [upper_planner_node]: Egocentric MIQP planner ready: rate=2.00Hz pred_dt=0.750s Nmax=7 lower_dt=0.100s target_v=6.000m/s scale=fullscale wheelbase=2.80m length=4.70m bev=40.00m margin=2.00m state=odom grid=/bev/occupancy_grid sparse=/planner/upper_path_sparse dense=/planner/lower_reference_path
[INFO] [1791271001.851919773] [upper_planner_node]: upper branch model: cumulative_increment=1 turn_window_at_split=1 turn_target_absolute=1 split_continuity=6.75m r_dpsi=2.000 lambda_turn=0.600
[INFO] [1791271001.860688085] [lower_tracking_mpc_node]: LowerTrackingMpcNode ready: rate=10.00Hz dt=0.100s N=30 path=/planner/lower_reference_path scale=fullscale wheelbase=2.80m rear_offset=1.40m command_scale=0.350rad actuator_model=1 delay=0.00s tau=0.74s backend=disabled virtual=/cmd_control
"Yleft_target_diverging_off+0_yaw+0" "tau0.5" "h6" "goal_reached" cycles=254
getifaddrs: Operation not permitted
getifaddrs: Operation not permitted
[37;1m2026-10-06 16:16:41.984 [31;1m[[37;1mTRANSPORT[31;1m Error] [37mAll whitelist interfaces were filtered out[34;1m -> Function [36mUDPv4Transport[m
[37;1m2026-10-06 16:16:41.985 [31;1m[[37;1mTRANSPORT_UDP[31;1m Error] [37mError creating socket: Operation not permitted[34;1m -> Function [36minit[m
[37;1m2026-10-06 16:16:41.985 [31;1m[[37;1mRTPS_PARTICIPANT[31;1m Error] [37mUser transport failed to register.[34;1m -> Function [36mRTPSParticipantImpl[m
[INFO] [1791271001.997189489] [upper_planner_node]: planner state input: Odometry topic=/motive/vehicle/odom_map yaw=orientation.z scalar
[INFO] [1791271002.000199602] [upper_planner_node]: Egocentric MIQP planner ready: rate=2.00Hz pred_dt=0.750s Nmax=7 lower_dt=0.100s target_v=6.000m/s scale=fullscale wheelbase=2.80m length=4.70m bev=40.00m margin=2.00m state=odom grid=/bev/occupancy_grid sparse=/planner/upper_path_sparse dense=/planner/lower_reference_path
[INFO] [1791271002.000399834] [upper_planner_node]: upper branch model: cumulative_increment=1 turn_window_at_split=1 turn_target_absolute=1 split_continuity=6.75m r_dpsi=2.000 lambda_turn=0.600
[INFO] [1791271002.009206644] [lower_tracking_mpc_node]: LowerTrackingMpcNode ready: rate=10.00Hz dt=0.100s N=30 path=/planner/lower_reference_path scale=fullscale wheelbase=2.80m rear_offset=1.40m command_scale=0.350rad actuator_model=1 delay=0.00s tau=0.74s backend=disabled virtual=/cmd_control
"Yleft_target_diverging_off+0_yaw+0" "tau1.0" "h7" "goal_reached" cycles=255
getifaddrs: Operation not permitted
getifaddrs: Operation not permitted
[37;1m2026-10-06 16:16:42.139 [31;1m[[37;1mTRANSPORT[31;1m Error] [37mAll whitelist interfaces were filtered out[34;1m -> Function [36mUDPv4Transport[m
[37;1m2026-10-06 16:16:42.139 [31;1m[[37;1mTRANSPORT_UDP[31;1m Error] [37mError creating socket: Operation not permitted[34;1m -> Function [36minit[m
[37;1m2026-10-06 16:16:42.139 [31;1m[[37;1mRTPS_PARTICIPANT[31;1m Error] [37mUser transport failed to register.[34;1m -> Function [36mRTPSParticipantImpl[m
[INFO] [1791271002.149991489] [upper_planner_node]: planner state input: Odometry topic=/motive/vehicle/odom_map yaw=orientation.z scalar
[INFO] [1791271002.152882237] [upper_planner_node]: Egocentric MIQP planner ready: rate=2.00Hz pred_dt=0.750s Nmax=7 lower_dt=0.100s target_v=6.000m/s scale=fullscale wheelbase=2.80m length=4.70m bev=40.00m margin=2.00m state=odom grid=/bev/occupancy_grid sparse=/planner/upper_path_sparse dense=/planner/lower_reference_path
[INFO] [1791271002.153141096] [upper_planner_node]: upper branch model: cumulative_increment=1 turn_window_at_split=1 turn_target_absolute=1 split_continuity=6.75m r_dpsi=2.000 lambda_turn=0.600
[INFO] [1791271002.161688054] [lower_tracking_mpc_node]: LowerTrackingMpcNode ready: rate=10.00Hz dt=0.100s N=30 path=/planner/lower_reference_path scale=fullscale wheelbase=2.80m rear_offset=1.40m command_scale=0.350rad actuator_model=1 delay=0.00s tau=0.74s backend=disabled virtual=/cmd_control
"Yleft_target_diverging_off+0_yaw+0" "tau1.0" "h6" "goal_reached" cycles=254
getifaddrs: Operation not permitted
getifaddrs: Operation not permitted
[37;1m2026-10-06 16:16:42.290 [31;1m[[37;1mTRANSPORT[31;1m Error] [37mAll whitelist interfaces were filtered out[34;1m -> Function [36mUDPv4Transport[m
[37;1m2026-10-06 16:16:42.290 [31;1m[[37;1mTRANSPORT_UDP[31;1m Error] [37mError creating socket: Operation not permitted[34;1m -> Function [36minit[m
[37;1m2026-10-06 16:16:42.290 [31;1m[[37;1mRTPS_PARTICIPANT[31;1m Error] [37mUser transport failed to register.[34;1m -> Function [36mRTPSParticipantImpl[m
[INFO] [1791271002.301426199] [upper_planner_node]: planner state input: Odometry topic=/motive/vehicle/odom_map yaw=orientation.z scalar
[INFO] [1791271002.304318482] [upper_planner_node]: Egocentric MIQP planner ready: rate=2.00Hz pred_dt=0.750s Nmax=7 lower_dt=0.100s target_v=6.000m/s scale=fullscale wheelbase=2.80m length=4.70m bev=40.00m margin=2.00m state=odom grid=/bev/occupancy_grid sparse=/planner/upper_path_sparse dense=/planner/lower_reference_path
[INFO] [1791271002.304456760] [upper_planner_node]: upper branch model: cumulative_increment=1 turn_window_at_split=1 turn_target_absolute=1 split_continuity=6.75m r_dpsi=2.000 lambda_turn=0.600
[INFO] [1791271002.313037992] [lower_tracking_mpc_node]: LowerTrackingMpcNode ready: rate=10.00Hz dt=0.100s N=30 path=/planner/lower_reference_path scale=fullscale wheelbase=2.80m rear_offset=1.40m command_scale=0.350rad actuator_model=1 delay=0.00s tau=0.74s backend=disabled virtual=/cmd_control
"Yleft_target_continuing_off+0_yaw+0" "tau0.74_noise2" "h7" "goal_reached" cycles=256
getifaddrs: Operation not permitted
getifaddrs: Operation not permitted
[37;1m2026-10-06 16:16:42.442 [31;1m[[37;1mTRANSPORT[31;1m Error] [37mAll whitelist interfaces were filtered out[34;1m -> Function [36mUDPv4Transport[m
[37;1m2026-10-06 16:16:42.442 [31;1m[[37;1mTRANSPORT_UDP[31;1m Error] [37mError creating socket: Operation not permitted[34;1m -> Function [36minit[m
[37;1m2026-10-06 16:16:42.442 [31;1m[[37;1mRTPS_PARTICIPANT[31;1m Error] [37mUser transport failed to register.[34;1m -> Function [36mRTPSParticipantImpl[m
[INFO] [1791271002.454652825] [upper_planner_node]: planner state input: Odometry topic=/motive/vehicle/odom_map yaw=orientation.z scalar
[INFO] [1791271002.457648505] [upper_planner_node]: Egocentric MIQP planner ready: rate=2.00Hz pred_dt=0.750s Nmax=7 lower_dt=0.100s target_v=6.000m/s scale=fullscale wheelbase=2.80m length=4.70m bev=40.00m margin=2.00m state=odom grid=/bev/occupancy_grid sparse=/planner/upper_path_sparse dense=/planner/lower_reference_path
[INFO] [1791271002.457819968] [upper_planner_node]: upper branch model: cumulative_increment=1 turn_window_at_split=1 turn_target_absolute=1 split_continuity=6.75m r_dpsi=2.000 lambda_turn=0.600
[INFO] [1791271002.466986185] [lower_tracking_mpc_node]: LowerTrackingMpcNode ready: rate=10.00Hz dt=0.100s N=30 path=/planner/lower_reference_path scale=fullscale wheelbase=2.80m rear_offset=1.40m command_scale=0.350rad actuator_model=1 delay=0.00s tau=0.74s backend=disabled virtual=/cmd_control
"Yleft_target_continuing_off+0_yaw+0" "tau0.74_noise2" "h6" "goal_reached" cycles=256
getifaddrs: Operation not permitted
getifaddrs: Operation not permitted
[37;1m2026-10-06 16:16:42.592 [31;1m[[37;1mTRANSPORT[31;1m Error] [37mAll whitelist interfaces were filtered out[34;1m -> Function [36mUDPv4Transport[m
[37;1m2026-10-06 16:16:42.592 [31;1m[[37;1mTRANSPORT_UDP[31;1m Error] [37mError creating socket: Operation not permitted[34;1m -> Function [36minit[m
[37;1m2026-10-06 16:16:42.592 [31;1m[[37;1mRTPS_PARTICIPANT[31;1m Error] [37mUser transport failed to register.[34;1m -> Function [36mRTPSParticipantImpl[m
[INFO] [1791271002.603583843] [upper_planner_node]: planner state input: Odometry topic=/motive/vehicle/odom_map yaw=orientation.z scalar
[INFO] [1791271002.606506208] [upper_planner_node]: Egocentric MIQP planner ready: rate=2.00Hz pred_dt=0.750s Nmax=7 lower_dt=0.100s target_v=6.000m/s scale=fullscale wheelbase=2.80m length=4.70m bev=40.00m margin=2.00m state=odom grid=/bev/occupancy_grid sparse=/planner/upper_path_sparse dense=/planner/lower_reference_path
[INFO] [1791271002.606646086] [upper_planner_node]: upper branch model: cumulative_increment=1 turn_window_at_split=1 turn_target_absolute=1 split_continuity=6.75m r_dpsi=2.000 lambda_turn=0.600
[INFO] [1791271002.615489665] [lower_tracking_mpc_node]: LowerTrackingMpcNode ready: rate=10.00Hz dt=0.100s N=30 path=/planner/lower_reference_path scale=fullscale wheelbase=2.80m rear_offset=1.40m command_scale=0.350rad actuator_model=1 delay=0.00s tau=0.74s backend=disabled virtual=/cmd_control
"Yleft_target_continuing_off+0_yaw+0" "tau0.5" "h7" "goal_reached" cycles=256
getifaddrs: Operation not permitted
getifaddrs: Operation not permitted
[37;1m2026-10-06 16:16:42.815 [31;1m[[37;1mTRANSPORT[31;1m Error] [37mAll whitelist interfaces were filtered out[34;1m -> Function [36mUDPv4Transport[m
[37;1m2026-10-06 16:16:42.815 [31;1m[[37;1mTRANSPORT_UDP[31;1m Error] [37mError creating socket: Operation not permitted[34;1m -> Function [36minit[m
[37;1m2026-10-06 16:16:42.815 [31;1m[[37;1mRTPS_PARTICIPANT[31;1m Error] [37mUser transport failed to register.[34;1m -> Function [36mRTPSParticipantImpl[m
[INFO] [1791271002.829516047] [upper_planner_node]: planner state input: Odometry topic=/motive/vehicle/odom_map yaw=orientation.z scalar
[INFO] [1791271002.832632245] [upper_planner_node]: Egocentric MIQP planner ready: rate=2.00Hz pred_dt=0.750s Nmax=7 lower_dt=0.100s target_v=6.000m/s scale=fullscale wheelbase=2.80m length=4.70m bev=40.00m margin=2.00m state=odom grid=/bev/occupancy_grid sparse=/planner/upper_path_sparse dense=/planner/lower_reference_path
[INFO] [1791271002.832780795] [upper_planner_node]: upper branch model: cumulative_increment=1 turn_window_at_split=1 turn_target_absolute=1 split_continuity=6.75m r_dpsi=2.000 lambda_turn=0.600
[INFO] [1791271002.842301395] [lower_tracking_mpc_node]: LowerTrackingMpcNode ready: rate=10.00Hz dt=0.100s N=30 path=/planner/lower_reference_path scale=fullscale wheelbase=2.80m rear_offset=1.40m command_scale=0.350rad actuator_model=1 delay=0.00s tau=0.74s backend=disabled virtual=/cmd_control
"Yleft_target_continuing_off+0_yaw+0" "tau0.5" "h6" "goal_reached" cycles=256
getifaddrs: Operation not permitted
getifaddrs: Operation not permitted
[37;1m2026-10-06 16:16:42.972 [31;1m[[37;1mTRANSPORT[31;1m Error] [37mAll whitelist interfaces were filtered out[34;1m -> Function [36mUDPv4Transport[m
[37;1m2026-10-06 16:16:42.973 [31;1m[[37;1mTRANSPORT_UDP[31;1m Error] [37mError creating socket: Operation not permitted[34;1m -> Function [36minit[m
[37;1m2026-10-06 16:16:42.973 [31;1m[[37;1mRTPS_PARTICIPANT[31;1m Error] [37mUser transport failed to register.[34;1m -> Function [36mRTPSParticipantImpl[m
[INFO] [1791271002.988866616] [upper_planner_node]: planner state input: Odometry topic=/motive/vehicle/odom_map yaw=orientation.z scalar
[INFO] [1791271002.991985021] [upper_planner_node]: Egocentric MIQP planner ready: rate=2.00Hz pred_dt=0.750s Nmax=7 lower_dt=0.100s target_v=6.000m/s scale=fullscale wheelbase=2.80m length=4.70m bev=40.00m margin=2.00m state=odom grid=/bev/occupancy_grid sparse=/planner/upper_path_sparse dense=/planner/lower_reference_path
[INFO] [1791271002.992154820] [upper_planner_node]: upper branch model: cumulative_increment=1 turn_window_at_split=1 turn_target_absolute=1 split_continuity=6.75m r_dpsi=2.000 lambda_turn=0.600
[INFO] [1791271003.000993343] [lower_tracking_mpc_node]: LowerTrackingMpcNode ready: rate=10.00Hz dt=0.100s N=30 path=/planner/lower_reference_path scale=fullscale wheelbase=2.80m rear_offset=1.40m command_scale=0.350rad actuator_model=1 delay=0.00s tau=0.74s backend=disabled virtual=/cmd_control
"Yleft_target_continuing_off+0_yaw+0" "tau1.0" "h7" "goal_reached" cycles=256
getifaddrs: Operation not permitted
getifaddrs: Operation not permitted
[37;1m2026-10-06 16:16:43.129 [31;1m[[37;1mTRANSPORT[31;1m Error] [37mAll whitelist interfaces were filtered out[34;1m -> Function [36mUDPv4Transport[m
[37;1m2026-10-06 16:16:43.129 [31;1m[[37;1mTRANSPORT_UDP[31;1m Error] [37mError creating socket: Operation not permitted[34;1m -> Function [36minit[m
[37;1m2026-10-06 16:16:43.129 [31;1m[[37;1mRTPS_PARTICIPANT[31;1m Error] [37mUser transport failed to register.[34;1m -> Function [36mRTPSParticipantImpl[m
[INFO] [1791271003.140748378] [upper_planner_node]: planner state input: Odometry topic=/motive/vehicle/odom_map yaw=orientation.z scalar
[INFO] [1791271003.143793245] [upper_planner_node]: Egocentric MIQP planner ready: rate=2.00Hz pred_dt=0.750s Nmax=7 lower_dt=0.100s target_v=6.000m/s scale=fullscale wheelbase=2.80m length=4.70m bev=40.00m margin=2.00m state=odom grid=/bev/occupancy_grid sparse=/planner/upper_path_sparse dense=/planner/lower_reference_path
[INFO] [1791271003.144089961] [upper_planner_node]: upper branch model: cumulative_increment=1 turn_window_at_split=1 turn_target_absolute=1 split_continuity=6.75m r_dpsi=2.000 lambda_turn=0.600
[INFO] [1791271003.152840224] [lower_tracking_mpc_node]: LowerTrackingMpcNode ready: rate=10.00Hz dt=0.100s N=30 path=/planner/lower_reference_path scale=fullscale wheelbase=2.80m rear_offset=1.40m command_scale=0.350rad actuator_model=1 delay=0.00s tau=0.74s backend=disabled virtual=/cmd_control
"Yleft_target_continuing_off+0_yaw+0" "tau1.0" "h6" "goal_reached" cycles=256
