[INFO] [1791220058.123565451] [upper_planner_node]: planner state input: Odometry topic=/motive/vehicle/odom_map yaw=orientation.z scalar
[INFO] [1791220058.128826929] [upper_planner_node]: Egocentric MIQP planner ready: rate=1.00Hz pred_dt=0.750s Nmax=7 lower_dt=0.100s target_v=6.000m/s scale=fullscale wheelbase=2.80m length=4.70m bev=40.00m margin=2.00m state=odom grid=/bev/occupancy_grid sparse=/planner/upper_path_sparse dense=/planner/lower_reference_path
[INFO] [1791220058.129033207] [upper_planner_node]: upper branch model: cumulative_increment=1 turn_window_at_split=1 turn_target_absolute=1 split_continuity=6.75m r_dpsi=3.000 lambda_turn=0.600
[INFO] [1791220058.140129204] [lower_tracking_mpc_node]: LowerTrackingMpcNode ready: rate=10.00Hz dt=0.100s N=30 path=/planner/lower_reference_path scale=fullscale wheelbase=2.80m rear_offset=1.40m command_scale=0.350rad actuator_model=1 delay=0.00s tau=0.74s backend=disabled virtual=/cmd_control
[WARN] [1791220058.248531076] [upper_planner_node]: interval_diag step=7 reason=3 ref_body=(24.664,17.994) heading_deg=43.58 center_cell=(78,121) center_value=100 line_free=1 blocked=249 unknown=0 outside=2 longest_run=1 min_run=2 grid_free=3218 zero=3218 positive=13166 unknown=0 topic=/bev/occupancy_grid frame=Vehicle origin=(0.000,-20.000) origin_yaw_deg=0.00 size=128x128 res=0.3125 positive_is_drivable=0 threshold=0 waypoint_bias=0 previous=1
[WARN] [1791220058.248939473] [upper_planner_node]: no valid preview interval at step=7; usable horizon=6 reason=3
[INFO] [1791220058.329033254] [upper_planner_node]: planner state input: Odometry topic=/motive/vehicle/odom_map yaw=orientation.z scalar
[INFO] [1791220058.331952066] [upper_planner_node]: Egocentric MIQP planner ready: rate=1.00Hz pred_dt=0.750s Nmax=7 lower_dt=0.100s target_v=6.000m/s scale=fullscale wheelbase=2.80m length=4.70m bev=40.00m margin=2.00m state=odom grid=/bev/occupancy_grid sparse=/planner/upper_path_sparse dense=/planner/lower_reference_path
[INFO] [1791220058.332125576] [upper_planner_node]: upper branch model: cumulative_increment=1 turn_window_at_split=1 turn_target_absolute=1 split_continuity=6.75m r_dpsi=3.000 lambda_turn=0.600
[INFO] [1791220058.340964957] [lower_tracking_mpc_node]: LowerTrackingMpcNode ready: rate=10.00Hz dt=0.100s N=30 path=/planner/lower_reference_path scale=fullscale wheelbase=2.80m rear_offset=1.40m command_scale=0.350rad actuator_model=1 delay=0.00s tau=0.74s backend=disabled virtual=/cmd_control
[INFO] [1791220058.528865392] [upper_planner_node]: planner state input: Odometry topic=/motive/vehicle/odom_map yaw=orientation.z scalar
[INFO] [1791220058.531769420] [upper_planner_node]: Egocentric MIQP planner ready: rate=1.00Hz pred_dt=0.750s Nmax=7 lower_dt=0.100s target_v=6.000m/s scale=fullscale wheelbase=2.80m length=4.70m bev=40.00m margin=2.00m state=odom grid=/bev/occupancy_grid sparse=/planner/upper_path_sparse dense=/planner/lower_reference_path
[INFO] [1791220058.531923537] [upper_planner_node]: upper branch model: cumulative_increment=1 turn_window_at_split=1 turn_target_absolute=1 split_continuity=6.75m r_dpsi=3.000 lambda_turn=0.600
[INFO] [1791220058.540697124] [lower_tracking_mpc_node]: LowerTrackingMpcNode ready: rate=10.00Hz dt=0.100s N=30 path=/planner/lower_reference_path scale=fullscale wheelbase=2.80m rear_offset=1.40m command_scale=0.350rad actuator_model=1 delay=0.00s tau=0.74s backend=disabled virtual=/cmd_control
[INFO] [1791220058.722888036] [upper_planner_node]: planner state input: Odometry topic=/motive/vehicle/odom_map yaw=orientation.z scalar
[INFO] [1791220058.727150474] [upper_planner_node]: Egocentric MIQP planner ready: rate=1.00Hz pred_dt=0.750s Nmax=7 lower_dt=0.100s target_v=6.000m/s scale=fullscale wheelbase=2.80m length=4.70m bev=40.00m margin=2.00m state=odom grid=/bev/occupancy_grid sparse=/planner/upper_path_sparse dense=/planner/lower_reference_path
[INFO] [1791220058.727473012] [upper_planner_node]: upper branch model: cumulative_increment=1 turn_window_at_split=1 turn_target_absolute=1 split_continuity=6.75m r_dpsi=3.000 lambda_turn=0.600
[INFO] [1791220058.737058849] [lower_tracking_mpc_node]: LowerTrackingMpcNode ready: rate=10.00Hz dt=0.100s N=30 path=/planner/lower_reference_path scale=fullscale wheelbase=2.80m rear_offset=1.40m command_scale=0.350rad actuator_model=1 delay=0.00s tau=0.74s backend=disabled virtual=/cmd_control
[INFO] [1791220058.924683052] [upper_planner_node]: planner state input: Odometry topic=/motive/vehicle/odom_map yaw=orientation.z scalar
[INFO] [1791220058.927693962] [upper_planner_node]: Egocentric MIQP planner ready: rate=1.00Hz pred_dt=0.750s Nmax=7 lower_dt=0.100s target_v=6.000m/s scale=fullscale wheelbase=2.80m length=4.70m bev=40.00m margin=2.00m state=odom grid=/bev/occupancy_grid sparse=/planner/upper_path_sparse dense=/planner/lower_reference_path
[INFO] [1791220058.927914033] [upper_planner_node]: upper branch model: cumulative_increment=1 turn_window_at_split=1 turn_target_absolute=1 split_continuity=6.75m r_dpsi=3.000 lambda_turn=0.600
[INFO] [1791220058.937127955] [lower_tracking_mpc_node]: LowerTrackingMpcNode ready: rate=10.00Hz dt=0.100s N=30 path=/planner/lower_reference_path scale=fullscale wheelbase=2.80m rear_offset=1.40m command_scale=0.350rad actuator_model=1 delay=0.00s tau=0.74s backend=disabled virtual=/cmd_control
[INFO] [1791220059.120558777] [upper_planner_node]: planner state input: Odometry topic=/motive/vehicle/odom_map yaw=orientation.z scalar
[INFO] [1791220059.123475381] [upper_planner_node]: Egocentric MIQP planner ready: rate=1.00Hz pred_dt=0.750s Nmax=7 lower_dt=0.100s target_v=6.000m/s scale=fullscale wheelbase=2.80m length=4.70m bev=40.00m margin=2.00m state=odom grid=/bev/occupancy_grid sparse=/planner/upper_path_sparse dense=/planner/lower_reference_path
[INFO] [1791220059.123650778] [upper_planner_node]: upper branch model: cumulative_increment=1 turn_window_at_split=1 turn_target_absolute=1 split_continuity=6.75m r_dpsi=3.000 lambda_turn=0.600
[INFO] [1791220059.132981280] [lower_tracking_mpc_node]: LowerTrackingMpcNode ready: rate=10.00Hz dt=0.100s N=30 path=/planner/lower_reference_path scale=fullscale wheelbase=2.80m rear_offset=1.40m command_scale=0.350rad actuator_model=1 delay=0.00s tau=0.74s backend=disabled virtual=/cmd_control
[INFO] [1791220059.316927574] [upper_planner_node]: planner state input: Odometry topic=/motive/vehicle/odom_map yaw=orientation.z scalar
[INFO] [1791220059.319852818] [upper_planner_node]: Egocentric MIQP planner ready: rate=1.00Hz pred_dt=0.750s Nmax=7 lower_dt=0.100s target_v=6.000m/s scale=fullscale wheelbase=2.80m length=4.70m bev=40.00m margin=2.00m state=odom grid=/bev/occupancy_grid sparse=/planner/upper_path_sparse dense=/planner/lower_reference_path
[INFO] [1791220059.320008759] [upper_planner_node]: upper branch model: cumulative_increment=1 turn_window_at_split=1 turn_target_absolute=1 split_continuity=6.75m r_dpsi=3.000 lambda_turn=0.600
[INFO] [1791220059.328867886] [lower_tracking_mpc_node]: LowerTrackingMpcNode ready: rate=10.00Hz dt=0.100s N=30 path=/planner/lower_reference_path scale=fullscale wheelbase=2.80m rear_offset=1.40m command_scale=0.350rad actuator_model=1 delay=0.00s tau=0.74s backend=disabled virtual=/cmd_control
[INFO] [1791220059.515650750] [upper_planner_node]: planner state input: Odometry topic=/motive/vehicle/odom_map yaw=orientation.z scalar
[INFO] [1791220059.518693149] [upper_planner_node]: Egocentric MIQP planner ready: rate=1.00Hz pred_dt=0.750s Nmax=7 lower_dt=0.100s target_v=6.000m/s scale=fullscale wheelbase=2.80m length=4.70m bev=40.00m margin=2.00m state=odom grid=/bev/occupancy_grid sparse=/planner/upper_path_sparse dense=/planner/lower_reference_path
[INFO] [1791220059.518838754] [upper_planner_node]: upper branch model: cumulative_increment=1 turn_window_at_split=1 turn_target_absolute=1 split_continuity=6.75m r_dpsi=3.000 lambda_turn=0.600
[INFO] [1791220059.528330796] [lower_tracking_mpc_node]: LowerTrackingMpcNode ready: rate=10.00Hz dt=0.100s N=30 path=/planner/lower_reference_path scale=fullscale wheelbase=2.80m rear_offset=1.40m command_scale=0.350rad actuator_model=1 delay=0.00s tau=0.74s backend=disabled virtual=/cmd_control
[WARN] [1791220059.629429398] [upper_planner_node]: no valid preview interval at step=7; usable horizon=6 reason=3
[INFO] [1791220059.710828533] [upper_planner_node]: planner state input: Odometry topic=/motive/vehicle/odom_map yaw=orientation.z scalar
[INFO] [1791220059.713705936] [upper_planner_node]: Egocentric MIQP planner ready: rate=1.00Hz pred_dt=0.750s Nmax=7 lower_dt=0.100s target_v=6.000m/s scale=fullscale wheelbase=2.80m length=4.70m bev=40.00m margin=2.00m state=odom grid=/bev/occupancy_grid sparse=/planner/upper_path_sparse dense=/planner/lower_reference_path
[INFO] [1791220059.713868341] [upper_planner_node]: upper branch model: cumulative_increment=1 turn_window_at_split=1 turn_target_absolute=1 split_continuity=6.75m r_dpsi=3.000 lambda_turn=0.600
[INFO] [1791220059.722576327] [lower_tracking_mpc_node]: LowerTrackingMpcNode ready: rate=10.00Hz dt=0.100s N=30 path=/planner/lower_reference_path scale=fullscale wheelbase=2.80m rear_offset=1.40m command_scale=0.350rad actuator_model=1 delay=0.00s tau=0.74s backend=disabled virtual=/cmd_control
[INFO] [1791220059.906724772] [upper_planner_node]: planner state input: Odometry topic=/motive/vehicle/odom_map yaw=orientation.z scalar
[INFO] [1791220059.909800804] [upper_planner_node]: Egocentric MIQP planner ready: rate=1.00Hz pred_dt=0.750s Nmax=7 lower_dt=0.100s target_v=6.000m/s scale=fullscale wheelbase=2.80m length=4.70m bev=40.00m margin=2.00m state=odom grid=/bev/occupancy_grid sparse=/planner/upper_path_sparse dense=/planner/lower_reference_path
[INFO] [1791220059.909950793] [upper_planner_node]: upper branch model: cumulative_increment=1 turn_window_at_split=1 turn_target_absolute=1 split_continuity=6.75m r_dpsi=3.000 lambda_turn=0.600
[INFO] [1791220059.918728829] [lower_tracking_mpc_node]: LowerTrackingMpcNode ready: rate=10.00Hz dt=0.100s N=30 path=/planner/lower_reference_path scale=fullscale wheelbase=2.80m rear_offset=1.40m command_scale=0.350rad actuator_model=1 delay=0.00s tau=0.74s backend=disabled virtual=/cmd_control
[INFO] [1791220060.098878204] [upper_planner_node]: planner state input: Odometry topic=/motive/vehicle/odom_map yaw=orientation.z scalar
[INFO] [1791220060.101766903] [upper_planner_node]: Egocentric MIQP planner ready: rate=1.00Hz pred_dt=0.750s Nmax=7 lower_dt=0.100s target_v=6.000m/s scale=fullscale wheelbase=2.80m length=4.70m bev=40.00m margin=2.00m state=odom grid=/bev/occupancy_grid sparse=/planner/upper_path_sparse dense=/planner/lower_reference_path
[INFO] [1791220060.101914652] [upper_planner_node]: upper branch model: cumulative_increment=1 turn_window_at_split=1 turn_target_absolute=1 split_continuity=6.75m r_dpsi=3.000 lambda_turn=0.600
[INFO] [1791220060.110672943] [lower_tracking_mpc_node]: LowerTrackingMpcNode ready: rate=10.00Hz dt=0.100s N=30 path=/planner/lower_reference_path scale=fullscale wheelbase=2.80m rear_offset=1.40m command_scale=0.350rad actuator_model=1 delay=0.00s tau=0.74s backend=disabled virtual=/cmd_control
[INFO] [1791220060.294122038] [upper_planner_node]: planner state input: Odometry topic=/motive/vehicle/odom_map yaw=orientation.z scalar
[INFO] [1791220060.296974704] [upper_planner_node]: Egocentric MIQP planner ready: rate=1.00Hz pred_dt=0.750s Nmax=7 lower_dt=0.100s target_v=6.000m/s scale=fullscale wheelbase=2.80m length=4.70m bev=40.00m margin=2.00m state=odom grid=/bev/occupancy_grid sparse=/planner/upper_path_sparse dense=/planner/lower_reference_path
[INFO] [1791220060.297125908] [upper_planner_node]: upper branch model: cumulative_increment=1 turn_window_at_split=1 turn_target_absolute=1 split_continuity=6.75m r_dpsi=3.000 lambda_turn=0.600
[INFO] [1791220060.305900680] [lower_tracking_mpc_node]: LowerTrackingMpcNode ready: rate=10.00Hz dt=0.100s N=30 path=/planner/lower_reference_path scale=fullscale wheelbase=2.80m rear_offset=1.40m command_scale=0.350rad actuator_model=1 delay=0.00s tau=0.74s backend=disabled virtual=/cmd_control
[INFO] [1791220060.490994211] [upper_planner_node]: planner state input: Odometry topic=/motive/vehicle/odom_map yaw=orientation.z scalar
[INFO] [1791220060.494139238] [upper_planner_node]: Egocentric MIQP planner ready: rate=1.00Hz pred_dt=0.750s Nmax=7 lower_dt=0.100s target_v=6.000m/s scale=fullscale wheelbase=2.80m length=4.70m bev=40.00m margin=2.00m state=odom grid=/bev/occupancy_grid sparse=/planner/upper_path_sparse dense=/planner/lower_reference_path
[INFO] [1791220060.494330508] [upper_planner_node]: upper branch model: cumulative_increment=1 turn_window_at_split=1 turn_target_absolute=1 split_continuity=6.75m r_dpsi=3.000 lambda_turn=0.600
[INFO] [1791220060.503364904] [lower_tracking_mpc_node]: LowerTrackingMpcNode ready: rate=10.00Hz dt=0.100s N=30 path=/planner/lower_reference_path scale=fullscale wheelbase=2.80m rear_offset=1.40m command_scale=0.350rad actuator_model=1 delay=0.00s tau=0.74s backend=disabled virtual=/cmd_control
[WARN] [1791220060.607015298] [upper_planner_node]: interval_diag step=7 reason=3 ref_body=(24.605,18.492) heading_deg=43.52 center_cell=(78,123) center_value=100 line_free=0 blocked=244 unknown=0 outside=2 longest_run=0 min_run=2 grid_free=3154 zero=3154 positive=13230 unknown=0 topic=/bev/occupancy_grid frame=Vehicle origin=(0.000,-20.000) origin_yaw_deg=0.00 size=128x128 res=0.3125 positive_is_drivable=0 threshold=0 waypoint_bias=0 previous=1
[WARN] [1791220060.607354637] [upper_planner_node]: no valid preview interval at step=7; usable horizon=6 reason=3
[INFO] [1791220060.689302685] [upper_planner_node]: planner state input: Odometry topic=/motive/vehicle/odom_map yaw=orientation.z scalar
[INFO] [1791220060.692220665] [upper_planner_node]: Egocentric MIQP planner ready: rate=1.00Hz pred_dt=0.750s Nmax=7 lower_dt=0.100s target_v=6.000m/s scale=fullscale wheelbase=2.80m length=4.70m bev=40.00m margin=2.00m state=odom grid=/bev/occupancy_grid sparse=/planner/upper_path_sparse dense=/planner/lower_reference_path
[INFO] [1791220060.692387006] [upper_planner_node]: upper branch model: cumulative_increment=1 turn_window_at_split=1 turn_target_absolute=1 split_continuity=6.75m r_dpsi=3.000 lambda_turn=0.600
[INFO] [1791220060.701114256] [lower_tracking_mpc_node]: LowerTrackingMpcNode ready: rate=10.00Hz dt=0.100s N=30 path=/planner/lower_reference_path scale=fullscale wheelbase=2.80m rear_offset=1.40m command_scale=0.350rad actuator_model=1 delay=0.00s tau=0.74s backend=disabled virtual=/cmd_control
[WARN] [1791220060.805095733] [upper_planner_node]: no valid preview interval at step=7; usable horizon=6 reason=3
[INFO] [1791220060.886955843] [upper_planner_node]: planner state input: Odometry topic=/motive/vehicle/odom_map yaw=orientation.z scalar
[INFO] [1791220060.889975810] [upper_planner_node]: Egocentric MIQP planner ready: rate=1.00Hz pred_dt=0.750s Nmax=7 lower_dt=0.100s target_v=6.000m/s scale=fullscale wheelbase=2.80m length=4.70m bev=40.00m margin=2.00m state=odom grid=/bev/occupancy_grid sparse=/planner/upper_path_sparse dense=/planner/lower_reference_path
[INFO] [1791220060.890147015] [upper_planner_node]: upper branch model: cumulative_increment=1 turn_window_at_split=1 turn_target_absolute=1 split_continuity=6.75m r_dpsi=3.000 lambda_turn=0.600
[INFO] [1791220060.899859832] [lower_tracking_mpc_node]: LowerTrackingMpcNode ready: rate=10.00Hz dt=0.100s N=30 path=/planner/lower_reference_path scale=fullscale wheelbase=2.80m rear_offset=1.40m command_scale=0.350rad actuator_model=1 delay=0.00s tau=0.74s backend=disabled virtual=/cmd_control
[WARN] [1791220061.003414064] [upper_planner_node]: no valid preview interval at step=7; usable horizon=6 reason=3
[INFO] [1791220061.085933010] [upper_planner_node]: planner state input: Odometry topic=/motive/vehicle/odom_map yaw=orientation.z scalar
[INFO] [1791220061.089004306] [upper_planner_node]: Egocentric MIQP planner ready: rate=1.00Hz pred_dt=0.750s Nmax=7 lower_dt=0.100s target_v=6.000m/s scale=fullscale wheelbase=2.80m length=4.70m bev=40.00m margin=2.00m state=odom grid=/bev/occupancy_grid sparse=/planner/upper_path_sparse dense=/planner/lower_reference_path
[INFO] [1791220061.089185560] [upper_planner_node]: upper branch model: cumulative_increment=1 turn_window_at_split=1 turn_target_absolute=1 split_continuity=6.75m r_dpsi=3.000 lambda_turn=0.600
[INFO] [1791220061.098218036] [lower_tracking_mpc_node]: LowerTrackingMpcNode ready: rate=10.00Hz dt=0.100s N=30 path=/planner/lower_reference_path scale=fullscale wheelbase=2.80m rear_offset=1.40m command_scale=0.350rad actuator_model=1 delay=0.00s tau=0.74s backend=disabled virtual=/cmd_control
[WARN] [1791220061.202376446] [upper_planner_node]: no valid preview interval at step=7; usable horizon=6 reason=3
[INFO] [1791220061.280372114] [upper_planner_node]: planner state input: Odometry topic=/motive/vehicle/odom_map yaw=orientation.z scalar
[INFO] [1791220061.283266733] [upper_planner_node]: Egocentric MIQP planner ready: rate=1.00Hz pred_dt=0.750s Nmax=7 lower_dt=0.100s target_v=6.000m/s scale=fullscale wheelbase=2.80m length=4.70m bev=40.00m margin=2.00m state=odom grid=/bev/occupancy_grid sparse=/planner/upper_path_sparse dense=/planner/lower_reference_path
[INFO] [1791220061.283432978] [upper_planner_node]: upper branch model: cumulative_increment=1 turn_window_at_split=1 turn_target_absolute=1 split_continuity=6.75m r_dpsi=3.000 lambda_turn=0.600
[INFO] [1791220061.292510480] [lower_tracking_mpc_node]: LowerTrackingMpcNode ready: rate=10.00Hz dt=0.100s N=30 path=/planner/lower_reference_path scale=fullscale wheelbase=2.80m rear_offset=1.40m command_scale=0.350rad actuator_model=1 delay=0.00s tau=0.74s backend=disabled virtual=/cmd_control
[WARN] [1791220061.397623800] [upper_planner_node]: no valid preview interval at step=7; usable horizon=6 reason=3
[INFO] [1791220061.481738861] [upper_planner_node]: planner state input: Odometry topic=/motive/vehicle/odom_map yaw=orientation.z scalar
[INFO] [1791220061.484650184] [upper_planner_node]: Egocentric MIQP planner ready: rate=1.00Hz pred_dt=0.750s Nmax=7 lower_dt=0.100s target_v=6.000m/s scale=fullscale wheelbase=2.80m length=4.70m bev=40.00m margin=2.00m state=odom grid=/bev/occupancy_grid sparse=/planner/upper_path_sparse dense=/planner/lower_reference_path
[INFO] [1791220061.484837870] [upper_planner_node]: upper branch model: cumulative_increment=1 turn_window_at_split=1 turn_target_absolute=1 split_continuity=6.75m r_dpsi=3.000 lambda_turn=0.600
[INFO] [1791220061.493595137] [lower_tracking_mpc_node]: LowerTrackingMpcNode ready: rate=10.00Hz dt=0.100s N=30 path=/planner/lower_reference_path scale=fullscale wheelbase=2.80m rear_offset=1.40m command_scale=0.350rad actuator_model=1 delay=0.00s tau=0.74s backend=disabled virtual=/cmd_control
[WARN] [1791220061.597647560] [upper_planner_node]: no valid preview interval at step=7; usable horizon=6 reason=3
[INFO] [1791220061.687287722] [upper_planner_node]: planner state input: Odometry topic=/motive/vehicle/odom_map yaw=orientation.z scalar
[INFO] [1791220061.690308521] [upper_planner_node]: Egocentric MIQP planner ready: rate=1.00Hz pred_dt=0.750s Nmax=7 lower_dt=0.100s target_v=6.000m/s scale=fullscale wheelbase=2.80m length=4.70m bev=40.00m margin=2.00m state=odom grid=/bev/occupancy_grid sparse=/planner/upper_path_sparse dense=/planner/lower_reference_path
[INFO] [1791220061.690499855] [upper_planner_node]: upper branch model: cumulative_increment=1 turn_window_at_split=1 turn_target_absolute=1 split_continuity=6.75m r_dpsi=3.000 lambda_turn=0.600
[INFO] [1791220061.699795091] [lower_tracking_mpc_node]: LowerTrackingMpcNode ready: rate=10.00Hz dt=0.100s N=30 path=/planner/lower_reference_path scale=fullscale wheelbase=2.80m rear_offset=1.40m command_scale=0.350rad actuator_model=1 delay=0.00s tau=0.74s backend=disabled virtual=/cmd_control
[INFO] [1791220061.891394267] [upper_planner_node]: planner state input: Odometry topic=/motive/vehicle/odom_map yaw=orientation.z scalar
[INFO] [1791220061.894316503] [upper_planner_node]: Egocentric MIQP planner ready: rate=1.00Hz pred_dt=0.750s Nmax=7 lower_dt=0.100s target_v=6.000m/s scale=fullscale wheelbase=2.80m length=4.70m bev=40.00m margin=2.00m state=odom grid=/bev/occupancy_grid sparse=/planner/upper_path_sparse dense=/planner/lower_reference_path
[INFO] [1791220061.894495548] [upper_planner_node]: upper branch model: cumulative_increment=1 turn_window_at_split=1 turn_target_absolute=1 split_continuity=6.75m r_dpsi=3.000 lambda_turn=0.600
[INFO] [1791220061.903749375] [lower_tracking_mpc_node]: LowerTrackingMpcNode ready: rate=10.00Hz dt=0.100s N=30 path=/planner/lower_reference_path scale=fullscale wheelbase=2.80m rear_offset=1.40m command_scale=0.350rad actuator_model=1 delay=0.00s tau=0.74s backend=disabled virtual=/cmd_control
[INFO] [1791220062.085556819] [upper_planner_node]: planner state input: Odometry topic=/motive/vehicle/odom_map yaw=orientation.z scalar
[INFO] [1791220062.088456654] [upper_planner_node]: Egocentric MIQP planner ready: rate=1.00Hz pred_dt=0.750s Nmax=7 lower_dt=0.100s target_v=6.000m/s scale=fullscale wheelbase=2.80m length=4.70m bev=40.00m margin=2.00m state=odom grid=/bev/occupancy_grid sparse=/planner/upper_path_sparse dense=/planner/lower_reference_path
[INFO] [1791220062.088653204] [upper_planner_node]: upper branch model: cumulative_increment=1 turn_window_at_split=1 turn_target_absolute=1 split_continuity=6.75m r_dpsi=3.000 lambda_turn=0.600
[INFO] [1791220062.097399015] [lower_tracking_mpc_node]: LowerTrackingMpcNode ready: rate=10.00Hz dt=0.100s N=30 path=/planner/lower_reference_path scale=fullscale wheelbase=2.80m rear_offset=1.40m command_scale=0.350rad actuator_model=1 delay=0.00s tau=0.74s backend=disabled virtual=/cmd_control
[INFO] [1791220062.287409756] [upper_planner_node]: planner state input: Odometry topic=/motive/vehicle/odom_map yaw=orientation.z scalar
[INFO] [1791220062.290247445] [upper_planner_node]: Egocentric MIQP planner ready: rate=1.00Hz pred_dt=0.750s Nmax=7 lower_dt=0.100s target_v=6.000m/s scale=fullscale wheelbase=2.80m length=4.70m bev=40.00m margin=2.00m state=odom grid=/bev/occupancy_grid sparse=/planner/upper_path_sparse dense=/planner/lower_reference_path
[INFO] [1791220062.290405850] [upper_planner_node]: upper branch model: cumulative_increment=1 turn_window_at_split=1 turn_target_absolute=1 split_continuity=6.75m r_dpsi=3.000 lambda_turn=0.600
[INFO] [1791220062.299357460] [lower_tracking_mpc_node]: LowerTrackingMpcNode ready: rate=10.00Hz dt=0.100s N=30 path=/planner/lower_reference_path scale=fullscale wheelbase=2.80m rear_offset=1.40m command_scale=0.350rad actuator_model=1 delay=0.00s tau=0.74s backend=disabled virtual=/cmd_control
[WARN] [1791220062.408476570] [upper_planner_node]: no valid preview interval at step=7; usable horizon=6 reason=3
[INFO] [1791220062.488315144] [upper_planner_node]: planner state input: Odometry topic=/motive/vehicle/odom_map yaw=orientation.z scalar
[INFO] [1791220062.491105728] [upper_planner_node]: Egocentric MIQP planner ready: rate=1.00Hz pred_dt=0.750s Nmax=7 lower_dt=0.100s target_v=6.000m/s scale=fullscale wheelbase=2.80m length=4.70m bev=40.00m margin=2.00m state=odom grid=/bev/occupancy_grid sparse=/planner/upper_path_sparse dense=/planner/lower_reference_path
[INFO] [1791220062.491273253] [upper_planner_node]: upper branch model: cumulative_increment=1 turn_window_at_split=1 turn_target_absolute=1 split_continuity=6.75m r_dpsi=3.000 lambda_turn=0.600
[INFO] [1791220062.501210557] [lower_tracking_mpc_node]: LowerTrackingMpcNode ready: rate=10.00Hz dt=0.100s N=30 path=/planner/lower_reference_path scale=fullscale wheelbase=2.80m rear_offset=1.40m command_scale=0.350rad actuator_model=1 delay=0.00s tau=0.74s backend=disabled virtual=/cmd_control
[WARN] [1791220062.611228192] [upper_planner_node]: interval_diag step=7 reason=3 ref_body=(24.534,18.647) heading_deg=41.19 center_cell=(78,123) center_value=100 line_free=1 blocked=251 unknown=0 outside=2 longest_run=1 min_run=2 grid_free=5712 zero=5712 positive=10672 unknown=0 topic=/bev/occupancy_grid frame=Vehicle origin=(0.000,-20.000) origin_yaw_deg=0.00 size=128x128 res=0.3125 positive_is_drivable=0 threshold=0 waypoint_bias=0 previous=1
[WARN] [1791220062.611573387] [upper_planner_node]: no valid preview interval at step=7; usable horizon=6 reason=3
[INFO] [1791220062.690487163] [upper_planner_node]: planner state input: Odometry topic=/motive/vehicle/odom_map yaw=orientation.z scalar
[INFO] [1791220062.693562908] [upper_planner_node]: Egocentric MIQP planner ready: rate=1.00Hz pred_dt=0.750s Nmax=7 lower_dt=0.100s target_v=6.000m/s scale=fullscale wheelbase=2.80m length=4.70m bev=40.00m margin=2.00m state=odom grid=/bev/occupancy_grid sparse=/planner/upper_path_sparse dense=/planner/lower_reference_path
[INFO] [1791220062.693714977] [upper_planner_node]: upper branch model: cumulative_increment=1 turn_window_at_split=1 turn_target_absolute=1 split_continuity=6.75m r_dpsi=3.000 lambda_turn=0.600
[INFO] [1791220062.702655162] [lower_tracking_mpc_node]: LowerTrackingMpcNode ready: rate=10.00Hz dt=0.100s N=30 path=/planner/lower_reference_path scale=fullscale wheelbase=2.80m rear_offset=1.40m command_scale=0.350rad actuator_model=1 delay=0.00s tau=0.74s backend=disabled virtual=/cmd_control
[INFO] [1791220062.890923961] [upper_planner_node]: planner state input: Odometry topic=/motive/vehicle/odom_map yaw=orientation.z scalar
[INFO] [1791220062.893859349] [upper_planner_node]: Egocentric MIQP planner ready: rate=1.00Hz pred_dt=0.750s Nmax=7 lower_dt=0.100s target_v=6.000m/s scale=fullscale wheelbase=2.80m length=4.70m bev=40.00m margin=2.00m state=odom grid=/bev/occupancy_grid sparse=/planner/upper_path_sparse dense=/planner/lower_reference_path
[INFO] [1791220062.894025818] [upper_planner_node]: upper branch model: cumulative_increment=1 turn_window_at_split=1 turn_target_absolute=1 split_continuity=6.75m r_dpsi=3.000 lambda_turn=0.600
[INFO] [1791220062.903009172] [lower_tracking_mpc_node]: LowerTrackingMpcNode ready: rate=10.00Hz dt=0.100s N=30 path=/planner/lower_reference_path scale=fullscale wheelbase=2.80m rear_offset=1.40m command_scale=0.350rad actuator_model=1 delay=0.00s tau=0.74s backend=disabled virtual=/cmd_control
[WARN] [1791220063.007637198] [upper_planner_node]: no valid preview interval at step=7; usable horizon=6 reason=3
[INFO] [1791220063.091167407] [upper_planner_node]: planner state input: Odometry topic=/motive/vehicle/odom_map yaw=orientation.z scalar
[INFO] [1791220063.094161870] [upper_planner_node]: Egocentric MIQP planner ready: rate=1.00Hz pred_dt=0.750s Nmax=7 lower_dt=0.100s target_v=6.000m/s scale=fullscale wheelbase=2.80m length=4.70m bev=40.00m margin=2.00m state=odom grid=/bev/occupancy_grid sparse=/planner/upper_path_sparse dense=/planner/lower_reference_path
[INFO] [1791220063.094342451] [upper_planner_node]: upper branch model: cumulative_increment=1 turn_window_at_split=1 turn_target_absolute=1 split_continuity=6.75m r_dpsi=3.000 lambda_turn=0.600
[INFO] [1791220063.103094982] [lower_tracking_mpc_node]: LowerTrackingMpcNode ready: rate=10.00Hz dt=0.100s N=30 path=/planner/lower_reference_path scale=fullscale wheelbase=2.80m rear_offset=1.40m command_scale=0.350rad actuator_model=1 delay=0.00s tau=0.74s backend=disabled virtual=/cmd_control
[WARN] [1791220063.226968157] [upper_planner_node]: no valid preview interval at step=7; usable horizon=6 reason=3
[WARN] [1791220063.244458978] [upper_planner_node]: no valid interval at the measured k=0 state; retaining future horizon=7 reason=3
[INFO] [1791220063.287432553] [upper_planner_node]: planner state input: Odometry topic=/motive/vehicle/odom_map yaw=orientation.z scalar
[INFO] [1791220063.290469257] [upper_planner_node]: Egocentric MIQP planner ready: rate=1.00Hz pred_dt=0.750s Nmax=7 lower_dt=0.100s target_v=6.000m/s scale=fullscale wheelbase=2.80m length=4.70m bev=40.00m margin=2.00m state=odom grid=/bev/occupancy_grid sparse=/planner/upper_path_sparse dense=/planner/lower_reference_path
[INFO] [1791220063.290624718] [upper_planner_node]: upper branch model: cumulative_increment=1 turn_window_at_split=1 turn_target_absolute=1 split_continuity=6.75m r_dpsi=3.000 lambda_turn=0.600
[INFO] [1791220063.299427266] [lower_tracking_mpc_node]: LowerTrackingMpcNode ready: rate=10.00Hz dt=0.100s N=30 path=/planner/lower_reference_path scale=fullscale wheelbase=2.80m rear_offset=1.40m command_scale=0.350rad actuator_model=1 delay=0.00s tau=0.74s backend=disabled virtual=/cmd_control
[INFO] [1791220063.495495830] [upper_planner_node]: planner state input: Odometry topic=/motive/vehicle/odom_map yaw=orientation.z scalar
[INFO] [1791220063.498393617] [upper_planner_node]: Egocentric MIQP planner ready: rate=1.00Hz pred_dt=0.750s Nmax=7 lower_dt=0.100s target_v=6.000m/s scale=fullscale wheelbase=2.80m length=4.70m bev=40.00m margin=2.00m state=odom grid=/bev/occupancy_grid sparse=/planner/upper_path_sparse dense=/planner/lower_reference_path
[INFO] [1791220063.498655706] [upper_planner_node]: upper branch model: cumulative_increment=1 turn_window_at_split=1 turn_target_absolute=1 split_continuity=6.75m r_dpsi=3.000 lambda_turn=0.600
[INFO] [1791220063.507462446] [lower_tracking_mpc_node]: LowerTrackingMpcNode ready: rate=10.00Hz dt=0.100s N=30 path=/planner/lower_reference_path scale=fullscale wheelbase=2.80m rear_offset=1.40m command_scale=0.350rad actuator_model=1 delay=0.00s tau=0.74s backend=disabled virtual=/cmd_control
[INFO] [1791220063.694182940] [upper_planner_node]: planner state input: Odometry topic=/motive/vehicle/odom_map yaw=orientation.z scalar
[INFO] [1791220063.697100568] [upper_planner_node]: Egocentric MIQP planner ready: rate=1.00Hz pred_dt=0.750s Nmax=7 lower_dt=0.100s target_v=6.000m/s scale=fullscale wheelbase=2.80m length=4.70m bev=40.00m margin=2.00m state=odom grid=/bev/occupancy_grid sparse=/planner/upper_path_sparse dense=/planner/lower_reference_path
[INFO] [1791220063.697278462] [upper_planner_node]: upper branch model: cumulative_increment=1 turn_window_at_split=1 turn_target_absolute=1 split_continuity=6.75m r_dpsi=3.000 lambda_turn=0.600
[INFO] [1791220063.705927661] [lower_tracking_mpc_node]: LowerTrackingMpcNode ready: rate=10.00Hz dt=0.100s N=30 path=/planner/lower_reference_path scale=fullscale wheelbase=2.80m rear_offset=1.40m command_scale=0.350rad actuator_model=1 delay=0.00s tau=0.74s backend=disabled virtual=/cmd_control
[INFO] [1791220063.893612090] [upper_planner_node]: planner state input: Odometry topic=/motive/vehicle/odom_map yaw=orientation.z scalar
[INFO] [1791220063.896818366] [upper_planner_node]: Egocentric MIQP planner ready: rate=1.00Hz pred_dt=0.750s Nmax=7 lower_dt=0.100s target_v=6.000m/s scale=fullscale wheelbase=2.80m length=4.70m bev=40.00m margin=2.00m state=odom grid=/bev/occupancy_grid sparse=/planner/upper_path_sparse dense=/planner/lower_reference_path
[INFO] [1791220063.896984292] [upper_planner_node]: upper branch model: cumulative_increment=1 turn_window_at_split=1 turn_target_absolute=1 split_continuity=6.75m r_dpsi=3.000 lambda_turn=0.600
[INFO] [1791220063.905726935] [lower_tracking_mpc_node]: LowerTrackingMpcNode ready: rate=10.00Hz dt=0.100s N=30 path=/planner/lower_reference_path scale=fullscale wheelbase=2.80m rear_offset=1.40m command_scale=0.350rad actuator_model=1 delay=0.00s tau=0.74s backend=disabled virtual=/cmd_control
[INFO] [1791220064.095291518] [upper_planner_node]: planner state input: Odometry topic=/motive/vehicle/odom_map yaw=orientation.z scalar
[INFO] [1791220064.098538820] [upper_planner_node]: Egocentric MIQP planner ready: rate=1.00Hz pred_dt=0.750s Nmax=7 lower_dt=0.100s target_v=6.000m/s scale=fullscale wheelbase=2.80m length=4.70m bev=40.00m margin=2.00m state=odom grid=/bev/occupancy_grid sparse=/planner/upper_path_sparse dense=/planner/lower_reference_path
[INFO] [1791220064.098738090] [upper_planner_node]: upper branch model: cumulative_increment=1 turn_window_at_split=1 turn_target_absolute=1 split_continuity=6.75m r_dpsi=3.000 lambda_turn=0.600
[INFO] [1791220064.107910698] [lower_tracking_mpc_node]: LowerTrackingMpcNode ready: rate=10.00Hz dt=0.100s N=30 path=/planner/lower_reference_path scale=fullscale wheelbase=2.80m rear_offset=1.40m command_scale=0.350rad actuator_model=1 delay=0.00s tau=0.74s backend=disabled virtual=/cmd_control
[WARN] [1791220064.218875627] [upper_planner_node]: no valid preview interval at step=7; usable horizon=6 reason=3
[INFO] [1791220064.301426286] [upper_planner_node]: planner state input: Odometry topic=/motive/vehicle/odom_map yaw=orientation.z scalar
[INFO] [1791220064.304399659] [upper_planner_node]: Egocentric MIQP planner ready: rate=1.00Hz pred_dt=0.750s Nmax=7 lower_dt=0.100s target_v=6.000m/s scale=fullscale wheelbase=2.80m length=4.70m bev=40.00m margin=2.00m state=odom grid=/bev/occupancy_grid sparse=/planner/upper_path_sparse dense=/planner/lower_reference_path
[INFO] [1791220064.304564465] [upper_planner_node]: upper branch model: cumulative_increment=1 turn_window_at_split=1 turn_target_absolute=1 split_continuity=6.75m r_dpsi=3.000 lambda_turn=0.600
[INFO] [1791220064.314101052] [lower_tracking_mpc_node]: LowerTrackingMpcNode ready: rate=10.00Hz dt=0.100s N=30 path=/planner/lower_reference_path scale=fullscale wheelbase=2.80m rear_offset=1.40m command_scale=0.350rad actuator_model=1 delay=0.00s tau=0.74s backend=disabled virtual=/cmd_control
[WARN] [1791220064.420802487] [upper_planner_node]: no valid preview interval at step=7; usable horizon=6 reason=3
[INFO] [1791220064.501856427] [upper_planner_node]: planner state input: Odometry topic=/motive/vehicle/odom_map yaw=orientation.z scalar
[INFO] [1791220064.504840809] [upper_planner_node]: Egocentric MIQP planner ready: rate=1.00Hz pred_dt=0.750s Nmax=7 lower_dt=0.100s target_v=6.000m/s scale=fullscale wheelbase=2.80m length=4.70m bev=40.00m margin=2.00m state=odom grid=/bev/occupancy_grid sparse=/planner/upper_path_sparse dense=/planner/lower_reference_path
[INFO] [1791220064.504995469] [upper_planner_node]: upper branch model: cumulative_increment=1 turn_window_at_split=1 turn_target_absolute=1 split_continuity=6.75m r_dpsi=3.000 lambda_turn=0.600
[INFO] [1791220064.514092907] [lower_tracking_mpc_node]: LowerTrackingMpcNode ready: rate=10.00Hz dt=0.100s N=30 path=/planner/lower_reference_path scale=fullscale wheelbase=2.80m rear_offset=1.40m command_scale=0.350rad actuator_model=1 delay=0.00s tau=0.74s backend=disabled virtual=/cmd_control
[WARN] [1791220064.618941772] [upper_planner_node]: interval_diag step=7 reason=3 ref_body=(22.993,19.784) heading_deg=49.41 center_cell=(73,127) center_value=100 line_free=0 blocked=227 unknown=0 outside=2 longest_run=0 min_run=2 grid_free=5170 zero=5170 positive=11214 unknown=0 topic=/bev/occupancy_grid frame=Vehicle origin=(0.000,-20.000) origin_yaw_deg=0.00 size=128x128 res=0.3125 positive_is_drivable=0 threshold=0 waypoint_bias=0 previous=1
[WARN] [1791220064.619445211] [upper_planner_node]: no valid preview interval at step=7; usable horizon=6 reason=3
[INFO] [1791220064.704426443] [upper_planner_node]: planner state input: Odometry topic=/motive/vehicle/odom_map yaw=orientation.z scalar
[INFO] [1791220064.708775316] [upper_planner_node]: Egocentric MIQP planner ready: rate=1.00Hz pred_dt=0.750s Nmax=7 lower_dt=0.100s target_v=6.000m/s scale=fullscale wheelbase=2.80m length=4.70m bev=40.00m margin=2.00m state=odom grid=/bev/occupancy_grid sparse=/planner/upper_path_sparse dense=/planner/lower_reference_path
[INFO] [1791220064.708974554] [upper_planner_node]: upper branch model: cumulative_increment=1 turn_window_at_split=1 turn_target_absolute=1 split_continuity=6.75m r_dpsi=3.000 lambda_turn=0.600
[INFO] [1791220064.721086775] [lower_tracking_mpc_node]: LowerTrackingMpcNode ready: rate=10.00Hz dt=0.100s N=30 path=/planner/lower_reference_path scale=fullscale wheelbase=2.80m rear_offset=1.40m command_scale=0.350rad actuator_model=1 delay=0.00s tau=0.74s backend=disabled virtual=/cmd_control
[WARN] [1791220064.825807379] [upper_planner_node]: no valid preview interval at step=7; usable horizon=6 reason=3
[INFO] [1791220064.909636574] [upper_planner_node]: planner state input: Odometry topic=/motive/vehicle/odom_map yaw=orientation.z scalar
[INFO] [1791220064.912629532] [upper_planner_node]: Egocentric MIQP planner ready: rate=1.00Hz pred_dt=0.750s Nmax=7 lower_dt=0.100s target_v=6.000m/s scale=fullscale wheelbase=2.80m length=4.70m bev=40.00m margin=2.00m state=odom grid=/bev/occupancy_grid sparse=/planner/upper_path_sparse dense=/planner/lower_reference_path
[INFO] [1791220064.912788673] [upper_planner_node]: upper branch model: cumulative_increment=1 turn_window_at_split=1 turn_target_absolute=1 split_continuity=6.75m r_dpsi=3.000 lambda_turn=0.600
[INFO] [1791220064.921704377] [lower_tracking_mpc_node]: LowerTrackingMpcNode ready: rate=10.00Hz dt=0.100s N=30 path=/planner/lower_reference_path scale=fullscale wheelbase=2.80m rear_offset=1.40m command_scale=0.350rad actuator_model=1 delay=0.00s tau=0.74s backend=disabled virtual=/cmd_control
[WARN] [1791220065.026672285] [upper_planner_node]: no valid preview interval at step=7; usable horizon=6 reason=3
[INFO] [1791220065.111029209] [upper_planner_node]: planner state input: Odometry topic=/motive/vehicle/odom_map yaw=orientation.z scalar
[INFO] [1791220065.113994710] [upper_planner_node]: Egocentric MIQP planner ready: rate=1.00Hz pred_dt=0.750s Nmax=7 lower_dt=0.100s target_v=6.000m/s scale=fullscale wheelbase=2.80m length=4.70m bev=40.00m margin=2.00m state=odom grid=/bev/occupancy_grid sparse=/planner/upper_path_sparse dense=/planner/lower_reference_path
[INFO] [1791220065.114151227] [upper_planner_node]: upper branch model: cumulative_increment=1 turn_window_at_split=1 turn_target_absolute=1 split_continuity=6.75m r_dpsi=3.000 lambda_turn=0.600
[INFO] [1791220065.122924015] [lower_tracking_mpc_node]: LowerTrackingMpcNode ready: rate=10.00Hz dt=0.100s N=30 path=/planner/lower_reference_path scale=fullscale wheelbase=2.80m rear_offset=1.40m command_scale=0.350rad actuator_model=1 delay=0.00s tau=0.74s backend=disabled virtual=/cmd_control
[INFO] [1791220065.318561749] [upper_planner_node]: planner state input: Odometry topic=/motive/vehicle/odom_map yaw=orientation.z scalar
[INFO] [1791220065.321523986] [upper_planner_node]: Egocentric MIQP planner ready: rate=1.00Hz pred_dt=0.750s Nmax=7 lower_dt=0.100s target_v=6.000m/s scale=fullscale wheelbase=2.80m length=4.70m bev=40.00m margin=2.00m state=odom grid=/bev/occupancy_grid sparse=/planner/upper_path_sparse dense=/planner/lower_reference_path
[INFO] [1791220065.321772186] [upper_planner_node]: upper branch model: cumulative_increment=1 turn_window_at_split=1 turn_target_absolute=1 split_continuity=6.75m r_dpsi=3.000 lambda_turn=0.600
[INFO] [1791220065.330806358] [lower_tracking_mpc_node]: LowerTrackingMpcNode ready: rate=10.00Hz dt=0.100s N=30 path=/planner/lower_reference_path scale=fullscale wheelbase=2.80m rear_offset=1.40m command_scale=0.350rad actuator_model=1 delay=0.00s tau=0.74s backend=disabled virtual=/cmd_control
[INFO] [1791220065.431424977] [upper_planner_node]: planner state input: Odometry topic=/motive/vehicle/odom_map yaw=orientation.z scalar
[INFO] [1791220065.434418735] [upper_planner_node]: Egocentric MIQP planner ready: rate=1.00Hz pred_dt=0.750s Nmax=7 lower_dt=0.100s target_v=6.000m/s scale=fullscale wheelbase=2.80m length=4.70m bev=40.00m margin=2.00m state=odom grid=/bev/occupancy_grid sparse=/planner/upper_path_sparse dense=/planner/lower_reference_path
[INFO] [1791220065.434578324] [upper_planner_node]: upper branch model: cumulative_increment=1 turn_window_at_split=1 turn_target_absolute=1 split_continuity=6.75m r_dpsi=3.000 lambda_turn=0.600
[INFO] [1791220065.443105249] [lower_tracking_mpc_node]: LowerTrackingMpcNode ready: rate=10.00Hz dt=0.100s N=30 path=/planner/lower_reference_path scale=fullscale wheelbase=2.80m rear_offset=1.40m command_scale=0.350rad actuator_model=1 delay=0.00s tau=0.74s backend=disabled virtual=/cmd_control
[INFO] [1791220065.539727902] [upper_planner_node]: planner state input: Odometry topic=/motive/vehicle/odom_map yaw=orientation.z scalar
[INFO] [1791220065.542677051] [upper_planner_node]: Egocentric MIQP planner ready: rate=1.00Hz pred_dt=0.750s Nmax=7 lower_dt=0.100s target_v=6.000m/s scale=fullscale wheelbase=2.80m length=4.70m bev=40.00m margin=2.00m state=odom grid=/bev/occupancy_grid sparse=/planner/upper_path_sparse dense=/planner/lower_reference_path
[INFO] [1791220065.542822879] [upper_planner_node]: upper branch model: cumulative_increment=1 turn_window_at_split=1 turn_target_absolute=1 split_continuity=6.75m r_dpsi=3.000 lambda_turn=0.600
[INFO] [1791220065.551974239] [lower_tracking_mpc_node]: LowerTrackingMpcNode ready: rate=10.00Hz dt=0.100s N=30 path=/planner/lower_reference_path scale=fullscale wheelbase=2.80m rear_offset=1.40m command_scale=0.350rad actuator_model=1 delay=0.00s tau=0.74s backend=disabled virtual=/cmd_control
[INFO] [1791220065.648802371] [upper_planner_node]: planner state input: Odometry topic=/motive/vehicle/odom_map yaw=orientation.z scalar
[INFO] [1791220065.651777888] [upper_planner_node]: Egocentric MIQP planner ready: rate=1.00Hz pred_dt=0.750s Nmax=7 lower_dt=0.100s target_v=6.000m/s scale=fullscale wheelbase=2.80m length=4.70m bev=40.00m margin=2.00m state=odom grid=/bev/occupancy_grid sparse=/planner/upper_path_sparse dense=/planner/lower_reference_path
[INFO] [1791220065.651950726] [upper_planner_node]: upper branch model: cumulative_increment=1 turn_window_at_split=1 turn_target_absolute=1 split_continuity=6.75m r_dpsi=3.000 lambda_turn=0.600
[INFO] [1791220065.660679640] [lower_tracking_mpc_node]: LowerTrackingMpcNode ready: rate=10.00Hz dt=0.100s N=30 path=/planner/lower_reference_path scale=fullscale wheelbase=2.80m rear_offset=1.40m command_scale=0.350rad actuator_model=1 delay=0.00s tau=0.74s backend=disabled virtual=/cmd_control
[INFO] [1791220065.759405816] [upper_planner_node]: planner state input: Odometry topic=/motive/vehicle/odom_map yaw=orientation.z scalar
[INFO] [1791220065.762278770] [upper_planner_node]: Egocentric MIQP planner ready: rate=1.00Hz pred_dt=0.750s Nmax=7 lower_dt=0.100s target_v=6.000m/s scale=fullscale wheelbase=2.80m length=4.70m bev=40.00m margin=2.00m state=odom grid=/bev/occupancy_grid sparse=/planner/upper_path_sparse dense=/planner/lower_reference_path
[INFO] [1791220065.762454008] [upper_planner_node]: upper branch model: cumulative_increment=1 turn_window_at_split=1 turn_target_absolute=1 split_continuity=6.75m r_dpsi=3.000 lambda_turn=0.600
[INFO] [1791220065.771024005] [lower_tracking_mpc_node]: LowerTrackingMpcNode ready: rate=10.00Hz dt=0.100s N=30 path=/planner/lower_reference_path scale=fullscale wheelbase=2.80m rear_offset=1.40m command_scale=0.350rad actuator_model=1 delay=0.00s tau=0.74s backend=disabled virtual=/cmd_control
[INFO] [1791220065.869439419] [upper_planner_node]: planner state input: Odometry topic=/motive/vehicle/odom_map yaw=orientation.z scalar
[INFO] [1791220065.872407512] [upper_planner_node]: Egocentric MIQP planner ready: rate=1.00Hz pred_dt=0.750s Nmax=7 lower_dt=0.100s target_v=6.000m/s scale=fullscale wheelbase=2.80m length=4.70m bev=40.00m margin=2.00m state=odom grid=/bev/occupancy_grid sparse=/planner/upper_path_sparse dense=/planner/lower_reference_path
[INFO] [1791220065.872570686] [upper_planner_node]: upper branch model: cumulative_increment=1 turn_window_at_split=1 turn_target_absolute=1 split_continuity=6.75m r_dpsi=3.000 lambda_turn=0.600
[INFO] [1791220065.881515959] [lower_tracking_mpc_node]: LowerTrackingMpcNode ready: rate=10.00Hz dt=0.100s N=30 path=/planner/lower_reference_path scale=fullscale wheelbase=2.80m rear_offset=1.40m command_scale=0.350rad actuator_model=1 delay=0.00s tau=0.74s backend=disabled virtual=/cmd_control
[INFO] [1791220065.976287098] [upper_planner_node]: planner state input: Odometry topic=/motive/vehicle/odom_map yaw=orientation.z scalar
[INFO] [1791220065.979071890] [upper_planner_node]: Egocentric MIQP planner ready: rate=1.00Hz pred_dt=0.750s Nmax=7 lower_dt=0.100s target_v=6.000m/s scale=fullscale wheelbase=2.80m length=4.70m bev=40.00m margin=2.00m state=odom grid=/bev/occupancy_grid sparse=/planner/upper_path_sparse dense=/planner/lower_reference_path
[INFO] [1791220065.979221206] [upper_planner_node]: upper branch model: cumulative_increment=1 turn_window_at_split=1 turn_target_absolute=1 split_continuity=6.75m r_dpsi=3.000 lambda_turn=0.600
[INFO] [1791220065.987948777] [lower_tracking_mpc_node]: LowerTrackingMpcNode ready: rate=10.00Hz dt=0.100s N=30 path=/planner/lower_reference_path scale=fullscale wheelbase=2.80m rear_offset=1.40m command_scale=0.350rad actuator_model=1 delay=0.00s tau=0.74s backend=disabled virtual=/cmd_control
[INFO] [1791220066.084744140] [upper_planner_node]: planner state input: Odometry topic=/motive/vehicle/odom_map yaw=orientation.z scalar
[INFO] [1791220066.087687592] [upper_planner_node]: Egocentric MIQP planner ready: rate=1.00Hz pred_dt=0.750s Nmax=7 lower_dt=0.100s target_v=6.000m/s scale=fullscale wheelbase=2.80m length=4.70m bev=40.00m margin=2.00m state=odom grid=/bev/occupancy_grid sparse=/planner/upper_path_sparse dense=/planner/lower_reference_path
[INFO] [1791220066.087845133] [upper_planner_node]: upper branch model: cumulative_increment=1 turn_window_at_split=1 turn_target_absolute=1 split_continuity=6.75m r_dpsi=3.000 lambda_turn=0.600
[INFO] [1791220066.096909834] [lower_tracking_mpc_node]: LowerTrackingMpcNode ready: rate=10.00Hz dt=0.100s N=30 path=/planner/lower_reference_path scale=fullscale wheelbase=2.80m rear_offset=1.40m command_scale=0.350rad actuator_model=1 delay=0.00s tau=0.74s backend=disabled virtual=/cmd_control
[INFO] [1791220066.192523656] [upper_planner_node]: planner state input: Odometry topic=/motive/vehicle/odom_map yaw=orientation.z scalar
[INFO] [1791220066.195321184] [upper_planner_node]: Egocentric MIQP planner ready: rate=1.00Hz pred_dt=0.750s Nmax=7 lower_dt=0.100s target_v=6.000m/s scale=fullscale wheelbase=2.80m length=4.70m bev=40.00m margin=2.00m state=odom grid=/bev/occupancy_grid sparse=/planner/upper_path_sparse dense=/planner/lower_reference_path
[INFO] [1791220066.195465028] [upper_planner_node]: upper branch model: cumulative_increment=1 turn_window_at_split=1 turn_target_absolute=1 split_continuity=6.75m r_dpsi=3.000 lambda_turn=0.600
[INFO] [1791220066.204416318] [lower_tracking_mpc_node]: LowerTrackingMpcNode ready: rate=10.00Hz dt=0.100s N=30 path=/planner/lower_reference_path scale=fullscale wheelbase=2.80m rear_offset=1.40m command_scale=0.350rad actuator_model=1 delay=0.00s tau=0.74s backend=disabled virtual=/cmd_control
[INFO] [1791220066.301236673] [upper_planner_node]: planner state input: Odometry topic=/motive/vehicle/odom_map yaw=orientation.z scalar
[INFO] [1791220066.304456391] [upper_planner_node]: Egocentric MIQP planner ready: rate=1.00Hz pred_dt=0.750s Nmax=7 lower_dt=0.100s target_v=6.000m/s scale=fullscale wheelbase=2.80m length=4.70m bev=40.00m margin=2.00m state=odom grid=/bev/occupancy_grid sparse=/planner/upper_path_sparse dense=/planner/lower_reference_path
[INFO] [1791220066.304595371] [upper_planner_node]: upper branch model: cumulative_increment=1 turn_window_at_split=1 turn_target_absolute=1 split_continuity=6.75m r_dpsi=3.000 lambda_turn=0.600
[INFO] [1791220066.313567013] [lower_tracking_mpc_node]: LowerTrackingMpcNode ready: rate=10.00Hz dt=0.100s N=30 path=/planner/lower_reference_path scale=fullscale wheelbase=2.80m rear_offset=1.40m command_scale=0.350rad actuator_model=1 delay=0.00s tau=0.74s backend=disabled virtual=/cmd_control
[INFO] [1791220066.411807093] [upper_planner_node]: planner state input: Odometry topic=/motive/vehicle/odom_map yaw=orientation.z scalar
[INFO] [1791220066.415532522] [upper_planner_node]: Egocentric MIQP planner ready: rate=1.00Hz pred_dt=0.750s Nmax=7 lower_dt=0.100s target_v=6.000m/s scale=fullscale wheelbase=2.80m length=4.70m bev=40.00m margin=2.00m state=odom grid=/bev/occupancy_grid sparse=/planner/upper_path_sparse dense=/planner/lower_reference_path
[INFO] [1791220066.415694127] [upper_planner_node]: upper branch model: cumulative_increment=1 turn_window_at_split=1 turn_target_absolute=1 split_continuity=6.75m r_dpsi=3.000 lambda_turn=0.600
[INFO] [1791220066.426207482] [lower_tracking_mpc_node]: LowerTrackingMpcNode ready: rate=10.00Hz dt=0.100s N=30 path=/planner/lower_reference_path scale=fullscale wheelbase=2.80m rear_offset=1.40m command_scale=0.350rad actuator_model=1 delay=0.00s tau=0.74s backend=disabled virtual=/cmd_control
[INFO] [1791220066.521224613] [upper_planner_node]: planner state input: Odometry topic=/motive/vehicle/odom_map yaw=orientation.z scalar
[INFO] [1791220066.524094815] [upper_planner_node]: Egocentric MIQP planner ready: rate=1.00Hz pred_dt=0.750s Nmax=7 lower_dt=0.100s target_v=6.000m/s scale=fullscale wheelbase=2.80m length=4.70m bev=40.00m margin=2.00m state=odom grid=/bev/occupancy_grid sparse=/planner/upper_path_sparse dense=/planner/lower_reference_path
[INFO] [1791220066.524283173] [upper_planner_node]: upper branch model: cumulative_increment=1 turn_window_at_split=1 turn_target_absolute=1 split_continuity=6.75m r_dpsi=3.000 lambda_turn=0.600
[INFO] [1791220066.533009976] [lower_tracking_mpc_node]: LowerTrackingMpcNode ready: rate=10.00Hz dt=0.100s N=30 path=/planner/lower_reference_path scale=fullscale wheelbase=2.80m rear_offset=1.40m command_scale=0.350rad actuator_model=1 delay=0.00s tau=0.74s backend=disabled virtual=/cmd_control
[INFO] [1791220066.630787673] [upper_planner_node]: planner state input: Odometry topic=/motive/vehicle/odom_map yaw=orientation.z scalar
[INFO] [1791220066.633669204] [upper_planner_node]: Egocentric MIQP planner ready: rate=1.00Hz pred_dt=0.750s Nmax=7 lower_dt=0.100s target_v=6.000m/s scale=fullscale wheelbase=2.80m length=4.70m bev=40.00m margin=2.00m state=odom grid=/bev/occupancy_grid sparse=/planner/upper_path_sparse dense=/planner/lower_reference_path
[INFO] [1791220066.633834937] [upper_planner_node]: upper branch model: cumulative_increment=1 turn_window_at_split=1 turn_target_absolute=1 split_continuity=6.75m r_dpsi=3.000 lambda_turn=0.600
[INFO] [1791220066.642384294] [lower_tracking_mpc_node]: LowerTrackingMpcNode ready: rate=10.00Hz dt=0.100s N=30 path=/planner/lower_reference_path scale=fullscale wheelbase=2.80m rear_offset=1.40m command_scale=0.350rad actuator_model=1 delay=0.00s tau=0.74s backend=disabled virtual=/cmd_control
[INFO] [1791220066.737777213] [upper_planner_node]: planner state input: Odometry topic=/motive/vehicle/odom_map yaw=orientation.z scalar
[INFO] [1791220066.740749498] [upper_planner_node]: Egocentric MIQP planner ready: rate=1.00Hz pred_dt=0.750s Nmax=7 lower_dt=0.100s target_v=6.000m/s scale=fullscale wheelbase=2.80m length=4.70m bev=40.00m margin=2.00m state=odom grid=/bev/occupancy_grid sparse=/planner/upper_path_sparse dense=/planner/lower_reference_path
[INFO] [1791220066.740986882] [upper_planner_node]: upper branch model: cumulative_increment=1 turn_window_at_split=1 turn_target_absolute=1 split_continuity=6.75m r_dpsi=3.000 lambda_turn=0.600
[INFO] [1791220066.749875289] [lower_tracking_mpc_node]: LowerTrackingMpcNode ready: rate=10.00Hz dt=0.100s N=30 path=/planner/lower_reference_path scale=fullscale wheelbase=2.80m rear_offset=1.40m command_scale=0.350rad actuator_model=1 delay=0.00s tau=0.74s backend=disabled virtual=/cmd_control
[INFO] [1791220066.844925349] [upper_planner_node]: planner state input: Odometry topic=/motive/vehicle/odom_map yaw=orientation.z scalar
[INFO] [1791220066.847862465] [upper_planner_node]: Egocentric MIQP planner ready: rate=1.00Hz pred_dt=0.750s Nmax=7 lower_dt=0.100s target_v=6.000m/s scale=fullscale wheelbase=2.80m length=4.70m bev=40.00m margin=2.00m state=odom grid=/bev/occupancy_grid sparse=/planner/upper_path_sparse dense=/planner/lower_reference_path
[INFO] [1791220066.848026023] [upper_planner_node]: upper branch model: cumulative_increment=1 turn_window_at_split=1 turn_target_absolute=1 split_continuity=6.75m r_dpsi=3.000 lambda_turn=0.600
[INFO] [1791220066.856739321] [lower_tracking_mpc_node]: LowerTrackingMpcNode ready: rate=10.00Hz dt=0.100s N=30 path=/planner/lower_reference_path scale=fullscale wheelbase=2.80m rear_offset=1.40m command_scale=0.350rad actuator_model=1 delay=0.00s tau=0.74s backend=disabled virtual=/cmd_control
[INFO] [1791220066.951236275] [upper_planner_node]: planner state input: Odometry topic=/motive/vehicle/odom_map yaw=orientation.z scalar
[INFO] [1791220066.954053868] [upper_planner_node]: Egocentric MIQP planner ready: rate=1.00Hz pred_dt=0.750s Nmax=7 lower_dt=0.100s target_v=6.000m/s scale=fullscale wheelbase=2.80m length=4.70m bev=40.00m margin=2.00m state=odom grid=/bev/occupancy_grid sparse=/planner/upper_path_sparse dense=/planner/lower_reference_path
[INFO] [1791220066.954212881] [upper_planner_node]: upper branch model: cumulative_increment=1 turn_window_at_split=1 turn_target_absolute=1 split_continuity=6.75m r_dpsi=3.000 lambda_turn=0.600
[INFO] [1791220066.962943171] [lower_tracking_mpc_node]: LowerTrackingMpcNode ready: rate=10.00Hz dt=0.100s N=30 path=/planner/lower_reference_path scale=fullscale wheelbase=2.80m rear_offset=1.40m command_scale=0.350rad actuator_model=1 delay=0.00s tau=0.74s backend=disabled virtual=/cmd_control
[INFO] [1791220067.058964974] [upper_planner_node]: planner state input: Odometry topic=/motive/vehicle/odom_map yaw=orientation.z scalar
[INFO] [1791220067.062061615] [upper_planner_node]: Egocentric MIQP planner ready: rate=1.00Hz pred_dt=0.750s Nmax=7 lower_dt=0.100s target_v=6.000m/s scale=fullscale wheelbase=2.80m length=4.70m bev=40.00m margin=2.00m state=odom grid=/bev/occupancy_grid sparse=/planner/upper_path_sparse dense=/planner/lower_reference_path
[INFO] [1791220067.062223956] [upper_planner_node]: upper branch model: cumulative_increment=1 turn_window_at_split=1 turn_target_absolute=1 split_continuity=6.75m r_dpsi=3.000 lambda_turn=0.600
[INFO] [1791220067.071145485] [lower_tracking_mpc_node]: LowerTrackingMpcNode ready: rate=10.00Hz dt=0.100s N=30 path=/planner/lower_reference_path scale=fullscale wheelbase=2.80m rear_offset=1.40m command_scale=0.350rad actuator_model=1 delay=0.00s tau=0.74s backend=disabled virtual=/cmd_control
[INFO] [1791220067.166847469] [upper_planner_node]: planner state input: Odometry topic=/motive/vehicle/odom_map yaw=orientation.z scalar
[INFO] [1791220067.169850444] [upper_planner_node]: Egocentric MIQP planner ready: rate=1.00Hz pred_dt=0.750s Nmax=7 lower_dt=0.100s target_v=6.000m/s scale=fullscale wheelbase=2.80m length=4.70m bev=40.00m margin=2.00m state=odom grid=/bev/occupancy_grid sparse=/planner/upper_path_sparse dense=/planner/lower_reference_path
[INFO] [1791220067.170013873] [upper_planner_node]: upper branch model: cumulative_increment=1 turn_window_at_split=1 turn_target_absolute=1 split_continuity=6.75m r_dpsi=3.000 lambda_turn=0.600
[INFO] [1791220067.178934889] [lower_tracking_mpc_node]: LowerTrackingMpcNode ready: rate=10.00Hz dt=0.100s N=30 path=/planner/lower_reference_path scale=fullscale wheelbase=2.80m rear_offset=1.40m command_scale=0.350rad actuator_model=1 delay=0.00s tau=0.74s backend=disabled virtual=/cmd_control
[INFO] [1791220067.276822927] [upper_planner_node]: planner state input: Odometry topic=/motive/vehicle/odom_map yaw=orientation.z scalar
[INFO] [1791220067.279903855] [upper_planner_node]: Egocentric MIQP planner ready: rate=1.00Hz pred_dt=0.750s Nmax=7 lower_dt=0.100s target_v=6.000m/s scale=fullscale wheelbase=2.80m length=4.70m bev=40.00m margin=2.00m state=odom grid=/bev/occupancy_grid sparse=/planner/upper_path_sparse dense=/planner/lower_reference_path
[INFO] [1791220067.280179352] [upper_planner_node]: upper branch model: cumulative_increment=1 turn_window_at_split=1 turn_target_absolute=1 split_continuity=6.75m r_dpsi=3.000 lambda_turn=0.600
[INFO] [1791220067.289281462] [lower_tracking_mpc_node]: LowerTrackingMpcNode ready: rate=10.00Hz dt=0.100s N=30 path=/planner/lower_reference_path scale=fullscale wheelbase=2.80m rear_offset=1.40m command_scale=0.350rad actuator_model=1 delay=0.00s tau=0.74s backend=disabled virtual=/cmd_control
[INFO] [1791220067.385921108] [upper_planner_node]: planner state input: Odometry topic=/motive/vehicle/odom_map yaw=orientation.z scalar
[INFO] [1791220067.388772110] [upper_planner_node]: Egocentric MIQP planner ready: rate=1.00Hz pred_dt=0.750s Nmax=7 lower_dt=0.100s target_v=6.000m/s scale=fullscale wheelbase=2.80m length=4.70m bev=40.00m margin=2.00m state=odom grid=/bev/occupancy_grid sparse=/planner/upper_path_sparse dense=/planner/lower_reference_path
[INFO] [1791220067.388925075] [upper_planner_node]: upper branch model: cumulative_increment=1 turn_window_at_split=1 turn_target_absolute=1 split_continuity=6.75m r_dpsi=3.000 lambda_turn=0.600
[INFO] [1791220067.397560962] [lower_tracking_mpc_node]: LowerTrackingMpcNode ready: rate=10.00Hz dt=0.100s N=30 path=/planner/lower_reference_path scale=fullscale wheelbase=2.80m rear_offset=1.40m command_scale=0.350rad actuator_model=1 delay=0.00s tau=0.74s backend=disabled virtual=/cmd_control
[INFO] [1791220067.492931064] [upper_planner_node]: planner state input: Odometry topic=/motive/vehicle/odom_map yaw=orientation.z scalar
[INFO] [1791220067.496299842] [upper_planner_node]: Egocentric MIQP planner ready: rate=1.00Hz pred_dt=0.750s Nmax=7 lower_dt=0.100s target_v=6.000m/s scale=fullscale wheelbase=2.80m length=4.70m bev=40.00m margin=2.00m state=odom grid=/bev/occupancy_grid sparse=/planner/upper_path_sparse dense=/planner/lower_reference_path
[INFO] [1791220067.496492008] [upper_planner_node]: upper branch model: cumulative_increment=1 turn_window_at_split=1 turn_target_absolute=1 split_continuity=6.75m r_dpsi=3.000 lambda_turn=0.600
[INFO] [1791220067.505590438] [lower_tracking_mpc_node]: LowerTrackingMpcNode ready: rate=10.00Hz dt=0.100s N=30 path=/planner/lower_reference_path scale=fullscale wheelbase=2.80m rear_offset=1.40m command_scale=0.350rad actuator_model=1 delay=0.00s tau=0.74s backend=disabled virtual=/cmd_control
[INFO] [1791220067.604134848] [upper_planner_node]: planner state input: Odometry topic=/motive/vehicle/odom_map yaw=orientation.z scalar
[INFO] [1791220067.607972313] [upper_planner_node]: Egocentric MIQP planner ready: rate=1.00Hz pred_dt=0.750s Nmax=7 lower_dt=0.100s target_v=6.000m/s scale=fullscale wheelbase=2.80m length=4.70m bev=40.00m margin=2.00m state=odom grid=/bev/occupancy_grid sparse=/planner/upper_path_sparse dense=/planner/lower_reference_path
[INFO] [1791220067.608120989] [upper_planner_node]: upper branch model: cumulative_increment=1 turn_window_at_split=1 turn_target_absolute=1 split_continuity=6.75m r_dpsi=3.000 lambda_turn=0.600
[INFO] [1791220067.618792109] [lower_tracking_mpc_node]: LowerTrackingMpcNode ready: rate=10.00Hz dt=0.100s N=30 path=/planner/lower_reference_path scale=fullscale wheelbase=2.80m rear_offset=1.40m command_scale=0.350rad actuator_model=1 delay=0.00s tau=0.74s backend=disabled virtual=/cmd_control
[INFO] [1791220067.717626224] [upper_planner_node]: planner state input: Odometry topic=/motive/vehicle/odom_map yaw=orientation.z scalar
[INFO] [1791220067.720632782] [upper_planner_node]: Egocentric MIQP planner ready: rate=1.00Hz pred_dt=0.750s Nmax=7 lower_dt=0.100s target_v=6.000m/s scale=fullscale wheelbase=2.80m length=4.70m bev=40.00m margin=2.00m state=odom grid=/bev/occupancy_grid sparse=/planner/upper_path_sparse dense=/planner/lower_reference_path
[INFO] [1791220067.720800724] [upper_planner_node]: upper branch model: cumulative_increment=1 turn_window_at_split=1 turn_target_absolute=1 split_continuity=6.75m r_dpsi=3.000 lambda_turn=0.600
[INFO] [1791220067.729967988] [lower_tracking_mpc_node]: LowerTrackingMpcNode ready: rate=10.00Hz dt=0.100s N=30 path=/planner/lower_reference_path scale=fullscale wheelbase=2.80m rear_offset=1.40m command_scale=0.350rad actuator_model=1 delay=0.00s tau=0.74s backend=disabled virtual=/cmd_control
[INFO] [1791220067.826758647] [upper_planner_node]: planner state input: Odometry topic=/motive/vehicle/odom_map yaw=orientation.z scalar
[INFO] [1791220067.829614993] [upper_planner_node]: Egocentric MIQP planner ready: rate=1.00Hz pred_dt=0.750s Nmax=7 lower_dt=0.100s target_v=6.000m/s scale=fullscale wheelbase=2.80m length=4.70m bev=40.00m margin=2.00m state=odom grid=/bev/occupancy_grid sparse=/planner/upper_path_sparse dense=/planner/lower_reference_path
[INFO] [1791220067.829765749] [upper_planner_node]: upper branch model: cumulative_increment=1 turn_window_at_split=1 turn_target_absolute=1 split_continuity=6.75m r_dpsi=3.000 lambda_turn=0.600
[INFO] [1791220067.838491496] [lower_tracking_mpc_node]: LowerTrackingMpcNode ready: rate=10.00Hz dt=0.100s N=30 path=/planner/lower_reference_path scale=fullscale wheelbase=2.80m rear_offset=1.40m command_scale=0.350rad actuator_model=1 delay=0.00s tau=0.74s backend=disabled virtual=/cmd_control
[INFO] [1791220067.936180487] [upper_planner_node]: planner state input: Odometry topic=/motive/vehicle/odom_map yaw=orientation.z scalar
[INFO] [1791220067.939055905] [upper_planner_node]: Egocentric MIQP planner ready: rate=1.00Hz pred_dt=0.750s Nmax=7 lower_dt=0.100s target_v=6.000m/s scale=fullscale wheelbase=2.80m length=4.70m bev=40.00m margin=2.00m state=odom grid=/bev/occupancy_grid sparse=/planner/upper_path_sparse dense=/planner/lower_reference_path
[INFO] [1791220067.939209190] [upper_planner_node]: upper branch model: cumulative_increment=1 turn_window_at_split=1 turn_target_absolute=1 split_continuity=6.75m r_dpsi=3.000 lambda_turn=0.600
[INFO] [1791220067.948030011] [lower_tracking_mpc_node]: LowerTrackingMpcNode ready: rate=10.00Hz dt=0.100s N=30 path=/planner/lower_reference_path scale=fullscale wheelbase=2.80m rear_offset=1.40m command_scale=0.350rad actuator_model=1 delay=0.00s tau=0.74s backend=disabled virtual=/cmd_control
[INFO] [1791220068.049368397] [upper_planner_node]: planner state input: Odometry topic=/motive/vehicle/odom_map yaw=orientation.z scalar
[INFO] [1791220068.052229671] [upper_planner_node]: Egocentric MIQP planner ready: rate=1.00Hz pred_dt=0.750s Nmax=7 lower_dt=0.100s target_v=6.000m/s scale=fullscale wheelbase=2.80m length=4.70m bev=40.00m margin=2.00m state=odom grid=/bev/occupancy_grid sparse=/planner/upper_path_sparse dense=/planner/lower_reference_path
[INFO] [1791220068.052385900] [upper_planner_node]: upper branch model: cumulative_increment=1 turn_window_at_split=1 turn_target_absolute=1 split_continuity=6.75m r_dpsi=3.000 lambda_turn=0.600
[INFO] [1791220068.060974810] [lower_tracking_mpc_node]: LowerTrackingMpcNode ready: rate=10.00Hz dt=0.100s N=30 path=/planner/lower_reference_path scale=fullscale wheelbase=2.80m rear_offset=1.40m command_scale=0.350rad actuator_model=1 delay=0.00s tau=0.74s backend=disabled virtual=/cmd_control
[INFO] [1791220068.158831934] [upper_planner_node]: planner state input: Odometry topic=/motive/vehicle/odom_map yaw=orientation.z scalar
[INFO] [1791220068.161822172] [upper_planner_node]: Egocentric MIQP planner ready: rate=1.00Hz pred_dt=0.750s Nmax=7 lower_dt=0.100s target_v=6.000m/s scale=fullscale wheelbase=2.80m length=4.70m bev=40.00m margin=2.00m state=odom grid=/bev/occupancy_grid sparse=/planner/upper_path_sparse dense=/planner/lower_reference_path
[INFO] [1791220068.161991777] [upper_planner_node]: upper branch model: cumulative_increment=1 turn_window_at_split=1 turn_target_absolute=1 split_continuity=6.75m r_dpsi=3.000 lambda_turn=0.600
[INFO] [1791220068.170556719] [lower_tracking_mpc_node]: LowerTrackingMpcNode ready: rate=10.00Hz dt=0.100s N=30 path=/planner/lower_reference_path scale=fullscale wheelbase=2.80m rear_offset=1.40m command_scale=0.350rad actuator_model=1 delay=0.00s tau=0.74s backend=disabled virtual=/cmd_control
[INFO] [1791220068.267241454] [upper_planner_node]: planner state input: Odometry topic=/motive/vehicle/odom_map yaw=orientation.z scalar
[INFO] [1791220068.270228396] [upper_planner_node]: Egocentric MIQP planner ready: rate=1.00Hz pred_dt=0.750s Nmax=7 lower_dt=0.100s target_v=6.000m/s scale=fullscale wheelbase=2.80m length=4.70m bev=40.00m margin=2.00m state=odom grid=/bev/occupancy_grid sparse=/planner/upper_path_sparse dense=/planner/lower_reference_path
[INFO] [1791220068.270387249] [upper_planner_node]: upper branch model: cumulative_increment=1 turn_window_at_split=1 turn_target_absolute=1 split_continuity=6.75m r_dpsi=3.000 lambda_turn=0.600
[INFO] [1791220068.279349131] [lower_tracking_mpc_node]: LowerTrackingMpcNode ready: rate=10.00Hz dt=0.100s N=30 path=/planner/lower_reference_path scale=fullscale wheelbase=2.80m rear_offset=1.40m command_scale=0.350rad actuator_model=1 delay=0.00s tau=0.74s backend=disabled virtual=/cmd_control
[INFO] [1791220068.376733696] [upper_planner_node]: planner state input: Odometry topic=/motive/vehicle/odom_map yaw=orientation.z scalar
[INFO] [1791220068.379546009] [upper_planner_node]: Egocentric MIQP planner ready: rate=1.00Hz pred_dt=0.750s Nmax=7 lower_dt=0.100s target_v=6.000m/s scale=fullscale wheelbase=2.80m length=4.70m bev=40.00m margin=2.00m state=odom grid=/bev/occupancy_grid sparse=/planner/upper_path_sparse dense=/planner/lower_reference_path
[INFO] [1791220068.379715614] [upper_planner_node]: upper branch model: cumulative_increment=1 turn_window_at_split=1 turn_target_absolute=1 split_continuity=6.75m r_dpsi=3.000 lambda_turn=0.600
[INFO] [1791220068.388394895] [lower_tracking_mpc_node]: LowerTrackingMpcNode ready: rate=10.00Hz dt=0.100s N=30 path=/planner/lower_reference_path scale=fullscale wheelbase=2.80m rear_offset=1.40m command_scale=0.350rad actuator_model=1 delay=0.00s tau=0.74s backend=disabled virtual=/cmd_control
[INFO] [1791220068.483013037] [upper_planner_node]: planner state input: Odometry topic=/motive/vehicle/odom_map yaw=orientation.z scalar
[INFO] [1791220068.485806437] [upper_planner_node]: Egocentric MIQP planner ready: rate=1.00Hz pred_dt=0.750s Nmax=7 lower_dt=0.100s target_v=6.000m/s scale=fullscale wheelbase=2.80m length=4.70m bev=40.00m margin=2.00m state=odom grid=/bev/occupancy_grid sparse=/planner/upper_path_sparse dense=/planner/lower_reference_path
[INFO] [1791220068.485958090] [upper_planner_node]: upper branch model: cumulative_increment=1 turn_window_at_split=1 turn_target_absolute=1 split_continuity=6.75m r_dpsi=3.000 lambda_turn=0.600
[INFO] [1791220068.494640219] [lower_tracking_mpc_node]: LowerTrackingMpcNode ready: rate=10.00Hz dt=0.100s N=30 path=/planner/lower_reference_path scale=fullscale wheelbase=2.80m rear_offset=1.40m command_scale=0.350rad actuator_model=1 delay=0.00s tau=0.74s backend=disabled virtual=/cmd_control
[INFO] [1791220068.589555043] [upper_planner_node]: planner state input: Odometry topic=/motive/vehicle/odom_map yaw=orientation.z scalar
[INFO] [1791220068.592391196] [upper_planner_node]: Egocentric MIQP planner ready: rate=1.00Hz pred_dt=0.750s Nmax=7 lower_dt=0.100s target_v=6.000m/s scale=fullscale wheelbase=2.80m length=4.70m bev=40.00m margin=2.00m state=odom grid=/bev/occupancy_grid sparse=/planner/upper_path_sparse dense=/planner/lower_reference_path
[INFO] [1791220068.592651396] [upper_planner_node]: upper branch model: cumulative_increment=1 turn_window_at_split=1 turn_target_absolute=1 split_continuity=6.75m r_dpsi=3.000 lambda_turn=0.600
[INFO] [1791220068.601373910] [lower_tracking_mpc_node]: LowerTrackingMpcNode ready: rate=10.00Hz dt=0.100s N=30 path=/planner/lower_reference_path scale=fullscale wheelbase=2.80m rear_offset=1.40m command_scale=0.350rad actuator_model=1 delay=0.00s tau=0.74s backend=disabled virtual=/cmd_control
[INFO] [1791220068.698108599] [upper_planner_node]: planner state input: Odometry topic=/motive/vehicle/odom_map yaw=orientation.z scalar
[INFO] [1791220068.701058292] [upper_planner_node]: Egocentric MIQP planner ready: rate=1.00Hz pred_dt=0.750s Nmax=7 lower_dt=0.100s target_v=6.000m/s scale=fullscale wheelbase=2.80m length=4.70m bev=40.00m margin=2.00m state=odom grid=/bev/occupancy_grid sparse=/planner/upper_path_sparse dense=/planner/lower_reference_path
[INFO] [1791220068.701203096] [upper_planner_node]: upper branch model: cumulative_increment=1 turn_window_at_split=1 turn_target_absolute=1 split_continuity=6.75m r_dpsi=3.000 lambda_turn=0.600
[INFO] [1791220068.709928491] [lower_tracking_mpc_node]: LowerTrackingMpcNode ready: rate=10.00Hz dt=0.100s N=30 path=/planner/lower_reference_path scale=fullscale wheelbase=2.80m rear_offset=1.40m command_scale=0.350rad actuator_model=1 delay=0.00s tau=0.74s backend=disabled virtual=/cmd_control
[INFO] [1791220068.807320544] [upper_planner_node]: planner state input: Odometry topic=/motive/vehicle/odom_map yaw=orientation.z scalar
[INFO] [1791220068.810187323] [upper_planner_node]: Egocentric MIQP planner ready: rate=1.00Hz pred_dt=0.750s Nmax=7 lower_dt=0.100s target_v=6.000m/s scale=fullscale wheelbase=2.80m length=4.70m bev=40.00m margin=2.00m state=odom grid=/bev/occupancy_grid sparse=/planner/upper_path_sparse dense=/planner/lower_reference_path
[INFO] [1791220068.810356352] [upper_planner_node]: upper branch model: cumulative_increment=1 turn_window_at_split=1 turn_target_absolute=1 split_continuity=6.75m r_dpsi=3.000 lambda_turn=0.600
[INFO] [1791220068.819323386] [lower_tracking_mpc_node]: LowerTrackingMpcNode ready: rate=10.00Hz dt=0.100s N=30 path=/planner/lower_reference_path scale=fullscale wheelbase=2.80m rear_offset=1.40m command_scale=0.350rad actuator_model=1 delay=0.00s tau=0.74s backend=disabled virtual=/cmd_control
[INFO] [1791220068.914830196] [upper_planner_node]: planner state input: Odometry topic=/motive/vehicle/odom_map yaw=orientation.z scalar
[INFO] [1791220068.917845395] [upper_planner_node]: Egocentric MIQP planner ready: rate=1.00Hz pred_dt=0.750s Nmax=7 lower_dt=0.100s target_v=6.000m/s scale=fullscale wheelbase=2.80m length=4.70m bev=40.00m margin=2.00m state=odom grid=/bev/occupancy_grid sparse=/planner/upper_path_sparse dense=/planner/lower_reference_path
[INFO] [1791220068.918002968] [upper_planner_node]: upper branch model: cumulative_increment=1 turn_window_at_split=1 turn_target_absolute=1 split_continuity=6.75m r_dpsi=3.000 lambda_turn=0.600
[INFO] [1791220068.926677993] [lower_tracking_mpc_node]: LowerTrackingMpcNode ready: rate=10.00Hz dt=0.100s N=30 path=/planner/lower_reference_path scale=fullscale wheelbase=2.80m rear_offset=1.40m command_scale=0.350rad actuator_model=1 delay=0.00s tau=0.74s backend=disabled virtual=/cmd_control
[INFO] [1791220069.025444810] [upper_planner_node]: planner state input: Odometry topic=/motive/vehicle/odom_map yaw=orientation.z scalar
[INFO] [1791220069.028401158] [upper_planner_node]: Egocentric MIQP planner ready: rate=1.00Hz pred_dt=0.750s Nmax=7 lower_dt=0.100s target_v=6.000m/s scale=fullscale wheelbase=2.80m length=4.70m bev=40.00m margin=2.00m state=odom grid=/bev/occupancy_grid sparse=/planner/upper_path_sparse dense=/planner/lower_reference_path
[INFO] [1791220069.028564460] [upper_planner_node]: upper branch model: cumulative_increment=1 turn_window_at_split=1 turn_target_absolute=1 split_continuity=6.75m r_dpsi=3.000 lambda_turn=0.600
[INFO] [1791220069.037194171] [lower_tracking_mpc_node]: LowerTrackingMpcNode ready: rate=10.00Hz dt=0.100s N=30 path=/planner/lower_reference_path scale=fullscale wheelbase=2.80m rear_offset=1.40m command_scale=0.350rad actuator_model=1 delay=0.00s tau=0.74s backend=disabled virtual=/cmd_control
[INFO] [1791220069.132775320] [upper_planner_node]: planner state input: Odometry topic=/motive/vehicle/odom_map yaw=orientation.z scalar
[INFO] [1791220069.135607729] [upper_planner_node]: Egocentric MIQP planner ready: rate=1.00Hz pred_dt=0.750s Nmax=7 lower_dt=0.100s target_v=6.000m/s scale=fullscale wheelbase=2.80m length=4.70m bev=40.00m margin=2.00m state=odom grid=/bev/occupancy_grid sparse=/planner/upper_path_sparse dense=/planner/lower_reference_path
[INFO] [1791220069.135764406] [upper_planner_node]: upper branch model: cumulative_increment=1 turn_window_at_split=1 turn_target_absolute=1 split_continuity=6.75m r_dpsi=3.000 lambda_turn=0.600
[INFO] [1791220069.144530985] [lower_tracking_mpc_node]: LowerTrackingMpcNode ready: rate=10.00Hz dt=0.100s N=30 path=/planner/lower_reference_path scale=fullscale wheelbase=2.80m rear_offset=1.40m command_scale=0.350rad actuator_model=1 delay=0.00s tau=0.74s backend=disabled virtual=/cmd_control
[INFO] [1791220069.244768632] [upper_planner_node]: planner state input: Odometry topic=/motive/vehicle/odom_map yaw=orientation.z scalar
[INFO] [1791220069.247616242] [upper_planner_node]: Egocentric MIQP planner ready: rate=1.00Hz pred_dt=0.750s Nmax=7 lower_dt=0.100s target_v=6.000m/s scale=fullscale wheelbase=2.80m length=4.70m bev=40.00m margin=2.00m state=odom grid=/bev/occupancy_grid sparse=/planner/upper_path_sparse dense=/planner/lower_reference_path
[INFO] [1791220069.247862330] [upper_planner_node]: upper branch model: cumulative_increment=1 turn_window_at_split=1 turn_target_absolute=1 split_continuity=6.75m r_dpsi=3.000 lambda_turn=0.600
[INFO] [1791220069.256338692] [lower_tracking_mpc_node]: LowerTrackingMpcNode ready: rate=10.00Hz dt=0.100s N=30 path=/planner/lower_reference_path scale=fullscale wheelbase=2.80m rear_offset=1.40m command_scale=0.350rad actuator_model=1 delay=0.00s tau=0.74s backend=disabled virtual=/cmd_control
[INFO] [1791220069.353993282] [upper_planner_node]: planner state input: Odometry topic=/motive/vehicle/odom_map yaw=orientation.z scalar
[INFO] [1791220069.357039074] [upper_planner_node]: Egocentric MIQP planner ready: rate=1.00Hz pred_dt=0.750s Nmax=7 lower_dt=0.100s target_v=6.000m/s scale=fullscale wheelbase=2.80m length=4.70m bev=40.00m margin=2.00m state=odom grid=/bev/occupancy_grid sparse=/planner/upper_path_sparse dense=/planner/lower_reference_path
[INFO] [1791220069.357271305] [upper_planner_node]: upper branch model: cumulative_increment=1 turn_window_at_split=1 turn_target_absolute=1 split_continuity=6.75m r_dpsi=3.000 lambda_turn=0.600
[INFO] [1791220069.365835190] [lower_tracking_mpc_node]: LowerTrackingMpcNode ready: rate=10.00Hz dt=0.100s N=30 path=/planner/lower_reference_path scale=fullscale wheelbase=2.80m rear_offset=1.40m command_scale=0.350rad actuator_model=1 delay=0.00s tau=0.74s backend=disabled virtual=/cmd_control
[INFO] [1791220069.460960709] [upper_planner_node]: planner state input: Odometry topic=/motive/vehicle/odom_map yaw=orientation.z scalar
[INFO] [1791220069.464087591] [upper_planner_node]: Egocentric MIQP planner ready: rate=1.00Hz pred_dt=0.750s Nmax=7 lower_dt=0.100s target_v=6.000m/s scale=fullscale wheelbase=2.80m length=4.70m bev=40.00m margin=2.00m state=odom grid=/bev/occupancy_grid sparse=/planner/upper_path_sparse dense=/planner/lower_reference_path
[INFO] [1791220069.464251244] [upper_planner_node]: upper branch model: cumulative_increment=1 turn_window_at_split=1 turn_target_absolute=1 split_continuity=6.75m r_dpsi=3.000 lambda_turn=0.600
[INFO] [1791220069.472818426] [lower_tracking_mpc_node]: LowerTrackingMpcNode ready: rate=10.00Hz dt=0.100s N=30 path=/planner/lower_reference_path scale=fullscale wheelbase=2.80m rear_offset=1.40m command_scale=0.350rad actuator_model=1 delay=0.00s tau=0.74s backend=disabled virtual=/cmd_control
[INFO] [1791220069.569583068] [upper_planner_node]: planner state input: Odometry topic=/motive/vehicle/odom_map yaw=orientation.z scalar
[INFO] [1791220069.572543065] [upper_planner_node]: Egocentric MIQP planner ready: rate=1.00Hz pred_dt=0.750s Nmax=7 lower_dt=0.100s target_v=6.000m/s scale=fullscale wheelbase=2.80m length=4.70m bev=40.00m margin=2.00m state=odom grid=/bev/occupancy_grid sparse=/planner/upper_path_sparse dense=/planner/lower_reference_path
[INFO] [1791220069.572703582] [upper_planner_node]: upper branch model: cumulative_increment=1 turn_window_at_split=1 turn_target_absolute=1 split_continuity=6.75m r_dpsi=3.000 lambda_turn=0.600
[INFO] [1791220069.581561460] [lower_tracking_mpc_node]: LowerTrackingMpcNode ready: rate=10.00Hz dt=0.100s N=30 path=/planner/lower_reference_path scale=fullscale wheelbase=2.80m rear_offset=1.40m command_scale=0.350rad actuator_model=1 delay=0.00s tau=0.74s backend=disabled virtual=/cmd_control
[INFO] [1791220069.677200851] [upper_planner_node]: planner state input: Odometry topic=/motive/vehicle/odom_map yaw=orientation.z scalar
[INFO] [1791220069.680165680] [upper_planner_node]: Egocentric MIQP planner ready: rate=1.00Hz pred_dt=0.750s Nmax=7 lower_dt=0.100s target_v=6.000m/s scale=fullscale wheelbase=2.80m length=4.70m bev=40.00m margin=2.00m state=odom grid=/bev/occupancy_grid sparse=/planner/upper_path_sparse dense=/planner/lower_reference_path
[INFO] [1791220069.680316469] [upper_planner_node]: upper branch model: cumulative_increment=1 turn_window_at_split=1 turn_target_absolute=1 split_continuity=6.75m r_dpsi=3.000 lambda_turn=0.600
[INFO] [1791220069.689244653] [lower_tracking_mpc_node]: LowerTrackingMpcNode ready: rate=10.00Hz dt=0.100s N=30 path=/planner/lower_reference_path scale=fullscale wheelbase=2.80m rear_offset=1.40m command_scale=0.350rad actuator_model=1 delay=0.00s tau=0.74s backend=disabled virtual=/cmd_control
[INFO] [1791220069.786198709] [upper_planner_node]: planner state input: Odometry topic=/motive/vehicle/odom_map yaw=orientation.z scalar
[INFO] [1791220069.789055599] [upper_planner_node]: Egocentric MIQP planner ready: rate=1.00Hz pred_dt=0.750s Nmax=7 lower_dt=0.100s target_v=6.000m/s scale=fullscale wheelbase=2.80m length=4.70m bev=40.00m margin=2.00m state=odom grid=/bev/occupancy_grid sparse=/planner/upper_path_sparse dense=/planner/lower_reference_path
[INFO] [1791220069.789273206] [upper_planner_node]: upper branch model: cumulative_increment=1 turn_window_at_split=1 turn_target_absolute=1 split_continuity=6.75m r_dpsi=3.000 lambda_turn=0.600
[INFO] [1791220069.797962471] [lower_tracking_mpc_node]: LowerTrackingMpcNode ready: rate=10.00Hz dt=0.100s N=30 path=/planner/lower_reference_path scale=fullscale wheelbase=2.80m rear_offset=1.40m command_scale=0.350rad actuator_model=1 delay=0.00s tau=0.74s backend=disabled virtual=/cmd_control
[INFO] [1791220069.897185174] [upper_planner_node]: planner state input: Odometry topic=/motive/vehicle/odom_map yaw=orientation.z scalar
[INFO] [1791220069.900186357] [upper_planner_node]: Egocentric MIQP planner ready: rate=1.00Hz pred_dt=0.750s Nmax=7 lower_dt=0.100s target_v=6.000m/s scale=fullscale wheelbase=2.80m length=4.70m bev=40.00m margin=2.00m state=odom grid=/bev/occupancy_grid sparse=/planner/upper_path_sparse dense=/planner/lower_reference_path
[INFO] [1791220069.900352218] [upper_planner_node]: upper branch model: cumulative_increment=1 turn_window_at_split=1 turn_target_absolute=1 split_continuity=6.75m r_dpsi=3.000 lambda_turn=0.600
[INFO] [1791220069.909299187] [lower_tracking_mpc_node]: LowerTrackingMpcNode ready: rate=10.00Hz dt=0.100s N=30 path=/planner/lower_reference_path scale=fullscale wheelbase=2.80m rear_offset=1.40m command_scale=0.350rad actuator_model=1 delay=0.00s tau=0.74s backend=disabled virtual=/cmd_control
[INFO] [1791220070.004979027] [upper_planner_node]: planner state input: Odometry topic=/motive/vehicle/odom_map yaw=orientation.z scalar
[INFO] [1791220070.008245210] [upper_planner_node]: Egocentric MIQP planner ready: rate=1.00Hz pred_dt=0.750s Nmax=7 lower_dt=0.100s target_v=6.000m/s scale=fullscale wheelbase=2.80m length=4.70m bev=40.00m margin=2.00m state=odom grid=/bev/occupancy_grid sparse=/planner/upper_path_sparse dense=/planner/lower_reference_path
[INFO] [1791220070.008412799] [upper_planner_node]: upper branch model: cumulative_increment=1 turn_window_at_split=1 turn_target_absolute=1 split_continuity=6.75m r_dpsi=3.000 lambda_turn=0.600
[INFO] [1791220070.017350424] [lower_tracking_mpc_node]: LowerTrackingMpcNode ready: rate=10.00Hz dt=0.100s N=30 path=/planner/lower_reference_path scale=fullscale wheelbase=2.80m rear_offset=1.40m command_scale=0.350rad actuator_model=1 delay=0.00s tau=0.74s backend=disabled virtual=/cmd_control
[INFO] [1791220070.112628139] [upper_planner_node]: planner state input: Odometry topic=/motive/vehicle/odom_map yaw=orientation.z scalar
[INFO] [1791220070.115729325] [upper_planner_node]: Egocentric MIQP planner ready: rate=1.00Hz pred_dt=0.750s Nmax=7 lower_dt=0.100s target_v=6.000m/s scale=fullscale wheelbase=2.80m length=4.70m bev=40.00m margin=2.00m state=odom grid=/bev/occupancy_grid sparse=/planner/upper_path_sparse dense=/planner/lower_reference_path
[INFO] [1791220070.115924051] [upper_planner_node]: upper branch model: cumulative_increment=1 turn_window_at_split=1 turn_target_absolute=1 split_continuity=6.75m r_dpsi=3.000 lambda_turn=0.600
[INFO] [1791220070.124706983] [lower_tracking_mpc_node]: LowerTrackingMpcNode ready: rate=10.00Hz dt=0.100s N=30 path=/planner/lower_reference_path scale=fullscale wheelbase=2.80m rear_offset=1.40m command_scale=0.350rad actuator_model=1 delay=0.00s tau=0.74s backend=disabled virtual=/cmd_control
[INFO] [1791220070.227000503] [upper_planner_node]: planner state input: Odometry topic=/motive/vehicle/odom_map yaw=orientation.z scalar
[INFO] [1791220070.230238492] [upper_planner_node]: Egocentric MIQP planner ready: rate=1.00Hz pred_dt=0.750s Nmax=7 lower_dt=0.100s target_v=6.000m/s scale=fullscale wheelbase=2.80m length=4.70m bev=40.00m margin=2.00m state=odom grid=/bev/occupancy_grid sparse=/planner/upper_path_sparse dense=/planner/lower_reference_path
[INFO] [1791220070.230442275] [upper_planner_node]: upper branch model: cumulative_increment=1 turn_window_at_split=1 turn_target_absolute=1 split_continuity=6.75m r_dpsi=3.000 lambda_turn=0.600
[INFO] [1791220070.239520224] [lower_tracking_mpc_node]: LowerTrackingMpcNode ready: rate=10.00Hz dt=0.100s N=30 path=/planner/lower_reference_path scale=fullscale wheelbase=2.80m rear_offset=1.40m command_scale=0.350rad actuator_model=1 delay=0.00s tau=0.74s backend=disabled virtual=/cmd_control
[INFO] [1791220070.338229823] [upper_planner_node]: planner state input: Odometry topic=/motive/vehicle/odom_map yaw=orientation.z scalar
[INFO] [1791220070.341277119] [upper_planner_node]: Egocentric MIQP planner ready: rate=1.00Hz pred_dt=0.750s Nmax=7 lower_dt=0.100s target_v=6.000m/s scale=fullscale wheelbase=2.80m length=4.70m bev=40.00m margin=2.00m state=odom grid=/bev/occupancy_grid sparse=/planner/upper_path_sparse dense=/planner/lower_reference_path
[INFO] [1791220070.341438212] [upper_planner_node]: upper branch model: cumulative_increment=1 turn_window_at_split=1 turn_target_absolute=1 split_continuity=6.75m r_dpsi=3.000 lambda_turn=0.600
[INFO] [1791220070.350894029] [lower_tracking_mpc_node]: LowerTrackingMpcNode ready: rate=10.00Hz dt=0.100s N=30 path=/planner/lower_reference_path scale=fullscale wheelbase=2.80m rear_offset=1.40m command_scale=0.350rad actuator_model=1 delay=0.00s tau=0.74s backend=disabled virtual=/cmd_control
[INFO] [1791220070.447727506] [upper_planner_node]: planner state input: Odometry topic=/motive/vehicle/odom_map yaw=orientation.z scalar
[INFO] [1791220070.450694127] [upper_planner_node]: Egocentric MIQP planner ready: rate=1.00Hz pred_dt=0.750s Nmax=7 lower_dt=0.100s target_v=6.000m/s scale=fullscale wheelbase=2.80m length=4.70m bev=40.00m margin=2.00m state=odom grid=/bev/occupancy_grid sparse=/planner/upper_path_sparse dense=/planner/lower_reference_path
[INFO] [1791220070.451000216] [upper_planner_node]: upper branch model: cumulative_increment=1 turn_window_at_split=1 turn_target_absolute=1 split_continuity=6.75m r_dpsi=3.000 lambda_turn=0.600
[INFO] [1791220070.460200346] [lower_tracking_mpc_node]: LowerTrackingMpcNode ready: rate=10.00Hz dt=0.100s N=30 path=/planner/lower_reference_path scale=fullscale wheelbase=2.80m rear_offset=1.40m command_scale=0.350rad actuator_model=1 delay=0.00s tau=0.74s backend=disabled virtual=/cmd_control
[INFO] [1791220070.554998430] [upper_planner_node]: planner state input: Odometry topic=/motive/vehicle/odom_map yaw=orientation.z scalar
[INFO] [1791220070.557888825] [upper_planner_node]: Egocentric MIQP planner ready: rate=1.00Hz pred_dt=0.750s Nmax=7 lower_dt=0.100s target_v=6.000m/s scale=fullscale wheelbase=2.80m length=4.70m bev=40.00m margin=2.00m state=odom grid=/bev/occupancy_grid sparse=/planner/upper_path_sparse dense=/planner/lower_reference_path
[INFO] [1791220070.558042717] [upper_planner_node]: upper branch model: cumulative_increment=1 turn_window_at_split=1 turn_target_absolute=1 split_continuity=6.75m r_dpsi=3.000 lambda_turn=0.600
[INFO] [1791220070.566644108] [lower_tracking_mpc_node]: LowerTrackingMpcNode ready: rate=10.00Hz dt=0.100s N=30 path=/planner/lower_reference_path scale=fullscale wheelbase=2.80m rear_offset=1.40m command_scale=0.350rad actuator_model=1 delay=0.00s tau=0.74s backend=disabled virtual=/cmd_control
[INFO] [1791220070.661049988] [upper_planner_node]: planner state input: Odometry topic=/motive/vehicle/odom_map yaw=orientation.z scalar
[INFO] [1791220070.663962079] [upper_planner_node]: Egocentric MIQP planner ready: rate=1.00Hz pred_dt=0.750s Nmax=7 lower_dt=0.100s target_v=6.000m/s scale=fullscale wheelbase=2.80m length=4.70m bev=40.00m margin=2.00m state=odom grid=/bev/occupancy_grid sparse=/planner/upper_path_sparse dense=/planner/lower_reference_path
[INFO] [1791220070.664116740] [upper_planner_node]: upper branch model: cumulative_increment=1 turn_window_at_split=1 turn_target_absolute=1 split_continuity=6.75m r_dpsi=3.000 lambda_turn=0.600
[INFO] [1791220070.672575246] [lower_tracking_mpc_node]: LowerTrackingMpcNode ready: rate=10.00Hz dt=0.100s N=30 path=/planner/lower_reference_path scale=fullscale wheelbase=2.80m rear_offset=1.40m command_scale=0.350rad actuator_model=1 delay=0.00s tau=0.74s backend=disabled virtual=/cmd_control
[INFO] [1791220070.769343600] [upper_planner_node]: planner state input: Odometry topic=/motive/vehicle/odom_map yaw=orientation.z scalar
[INFO] [1791220070.772337710] [upper_planner_node]: Egocentric MIQP planner ready: rate=1.00Hz pred_dt=0.750s Nmax=7 lower_dt=0.100s target_v=6.000m/s scale=fullscale wheelbase=2.80m length=4.70m bev=40.00m margin=2.00m state=odom grid=/bev/occupancy_grid sparse=/planner/upper_path_sparse dense=/planner/lower_reference_path
[INFO] [1791220070.772505524] [upper_planner_node]: upper branch model: cumulative_increment=1 turn_window_at_split=1 turn_target_absolute=1 split_continuity=6.75m r_dpsi=3.000 lambda_turn=0.600
[INFO] [1791220070.781394411] [lower_tracking_mpc_node]: LowerTrackingMpcNode ready: rate=10.00Hz dt=0.100s N=30 path=/planner/lower_reference_path scale=fullscale wheelbase=2.80m rear_offset=1.40m command_scale=0.350rad actuator_model=1 delay=0.00s tau=0.74s backend=disabled virtual=/cmd_control
[INFO] [1791220070.878587706] [upper_planner_node]: planner state input: Odometry topic=/motive/vehicle/odom_map yaw=orientation.z scalar
[INFO] [1791220070.881594041] [upper_planner_node]: Egocentric MIQP planner ready: rate=1.00Hz pred_dt=0.750s Nmax=7 lower_dt=0.100s target_v=6.000m/s scale=fullscale wheelbase=2.80m length=4.70m bev=40.00m margin=2.00m state=odom grid=/bev/occupancy_grid sparse=/planner/upper_path_sparse dense=/planner/lower_reference_path
[INFO] [1791220070.881770366] [upper_planner_node]: upper branch model: cumulative_increment=1 turn_window_at_split=1 turn_target_absolute=1 split_continuity=6.75m r_dpsi=3.000 lambda_turn=0.600
[INFO] [1791220070.890885277] [lower_tracking_mpc_node]: LowerTrackingMpcNode ready: rate=10.00Hz dt=0.100s N=30 path=/planner/lower_reference_path scale=fullscale wheelbase=2.80m rear_offset=1.40m command_scale=0.350rad actuator_model=1 delay=0.00s tau=0.74s backend=disabled virtual=/cmd_control
[INFO] [1791220070.988558108] [upper_planner_node]: planner state input: Odometry topic=/motive/vehicle/odom_map yaw=orientation.z scalar
[INFO] [1791220070.991386676] [upper_planner_node]: Egocentric MIQP planner ready: rate=1.00Hz pred_dt=0.750s Nmax=7 lower_dt=0.100s target_v=6.000m/s scale=fullscale wheelbase=2.80m length=4.70m bev=40.00m margin=2.00m state=odom grid=/bev/occupancy_grid sparse=/planner/upper_path_sparse dense=/planner/lower_reference_path
[INFO] [1791220070.991543513] [upper_planner_node]: upper branch model: cumulative_increment=1 turn_window_at_split=1 turn_target_absolute=1 split_continuity=6.75m r_dpsi=3.000 lambda_turn=0.600
[INFO] [1791220071.000328494] [lower_tracking_mpc_node]: LowerTrackingMpcNode ready: rate=10.00Hz dt=0.100s N=30 path=/planner/lower_reference_path scale=fullscale wheelbase=2.80m rear_offset=1.40m command_scale=0.350rad actuator_model=1 delay=0.00s tau=0.74s backend=disabled virtual=/cmd_control
[INFO] [1791220071.099511996] [upper_planner_node]: planner state input: Odometry topic=/motive/vehicle/odom_map yaw=orientation.z scalar
[INFO] [1791220071.102506778] [upper_planner_node]: Egocentric MIQP planner ready: rate=1.00Hz pred_dt=0.750s Nmax=7 lower_dt=0.100s target_v=6.000m/s scale=fullscale wheelbase=2.80m length=4.70m bev=40.00m margin=2.00m state=odom grid=/bev/occupancy_grid sparse=/planner/upper_path_sparse dense=/planner/lower_reference_path
[INFO] [1791220071.102653342] [upper_planner_node]: upper branch model: cumulative_increment=1 turn_window_at_split=1 turn_target_absolute=1 split_continuity=6.75m r_dpsi=3.000 lambda_turn=0.600
[INFO] [1791220071.111269325] [lower_tracking_mpc_node]: LowerTrackingMpcNode ready: rate=10.00Hz dt=0.100s N=30 path=/planner/lower_reference_path scale=fullscale wheelbase=2.80m rear_offset=1.40m command_scale=0.350rad actuator_model=1 delay=0.00s tau=0.74s backend=disabled virtual=/cmd_control
[INFO] [1791220071.209207380] [upper_planner_node]: planner state input: Odometry topic=/motive/vehicle/odom_map yaw=orientation.z scalar
[INFO] [1791220071.212043149] [upper_planner_node]: Egocentric MIQP planner ready: rate=1.00Hz pred_dt=0.750s Nmax=7 lower_dt=0.100s target_v=6.000m/s scale=fullscale wheelbase=2.80m length=4.70m bev=40.00m margin=2.00m state=odom grid=/bev/occupancy_grid sparse=/planner/upper_path_sparse dense=/planner/lower_reference_path
[INFO] [1791220071.212276917] [upper_planner_node]: upper branch model: cumulative_increment=1 turn_window_at_split=1 turn_target_absolute=1 split_continuity=6.75m r_dpsi=3.000 lambda_turn=0.600
[INFO] [1791220071.220925892] [lower_tracking_mpc_node]: LowerTrackingMpcNode ready: rate=10.00Hz dt=0.100s N=30 path=/planner/lower_reference_path scale=fullscale wheelbase=2.80m rear_offset=1.40m command_scale=0.350rad actuator_model=1 delay=0.00s tau=0.74s backend=disabled virtual=/cmd_control
[INFO] [1791220071.317312987] [upper_planner_node]: planner state input: Odometry topic=/motive/vehicle/odom_map yaw=orientation.z scalar
[INFO] [1791220071.320210006] [upper_planner_node]: Egocentric MIQP planner ready: rate=1.00Hz pred_dt=0.750s Nmax=7 lower_dt=0.100s target_v=6.000m/s scale=fullscale wheelbase=2.80m length=4.70m bev=40.00m margin=2.00m state=odom grid=/bev/occupancy_grid sparse=/planner/upper_path_sparse dense=/planner/lower_reference_path
[INFO] [1791220071.320382779] [upper_planner_node]: upper branch model: cumulative_increment=1 turn_window_at_split=1 turn_target_absolute=1 split_continuity=6.75m r_dpsi=3.000 lambda_turn=0.600
[INFO] [1791220071.329392470] [lower_tracking_mpc_node]: LowerTrackingMpcNode ready: rate=10.00Hz dt=0.100s N=30 path=/planner/lower_reference_path scale=fullscale wheelbase=2.80m rear_offset=1.40m command_scale=0.350rad actuator_model=1 delay=0.00s tau=0.74s backend=disabled virtual=/cmd_control
[INFO] [1791220071.422252606] [upper_planner_node]: planner state input: Odometry topic=/motive/vehicle/odom_map yaw=orientation.z scalar
[INFO] [1791220071.425060246] [upper_planner_node]: Egocentric MIQP planner ready: rate=1.00Hz pred_dt=0.750s Nmax=7 lower_dt=0.100s target_v=6.000m/s scale=fullscale wheelbase=2.80m length=4.70m bev=40.00m margin=2.00m state=odom grid=/bev/occupancy_grid sparse=/planner/upper_path_sparse dense=/planner/lower_reference_path
[INFO] [1791220071.425219003] [upper_planner_node]: upper branch model: cumulative_increment=1 turn_window_at_split=1 turn_target_absolute=1 split_continuity=6.75m r_dpsi=3.000 lambda_turn=0.600
[INFO] [1791220071.434605890] [lower_tracking_mpc_node]: LowerTrackingMpcNode ready: rate=10.00Hz dt=0.100s N=30 path=/planner/lower_reference_path scale=fullscale wheelbase=2.80m rear_offset=1.40m command_scale=0.350rad actuator_model=1 delay=0.00s tau=0.74s backend=disabled virtual=/cmd_control
[INFO] [1791220071.528224865] [upper_planner_node]: planner state input: Odometry topic=/motive/vehicle/odom_map yaw=orientation.z scalar
[INFO] [1791220071.531064218] [upper_planner_node]: Egocentric MIQP planner ready: rate=1.00Hz pred_dt=0.750s Nmax=7 lower_dt=0.100s target_v=6.000m/s scale=fullscale wheelbase=2.80m length=4.70m bev=40.00m margin=2.00m state=odom grid=/bev/occupancy_grid sparse=/planner/upper_path_sparse dense=/planner/lower_reference_path
[INFO] [1791220071.531214335] [upper_planner_node]: upper branch model: cumulative_increment=1 turn_window_at_split=1 turn_target_absolute=1 split_continuity=6.75m r_dpsi=3.000 lambda_turn=0.600
[INFO] [1791220071.539858159] [lower_tracking_mpc_node]: LowerTrackingMpcNode ready: rate=10.00Hz dt=0.100s N=30 path=/planner/lower_reference_path scale=fullscale wheelbase=2.80m rear_offset=1.40m command_scale=0.350rad actuator_model=1 delay=0.00s tau=0.74s backend=disabled virtual=/cmd_control
[INFO] [1791220071.632216870] [upper_planner_node]: planner state input: Odometry topic=/motive/vehicle/odom_map yaw=orientation.z scalar
[INFO] [1791220071.634957852] [upper_planner_node]: Egocentric MIQP planner ready: rate=1.00Hz pred_dt=0.750s Nmax=7 lower_dt=0.100s target_v=6.000m/s scale=fullscale wheelbase=2.80m length=4.70m bev=40.00m margin=2.00m state=odom grid=/bev/occupancy_grid sparse=/planner/upper_path_sparse dense=/planner/lower_reference_path
[INFO] [1791220071.635122945] [upper_planner_node]: upper branch model: cumulative_increment=1 turn_window_at_split=1 turn_target_absolute=1 split_continuity=6.75m r_dpsi=3.000 lambda_turn=0.600
[INFO] [1791220071.644081595] [lower_tracking_mpc_node]: LowerTrackingMpcNode ready: rate=10.00Hz dt=0.100s N=30 path=/planner/lower_reference_path scale=fullscale wheelbase=2.80m rear_offset=1.40m command_scale=0.350rad actuator_model=1 delay=0.00s tau=0.74s backend=disabled virtual=/cmd_control
[INFO] [1791220071.737732379] [upper_planner_node]: planner state input: Odometry topic=/motive/vehicle/odom_map yaw=orientation.z scalar
[INFO] [1791220071.740676568] [upper_planner_node]: Egocentric MIQP planner ready: rate=1.00Hz pred_dt=0.750s Nmax=7 lower_dt=0.100s target_v=6.000m/s scale=fullscale wheelbase=2.80m length=4.70m bev=40.00m margin=2.00m state=odom grid=/bev/occupancy_grid sparse=/planner/upper_path_sparse dense=/planner/lower_reference_path
[INFO] [1791220071.740898495] [upper_planner_node]: upper branch model: cumulative_increment=1 turn_window_at_split=1 turn_target_absolute=1 split_continuity=6.75m r_dpsi=3.000 lambda_turn=0.600
[INFO] [1791220071.749851064] [lower_tracking_mpc_node]: LowerTrackingMpcNode ready: rate=10.00Hz dt=0.100s N=30 path=/planner/lower_reference_path scale=fullscale wheelbase=2.80m rear_offset=1.40m command_scale=0.350rad actuator_model=1 delay=0.00s tau=0.74s backend=disabled virtual=/cmd_control
[INFO] [1791220071.844527736] [upper_planner_node]: planner state input: Odometry topic=/motive/vehicle/odom_map yaw=orientation.z scalar
[INFO] [1791220071.847447380] [upper_planner_node]: Egocentric MIQP planner ready: rate=1.00Hz pred_dt=0.750s Nmax=7 lower_dt=0.100s target_v=6.000m/s scale=fullscale wheelbase=2.80m length=4.70m bev=40.00m margin=2.00m state=odom grid=/bev/occupancy_grid sparse=/planner/upper_path_sparse dense=/planner/lower_reference_path
[INFO] [1791220071.847793055] [upper_planner_node]: upper branch model: cumulative_increment=1 turn_window_at_split=1 turn_target_absolute=1 split_continuity=6.75m r_dpsi=3.000 lambda_turn=0.600
[INFO] [1791220071.856532402] [lower_tracking_mpc_node]: LowerTrackingMpcNode ready: rate=10.00Hz dt=0.100s N=30 path=/planner/lower_reference_path scale=fullscale wheelbase=2.80m rear_offset=1.40m command_scale=0.350rad actuator_model=1 delay=0.00s tau=0.74s backend=disabled virtual=/cmd_control
[INFO] [1791220071.949803430] [upper_planner_node]: planner state input: Odometry topic=/motive/vehicle/odom_map yaw=orientation.z scalar
[INFO] [1791220071.953380822] [upper_planner_node]: Egocentric MIQP planner ready: rate=1.00Hz pred_dt=0.750s Nmax=7 lower_dt=0.100s target_v=6.000m/s scale=fullscale wheelbase=2.80m length=4.70m bev=40.00m margin=2.00m state=odom grid=/bev/occupancy_grid sparse=/planner/upper_path_sparse dense=/planner/lower_reference_path
[INFO] [1791220071.953537211] [upper_planner_node]: upper branch model: cumulative_increment=1 turn_window_at_split=1 turn_target_absolute=1 split_continuity=6.75m r_dpsi=3.000 lambda_turn=0.600
[INFO] [1791220071.962707836] [lower_tracking_mpc_node]: LowerTrackingMpcNode ready: rate=10.00Hz dt=0.100s N=30 path=/planner/lower_reference_path scale=fullscale wheelbase=2.80m rear_offset=1.40m command_scale=0.350rad actuator_model=1 delay=0.00s tau=0.74s backend=disabled virtual=/cmd_control
[INFO] [1791220076.997468129] [upper_planner_node]: planner state input: Odometry topic=/motive/vehicle/odom_map yaw=orientation.z scalar
[INFO] [1791220077.001051634] [upper_planner_node]: Egocentric MIQP planner ready: rate=1.00Hz pred_dt=0.750s Nmax=7 lower_dt=0.100s target_v=6.000m/s scale=fullscale wheelbase=2.80m length=4.70m bev=40.00m margin=2.00m state=odom grid=/bev/occupancy_grid sparse=/planner/upper_path_sparse dense=/planner/lower_reference_path
[INFO] [1791220077.001256280] [upper_planner_node]: upper branch model: cumulative_increment=1 turn_window_at_split=1 turn_target_absolute=1 split_continuity=6.75m r_dpsi=3.000 lambda_turn=0.600
[INFO] [1791220077.010766787] [lower_tracking_mpc_node]: LowerTrackingMpcNode ready: rate=10.00Hz dt=0.100s N=30 path=/planner/lower_reference_path scale=fullscale wheelbase=2.80m rear_offset=1.40m command_scale=0.350rad actuator_model=1 delay=0.00s tau=0.74s backend=disabled virtual=/cmd_control
[INFO] [1791220077.114333115] [upper_planner_node]: planner state input: Odometry topic=/motive/vehicle/odom_map yaw=orientation.z scalar
[INFO] [1791220077.117364442] [upper_planner_node]: Egocentric MIQP planner ready: rate=1.00Hz pred_dt=0.750s Nmax=7 lower_dt=0.100s target_v=6.000m/s scale=fullscale wheelbase=2.80m length=4.70m bev=40.00m margin=2.00m state=odom grid=/bev/occupancy_grid sparse=/planner/upper_path_sparse dense=/planner/lower_reference_path
[INFO] [1791220077.117518847] [upper_planner_node]: upper branch model: cumulative_increment=1 turn_window_at_split=1 turn_target_absolute=1 split_continuity=6.75m r_dpsi=3.000 lambda_turn=0.600
[INFO] [1791220077.126443864] [lower_tracking_mpc_node]: LowerTrackingMpcNode ready: rate=10.00Hz dt=0.100s N=30 path=/planner/lower_reference_path scale=fullscale wheelbase=2.80m rear_offset=1.40m command_scale=0.350rad actuator_model=1 delay=0.00s tau=0.74s backend=disabled virtual=/cmd_control
[INFO] [1791220077.221304958] [upper_planner_node]: planner state input: Odometry topic=/motive/vehicle/odom_map yaw=orientation.z scalar
[INFO] [1791220077.224250362] [upper_planner_node]: Egocentric MIQP planner ready: rate=1.00Hz pred_dt=0.750s Nmax=7 lower_dt=0.100s target_v=6.000m/s scale=fullscale wheelbase=2.80m length=4.70m bev=40.00m margin=2.00m state=odom grid=/bev/occupancy_grid sparse=/planner/upper_path_sparse dense=/planner/lower_reference_path
[INFO] [1791220077.224394367] [upper_planner_node]: upper branch model: cumulative_increment=1 turn_window_at_split=1 turn_target_absolute=1 split_continuity=6.75m r_dpsi=3.000 lambda_turn=0.600
[INFO] [1791220077.233091024] [lower_tracking_mpc_node]: LowerTrackingMpcNode ready: rate=10.00Hz dt=0.100s N=30 path=/planner/lower_reference_path scale=fullscale wheelbase=2.80m rear_offset=1.40m command_scale=0.350rad actuator_model=1 delay=0.00s tau=0.74s backend=disabled virtual=/cmd_control
[INFO] [1791220077.325905238] [upper_planner_node]: planner state input: Odometry topic=/motive/vehicle/odom_map yaw=orientation.z scalar
[INFO] [1791220077.328791825] [upper_planner_node]: Egocentric MIQP planner ready: rate=1.00Hz pred_dt=0.750s Nmax=7 lower_dt=0.100s target_v=6.000m/s scale=fullscale wheelbase=2.80m length=4.70m bev=40.00m margin=2.00m state=odom grid=/bev/occupancy_grid sparse=/planner/upper_path_sparse dense=/planner/lower_reference_path
[INFO] [1791220077.328951894] [upper_planner_node]: upper branch model: cumulative_increment=1 turn_window_at_split=1 turn_target_absolute=1 split_continuity=6.75m r_dpsi=3.000 lambda_turn=0.600
[INFO] [1791220077.337808428] [lower_tracking_mpc_node]: LowerTrackingMpcNode ready: rate=10.00Hz dt=0.100s N=30 path=/planner/lower_reference_path scale=fullscale wheelbase=2.80m rear_offset=1.40m command_scale=0.350rad actuator_model=1 delay=0.00s tau=0.74s backend=disabled virtual=/cmd_control
[INFO] [1791220077.433019005] [upper_planner_node]: planner state input: Odometry topic=/motive/vehicle/odom_map yaw=orientation.z scalar
[INFO] [1791220077.436015932] [upper_planner_node]: Egocentric MIQP planner ready: rate=1.00Hz pred_dt=0.750s Nmax=7 lower_dt=0.100s target_v=6.000m/s scale=fullscale wheelbase=2.80m length=4.70m bev=40.00m margin=2.00m state=odom grid=/bev/occupancy_grid sparse=/planner/upper_path_sparse dense=/planner/lower_reference_path
[INFO] [1791220077.436177121] [upper_planner_node]: upper branch model: cumulative_increment=1 turn_window_at_split=1 turn_target_absolute=1 split_continuity=6.75m r_dpsi=3.000 lambda_turn=0.600
[INFO] [1791220077.445044951] [lower_tracking_mpc_node]: LowerTrackingMpcNode ready: rate=10.00Hz dt=0.100s N=30 path=/planner/lower_reference_path scale=fullscale wheelbase=2.80m rear_offset=1.40m command_scale=0.350rad actuator_model=1 delay=0.00s tau=0.74s backend=disabled virtual=/cmd_control
[INFO] [1791220077.537833724] [upper_planner_node]: planner state input: Odometry topic=/motive/vehicle/odom_map yaw=orientation.z scalar
[INFO] [1791220077.540860668] [upper_planner_node]: Egocentric MIQP planner ready: rate=1.00Hz pred_dt=0.750s Nmax=7 lower_dt=0.100s target_v=6.000m/s scale=fullscale wheelbase=2.80m length=4.70m bev=40.00m margin=2.00m state=odom grid=/bev/occupancy_grid sparse=/planner/upper_path_sparse dense=/planner/lower_reference_path
[INFO] [1791220077.541069410] [upper_planner_node]: upper branch model: cumulative_increment=1 turn_window_at_split=1 turn_target_absolute=1 split_continuity=6.75m r_dpsi=3.000 lambda_turn=0.600
[INFO] [1791220077.549838006] [lower_tracking_mpc_node]: LowerTrackingMpcNode ready: rate=10.00Hz dt=0.100s N=30 path=/planner/lower_reference_path scale=fullscale wheelbase=2.80m rear_offset=1.40m command_scale=0.350rad actuator_model=1 delay=0.00s tau=0.74s backend=disabled virtual=/cmd_control
[INFO] [1791220077.641617435] [upper_planner_node]: planner state input: Odometry topic=/motive/vehicle/odom_map yaw=orientation.z scalar
[INFO] [1791220077.644612313] [upper_planner_node]: Egocentric MIQP planner ready: rate=1.00Hz pred_dt=0.750s Nmax=7 lower_dt=0.100s target_v=6.000m/s scale=fullscale wheelbase=2.80m length=4.70m bev=40.00m margin=2.00m state=odom grid=/bev/occupancy_grid sparse=/planner/upper_path_sparse dense=/planner/lower_reference_path
[INFO] [1791220077.644763102] [upper_planner_node]: upper branch model: cumulative_increment=1 turn_window_at_split=1 turn_target_absolute=1 split_continuity=6.75m r_dpsi=3.000 lambda_turn=0.600
[INFO] [1791220077.653624341] [lower_tracking_mpc_node]: LowerTrackingMpcNode ready: rate=10.00Hz dt=0.100s N=30 path=/planner/lower_reference_path scale=fullscale wheelbase=2.80m rear_offset=1.40m command_scale=0.350rad actuator_model=1 delay=0.00s tau=0.74s backend=disabled virtual=/cmd_control
[INFO] [1791220085.275646483] [upper_planner_node]: planner state input: Odometry topic=/motive/vehicle/odom_map yaw=orientation.z scalar
[INFO] [1791220085.278636593] [upper_planner_node]: Egocentric MIQP planner ready: rate=1.00Hz pred_dt=0.750s Nmax=7 lower_dt=0.100s target_v=6.000m/s scale=fullscale wheelbase=2.80m length=4.70m bev=40.00m margin=2.00m state=odom grid=/bev/occupancy_grid sparse=/planner/upper_path_sparse dense=/planner/lower_reference_path
[INFO] [1791220085.278824311] [upper_planner_node]: upper branch model: cumulative_increment=1 turn_window_at_split=1 turn_target_absolute=1 split_continuity=6.75m r_dpsi=3.000 lambda_turn=0.600
[INFO] [1791220085.294096855] [lower_tracking_mpc_node]: LowerTrackingMpcNode ready: rate=10.00Hz dt=0.100s N=30 path=/planner/lower_reference_path scale=fullscale wheelbase=2.80m rear_offset=1.40m command_scale=0.350rad actuator_model=1 delay=0.00s tau=0.74s backend=disabled virtual=/cmd_control
[INFO] [1791220085.392099168] [upper_planner_node]: planner state input: Odometry topic=/motive/vehicle/odom_map yaw=orientation.z scalar
[INFO] [1791220085.395026620] [upper_planner_node]: Egocentric MIQP planner ready: rate=1.00Hz pred_dt=0.750s Nmax=7 lower_dt=0.100s target_v=6.000m/s scale=fullscale wheelbase=2.80m length=4.70m bev=40.00m margin=2.00m state=odom grid=/bev/occupancy_grid sparse=/planner/upper_path_sparse dense=/planner/lower_reference_path
[INFO] [1791220085.395195329] [upper_planner_node]: upper branch model: cumulative_increment=1 turn_window_at_split=1 turn_target_absolute=1 split_continuity=6.75m r_dpsi=3.000 lambda_turn=0.600
[INFO] [1791220085.404449956] [lower_tracking_mpc_node]: LowerTrackingMpcNode ready: rate=10.00Hz dt=0.100s N=30 path=/planner/lower_reference_path scale=fullscale wheelbase=2.80m rear_offset=1.40m command_scale=0.350rad actuator_model=1 delay=0.00s tau=0.74s backend=disabled virtual=/cmd_control
[INFO] [1791220085.502848281] [upper_planner_node]: planner state input: Odometry topic=/motive/vehicle/odom_map yaw=orientation.z scalar
[INFO] [1791220085.505871608] [upper_planner_node]: Egocentric MIQP planner ready: rate=1.00Hz pred_dt=0.750s Nmax=7 lower_dt=0.100s target_v=6.000m/s scale=fullscale wheelbase=2.80m length=4.70m bev=40.00m margin=2.00m state=odom grid=/bev/occupancy_grid sparse=/planner/upper_path_sparse dense=/planner/lower_reference_path
[INFO] [1791220085.506031645] [upper_planner_node]: upper branch model: cumulative_increment=1 turn_window_at_split=1 turn_target_absolute=1 split_continuity=6.75m r_dpsi=3.000 lambda_turn=0.600
[INFO] [1791220085.515079066] [lower_tracking_mpc_node]: LowerTrackingMpcNode ready: rate=10.00Hz dt=0.100s N=30 path=/planner/lower_reference_path scale=fullscale wheelbase=2.80m rear_offset=1.40m command_scale=0.350rad actuator_model=1 delay=0.00s tau=0.74s backend=disabled virtual=/cmd_control
[INFO] [1791220085.616736278] [upper_planner_node]: planner state input: Odometry topic=/motive/vehicle/odom_map yaw=orientation.z scalar
[INFO] [1791220085.619561038] [upper_planner_node]: Egocentric MIQP planner ready: rate=1.00Hz pred_dt=0.750s Nmax=7 lower_dt=0.100s target_v=6.000m/s scale=fullscale wheelbase=2.80m length=4.70m bev=40.00m margin=2.00m state=odom grid=/bev/occupancy_grid sparse=/planner/upper_path_sparse dense=/planner/lower_reference_path
[INFO] [1791220085.619781173] [upper_planner_node]: upper branch model: cumulative_increment=1 turn_window_at_split=1 turn_target_absolute=1 split_continuity=6.75m r_dpsi=3.000 lambda_turn=0.600
[INFO] [1791220085.630093497] [lower_tracking_mpc_node]: LowerTrackingMpcNode ready: rate=10.00Hz dt=0.100s N=30 path=/planner/lower_reference_path scale=fullscale wheelbase=2.80m rear_offset=1.40m command_scale=0.350rad actuator_model=1 delay=0.00s tau=0.74s backend=disabled virtual=/cmd_control
[INFO] [1791220085.940534073] [upper_planner_node]: planner state input: Odometry topic=/motive/vehicle/odom_map yaw=orientation.z scalar
[INFO] [1791220085.943438612] [upper_planner_node]: Egocentric MIQP planner ready: rate=1.00Hz pred_dt=0.750s Nmax=7 lower_dt=0.100s target_v=6.000m/s scale=fullscale wheelbase=2.80m length=4.70m bev=40.00m margin=2.00m state=odom grid=/bev/occupancy_grid sparse=/planner/upper_path_sparse dense=/planner/lower_reference_path
[INFO] [1791220085.943795999] [upper_planner_node]: upper branch model: cumulative_increment=1 turn_window_at_split=1 turn_target_absolute=1 split_continuity=6.75m r_dpsi=3.000 lambda_turn=0.600
[INFO] [1791220085.953295114] [lower_tracking_mpc_node]: LowerTrackingMpcNode ready: rate=10.00Hz dt=0.100s N=30 path=/planner/lower_reference_path scale=fullscale wheelbase=2.80m rear_offset=1.40m command_scale=0.350rad actuator_model=1 delay=0.00s tau=0.74s backend=disabled virtual=/cmd_control
[INFO] [1791220086.052119341] [upper_planner_node]: planner state input: Odometry topic=/motive/vehicle/odom_map yaw=orientation.z scalar
[INFO] [1791220086.055036936] [upper_planner_node]: Egocentric MIQP planner ready: rate=1.00Hz pred_dt=0.750s Nmax=7 lower_dt=0.100s target_v=6.000m/s scale=fullscale wheelbase=2.80m length=4.70m bev=40.00m margin=2.00m state=odom grid=/bev/occupancy_grid sparse=/planner/upper_path_sparse dense=/planner/lower_reference_path
[INFO] [1791220086.055165100] [upper_planner_node]: upper branch model: cumulative_increment=1 turn_window_at_split=1 turn_target_absolute=1 split_continuity=6.75m r_dpsi=3.000 lambda_turn=0.600
[INFO] [1791220086.064414063] [lower_tracking_mpc_node]: LowerTrackingMpcNode ready: rate=10.00Hz dt=0.100s N=30 path=/planner/lower_reference_path scale=fullscale wheelbase=2.80m rear_offset=1.40m command_scale=0.350rad actuator_model=1 delay=0.00s tau=0.74s backend=disabled virtual=/cmd_control
[INFO] [1791220086.254703597] [upper_planner_node]: planner state input: Odometry topic=/motive/vehicle/odom_map yaw=orientation.z scalar
[INFO] [1791220086.257646346] [upper_planner_node]: Egocentric MIQP planner ready: rate=1.00Hz pred_dt=0.750s Nmax=7 lower_dt=0.100s target_v=6.000m/s scale=fullscale wheelbase=2.80m length=4.70m bev=40.00m margin=2.00m state=odom grid=/bev/occupancy_grid sparse=/planner/upper_path_sparse dense=/planner/lower_reference_path
[INFO] [1791220086.257783374] [upper_planner_node]: upper branch model: cumulative_increment=1 turn_window_at_split=1 turn_target_absolute=1 split_continuity=6.75m r_dpsi=3.000 lambda_turn=0.600
[INFO] [1791220086.266907693] [lower_tracking_mpc_node]: LowerTrackingMpcNode ready: rate=10.00Hz dt=0.100s N=30 path=/planner/lower_reference_path scale=fullscale wheelbase=2.80m rear_offset=1.40m command_scale=0.350rad actuator_model=1 delay=0.00s tau=0.74s backend=disabled virtual=/cmd_control
[INFO] [1791220086.367780400] [upper_planner_node]: planner state input: Odometry topic=/motive/vehicle/odom_map yaw=orientation.z scalar
[INFO] [1791220086.370719437] [upper_planner_node]: Egocentric MIQP planner ready: rate=1.00Hz pred_dt=0.750s Nmax=7 lower_dt=0.100s target_v=6.000m/s scale=fullscale wheelbase=2.80m length=4.70m bev=40.00m margin=2.00m state=odom grid=/bev/occupancy_grid sparse=/planner/upper_path_sparse dense=/planner/lower_reference_path
[INFO] [1791220086.370880626] [upper_planner_node]: upper branch model: cumulative_increment=1 turn_window_at_split=1 turn_target_absolute=1 split_continuity=6.75m r_dpsi=3.000 lambda_turn=0.600
[INFO] [1791220086.379967055] [lower_tracking_mpc_node]: LowerTrackingMpcNode ready: rate=10.00Hz dt=0.100s N=30 path=/planner/lower_reference_path scale=fullscale wheelbase=2.80m rear_offset=1.40m command_scale=0.350rad actuator_model=1 delay=0.00s tau=0.74s backend=disabled virtual=/cmd_control
[INFO] [1791220086.475881623] [upper_planner_node]: planner state input: Odometry topic=/motive/vehicle/odom_map yaw=orientation.z scalar
[INFO] [1791220086.478863284] [upper_planner_node]: Egocentric MIQP planner ready: rate=1.00Hz pred_dt=0.750s Nmax=7 lower_dt=0.100s target_v=6.000m/s scale=fullscale wheelbase=2.80m length=4.70m bev=40.00m margin=2.00m state=odom grid=/bev/occupancy_grid sparse=/planner/upper_path_sparse dense=/planner/lower_reference_path
[INFO] [1791220086.479061563] [upper_planner_node]: upper branch model: cumulative_increment=1 turn_window_at_split=1 turn_target_absolute=1 split_continuity=6.75m r_dpsi=3.000 lambda_turn=0.600
[INFO] [1791220086.489030228] [lower_tracking_mpc_node]: LowerTrackingMpcNode ready: rate=10.00Hz dt=0.100s N=30 path=/planner/lower_reference_path scale=fullscale wheelbase=2.80m rear_offset=1.40m command_scale=0.350rad actuator_model=1 delay=0.00s tau=0.74s backend=disabled virtual=/cmd_control
[INFO] [1791220086.585938074] [upper_planner_node]: planner state input: Odometry topic=/motive/vehicle/odom_map yaw=orientation.z scalar
[INFO] [1791220086.589082845] [upper_planner_node]: Egocentric MIQP planner ready: rate=1.00Hz pred_dt=0.750s Nmax=7 lower_dt=0.100s target_v=6.000m/s scale=fullscale wheelbase=2.80m length=4.70m bev=40.00m margin=2.00m state=odom grid=/bev/occupancy_grid sparse=/planner/upper_path_sparse dense=/planner/lower_reference_path
[INFO] [1791220086.589249411] [upper_planner_node]: upper branch model: cumulative_increment=1 turn_window_at_split=1 turn_target_absolute=1 split_continuity=6.75m r_dpsi=3.000 lambda_turn=0.600
[INFO] [1791220086.598819343] [lower_tracking_mpc_node]: LowerTrackingMpcNode ready: rate=10.00Hz dt=0.100s N=30 path=/planner/lower_reference_path scale=fullscale wheelbase=2.80m rear_offset=1.40m command_scale=0.350rad actuator_model=1 delay=0.00s tau=0.74s backend=disabled virtual=/cmd_control
[INFO] [1791220086.700997756] [upper_planner_node]: planner state input: Odometry topic=/motive/vehicle/odom_map yaw=orientation.z scalar
[INFO] [1791220086.704729745] [upper_planner_node]: Egocentric MIQP planner ready: rate=1.00Hz pred_dt=0.750s Nmax=7 lower_dt=0.100s target_v=6.000m/s scale=fullscale wheelbase=2.80m length=4.70m bev=40.00m margin=2.00m state=odom grid=/bev/occupancy_grid sparse=/planner/upper_path_sparse dense=/planner/lower_reference_path
[INFO] [1791220086.704901942] [upper_planner_node]: upper branch model: cumulative_increment=1 turn_window_at_split=1 turn_target_absolute=1 split_continuity=6.75m r_dpsi=3.000 lambda_turn=0.600
[INFO] [1791220086.714822606] [lower_tracking_mpc_node]: LowerTrackingMpcNode ready: rate=10.00Hz dt=0.100s N=30 path=/planner/lower_reference_path scale=fullscale wheelbase=2.80m rear_offset=1.40m command_scale=0.350rad actuator_model=1 delay=0.00s tau=0.74s backend=disabled virtual=/cmd_control
[INFO] [1791220086.810492334] [upper_planner_node]: planner state input: Odometry topic=/motive/vehicle/odom_map yaw=orientation.z scalar
[INFO] [1791220086.813350440] [upper_planner_node]: Egocentric MIQP planner ready: rate=1.00Hz pred_dt=0.750s Nmax=7 lower_dt=0.100s target_v=6.000m/s scale=fullscale wheelbase=2.80m length=4.70m bev=40.00m margin=2.00m state=odom grid=/bev/occupancy_grid sparse=/planner/upper_path_sparse dense=/planner/lower_reference_path
[INFO] [1791220086.813501356] [upper_planner_node]: upper branch model: cumulative_increment=1 turn_window_at_split=1 turn_target_absolute=1 split_continuity=6.75m r_dpsi=3.000 lambda_turn=0.600
[INFO] [1791220086.822071706] [lower_tracking_mpc_node]: LowerTrackingMpcNode ready: rate=10.00Hz dt=0.100s N=30 path=/planner/lower_reference_path scale=fullscale wheelbase=2.80m rear_offset=1.40m command_scale=0.350rad actuator_model=1 delay=0.00s tau=0.74s backend=disabled virtual=/cmd_control
[INFO] [1791220086.916404527] [upper_planner_node]: planner state input: Odometry topic=/motive/vehicle/odom_map yaw=orientation.z scalar
[INFO] [1791220086.919448623] [upper_planner_node]: Egocentric MIQP planner ready: rate=1.00Hz pred_dt=0.750s Nmax=7 lower_dt=0.100s target_v=6.000m/s scale=fullscale wheelbase=2.80m length=4.70m bev=40.00m margin=2.00m state=odom grid=/bev/occupancy_grid sparse=/planner/upper_path_sparse dense=/planner/lower_reference_path
[INFO] [1791220086.919681654] [upper_planner_node]: upper branch model: cumulative_increment=1 turn_window_at_split=1 turn_target_absolute=1 split_continuity=6.75m r_dpsi=3.000 lambda_turn=0.600
[INFO] [1791220086.928870487] [lower_tracking_mpc_node]: LowerTrackingMpcNode ready: rate=10.00Hz dt=0.100s N=30 path=/planner/lower_reference_path scale=fullscale wheelbase=2.80m rear_offset=1.40m command_scale=0.350rad actuator_model=1 delay=0.00s tau=0.74s backend=disabled virtual=/cmd_control
[INFO] [1791220087.028752859] [upper_planner_node]: planner state input: Odometry topic=/motive/vehicle/odom_map yaw=orientation.z scalar
[INFO] [1791220087.032642262] [upper_planner_node]: Egocentric MIQP planner ready: rate=1.00Hz pred_dt=0.750s Nmax=7 lower_dt=0.100s target_v=6.000m/s scale=fullscale wheelbase=2.80m length=4.70m bev=40.00m margin=2.00m state=odom grid=/bev/occupancy_grid sparse=/planner/upper_path_sparse dense=/planner/lower_reference_path
[INFO] [1791220087.032858268] [upper_planner_node]: upper branch model: cumulative_increment=1 turn_window_at_split=1 turn_target_absolute=1 split_continuity=6.75m r_dpsi=3.000 lambda_turn=0.600
[INFO] [1791220087.044066461] [lower_tracking_mpc_node]: LowerTrackingMpcNode ready: rate=10.00Hz dt=0.100s N=30 path=/planner/lower_reference_path scale=fullscale wheelbase=2.80m rear_offset=1.40m command_scale=0.350rad actuator_model=1 delay=0.00s tau=0.74s backend=disabled virtual=/cmd_control
[INFO] [1791220087.199139816] [upper_planner_node]: planner state input: Odometry topic=/motive/vehicle/odom_map yaw=orientation.z scalar
[INFO] [1791220087.203710296] [upper_planner_node]: Egocentric MIQP planner ready: rate=1.00Hz pred_dt=0.750s Nmax=7 lower_dt=0.100s target_v=6.000m/s scale=fullscale wheelbase=2.80m length=4.70m bev=40.00m margin=2.00m state=odom grid=/bev/occupancy_grid sparse=/planner/upper_path_sparse dense=/planner/lower_reference_path
[INFO] [1791220087.203930846] [upper_planner_node]: upper branch model: cumulative_increment=1 turn_window_at_split=1 turn_target_absolute=1 split_continuity=6.75m r_dpsi=3.000 lambda_turn=0.600
[INFO] [1791220087.216062844] [lower_tracking_mpc_node]: LowerTrackingMpcNode ready: rate=10.00Hz dt=0.100s N=30 path=/planner/lower_reference_path scale=fullscale wheelbase=2.80m rear_offset=1.40m command_scale=0.350rad actuator_model=1 delay=0.00s tau=0.74s backend=disabled virtual=/cmd_control
[INFO] [1791220087.312891936] [upper_planner_node]: planner state input: Odometry topic=/motive/vehicle/odom_map yaw=orientation.z scalar
[INFO] [1791220087.315835100] [upper_planner_node]: Egocentric MIQP planner ready: rate=1.00Hz pred_dt=0.750s Nmax=7 lower_dt=0.100s target_v=6.000m/s scale=fullscale wheelbase=2.80m length=4.70m bev=40.00m margin=2.00m state=odom grid=/bev/occupancy_grid sparse=/planner/upper_path_sparse dense=/planner/lower_reference_path
[INFO] [1791220087.316026082] [upper_planner_node]: upper branch model: cumulative_increment=1 turn_window_at_split=1 turn_target_absolute=1 split_continuity=6.75m r_dpsi=3.000 lambda_turn=0.600
[INFO] [1791220087.324813559] [lower_tracking_mpc_node]: LowerTrackingMpcNode ready: rate=10.00Hz dt=0.100s N=30 path=/planner/lower_reference_path scale=fullscale wheelbase=2.80m rear_offset=1.40m command_scale=0.350rad actuator_model=1 delay=0.00s tau=0.74s backend=disabled virtual=/cmd_control
[INFO] [1791220087.419540441] [upper_planner_node]: planner state input: Odometry topic=/motive/vehicle/odom_map yaw=orientation.z scalar
[INFO] [1791220087.422376690] [upper_planner_node]: Egocentric MIQP planner ready: rate=1.00Hz pred_dt=0.750s Nmax=7 lower_dt=0.100s target_v=6.000m/s scale=fullscale wheelbase=2.80m length=4.70m bev=40.00m margin=2.00m state=odom grid=/bev/occupancy_grid sparse=/planner/upper_path_sparse dense=/planner/lower_reference_path
[INFO] [1791220087.422517462] [upper_planner_node]: upper branch model: cumulative_increment=1 turn_window_at_split=1 turn_target_absolute=1 split_continuity=6.75m r_dpsi=3.000 lambda_turn=0.600
[INFO] [1791220087.431082083] [lower_tracking_mpc_node]: LowerTrackingMpcNode ready: rate=10.00Hz dt=0.100s N=30 path=/planner/lower_reference_path scale=fullscale wheelbase=2.80m rear_offset=1.40m command_scale=0.350rad actuator_model=1 delay=0.00s tau=0.74s backend=disabled virtual=/cmd_control
[INFO] [1791220087.525431354] [upper_planner_node]: planner state input: Odometry topic=/motive/vehicle/odom_map yaw=orientation.z scalar
[INFO] [1791220087.528484698] [upper_planner_node]: Egocentric MIQP planner ready: rate=1.00Hz pred_dt=0.750s Nmax=7 lower_dt=0.100s target_v=6.000m/s scale=fullscale wheelbase=2.80m length=4.70m bev=40.00m margin=2.00m state=odom grid=/bev/occupancy_grid sparse=/planner/upper_path_sparse dense=/planner/lower_reference_path
[INFO] [1791220087.528626270] [upper_planner_node]: upper branch model: cumulative_increment=1 turn_window_at_split=1 turn_target_absolute=1 split_continuity=6.75m r_dpsi=3.000 lambda_turn=0.600
[INFO] [1791220087.537442067] [lower_tracking_mpc_node]: LowerTrackingMpcNode ready: rate=10.00Hz dt=0.100s N=30 path=/planner/lower_reference_path scale=fullscale wheelbase=2.80m rear_offset=1.40m command_scale=0.350rad actuator_model=1 delay=0.00s tau=0.74s backend=disabled virtual=/cmd_control
[INFO] [1791220087.630383389] [upper_planner_node]: planner state input: Odometry topic=/motive/vehicle/odom_map yaw=orientation.z scalar
[INFO] [1791220087.633240983] [upper_planner_node]: Egocentric MIQP planner ready: rate=1.00Hz pred_dt=0.750s Nmax=7 lower_dt=0.100s target_v=6.000m/s scale=fullscale wheelbase=2.80m length=4.70m bev=40.00m margin=2.00m state=odom grid=/bev/occupancy_grid sparse=/planner/upper_path_sparse dense=/planner/lower_reference_path
[INFO] [1791220087.633388315] [upper_planner_node]: upper branch model: cumulative_increment=1 turn_window_at_split=1 turn_target_absolute=1 split_continuity=6.75m r_dpsi=3.000 lambda_turn=0.600
[INFO] [1791220087.641946472] [lower_tracking_mpc_node]: LowerTrackingMpcNode ready: rate=10.00Hz dt=0.100s N=30 path=/planner/lower_reference_path scale=fullscale wheelbase=2.80m rear_offset=1.40m command_scale=0.350rad actuator_model=1 delay=0.00s tau=0.74s backend=disabled virtual=/cmd_control
[INFO] [1791220087.736340736] [upper_planner_node]: planner state input: Odometry topic=/motive/vehicle/odom_map yaw=orientation.z scalar
[INFO] [1791220087.740312925] [upper_planner_node]: Egocentric MIQP planner ready: rate=1.00Hz pred_dt=0.750s Nmax=7 lower_dt=0.100s target_v=6.000m/s scale=fullscale wheelbase=2.80m length=4.70m bev=40.00m margin=2.00m state=odom grid=/bev/occupancy_grid sparse=/planner/upper_path_sparse dense=/planner/lower_reference_path
[INFO] [1791220087.740495075] [upper_planner_node]: upper branch model: cumulative_increment=1 turn_window_at_split=1 turn_target_absolute=1 split_continuity=6.75m r_dpsi=3.000 lambda_turn=0.600
[INFO] [1791220087.751332567] [lower_tracking_mpc_node]: LowerTrackingMpcNode ready: rate=10.00Hz dt=0.100s N=30 path=/planner/lower_reference_path scale=fullscale wheelbase=2.80m rear_offset=1.40m command_scale=0.350rad actuator_model=1 delay=0.00s tau=0.74s backend=disabled virtual=/cmd_control
[INFO] [1791220087.846985974] [upper_planner_node]: planner state input: Odometry topic=/motive/vehicle/odom_map yaw=orientation.z scalar
[INFO] [1791220087.849989173] [upper_planner_node]: Egocentric MIQP planner ready: rate=1.00Hz pred_dt=0.750s Nmax=7 lower_dt=0.100s target_v=6.000m/s scale=fullscale wheelbase=2.80m length=4.70m bev=40.00m margin=2.00m state=odom grid=/bev/occupancy_grid sparse=/planner/upper_path_sparse dense=/planner/lower_reference_path
[INFO] [1791220087.850329727] [upper_planner_node]: upper branch model: cumulative_increment=1 turn_window_at_split=1 turn_target_absolute=1 split_continuity=6.75m r_dpsi=3.000 lambda_turn=0.600
[INFO] [1791220087.860130580] [lower_tracking_mpc_node]: LowerTrackingMpcNode ready: rate=10.00Hz dt=0.100s N=30 path=/planner/lower_reference_path scale=fullscale wheelbase=2.80m rear_offset=1.40m command_scale=0.350rad actuator_model=1 delay=0.00s tau=0.74s backend=disabled virtual=/cmd_control
[INFO] [1791220087.959905428] [upper_planner_node]: planner state input: Odometry topic=/motive/vehicle/odom_map yaw=orientation.z scalar
[INFO] [1791220087.962797423] [upper_planner_node]: Egocentric MIQP planner ready: rate=1.00Hz pred_dt=0.750s Nmax=7 lower_dt=0.100s target_v=6.000m/s scale=fullscale wheelbase=2.80m length=4.70m bev=40.00m margin=2.00m state=odom grid=/bev/occupancy_grid sparse=/planner/upper_path_sparse dense=/planner/lower_reference_path
[INFO] [1791220087.963014870] [upper_planner_node]: upper branch model: cumulative_increment=1 turn_window_at_split=1 turn_target_absolute=1 split_continuity=6.75m r_dpsi=3.000 lambda_turn=0.600
[INFO] [1791220087.971930222] [lower_tracking_mpc_node]: LowerTrackingMpcNode ready: rate=10.00Hz dt=0.100s N=30 path=/planner/lower_reference_path scale=fullscale wheelbase=2.80m rear_offset=1.40m command_scale=0.350rad actuator_model=1 delay=0.00s tau=0.74s backend=disabled virtual=/cmd_control
[INFO] [1791220088.069126910] [upper_planner_node]: planner state input: Odometry topic=/motive/vehicle/odom_map yaw=orientation.z scalar
[INFO] [1791220088.072020345] [upper_planner_node]: Egocentric MIQP planner ready: rate=1.00Hz pred_dt=0.750s Nmax=7 lower_dt=0.100s target_v=6.000m/s scale=fullscale wheelbase=2.80m length=4.70m bev=40.00m margin=2.00m state=odom grid=/bev/occupancy_grid sparse=/planner/upper_path_sparse dense=/planner/lower_reference_path
[INFO] [1791220088.072168349] [upper_planner_node]: upper branch model: cumulative_increment=1 turn_window_at_split=1 turn_target_absolute=1 split_continuity=6.75m r_dpsi=3.000 lambda_turn=0.600
[INFO] [1791220088.081045429] [lower_tracking_mpc_node]: LowerTrackingMpcNode ready: rate=10.00Hz dt=0.100s N=30 path=/planner/lower_reference_path scale=fullscale wheelbase=2.80m rear_offset=1.40m command_scale=0.350rad actuator_model=1 delay=0.00s tau=0.74s backend=disabled virtual=/cmd_control
[INFO] [1791220088.177116961] [upper_planner_node]: planner state input: Odometry topic=/motive/vehicle/odom_map yaw=orientation.z scalar
[INFO] [1791220088.180040701] [upper_planner_node]: Egocentric MIQP planner ready: rate=1.00Hz pred_dt=0.750s Nmax=7 lower_dt=0.100s target_v=6.000m/s scale=fullscale wheelbase=2.80m length=4.70m bev=40.00m margin=2.00m state=odom grid=/bev/occupancy_grid sparse=/planner/upper_path_sparse dense=/planner/lower_reference_path
[INFO] [1791220088.180192225] [upper_planner_node]: upper branch model: cumulative_increment=1 turn_window_at_split=1 turn_target_absolute=1 split_continuity=6.75m r_dpsi=3.000 lambda_turn=0.600
[INFO] [1791220088.189132346] [lower_tracking_mpc_node]: LowerTrackingMpcNode ready: rate=10.00Hz dt=0.100s N=30 path=/planner/lower_reference_path scale=fullscale wheelbase=2.80m rear_offset=1.40m command_scale=0.350rad actuator_model=1 delay=0.00s tau=0.74s backend=disabled virtual=/cmd_control
[INFO] [1791220088.285087267] [upper_planner_node]: planner state input: Odometry topic=/motive/vehicle/odom_map yaw=orientation.z scalar
[INFO] [1791220088.287954397] [upper_planner_node]: Egocentric MIQP planner ready: rate=1.00Hz pred_dt=0.750s Nmax=7 lower_dt=0.100s target_v=6.000m/s scale=fullscale wheelbase=2.80m length=4.70m bev=40.00m margin=2.00m state=odom grid=/bev/occupancy_grid sparse=/planner/upper_path_sparse dense=/planner/lower_reference_path
[INFO] [1791220088.288112194] [upper_planner_node]: upper branch model: cumulative_increment=1 turn_window_at_split=1 turn_target_absolute=1 split_continuity=6.75m r_dpsi=3.000 lambda_turn=0.600
[INFO] [1791220088.297302819] [lower_tracking_mpc_node]: LowerTrackingMpcNode ready: rate=10.00Hz dt=0.100s N=30 path=/planner/lower_reference_path scale=fullscale wheelbase=2.80m rear_offset=1.40m command_scale=0.350rad actuator_model=1 delay=0.00s tau=0.74s backend=disabled virtual=/cmd_control
[INFO] [1791220088.389964740] [upper_planner_node]: planner state input: Odometry topic=/motive/vehicle/odom_map yaw=orientation.z scalar
[INFO] [1791220088.392807965] [upper_planner_node]: Egocentric MIQP planner ready: rate=1.00Hz pred_dt=0.750s Nmax=7 lower_dt=0.100s target_v=6.000m/s scale=fullscale wheelbase=2.80m length=4.70m bev=40.00m margin=2.00m state=odom grid=/bev/occupancy_grid sparse=/planner/upper_path_sparse dense=/planner/lower_reference_path
[INFO] [1791220088.392974531] [upper_planner_node]: upper branch model: cumulative_increment=1 turn_window_at_split=1 turn_target_absolute=1 split_continuity=6.75m r_dpsi=3.000 lambda_turn=0.600
[INFO] [1791220088.401952573] [lower_tracking_mpc_node]: LowerTrackingMpcNode ready: rate=10.00Hz dt=0.100s N=30 path=/planner/lower_reference_path scale=fullscale wheelbase=2.80m rear_offset=1.40m command_scale=0.350rad actuator_model=1 delay=0.00s tau=0.74s backend=disabled virtual=/cmd_control
[INFO] [1791220088.503138666] [upper_planner_node]: planner state input: Odometry topic=/motive/vehicle/odom_map yaw=orientation.z scalar
[INFO] [1791220088.507094182] [upper_planner_node]: Egocentric MIQP planner ready: rate=1.00Hz pred_dt=0.750s Nmax=7 lower_dt=0.100s target_v=6.000m/s scale=fullscale wheelbase=2.80m length=4.70m bev=40.00m margin=2.00m state=odom grid=/bev/occupancy_grid sparse=/planner/upper_path_sparse dense=/planner/lower_reference_path
[INFO] [1791220088.507513587] [upper_planner_node]: upper branch model: cumulative_increment=1 turn_window_at_split=1 turn_target_absolute=1 split_continuity=6.75m r_dpsi=3.000 lambda_turn=0.600
[INFO] [1791220088.520501964] [lower_tracking_mpc_node]: LowerTrackingMpcNode ready: rate=10.00Hz dt=0.100s N=30 path=/planner/lower_reference_path scale=fullscale wheelbase=2.80m rear_offset=1.40m command_scale=0.350rad actuator_model=1 delay=0.00s tau=0.74s backend=disabled virtual=/cmd_control
[INFO] [1791220088.627442030] [upper_planner_node]: planner state input: Odometry topic=/motive/vehicle/odom_map yaw=orientation.z scalar
[INFO] [1791220088.631467596] [upper_planner_node]: Egocentric MIQP planner ready: rate=1.00Hz pred_dt=0.750s Nmax=7 lower_dt=0.100s target_v=6.000m/s scale=fullscale wheelbase=2.80m length=4.70m bev=40.00m margin=2.00m state=odom grid=/bev/occupancy_grid sparse=/planner/upper_path_sparse dense=/planner/lower_reference_path
[INFO] [1791220088.631749173] [upper_planner_node]: upper branch model: cumulative_increment=1 turn_window_at_split=1 turn_target_absolute=1 split_continuity=6.75m r_dpsi=3.000 lambda_turn=0.600
[INFO] [1791220088.643426628] [lower_tracking_mpc_node]: LowerTrackingMpcNode ready: rate=10.00Hz dt=0.100s N=30 path=/planner/lower_reference_path scale=fullscale wheelbase=2.80m rear_offset=1.40m command_scale=0.350rad actuator_model=1 delay=0.00s tau=0.74s backend=disabled virtual=/cmd_control
[INFO] [1791220088.741594098] [upper_planner_node]: planner state input: Odometry topic=/motive/vehicle/odom_map yaw=orientation.z scalar
[INFO] [1791220088.744617169] [upper_planner_node]: Egocentric MIQP planner ready: rate=1.00Hz pred_dt=0.750s Nmax=7 lower_dt=0.100s target_v=6.000m/s scale=fullscale wheelbase=2.80m length=4.70m bev=40.00m margin=2.00m state=odom grid=/bev/occupancy_grid sparse=/planner/upper_path_sparse dense=/planner/lower_reference_path
[INFO] [1791220088.744841656] [upper_planner_node]: upper branch model: cumulative_increment=1 turn_window_at_split=1 turn_target_absolute=1 split_continuity=6.75m r_dpsi=3.000 lambda_turn=0.600
[INFO] [1791220088.753876948] [lower_tracking_mpc_node]: LowerTrackingMpcNode ready: rate=10.00Hz dt=0.100s N=30 path=/planner/lower_reference_path scale=fullscale wheelbase=2.80m rear_offset=1.40m command_scale=0.350rad actuator_model=1 delay=0.00s tau=0.74s backend=disabled virtual=/cmd_control
[INFO] [1791220088.847330382] [upper_planner_node]: planner state input: Odometry topic=/motive/vehicle/odom_map yaw=orientation.z scalar
[INFO] [1791220088.850232298] [upper_planner_node]: Egocentric MIQP planner ready: rate=1.00Hz pred_dt=0.750s Nmax=7 lower_dt=0.100s target_v=6.000m/s scale=fullscale wheelbase=2.80m length=4.70m bev=40.00m margin=2.00m state=odom grid=/bev/occupancy_grid sparse=/planner/upper_path_sparse dense=/planner/lower_reference_path
[INFO] [1791220088.850404719] [upper_planner_node]: upper branch model: cumulative_increment=1 turn_window_at_split=1 turn_target_absolute=1 split_continuity=6.75m r_dpsi=3.000 lambda_turn=0.600
[INFO] [1791220088.859420618] [lower_tracking_mpc_node]: LowerTrackingMpcNode ready: rate=10.00Hz dt=0.100s N=30 path=/planner/lower_reference_path scale=fullscale wheelbase=2.80m rear_offset=1.40m command_scale=0.350rad actuator_model=1 delay=0.00s tau=0.74s backend=disabled virtual=/cmd_control
[INFO] [1791220088.956470389] [upper_planner_node]: planner state input: Odometry topic=/motive/vehicle/odom_map yaw=orientation.z scalar
[INFO] [1791220088.959232748] [upper_planner_node]: Egocentric MIQP planner ready: rate=1.00Hz pred_dt=0.750s Nmax=7 lower_dt=0.100s target_v=6.000m/s scale=fullscale wheelbase=2.80m length=4.70m bev=40.00m margin=2.00m state=odom grid=/bev/occupancy_grid sparse=/planner/upper_path_sparse dense=/planner/lower_reference_path
[INFO] [1791220088.959382065] [upper_planner_node]: upper branch model: cumulative_increment=1 turn_window_at_split=1 turn_target_absolute=1 split_continuity=6.75m r_dpsi=3.000 lambda_turn=0.600
[INFO] [1791220088.968002912] [lower_tracking_mpc_node]: LowerTrackingMpcNode ready: rate=10.00Hz dt=0.100s N=30 path=/planner/lower_reference_path scale=fullscale wheelbase=2.80m rear_offset=1.40m command_scale=0.350rad actuator_model=1 delay=0.00s tau=0.74s backend=disabled virtual=/cmd_control
[INFO] [1791220089.062179089] [upper_planner_node]: planner state input: Odometry topic=/motive/vehicle/odom_map yaw=orientation.z scalar
[INFO] [1791220089.065186095] [upper_planner_node]: Egocentric MIQP planner ready: rate=1.00Hz pred_dt=0.750s Nmax=7 lower_dt=0.100s target_v=6.000m/s scale=fullscale wheelbase=2.80m length=4.70m bev=40.00m margin=2.00m state=odom grid=/bev/occupancy_grid sparse=/planner/upper_path_sparse dense=/planner/lower_reference_path
[INFO] [1791220089.065332180] [upper_planner_node]: upper branch model: cumulative_increment=1 turn_window_at_split=1 turn_target_absolute=1 split_continuity=6.75m r_dpsi=3.000 lambda_turn=0.600
[INFO] [1791220089.073992580] [lower_tracking_mpc_node]: LowerTrackingMpcNode ready: rate=10.00Hz dt=0.100s N=30 path=/planner/lower_reference_path scale=fullscale wheelbase=2.80m rear_offset=1.40m command_scale=0.350rad actuator_model=1 delay=0.00s tau=0.74s backend=disabled virtual=/cmd_control
[INFO] [1791220089.167757480] [upper_planner_node]: planner state input: Odometry topic=/motive/vehicle/odom_map yaw=orientation.z scalar
[INFO] [1791220089.171569792] [upper_planner_node]: Egocentric MIQP planner ready: rate=1.00Hz pred_dt=0.750s Nmax=7 lower_dt=0.100s target_v=6.000m/s scale=fullscale wheelbase=2.80m length=4.70m bev=40.00m margin=2.00m state=odom grid=/bev/occupancy_grid sparse=/planner/upper_path_sparse dense=/planner/lower_reference_path
[INFO] [1791220089.171729029] [upper_planner_node]: upper branch model: cumulative_increment=1 turn_window_at_split=1 turn_target_absolute=1 split_continuity=6.75m r_dpsi=3.000 lambda_turn=0.600
[INFO] [1791220089.182212366] [lower_tracking_mpc_node]: LowerTrackingMpcNode ready: rate=10.00Hz dt=0.100s N=30 path=/planner/lower_reference_path scale=fullscale wheelbase=2.80m rear_offset=1.40m command_scale=0.350rad actuator_model=1 delay=0.00s tau=0.74s backend=disabled virtual=/cmd_control
[INFO] [1791220089.275426945] [upper_planner_node]: planner state input: Odometry topic=/motive/vehicle/odom_map yaw=orientation.z scalar
[INFO] [1791220089.278374493] [upper_planner_node]: Egocentric MIQP planner ready: rate=1.00Hz pred_dt=0.750s Nmax=7 lower_dt=0.100s target_v=6.000m/s scale=fullscale wheelbase=2.80m length=4.70m bev=40.00m margin=2.00m state=odom grid=/bev/occupancy_grid sparse=/planner/upper_path_sparse dense=/planner/lower_reference_path
[INFO] [1791220089.278517378] [upper_planner_node]: upper branch model: cumulative_increment=1 turn_window_at_split=1 turn_target_absolute=1 split_continuity=6.75m r_dpsi=3.000 lambda_turn=0.600
[INFO] [1791220089.287469851] [lower_tracking_mpc_node]: LowerTrackingMpcNode ready: rate=10.00Hz dt=0.100s N=30 path=/planner/lower_reference_path scale=fullscale wheelbase=2.80m rear_offset=1.40m command_scale=0.350rad actuator_model=1 delay=0.00s tau=0.74s backend=disabled virtual=/cmd_control
[INFO] [1791220089.379614444] [upper_planner_node]: planner state input: Odometry topic=/motive/vehicle/odom_map yaw=orientation.z scalar
[INFO] [1791220089.382485830] [upper_planner_node]: Egocentric MIQP planner ready: rate=1.00Hz pred_dt=0.750s Nmax=7 lower_dt=0.100s target_v=6.000m/s scale=fullscale wheelbase=2.80m length=4.70m bev=40.00m margin=2.00m state=odom grid=/bev/occupancy_grid sparse=/planner/upper_path_sparse dense=/planner/lower_reference_path
[INFO] [1791220089.382742030] [upper_planner_node]: upper branch model: cumulative_increment=1 turn_window_at_split=1 turn_target_absolute=1 split_continuity=6.75m r_dpsi=3.000 lambda_turn=0.600
[INFO] [1791220089.391543331] [lower_tracking_mpc_node]: LowerTrackingMpcNode ready: rate=10.00Hz dt=0.100s N=30 path=/planner/lower_reference_path scale=fullscale wheelbase=2.80m rear_offset=1.40m command_scale=0.350rad actuator_model=1 delay=0.00s tau=0.74s backend=disabled virtual=/cmd_control
[INFO] [1791220089.483960572] [upper_planner_node]: planner state input: Odometry topic=/motive/vehicle/odom_map yaw=orientation.z scalar
[INFO] [1791220089.486799606] [upper_planner_node]: Egocentric MIQP planner ready: rate=1.00Hz pred_dt=0.750s Nmax=7 lower_dt=0.100s target_v=6.000m/s scale=fullscale wheelbase=2.80m length=4.70m bev=40.00m margin=2.00m state=odom grid=/bev/occupancy_grid sparse=/planner/upper_path_sparse dense=/planner/lower_reference_path
[INFO] [1791220089.486916537] [upper_planner_node]: upper branch model: cumulative_increment=1 turn_window_at_split=1 turn_target_absolute=1 split_continuity=6.75m r_dpsi=3.000 lambda_turn=0.600
[INFO] [1791220089.495700237] [lower_tracking_mpc_node]: LowerTrackingMpcNode ready: rate=10.00Hz dt=0.100s N=30 path=/planner/lower_reference_path scale=fullscale wheelbase=2.80m rear_offset=1.40m command_scale=0.350rad actuator_model=1 delay=0.00s tau=0.74s backend=disabled virtual=/cmd_control
[INFO] [1791220089.590776954] [upper_planner_node]: planner state input: Odometry topic=/motive/vehicle/odom_map yaw=orientation.z scalar
[INFO] [1791220089.593653717] [upper_planner_node]: Egocentric MIQP planner ready: rate=1.00Hz pred_dt=0.750s Nmax=7 lower_dt=0.100s target_v=6.000m/s scale=fullscale wheelbase=2.80m length=4.70m bev=40.00m margin=2.00m state=odom grid=/bev/occupancy_grid sparse=/planner/upper_path_sparse dense=/planner/lower_reference_path
[INFO] [1791220089.593796889] [upper_planner_node]: upper branch model: cumulative_increment=1 turn_window_at_split=1 turn_target_absolute=1 split_continuity=6.75m r_dpsi=3.000 lambda_turn=0.600
[INFO] [1791220089.602508043] [lower_tracking_mpc_node]: LowerTrackingMpcNode ready: rate=10.00Hz dt=0.100s N=30 path=/planner/lower_reference_path scale=fullscale wheelbase=2.80m rear_offset=1.40m command_scale=0.350rad actuator_model=1 delay=0.00s tau=0.74s backend=disabled virtual=/cmd_control
[INFO] [1791220089.696988965] [upper_planner_node]: planner state input: Odometry topic=/motive/vehicle/odom_map yaw=orientation.z scalar
[INFO] [1791220089.699944994] [upper_planner_node]: Egocentric MIQP planner ready: rate=1.00Hz pred_dt=0.750s Nmax=7 lower_dt=0.100s target_v=6.000m/s scale=fullscale wheelbase=2.80m length=4.70m bev=40.00m margin=2.00m state=odom grid=/bev/occupancy_grid sparse=/planner/upper_path_sparse dense=/planner/lower_reference_path
[INFO] [1791220089.700085255] [upper_planner_node]: upper branch model: cumulative_increment=1 turn_window_at_split=1 turn_target_absolute=1 split_continuity=6.75m r_dpsi=3.000 lambda_turn=0.600
[INFO] [1791220089.709112354] [lower_tracking_mpc_node]: LowerTrackingMpcNode ready: rate=10.00Hz dt=0.100s N=30 path=/planner/lower_reference_path scale=fullscale wheelbase=2.80m rear_offset=1.40m command_scale=0.350rad actuator_model=1 delay=0.00s tau=0.74s backend=disabled virtual=/cmd_control
[INFO] [1791220089.804925831] [upper_planner_node]: planner state input: Odometry topic=/motive/vehicle/odom_map yaw=orientation.z scalar
[INFO] [1791220089.807915845] [upper_planner_node]: Egocentric MIQP planner ready: rate=1.00Hz pred_dt=0.750s Nmax=7 lower_dt=0.100s target_v=6.000m/s scale=fullscale wheelbase=2.80m length=4.70m bev=40.00m margin=2.00m state=odom grid=/bev/occupancy_grid sparse=/planner/upper_path_sparse dense=/planner/lower_reference_path
[INFO] [1791220089.808070345] [upper_planner_node]: upper branch model: cumulative_increment=1 turn_window_at_split=1 turn_target_absolute=1 split_continuity=6.75m r_dpsi=3.000 lambda_turn=0.600
[INFO] [1791220089.816708537] [lower_tracking_mpc_node]: LowerTrackingMpcNode ready: rate=10.00Hz dt=0.100s N=30 path=/planner/lower_reference_path scale=fullscale wheelbase=2.80m rear_offset=1.40m command_scale=0.350rad actuator_model=1 delay=0.00s tau=0.74s backend=disabled virtual=/cmd_control
[INFO] [1791220089.917129070] [upper_planner_node]: planner state input: Odometry topic=/motive/vehicle/odom_map yaw=orientation.z scalar
[INFO] [1791220089.920196494] [upper_planner_node]: Egocentric MIQP planner ready: rate=1.00Hz pred_dt=0.750s Nmax=7 lower_dt=0.100s target_v=6.000m/s scale=fullscale wheelbase=2.80m length=4.70m bev=40.00m margin=2.00m state=odom grid=/bev/occupancy_grid sparse=/planner/upper_path_sparse dense=/planner/lower_reference_path
[INFO] [1791220089.920323858] [upper_planner_node]: upper branch model: cumulative_increment=1 turn_window_at_split=1 turn_target_absolute=1 split_continuity=6.75m r_dpsi=3.000 lambda_turn=0.600
[INFO] [1791220089.929282572] [lower_tracking_mpc_node]: LowerTrackingMpcNode ready: rate=10.00Hz dt=0.100s N=30 path=/planner/lower_reference_path scale=fullscale wheelbase=2.80m rear_offset=1.40m command_scale=0.350rad actuator_model=1 delay=0.00s tau=0.74s backend=disabled virtual=/cmd_control
[INFO] [1791220090.054093120] [upper_planner_node]: planner state input: Odometry topic=/motive/vehicle/odom_map yaw=orientation.z scalar
[INFO] [1791220090.056982811] [upper_planner_node]: Egocentric MIQP planner ready: rate=1.00Hz pred_dt=0.750s Nmax=7 lower_dt=0.100s target_v=6.000m/s scale=fullscale wheelbase=2.80m length=4.70m bev=40.00m margin=2.00m state=odom grid=/bev/occupancy_grid sparse=/planner/upper_path_sparse dense=/planner/lower_reference_path
[INFO] [1791220090.057148352] [upper_planner_node]: upper branch model: cumulative_increment=1 turn_window_at_split=1 turn_target_absolute=1 split_continuity=6.75m r_dpsi=3.000 lambda_turn=0.600
[INFO] [1791220090.065838801] [lower_tracking_mpc_node]: LowerTrackingMpcNode ready: rate=10.00Hz dt=0.100s N=30 path=/planner/lower_reference_path scale=fullscale wheelbase=2.80m rear_offset=1.40m command_scale=0.350rad actuator_model=1 delay=0.00s tau=0.74s backend=disabled virtual=/cmd_control
[INFO] [1791220090.190089075] [upper_planner_node]: planner state input: Odometry topic=/motive/vehicle/odom_map yaw=orientation.z scalar
[INFO] [1791220090.192923820] [upper_planner_node]: Egocentric MIQP planner ready: rate=1.00Hz pred_dt=0.750s Nmax=7 lower_dt=0.100s target_v=6.000m/s scale=fullscale wheelbase=2.80m length=4.70m bev=40.00m margin=2.00m state=odom grid=/bev/occupancy_grid sparse=/planner/upper_path_sparse dense=/planner/lower_reference_path
[INFO] [1791220090.193060496] [upper_planner_node]: upper branch model: cumulative_increment=1 turn_window_at_split=1 turn_target_absolute=1 split_continuity=6.75m r_dpsi=3.000 lambda_turn=0.600
[INFO] [1791220090.201894246] [lower_tracking_mpc_node]: LowerTrackingMpcNode ready: rate=10.00Hz dt=0.100s N=30 path=/planner/lower_reference_path scale=fullscale wheelbase=2.80m rear_offset=1.40m command_scale=0.350rad actuator_model=1 delay=0.00s tau=0.74s backend=disabled virtual=/cmd_control
[INFO] [1791220090.327765595] [upper_planner_node]: planner state input: Odometry topic=/motive/vehicle/odom_map yaw=orientation.z scalar
[INFO] [1791220090.330542323] [upper_planner_node]: Egocentric MIQP planner ready: rate=1.00Hz pred_dt=0.750s Nmax=7 lower_dt=0.100s target_v=6.000m/s scale=fullscale wheelbase=2.80m length=4.70m bev=40.00m margin=2.00m state=odom grid=/bev/occupancy_grid sparse=/planner/upper_path_sparse dense=/planner/lower_reference_path
[INFO] [1791220090.330685111] [upper_planner_node]: upper branch model: cumulative_increment=1 turn_window_at_split=1 turn_target_absolute=1 split_continuity=6.75m r_dpsi=3.000 lambda_turn=0.600
[INFO] [1791220090.339492236] [lower_tracking_mpc_node]: LowerTrackingMpcNode ready: rate=10.00Hz dt=0.100s N=30 path=/planner/lower_reference_path scale=fullscale wheelbase=2.80m rear_offset=1.40m command_scale=0.350rad actuator_model=1 delay=0.00s tau=0.74s backend=disabled virtual=/cmd_control
[INFO] [1791220090.464679947] [upper_planner_node]: planner state input: Odometry topic=/motive/vehicle/odom_map yaw=orientation.z scalar
[INFO] [1791220090.467528581] [upper_planner_node]: Egocentric MIQP planner ready: rate=1.00Hz pred_dt=0.750s Nmax=7 lower_dt=0.100s target_v=6.000m/s scale=fullscale wheelbase=2.80m length=4.70m bev=40.00m margin=2.00m state=odom grid=/bev/occupancy_grid sparse=/planner/upper_path_sparse dense=/planner/lower_reference_path
[INFO] [1791220090.467867248] [upper_planner_node]: upper branch model: cumulative_increment=1 turn_window_at_split=1 turn_target_absolute=1 split_continuity=6.75m r_dpsi=3.000 lambda_turn=0.600
[INFO] [1791220090.476577153] [lower_tracking_mpc_node]: LowerTrackingMpcNode ready: rate=10.00Hz dt=0.100s N=30 path=/planner/lower_reference_path scale=fullscale wheelbase=2.80m rear_offset=1.40m command_scale=0.350rad actuator_model=1 delay=0.00s tau=0.74s backend=disabled virtual=/cmd_control
[INFO] [1791220090.601646909] [upper_planner_node]: planner state input: Odometry topic=/motive/vehicle/odom_map yaw=orientation.z scalar
[INFO] [1791220090.604456086] [upper_planner_node]: Egocentric MIQP planner ready: rate=1.00Hz pred_dt=0.750s Nmax=7 lower_dt=0.100s target_v=6.000m/s scale=fullscale wheelbase=2.80m length=4.70m bev=40.00m margin=2.00m state=odom grid=/bev/occupancy_grid sparse=/planner/upper_path_sparse dense=/planner/lower_reference_path
[INFO] [1791220090.604706302] [upper_planner_node]: upper branch model: cumulative_increment=1 turn_window_at_split=1 turn_target_absolute=1 split_continuity=6.75m r_dpsi=3.000 lambda_turn=0.600
[INFO] [1791220090.613658807] [lower_tracking_mpc_node]: LowerTrackingMpcNode ready: rate=10.00Hz dt=0.100s N=30 path=/planner/lower_reference_path scale=fullscale wheelbase=2.80m rear_offset=1.40m command_scale=0.350rad actuator_model=1 delay=0.00s tau=0.74s backend=disabled virtual=/cmd_control
[INFO] [1791220090.739816309] [upper_planner_node]: planner state input: Odometry topic=/motive/vehicle/odom_map yaw=orientation.z scalar
[INFO] [1791220090.742797491] [upper_planner_node]: Egocentric MIQP planner ready: rate=1.00Hz pred_dt=0.750s Nmax=7 lower_dt=0.100s target_v=6.000m/s scale=fullscale wheelbase=2.80m length=4.70m bev=40.00m margin=2.00m state=odom grid=/bev/occupancy_grid sparse=/planner/upper_path_sparse dense=/planner/lower_reference_path
[INFO] [1791220090.742958840] [upper_planner_node]: upper branch model: cumulative_increment=1 turn_window_at_split=1 turn_target_absolute=1 split_continuity=6.75m r_dpsi=3.000 lambda_turn=0.600
[INFO] [1791220090.752165785] [lower_tracking_mpc_node]: LowerTrackingMpcNode ready: rate=10.00Hz dt=0.100s N=30 path=/planner/lower_reference_path scale=fullscale wheelbase=2.80m rear_offset=1.40m command_scale=0.350rad actuator_model=1 delay=0.00s tau=0.74s backend=disabled virtual=/cmd_control
[INFO] [1791220090.875076241] [upper_planner_node]: planner state input: Odometry topic=/motive/vehicle/odom_map yaw=orientation.z scalar
[INFO] [1791220090.878043086] [upper_planner_node]: Egocentric MIQP planner ready: rate=1.00Hz pred_dt=0.750s Nmax=7 lower_dt=0.100s target_v=6.000m/s scale=fullscale wheelbase=2.80m length=4.70m bev=40.00m margin=2.00m state=odom grid=/bev/occupancy_grid sparse=/planner/upper_path_sparse dense=/planner/lower_reference_path
[INFO] [1791220090.878297206] [upper_planner_node]: upper branch model: cumulative_increment=1 turn_window_at_split=1 turn_target_absolute=1 split_continuity=6.75m r_dpsi=3.000 lambda_turn=0.600
[INFO] [1791220090.887263600] [lower_tracking_mpc_node]: LowerTrackingMpcNode ready: rate=10.00Hz dt=0.100s N=30 path=/planner/lower_reference_path scale=fullscale wheelbase=2.80m rear_offset=1.40m command_scale=0.350rad actuator_model=1 delay=0.00s tau=0.74s backend=disabled virtual=/cmd_control
[INFO] [1791220091.008875936] [upper_planner_node]: planner state input: Odometry topic=/motive/vehicle/odom_map yaw=orientation.z scalar
[INFO] [1791220091.011925407] [upper_planner_node]: Egocentric MIQP planner ready: rate=1.00Hz pred_dt=0.750s Nmax=7 lower_dt=0.100s target_v=6.000m/s scale=fullscale wheelbase=2.80m length=4.70m bev=40.00m margin=2.00m state=odom grid=/bev/occupancy_grid sparse=/planner/upper_path_sparse dense=/planner/lower_reference_path
[INFO] [1791220091.012080964] [upper_planner_node]: upper branch model: cumulative_increment=1 turn_window_at_split=1 turn_target_absolute=1 split_continuity=6.75m r_dpsi=3.000 lambda_turn=0.600
[INFO] [1791220091.020795958] [lower_tracking_mpc_node]: LowerTrackingMpcNode ready: rate=10.00Hz dt=0.100s N=30 path=/planner/lower_reference_path scale=fullscale wheelbase=2.80m rear_offset=1.40m command_scale=0.350rad actuator_model=1 delay=0.00s tau=0.74s backend=disabled virtual=/cmd_control
[INFO] [1791220091.143879348] [upper_planner_node]: planner state input: Odometry topic=/motive/vehicle/odom_map yaw=orientation.z scalar
[INFO] [1791220091.146652747] [upper_planner_node]: Egocentric MIQP planner ready: rate=1.00Hz pred_dt=0.750s Nmax=7 lower_dt=0.100s target_v=6.000m/s scale=fullscale wheelbase=2.80m length=4.70m bev=40.00m margin=2.00m state=odom grid=/bev/occupancy_grid sparse=/planner/upper_path_sparse dense=/planner/lower_reference_path
[INFO] [1791220091.147063352] [upper_planner_node]: upper branch model: cumulative_increment=1 turn_window_at_split=1 turn_target_absolute=1 split_continuity=6.75m r_dpsi=3.000 lambda_turn=0.600
[INFO] [1791220091.156137717] [lower_tracking_mpc_node]: LowerTrackingMpcNode ready: rate=10.00Hz dt=0.100s N=30 path=/planner/lower_reference_path scale=fullscale wheelbase=2.80m rear_offset=1.40m command_scale=0.350rad actuator_model=1 delay=0.00s tau=0.74s backend=disabled virtual=/cmd_control
[INFO] [1791220091.279920328] [upper_planner_node]: planner state input: Odometry topic=/motive/vehicle/odom_map yaw=orientation.z scalar
[INFO] [1791220091.282737249] [upper_planner_node]: Egocentric MIQP planner ready: rate=1.00Hz pred_dt=0.750s Nmax=7 lower_dt=0.100s target_v=6.000m/s scale=fullscale wheelbase=2.80m length=4.70m bev=40.00m margin=2.00m state=odom grid=/bev/occupancy_grid sparse=/planner/upper_path_sparse dense=/planner/lower_reference_path
[INFO] [1791220091.282862757] [upper_planner_node]: upper branch model: cumulative_increment=1 turn_window_at_split=1 turn_target_absolute=1 split_continuity=6.75m r_dpsi=3.000 lambda_turn=0.600
[INFO] [1791220091.291704827] [lower_tracking_mpc_node]: LowerTrackingMpcNode ready: rate=10.00Hz dt=0.100s N=30 path=/planner/lower_reference_path scale=fullscale wheelbase=2.80m rear_offset=1.40m command_scale=0.350rad actuator_model=1 delay=0.00s tau=0.74s backend=disabled virtual=/cmd_control
[INFO] [1791220091.417685971] [upper_planner_node]: planner state input: Odometry topic=/motive/vehicle/odom_map yaw=orientation.z scalar
[INFO] [1791220091.420547533] [upper_planner_node]: Egocentric MIQP planner ready: rate=1.00Hz pred_dt=0.750s Nmax=7 lower_dt=0.100s target_v=6.000m/s scale=fullscale wheelbase=2.80m length=4.70m bev=40.00m margin=2.00m state=odom grid=/bev/occupancy_grid sparse=/planner/upper_path_sparse dense=/planner/lower_reference_path
[INFO] [1791220091.420689170] [upper_planner_node]: upper branch model: cumulative_increment=1 turn_window_at_split=1 turn_target_absolute=1 split_continuity=6.75m r_dpsi=3.000 lambda_turn=0.600
[INFO] [1791220091.429808913] [lower_tracking_mpc_node]: LowerTrackingMpcNode ready: rate=10.00Hz dt=0.100s N=30 path=/planner/lower_reference_path scale=fullscale wheelbase=2.80m rear_offset=1.40m command_scale=0.350rad actuator_model=1 delay=0.00s tau=0.74s backend=disabled virtual=/cmd_control
[INFO] [1791220091.552860173] [upper_planner_node]: planner state input: Odometry topic=/motive/vehicle/odom_map yaw=orientation.z scalar
[INFO] [1791220091.555789129] [upper_planner_node]: Egocentric MIQP planner ready: rate=1.00Hz pred_dt=0.750s Nmax=7 lower_dt=0.100s target_v=6.000m/s scale=fullscale wheelbase=2.80m length=4.70m bev=40.00m margin=2.00m state=odom grid=/bev/occupancy_grid sparse=/planner/upper_path_sparse dense=/planner/lower_reference_path
[INFO] [1791220091.555958350] [upper_planner_node]: upper branch model: cumulative_increment=1 turn_window_at_split=1 turn_target_absolute=1 split_continuity=6.75m r_dpsi=3.000 lambda_turn=0.600
[INFO] [1791220091.564656480] [lower_tracking_mpc_node]: LowerTrackingMpcNode ready: rate=10.00Hz dt=0.100s N=30 path=/planner/lower_reference_path scale=fullscale wheelbase=2.80m rear_offset=1.40m command_scale=0.350rad actuator_model=1 delay=0.00s tau=0.74s backend=disabled virtual=/cmd_control
[INFO] [1791220091.688331024] [upper_planner_node]: planner state input: Odometry topic=/motive/vehicle/odom_map yaw=orientation.z scalar
[INFO] [1791220091.691188266] [upper_planner_node]: Egocentric MIQP planner ready: rate=1.00Hz pred_dt=0.750s Nmax=7 lower_dt=0.100s target_v=6.000m/s scale=fullscale wheelbase=2.80m length=4.70m bev=40.00m margin=2.00m state=odom grid=/bev/occupancy_grid sparse=/planner/upper_path_sparse dense=/planner/lower_reference_path
[INFO] [1791220091.691324014] [upper_planner_node]: upper branch model: cumulative_increment=1 turn_window_at_split=1 turn_target_absolute=1 split_continuity=6.75m r_dpsi=3.000 lambda_turn=0.600
[INFO] [1791220091.700131011] [lower_tracking_mpc_node]: LowerTrackingMpcNode ready: rate=10.00Hz dt=0.100s N=30 path=/planner/lower_reference_path scale=fullscale wheelbase=2.80m rear_offset=1.40m command_scale=0.350rad actuator_model=1 delay=0.00s tau=0.74s backend=disabled virtual=/cmd_control
[INFO] [1791220091.821855541] [upper_planner_node]: planner state input: Odometry topic=/motive/vehicle/odom_map yaw=orientation.z scalar
[INFO] [1791220091.824761425] [upper_planner_node]: Egocentric MIQP planner ready: rate=1.00Hz pred_dt=0.750s Nmax=7 lower_dt=0.100s target_v=6.000m/s scale=fullscale wheelbase=2.80m length=4.70m bev=40.00m margin=2.00m state=odom grid=/bev/occupancy_grid sparse=/planner/upper_path_sparse dense=/planner/lower_reference_path
[INFO] [1791220091.824914902] [upper_planner_node]: upper branch model: cumulative_increment=1 turn_window_at_split=1 turn_target_absolute=1 split_continuity=6.75m r_dpsi=3.000 lambda_turn=0.600
[INFO] [1791220091.833638920] [lower_tracking_mpc_node]: LowerTrackingMpcNode ready: rate=10.00Hz dt=0.100s N=30 path=/planner/lower_reference_path scale=fullscale wheelbase=2.80m rear_offset=1.40m command_scale=0.350rad actuator_model=1 delay=0.00s tau=0.74s backend=disabled virtual=/cmd_control
[INFO] [1791220091.957719589] [upper_planner_node]: planner state input: Odometry topic=/motive/vehicle/odom_map yaw=orientation.z scalar
[INFO] [1791220091.960597343] [upper_planner_node]: Egocentric MIQP planner ready: rate=1.00Hz pred_dt=0.750s Nmax=7 lower_dt=0.100s target_v=6.000m/s scale=fullscale wheelbase=2.80m length=4.70m bev=40.00m margin=2.00m state=odom grid=/bev/occupancy_grid sparse=/planner/upper_path_sparse dense=/planner/lower_reference_path
[INFO] [1791220091.960789893] [upper_planner_node]: upper branch model: cumulative_increment=1 turn_window_at_split=1 turn_target_absolute=1 split_continuity=6.75m r_dpsi=3.000 lambda_turn=0.600
[INFO] [1791220091.969645212] [lower_tracking_mpc_node]: LowerTrackingMpcNode ready: rate=10.00Hz dt=0.100s N=30 path=/planner/lower_reference_path scale=fullscale wheelbase=2.80m rear_offset=1.40m command_scale=0.350rad actuator_model=1 delay=0.00s tau=0.74s backend=disabled virtual=/cmd_control
[INFO] [1791220092.214600816] [upper_planner_node]: planner state input: Odometry topic=/motive/vehicle/odom_map yaw=orientation.z scalar
[INFO] [1791220092.217709618] [upper_planner_node]: Egocentric MIQP planner ready: rate=1.00Hz pred_dt=0.750s Nmax=7 lower_dt=0.100s target_v=6.000m/s scale=fullscale wheelbase=2.80m length=4.70m bev=40.00m margin=2.00m state=odom grid=/bev/occupancy_grid sparse=/planner/upper_path_sparse dense=/planner/lower_reference_path
[INFO] [1791220092.217886680] [upper_planner_node]: upper branch model: cumulative_increment=1 turn_window_at_split=1 turn_target_absolute=1 split_continuity=6.75m r_dpsi=3.000 lambda_turn=0.600
[INFO] [1791220092.229109944] [lower_tracking_mpc_node]: LowerTrackingMpcNode ready: rate=10.00Hz dt=0.100s N=30 path=/planner/lower_reference_path scale=fullscale wheelbase=2.80m rear_offset=1.40m command_scale=0.350rad actuator_model=1 delay=0.00s tau=0.74s backend=disabled virtual=/cmd_control
[INFO] [1791220092.358769349] [upper_planner_node]: planner state input: Odometry topic=/motive/vehicle/odom_map yaw=orientation.z scalar
[INFO] [1791220092.361742018] [upper_planner_node]: Egocentric MIQP planner ready: rate=1.00Hz pred_dt=0.750s Nmax=7 lower_dt=0.100s target_v=6.000m/s scale=fullscale wheelbase=2.80m length=4.70m bev=40.00m margin=2.00m state=odom grid=/bev/occupancy_grid sparse=/planner/upper_path_sparse dense=/planner/lower_reference_path
[INFO] [1791220092.361902119] [upper_planner_node]: upper branch model: cumulative_increment=1 turn_window_at_split=1 turn_target_absolute=1 split_continuity=6.75m r_dpsi=3.000 lambda_turn=0.600
[INFO] [1791220092.370644026] [lower_tracking_mpc_node]: LowerTrackingMpcNode ready: rate=10.00Hz dt=0.100s N=30 path=/planner/lower_reference_path scale=fullscale wheelbase=2.80m rear_offset=1.40m command_scale=0.350rad actuator_model=1 delay=0.00s tau=0.74s backend=disabled virtual=/cmd_control
[INFO] [1791220092.499858840] [upper_planner_node]: planner state input: Odometry topic=/motive/vehicle/odom_map yaw=orientation.z scalar
[INFO] [1791220092.502771124] [upper_planner_node]: Egocentric MIQP planner ready: rate=1.00Hz pred_dt=0.750s Nmax=7 lower_dt=0.100s target_v=6.000m/s scale=fullscale wheelbase=2.80m length=4.70m bev=40.00m margin=2.00m state=odom grid=/bev/occupancy_grid sparse=/planner/upper_path_sparse dense=/planner/lower_reference_path
[INFO] [1791220092.502898648] [upper_planner_node]: upper branch model: cumulative_increment=1 turn_window_at_split=1 turn_target_absolute=1 split_continuity=6.75m r_dpsi=3.000 lambda_turn=0.600
[INFO] [1791220092.511868338] [lower_tracking_mpc_node]: LowerTrackingMpcNode ready: rate=10.00Hz dt=0.100s N=30 path=/planner/lower_reference_path scale=fullscale wheelbase=2.80m rear_offset=1.40m command_scale=0.350rad actuator_model=1 delay=0.00s tau=0.74s backend=disabled virtual=/cmd_control
[INFO] [1791220092.634035410] [upper_planner_node]: planner state input: Odometry topic=/motive/vehicle/odom_map yaw=orientation.z scalar
[INFO] [1791220092.636853963] [upper_planner_node]: Egocentric MIQP planner ready: rate=1.00Hz pred_dt=0.750s Nmax=7 lower_dt=0.100s target_v=6.000m/s scale=fullscale wheelbase=2.80m length=4.70m bev=40.00m margin=2.00m state=odom grid=/bev/occupancy_grid sparse=/planner/upper_path_sparse dense=/planner/lower_reference_path
[INFO] [1791220092.636998511] [upper_planner_node]: upper branch model: cumulative_increment=1 turn_window_at_split=1 turn_target_absolute=1 split_continuity=6.75m r_dpsi=3.000 lambda_turn=0.600
[INFO] [1791220092.645822309] [lower_tracking_mpc_node]: LowerTrackingMpcNode ready: rate=10.00Hz dt=0.100s N=30 path=/planner/lower_reference_path scale=fullscale wheelbase=2.80m rear_offset=1.40m command_scale=0.350rad actuator_model=1 delay=0.00s tau=0.74s backend=disabled virtual=/cmd_control
[INFO] [1791220092.769126537] [upper_planner_node]: planner state input: Odometry topic=/motive/vehicle/odom_map yaw=orientation.z scalar
[INFO] [1791220092.772091814] [upper_planner_node]: Egocentric MIQP planner ready: rate=1.00Hz pred_dt=0.750s Nmax=7 lower_dt=0.100s target_v=6.000m/s scale=fullscale wheelbase=2.80m length=4.70m bev=40.00m margin=2.00m state=odom grid=/bev/occupancy_grid sparse=/planner/upper_path_sparse dense=/planner/lower_reference_path
[INFO] [1791220092.772255819] [upper_planner_node]: upper branch model: cumulative_increment=1 turn_window_at_split=1 turn_target_absolute=1 split_continuity=6.75m r_dpsi=3.000 lambda_turn=0.600
[INFO] [1791220092.781201797] [lower_tracking_mpc_node]: LowerTrackingMpcNode ready: rate=10.00Hz dt=0.100s N=30 path=/planner/lower_reference_path scale=fullscale wheelbase=2.80m rear_offset=1.40m command_scale=0.350rad actuator_model=1 delay=0.00s tau=0.74s backend=disabled virtual=/cmd_control
[INFO] [1791220092.905678158] [upper_planner_node]: planner state input: Odometry topic=/motive/vehicle/odom_map yaw=orientation.z scalar
[INFO] [1791220092.909565032] [upper_planner_node]: Egocentric MIQP planner ready: rate=1.00Hz pred_dt=0.750s Nmax=7 lower_dt=0.100s target_v=6.000m/s scale=fullscale wheelbase=2.80m length=4.70m bev=40.00m margin=2.00m state=odom grid=/bev/occupancy_grid sparse=/planner/upper_path_sparse dense=/planner/lower_reference_path
[INFO] [1791220092.909725581] [upper_planner_node]: upper branch model: cumulative_increment=1 turn_window_at_split=1 turn_target_absolute=1 split_continuity=6.75m r_dpsi=3.000 lambda_turn=0.600
[INFO] [1791220092.920478143] [lower_tracking_mpc_node]: LowerTrackingMpcNode ready: rate=10.00Hz dt=0.100s N=30 path=/planner/lower_reference_path scale=fullscale wheelbase=2.80m rear_offset=1.40m command_scale=0.350rad actuator_model=1 delay=0.00s tau=0.74s backend=disabled virtual=/cmd_control
[INFO] [1791220093.043208305] [upper_planner_node]: planner state input: Odometry topic=/motive/vehicle/odom_map yaw=orientation.z scalar
[INFO] [1791220093.046054379] [upper_planner_node]: Egocentric MIQP planner ready: rate=1.00Hz pred_dt=0.750s Nmax=7 lower_dt=0.100s target_v=6.000m/s scale=fullscale wheelbase=2.80m length=4.70m bev=40.00m margin=2.00m state=odom grid=/bev/occupancy_grid sparse=/planner/upper_path_sparse dense=/planner/lower_reference_path
[INFO] [1791220093.046215152] [upper_planner_node]: upper branch model: cumulative_increment=1 turn_window_at_split=1 turn_target_absolute=1 split_continuity=6.75m r_dpsi=3.000 lambda_turn=0.600
[INFO] [1791220093.055055718] [lower_tracking_mpc_node]: LowerTrackingMpcNode ready: rate=10.00Hz dt=0.100s N=30 path=/planner/lower_reference_path scale=fullscale wheelbase=2.80m rear_offset=1.40m command_scale=0.350rad actuator_model=1 delay=0.00s tau=0.74s backend=disabled virtual=/cmd_control
[INFO] [1791220093.178819193] [upper_planner_node]: planner state input: Odometry topic=/motive/vehicle/odom_map yaw=orientation.z scalar
[INFO] [1791220093.181668658] [upper_planner_node]: Egocentric MIQP planner ready: rate=1.00Hz pred_dt=0.750s Nmax=7 lower_dt=0.100s target_v=6.000m/s scale=fullscale wheelbase=2.80m length=4.70m bev=40.00m margin=2.00m state=odom grid=/bev/occupancy_grid sparse=/planner/upper_path_sparse dense=/planner/lower_reference_path
[INFO] [1791220093.181882553] [upper_planner_node]: upper branch model: cumulative_increment=1 turn_window_at_split=1 turn_target_absolute=1 split_continuity=6.75m r_dpsi=3.000 lambda_turn=0.600
[INFO] [1791220093.190570954] [lower_tracking_mpc_node]: LowerTrackingMpcNode ready: rate=10.00Hz dt=0.100s N=30 path=/planner/lower_reference_path scale=fullscale wheelbase=2.80m rear_offset=1.40m command_scale=0.350rad actuator_model=1 delay=0.00s tau=0.74s backend=disabled virtual=/cmd_control
[INFO] [1791220093.313551076] [upper_planner_node]: planner state input: Odometry topic=/motive/vehicle/odom_map yaw=orientation.z scalar
[INFO] [1791220093.316419967] [upper_planner_node]: Egocentric MIQP planner ready: rate=1.00Hz pred_dt=0.750s Nmax=7 lower_dt=0.100s target_v=6.000m/s scale=fullscale wheelbase=2.80m length=4.70m bev=40.00m margin=2.00m state=odom grid=/bev/occupancy_grid sparse=/planner/upper_path_sparse dense=/planner/lower_reference_path
[INFO] [1791220093.316668486] [upper_planner_node]: upper branch model: cumulative_increment=1 turn_window_at_split=1 turn_target_absolute=1 split_continuity=6.75m r_dpsi=3.000 lambda_turn=0.600
[INFO] [1791220093.325464027] [lower_tracking_mpc_node]: LowerTrackingMpcNode ready: rate=10.00Hz dt=0.100s N=30 path=/planner/lower_reference_path scale=fullscale wheelbase=2.80m rear_offset=1.40m command_scale=0.350rad actuator_model=1 delay=0.00s tau=0.74s backend=disabled virtual=/cmd_control
[INFO] [1791220093.446961126] [upper_planner_node]: planner state input: Odometry topic=/motive/vehicle/odom_map yaw=orientation.z scalar
[INFO] [1791220093.449942884] [upper_planner_node]: Egocentric MIQP planner ready: rate=1.00Hz pred_dt=0.750s Nmax=7 lower_dt=0.100s target_v=6.000m/s scale=fullscale wheelbase=2.80m length=4.70m bev=40.00m margin=2.00m state=odom grid=/bev/occupancy_grid sparse=/planner/upper_path_sparse dense=/planner/lower_reference_path
[INFO] [1791220093.450077576] [upper_planner_node]: upper branch model: cumulative_increment=1 turn_window_at_split=1 turn_target_absolute=1 split_continuity=6.75m r_dpsi=3.000 lambda_turn=0.600
[INFO] [1791220093.459096004] [lower_tracking_mpc_node]: LowerTrackingMpcNode ready: rate=10.00Hz dt=0.100s N=30 path=/planner/lower_reference_path scale=fullscale wheelbase=2.80m rear_offset=1.40m command_scale=0.350rad actuator_model=1 delay=0.00s tau=0.74s backend=disabled virtual=/cmd_control
[INFO] [1791220093.580366120] [upper_planner_node]: planner state input: Odometry topic=/motive/vehicle/odom_map yaw=orientation.z scalar
[INFO] [1791220093.583343142] [upper_planner_node]: Egocentric MIQP planner ready: rate=1.00Hz pred_dt=0.750s Nmax=7 lower_dt=0.100s target_v=6.000m/s scale=fullscale wheelbase=2.80m length=4.70m bev=40.00m margin=2.00m state=odom grid=/bev/occupancy_grid sparse=/planner/upper_path_sparse dense=/planner/lower_reference_path
[INFO] [1791220093.583465802] [upper_planner_node]: upper branch model: cumulative_increment=1 turn_window_at_split=1 turn_target_absolute=1 split_continuity=6.75m r_dpsi=3.000 lambda_turn=0.600
[INFO] [1791220093.592557864] [lower_tracking_mpc_node]: LowerTrackingMpcNode ready: rate=10.00Hz dt=0.100s N=30 path=/planner/lower_reference_path scale=fullscale wheelbase=2.80m rear_offset=1.40m command_scale=0.350rad actuator_model=1 delay=0.00s tau=0.74s backend=disabled virtual=/cmd_control
[INFO] [1791220093.714435679] [upper_planner_node]: planner state input: Odometry topic=/motive/vehicle/odom_map yaw=orientation.z scalar
[INFO] [1791220093.717401436] [upper_planner_node]: Egocentric MIQP planner ready: rate=1.00Hz pred_dt=0.750s Nmax=7 lower_dt=0.100s target_v=6.000m/s scale=fullscale wheelbase=2.80m length=4.70m bev=40.00m margin=2.00m state=odom grid=/bev/occupancy_grid sparse=/planner/upper_path_sparse dense=/planner/lower_reference_path
[INFO] [1791220093.717557313] [upper_planner_node]: upper branch model: cumulative_increment=1 turn_window_at_split=1 turn_target_absolute=1 split_continuity=6.75m r_dpsi=3.000 lambda_turn=0.600
[INFO] [1791220093.726809348] [lower_tracking_mpc_node]: LowerTrackingMpcNode ready: rate=10.00Hz dt=0.100s N=30 path=/planner/lower_reference_path scale=fullscale wheelbase=2.80m rear_offset=1.40m command_scale=0.350rad actuator_model=1 delay=0.00s tau=0.74s backend=disabled virtual=/cmd_control
[INFO] [1791220093.849456116] [upper_planner_node]: planner state input: Odometry topic=/motive/vehicle/odom_map yaw=orientation.z scalar
[INFO] [1791220093.852404464] [upper_planner_node]: Egocentric MIQP planner ready: rate=1.00Hz pred_dt=0.750s Nmax=7 lower_dt=0.100s target_v=6.000m/s scale=fullscale wheelbase=2.80m length=4.70m bev=40.00m margin=2.00m state=odom grid=/bev/occupancy_grid sparse=/planner/upper_path_sparse dense=/planner/lower_reference_path
[INFO] [1791220093.852628120] [upper_planner_node]: upper branch model: cumulative_increment=1 turn_window_at_split=1 turn_target_absolute=1 split_continuity=6.75m r_dpsi=3.000 lambda_turn=0.600
[INFO] [1791220093.861599858] [lower_tracking_mpc_node]: LowerTrackingMpcNode ready: rate=10.00Hz dt=0.100s N=30 path=/planner/lower_reference_path scale=fullscale wheelbase=2.80m rear_offset=1.40m command_scale=0.350rad actuator_model=1 delay=0.00s tau=0.74s backend=disabled virtual=/cmd_control
[INFO] [1791220094.127579963] [upper_planner_node]: planner state input: Odometry topic=/motive/vehicle/odom_map yaw=orientation.z scalar
[INFO] [1791220094.131011335] [upper_planner_node]: Egocentric MIQP planner ready: rate=1.00Hz pred_dt=0.750s Nmax=7 lower_dt=0.100s target_v=6.000m/s scale=fullscale wheelbase=2.80m length=4.70m bev=40.00m margin=2.00m state=odom grid=/bev/occupancy_grid sparse=/planner/upper_path_sparse dense=/planner/lower_reference_path
[INFO] [1791220094.131198413] [upper_planner_node]: upper branch model: cumulative_increment=1 turn_window_at_split=1 turn_target_absolute=1 split_continuity=6.75m r_dpsi=3.000 lambda_turn=0.600
[INFO] [1791220094.140043299] [lower_tracking_mpc_node]: LowerTrackingMpcNode ready: rate=10.00Hz dt=0.100s N=30 path=/planner/lower_reference_path scale=fullscale wheelbase=2.80m rear_offset=1.40m command_scale=0.350rad actuator_model=1 delay=0.00s tau=0.74s backend=disabled virtual=/cmd_control
[INFO] [1791220094.274961589] [upper_planner_node]: planner state input: Odometry topic=/motive/vehicle/odom_map yaw=orientation.z scalar
[INFO] [1791220094.277812622] [upper_planner_node]: Egocentric MIQP planner ready: rate=1.00Hz pred_dt=0.750s Nmax=7 lower_dt=0.100s target_v=6.000m/s scale=fullscale wheelbase=2.80m length=4.70m bev=40.00m margin=2.00m state=odom grid=/bev/occupancy_grid sparse=/planner/upper_path_sparse dense=/planner/lower_reference_path
[INFO] [1791220094.277991092] [upper_planner_node]: upper branch model: cumulative_increment=1 turn_window_at_split=1 turn_target_absolute=1 split_continuity=6.75m r_dpsi=3.000 lambda_turn=0.600
[INFO] [1791220094.286959086] [lower_tracking_mpc_node]: LowerTrackingMpcNode ready: rate=10.00Hz dt=0.100s N=30 path=/planner/lower_reference_path scale=fullscale wheelbase=2.80m rear_offset=1.40m command_scale=0.350rad actuator_model=1 delay=0.00s tau=0.74s backend=disabled virtual=/cmd_control
[INFO] [1791220094.407902504] [upper_planner_node]: planner state input: Odometry topic=/motive/vehicle/odom_map yaw=orientation.z scalar
[INFO] [1791220094.410850053] [upper_planner_node]: Egocentric MIQP planner ready: rate=1.00Hz pred_dt=0.750s Nmax=7 lower_dt=0.100s target_v=6.000m/s scale=fullscale wheelbase=2.80m length=4.70m bev=40.00m margin=2.00m state=odom grid=/bev/occupancy_grid sparse=/planner/upper_path_sparse dense=/planner/lower_reference_path
[INFO] [1791220094.411015338] [upper_planner_node]: upper branch model: cumulative_increment=1 turn_window_at_split=1 turn_target_absolute=1 split_continuity=6.75m r_dpsi=3.000 lambda_turn=0.600
[INFO] [1791220094.420115336] [lower_tracking_mpc_node]: LowerTrackingMpcNode ready: rate=10.00Hz dt=0.100s N=30 path=/planner/lower_reference_path scale=fullscale wheelbase=2.80m rear_offset=1.40m command_scale=0.350rad actuator_model=1 delay=0.00s tau=0.74s backend=disabled virtual=/cmd_control
[INFO] [1791220094.541501424] [upper_planner_node]: planner state input: Odometry topic=/motive/vehicle/odom_map yaw=orientation.z scalar
[INFO] [1791220094.544470829] [upper_planner_node]: Egocentric MIQP planner ready: rate=1.00Hz pred_dt=0.750s Nmax=7 lower_dt=0.100s target_v=6.000m/s scale=fullscale wheelbase=2.80m length=4.70m bev=40.00m margin=2.00m state=odom grid=/bev/occupancy_grid sparse=/planner/upper_path_sparse dense=/planner/lower_reference_path
[INFO] [1791220094.544615474] [upper_planner_node]: upper branch model: cumulative_increment=1 turn_window_at_split=1 turn_target_absolute=1 split_continuity=6.75m r_dpsi=3.000 lambda_turn=0.600
[INFO] [1791220094.553603756] [lower_tracking_mpc_node]: LowerTrackingMpcNode ready: rate=10.00Hz dt=0.100s N=30 path=/planner/lower_reference_path scale=fullscale wheelbase=2.80m rear_offset=1.40m command_scale=0.350rad actuator_model=1 delay=0.00s tau=0.74s backend=disabled virtual=/cmd_control
[INFO] [1791220094.674505093] [upper_planner_node]: planner state input: Odometry topic=/motive/vehicle/odom_map yaw=orientation.z scalar
[INFO] [1791220094.677421217] [upper_planner_node]: Egocentric MIQP planner ready: rate=1.00Hz pred_dt=0.750s Nmax=7 lower_dt=0.100s target_v=6.000m/s scale=fullscale wheelbase=2.80m length=4.70m bev=40.00m margin=2.00m state=odom grid=/bev/occupancy_grid sparse=/planner/upper_path_sparse dense=/planner/lower_reference_path
[INFO] [1791220094.677661960] [upper_planner_node]: upper branch model: cumulative_increment=1 turn_window_at_split=1 turn_target_absolute=1 split_continuity=6.75m r_dpsi=3.000 lambda_turn=0.600
[INFO] [1791220094.686408507] [lower_tracking_mpc_node]: LowerTrackingMpcNode ready: rate=10.00Hz dt=0.100s N=30 path=/planner/lower_reference_path scale=fullscale wheelbase=2.80m rear_offset=1.40m command_scale=0.350rad actuator_model=1 delay=0.00s tau=0.74s backend=disabled virtual=/cmd_control
[INFO] [1791220094.806629567] [upper_planner_node]: planner state input: Odometry topic=/motive/vehicle/odom_map yaw=orientation.z scalar
[INFO] [1791220094.809436663] [upper_planner_node]: Egocentric MIQP planner ready: rate=1.00Hz pred_dt=0.750s Nmax=7 lower_dt=0.100s target_v=6.000m/s scale=fullscale wheelbase=2.80m length=4.70m bev=40.00m margin=2.00m state=odom grid=/bev/occupancy_grid sparse=/planner/upper_path_sparse dense=/planner/lower_reference_path
[INFO] [1791220094.809589180] [upper_planner_node]: upper branch model: cumulative_increment=1 turn_window_at_split=1 turn_target_absolute=1 split_continuity=6.75m r_dpsi=3.000 lambda_turn=0.600
[INFO] [1791220094.818389873] [lower_tracking_mpc_node]: LowerTrackingMpcNode ready: rate=10.00Hz dt=0.100s N=30 path=/planner/lower_reference_path scale=fullscale wheelbase=2.80m rear_offset=1.40m command_scale=0.350rad actuator_model=1 delay=0.00s tau=0.74s backend=disabled virtual=/cmd_control
[INFO] [1791220094.939919261] [upper_planner_node]: planner state input: Odometry topic=/motive/vehicle/odom_map yaw=orientation.z scalar
[INFO] [1791220094.942849561] [upper_planner_node]: Egocentric MIQP planner ready: rate=1.00Hz pred_dt=0.750s Nmax=7 lower_dt=0.100s target_v=6.000m/s scale=fullscale wheelbase=2.80m length=4.70m bev=40.00m margin=2.00m state=odom grid=/bev/occupancy_grid sparse=/planner/upper_path_sparse dense=/planner/lower_reference_path
[INFO] [1791220094.942982269] [upper_planner_node]: upper branch model: cumulative_increment=1 turn_window_at_split=1 turn_target_absolute=1 split_continuity=6.75m r_dpsi=3.000 lambda_turn=0.600
[INFO] [1791220094.952068411] [lower_tracking_mpc_node]: LowerTrackingMpcNode ready: rate=10.00Hz dt=0.100s N=30 path=/planner/lower_reference_path scale=fullscale wheelbase=2.80m rear_offset=1.40m command_scale=0.350rad actuator_model=1 delay=0.00s tau=0.74s backend=disabled virtual=/cmd_control
[INFO] [1791220095.077722697] [upper_planner_node]: planner state input: Odometry topic=/motive/vehicle/odom_map yaw=orientation.z scalar
[INFO] [1791220095.080736168] [upper_planner_node]: Egocentric MIQP planner ready: rate=1.00Hz pred_dt=0.750s Nmax=7 lower_dt=0.100s target_v=6.000m/s scale=fullscale wheelbase=2.80m length=4.70m bev=40.00m margin=2.00m state=odom grid=/bev/occupancy_grid sparse=/planner/upper_path_sparse dense=/planner/lower_reference_path
[INFO] [1791220095.080919342] [upper_planner_node]: upper branch model: cumulative_increment=1 turn_window_at_split=1 turn_target_absolute=1 split_continuity=6.75m r_dpsi=3.000 lambda_turn=0.600
[INFO] [1791220095.089608319] [lower_tracking_mpc_node]: LowerTrackingMpcNode ready: rate=10.00Hz dt=0.100s N=30 path=/planner/lower_reference_path scale=fullscale wheelbase=2.80m rear_offset=1.40m command_scale=0.350rad actuator_model=1 delay=0.00s tau=0.74s backend=disabled virtual=/cmd_control
[INFO] [1791220095.217650200] [upper_planner_node]: planner state input: Odometry topic=/motive/vehicle/odom_map yaw=orientation.z scalar
[INFO] [1791220095.220745722] [upper_planner_node]: Egocentric MIQP planner ready: rate=1.00Hz pred_dt=0.750s Nmax=7 lower_dt=0.100s target_v=6.000m/s scale=fullscale wheelbase=2.80m length=4.70m bev=40.00m margin=2.00m state=odom grid=/bev/occupancy_grid sparse=/planner/upper_path_sparse dense=/planner/lower_reference_path
[INFO] [1791220095.221043107] [upper_planner_node]: upper branch model: cumulative_increment=1 turn_window_at_split=1 turn_target_absolute=1 split_continuity=6.75m r_dpsi=3.000 lambda_turn=0.600
[INFO] [1791220095.230024861] [lower_tracking_mpc_node]: LowerTrackingMpcNode ready: rate=10.00Hz dt=0.100s N=30 path=/planner/lower_reference_path scale=fullscale wheelbase=2.80m rear_offset=1.40m command_scale=0.350rad actuator_model=1 delay=0.00s tau=0.74s backend=disabled virtual=/cmd_control
[INFO] [1791220095.359147417] [upper_planner_node]: planner state input: Odometry topic=/motive/vehicle/odom_map yaw=orientation.z scalar
[INFO] [1791220095.362134678] [upper_planner_node]: Egocentric MIQP planner ready: rate=1.00Hz pred_dt=0.750s Nmax=7 lower_dt=0.100s target_v=6.000m/s scale=fullscale wheelbase=2.80m length=4.70m bev=40.00m margin=2.00m state=odom grid=/bev/occupancy_grid sparse=/planner/upper_path_sparse dense=/planner/lower_reference_path
[INFO] [1791220095.362318140] [upper_planner_node]: upper branch model: cumulative_increment=1 turn_window_at_split=1 turn_target_absolute=1 split_continuity=6.75m r_dpsi=3.000 lambda_turn=0.600
[INFO] [1791220095.371287222] [lower_tracking_mpc_node]: LowerTrackingMpcNode ready: rate=10.00Hz dt=0.100s N=30 path=/planner/lower_reference_path scale=fullscale wheelbase=2.80m rear_offset=1.40m command_scale=0.350rad actuator_model=1 delay=0.00s tau=0.74s backend=disabled virtual=/cmd_control
[INFO] [1791220095.497876738] [upper_planner_node]: planner state input: Odometry topic=/motive/vehicle/odom_map yaw=orientation.z scalar
[INFO] [1791220095.501095847] [upper_planner_node]: Egocentric MIQP planner ready: rate=1.00Hz pred_dt=0.750s Nmax=7 lower_dt=0.100s target_v=6.000m/s scale=fullscale wheelbase=2.80m length=4.70m bev=40.00m margin=2.00m state=odom grid=/bev/occupancy_grid sparse=/planner/upper_path_sparse dense=/planner/lower_reference_path
[INFO] [1791220095.501300909] [upper_planner_node]: upper branch model: cumulative_increment=1 turn_window_at_split=1 turn_target_absolute=1 split_continuity=6.75m r_dpsi=3.000 lambda_turn=0.600
[INFO] [1791220095.510151876] [lower_tracking_mpc_node]: LowerTrackingMpcNode ready: rate=10.00Hz dt=0.100s N=30 path=/planner/lower_reference_path scale=fullscale wheelbase=2.80m rear_offset=1.40m command_scale=0.350rad actuator_model=1 delay=0.00s tau=0.74s backend=disabled virtual=/cmd_control
[INFO] [1791220095.635571275] [upper_planner_node]: planner state input: Odometry topic=/motive/vehicle/odom_map yaw=orientation.z scalar
[INFO] [1791220095.638440261] [upper_planner_node]: Egocentric MIQP planner ready: rate=1.00Hz pred_dt=0.750s Nmax=7 lower_dt=0.100s target_v=6.000m/s scale=fullscale wheelbase=2.80m length=4.70m bev=40.00m margin=2.00m state=odom grid=/bev/occupancy_grid sparse=/planner/upper_path_sparse dense=/planner/lower_reference_path
[INFO] [1791220095.638610570] [upper_planner_node]: upper branch model: cumulative_increment=1 turn_window_at_split=1 turn_target_absolute=1 split_continuity=6.75m r_dpsi=3.000 lambda_turn=0.600
[INFO] [1791220095.647567876] [lower_tracking_mpc_node]: LowerTrackingMpcNode ready: rate=10.00Hz dt=0.100s N=30 path=/planner/lower_reference_path scale=fullscale wheelbase=2.80m rear_offset=1.40m command_scale=0.350rad actuator_model=1 delay=0.00s tau=0.74s backend=disabled virtual=/cmd_control
[INFO] [1791220095.776606236] [upper_planner_node]: planner state input: Odometry topic=/motive/vehicle/odom_map yaw=orientation.z scalar
[INFO] [1791220095.779563993] [upper_planner_node]: Egocentric MIQP planner ready: rate=1.00Hz pred_dt=0.750s Nmax=7 lower_dt=0.100s target_v=6.000m/s scale=fullscale wheelbase=2.80m length=4.70m bev=40.00m margin=2.00m state=odom grid=/bev/occupancy_grid sparse=/planner/upper_path_sparse dense=/planner/lower_reference_path
[INFO] [1791220095.779906852] [upper_planner_node]: upper branch model: cumulative_increment=1 turn_window_at_split=1 turn_target_absolute=1 split_continuity=6.75m r_dpsi=3.000 lambda_turn=0.600
[INFO] [1791220095.788843517] [lower_tracking_mpc_node]: LowerTrackingMpcNode ready: rate=10.00Hz dt=0.100s N=30 path=/planner/lower_reference_path scale=fullscale wheelbase=2.80m rear_offset=1.40m command_scale=0.350rad actuator_model=1 delay=0.00s tau=0.74s backend=disabled virtual=/cmd_control
[INFO] [1791220095.916008827] [upper_planner_node]: planner state input: Odometry topic=/motive/vehicle/odom_map yaw=orientation.z scalar
[INFO] [1791220095.918945399] [upper_planner_node]: Egocentric MIQP planner ready: rate=1.00Hz pred_dt=0.750s Nmax=7 lower_dt=0.100s target_v=6.000m/s scale=fullscale wheelbase=2.80m length=4.70m bev=40.00m margin=2.00m state=odom grid=/bev/occupancy_grid sparse=/planner/upper_path_sparse dense=/planner/lower_reference_path
[INFO] [1791220095.919199583] [upper_planner_node]: upper branch model: cumulative_increment=1 turn_window_at_split=1 turn_target_absolute=1 split_continuity=6.75m r_dpsi=3.000 lambda_turn=0.600
[INFO] [1791220095.928510180] [lower_tracking_mpc_node]: LowerTrackingMpcNode ready: rate=10.00Hz dt=0.100s N=30 path=/planner/lower_reference_path scale=fullscale wheelbase=2.80m rear_offset=1.40m command_scale=0.350rad actuator_model=1 delay=0.00s tau=0.74s backend=disabled virtual=/cmd_control
[INFO] [1791220096.052938956] [upper_planner_node]: planner state input: Odometry topic=/motive/vehicle/odom_map yaw=orientation.z scalar
[INFO] [1791220096.055810598] [upper_planner_node]: Egocentric MIQP planner ready: rate=1.00Hz pred_dt=0.750s Nmax=7 lower_dt=0.100s target_v=6.000m/s scale=fullscale wheelbase=2.80m length=4.70m bev=40.00m margin=2.00m state=odom grid=/bev/occupancy_grid sparse=/planner/upper_path_sparse dense=/planner/lower_reference_path
[INFO] [1791220096.055966059] [upper_planner_node]: upper branch model: cumulative_increment=1 turn_window_at_split=1 turn_target_absolute=1 split_continuity=6.75m r_dpsi=3.000 lambda_turn=0.600
[INFO] [1791220096.064974694] [lower_tracking_mpc_node]: LowerTrackingMpcNode ready: rate=10.00Hz dt=0.100s N=30 path=/planner/lower_reference_path scale=fullscale wheelbase=2.80m rear_offset=1.40m command_scale=0.350rad actuator_model=1 delay=0.00s tau=0.74s backend=disabled virtual=/cmd_control
[INFO] [1791220096.189569075] [upper_planner_node]: planner state input: Odometry topic=/motive/vehicle/odom_map yaw=orientation.z scalar
[INFO] [1791220096.192516464] [upper_planner_node]: Egocentric MIQP planner ready: rate=1.00Hz pred_dt=0.750s Nmax=7 lower_dt=0.100s target_v=6.000m/s scale=fullscale wheelbase=2.80m length=4.70m bev=40.00m margin=2.00m state=odom grid=/bev/occupancy_grid sparse=/planner/upper_path_sparse dense=/planner/lower_reference_path
[INFO] [1791220096.192687445] [upper_planner_node]: upper branch model: cumulative_increment=1 turn_window_at_split=1 turn_target_absolute=1 split_continuity=6.75m r_dpsi=3.000 lambda_turn=0.600
[INFO] [1791220096.201686032] [lower_tracking_mpc_node]: LowerTrackingMpcNode ready: rate=10.00Hz dt=0.100s N=30 path=/planner/lower_reference_path scale=fullscale wheelbase=2.80m rear_offset=1.40m command_scale=0.350rad actuator_model=1 delay=0.00s tau=0.74s backend=disabled virtual=/cmd_control
[INFO] [1791220096.329405343] [upper_planner_node]: planner state input: Odometry topic=/motive/vehicle/odom_map yaw=orientation.z scalar
[INFO] [1791220096.332315290] [upper_planner_node]: Egocentric MIQP planner ready: rate=1.00Hz pred_dt=0.750s Nmax=7 lower_dt=0.100s target_v=6.000m/s scale=fullscale wheelbase=2.80m length=4.70m bev=40.00m margin=2.00m state=odom grid=/bev/occupancy_grid sparse=/planner/upper_path_sparse dense=/planner/lower_reference_path
[INFO] [1791220096.332480416] [upper_planner_node]: upper branch model: cumulative_increment=1 turn_window_at_split=1 turn_target_absolute=1 split_continuity=6.75m r_dpsi=3.000 lambda_turn=0.600
[INFO] [1791220096.341314357] [lower_tracking_mpc_node]: LowerTrackingMpcNode ready: rate=10.00Hz dt=0.100s N=30 path=/planner/lower_reference_path scale=fullscale wheelbase=2.80m rear_offset=1.40m command_scale=0.350rad actuator_model=1 delay=0.00s tau=0.74s backend=disabled virtual=/cmd_control
[INFO] [1791220096.465387890] [upper_planner_node]: planner state input: Odometry topic=/motive/vehicle/odom_map yaw=orientation.z scalar
[INFO] [1791220096.468563606] [upper_planner_node]: Egocentric MIQP planner ready: rate=1.00Hz pred_dt=0.750s Nmax=7 lower_dt=0.100s target_v=6.000m/s scale=fullscale wheelbase=2.80m length=4.70m bev=40.00m margin=2.00m state=odom grid=/bev/occupancy_grid sparse=/planner/upper_path_sparse dense=/planner/lower_reference_path
[INFO] [1791220096.468818750] [upper_planner_node]: upper branch model: cumulative_increment=1 turn_window_at_split=1 turn_target_absolute=1 split_continuity=6.75m r_dpsi=3.000 lambda_turn=0.600
[INFO] [1791220096.477978238] [lower_tracking_mpc_node]: LowerTrackingMpcNode ready: rate=10.00Hz dt=0.100s N=30 path=/planner/lower_reference_path scale=fullscale wheelbase=2.80m rear_offset=1.40m command_scale=0.350rad actuator_model=1 delay=0.00s tau=0.74s backend=disabled virtual=/cmd_control
[INFO] [1791220096.603163037] [upper_planner_node]: planner state input: Odometry topic=/motive/vehicle/odom_map yaw=orientation.z scalar
[INFO] [1791220096.606143355] [upper_planner_node]: Egocentric MIQP planner ready: rate=1.00Hz pred_dt=0.750s Nmax=7 lower_dt=0.100s target_v=6.000m/s scale=fullscale wheelbase=2.80m length=4.70m bev=40.00m margin=2.00m state=odom grid=/bev/occupancy_grid sparse=/planner/upper_path_sparse dense=/planner/lower_reference_path
[INFO] [1791220096.606420740] [upper_planner_node]: upper branch model: cumulative_increment=1 turn_window_at_split=1 turn_target_absolute=1 split_continuity=6.75m r_dpsi=3.000 lambda_turn=0.600
[INFO] [1791220096.615394526] [lower_tracking_mpc_node]: LowerTrackingMpcNode ready: rate=10.00Hz dt=0.100s N=30 path=/planner/lower_reference_path scale=fullscale wheelbase=2.80m rear_offset=1.40m command_scale=0.350rad actuator_model=1 delay=0.00s tau=0.74s backend=disabled virtual=/cmd_control
[INFO] [1791220096.750972548] [upper_planner_node]: planner state input: Odometry topic=/motive/vehicle/odom_map yaw=orientation.z scalar
[INFO] [1791220096.753888224] [upper_planner_node]: Egocentric MIQP planner ready: rate=1.00Hz pred_dt=0.750s Nmax=7 lower_dt=0.100s target_v=6.000m/s scale=fullscale wheelbase=2.80m length=4.70m bev=40.00m margin=2.00m state=odom grid=/bev/occupancy_grid sparse=/planner/upper_path_sparse dense=/planner/lower_reference_path
[INFO] [1791220096.754065509] [upper_planner_node]: upper branch model: cumulative_increment=1 turn_window_at_split=1 turn_target_absolute=1 split_continuity=6.75m r_dpsi=3.000 lambda_turn=0.600
[INFO] [1791220096.763160483] [lower_tracking_mpc_node]: LowerTrackingMpcNode ready: rate=10.00Hz dt=0.100s N=30 path=/planner/lower_reference_path scale=fullscale wheelbase=2.80m rear_offset=1.40m command_scale=0.350rad actuator_model=1 delay=0.00s tau=0.74s backend=disabled virtual=/cmd_control
[INFO] [1791220096.890037048] [upper_planner_node]: planner state input: Odometry topic=/motive/vehicle/odom_map yaw=orientation.z scalar
[INFO] [1791220096.892918834] [upper_planner_node]: Egocentric MIQP planner ready: rate=1.00Hz pred_dt=0.750s Nmax=7 lower_dt=0.100s target_v=6.000m/s scale=fullscale wheelbase=2.80m length=4.70m bev=40.00m margin=2.00m state=odom grid=/bev/occupancy_grid sparse=/planner/upper_path_sparse dense=/planner/lower_reference_path
[INFO] [1791220096.893082872] [upper_planner_node]: upper branch model: cumulative_increment=1 turn_window_at_split=1 turn_target_absolute=1 split_continuity=6.75m r_dpsi=3.000 lambda_turn=0.600
[INFO] [1791220096.901674662] [lower_tracking_mpc_node]: LowerTrackingMpcNode ready: rate=10.00Hz dt=0.100s N=30 path=/planner/lower_reference_path scale=fullscale wheelbase=2.80m rear_offset=1.40m command_scale=0.350rad actuator_model=1 delay=0.00s tau=0.74s backend=disabled virtual=/cmd_control
[INFO] [1791220097.027778594] [upper_planner_node]: planner state input: Odometry topic=/motive/vehicle/odom_map yaw=orientation.z scalar
[INFO] [1791220097.030657757] [upper_planner_node]: Egocentric MIQP planner ready: rate=1.00Hz pred_dt=0.750s Nmax=7 lower_dt=0.100s target_v=6.000m/s scale=fullscale wheelbase=2.80m length=4.70m bev=40.00m margin=2.00m state=odom grid=/bev/occupancy_grid sparse=/planner/upper_path_sparse dense=/planner/lower_reference_path
[INFO] [1791220097.030880676] [upper_planner_node]: upper branch model: cumulative_increment=1 turn_window_at_split=1 turn_target_absolute=1 split_continuity=6.75m r_dpsi=3.000 lambda_turn=0.600
[INFO] [1791220097.040109318] [lower_tracking_mpc_node]: LowerTrackingMpcNode ready: rate=10.00Hz dt=0.100s N=30 path=/planner/lower_reference_path scale=fullscale wheelbase=2.80m rear_offset=1.40m command_scale=0.350rad actuator_model=1 delay=0.00s tau=0.74s backend=disabled virtual=/cmd_control
[INFO] [1791220097.165101951] [upper_planner_node]: planner state input: Odometry topic=/motive/vehicle/odom_map yaw=orientation.z scalar
[INFO] [1791220097.168135871] [upper_planner_node]: Egocentric MIQP planner ready: rate=1.00Hz pred_dt=0.750s Nmax=7 lower_dt=0.100s target_v=6.000m/s scale=fullscale wheelbase=2.80m length=4.70m bev=40.00m margin=2.00m state=odom grid=/bev/occupancy_grid sparse=/planner/upper_path_sparse dense=/planner/lower_reference_path
[INFO] [1791220097.168358630] [upper_planner_node]: upper branch model: cumulative_increment=1 turn_window_at_split=1 turn_target_absolute=1 split_continuity=6.75m r_dpsi=3.000 lambda_turn=0.600
[INFO] [1791220097.178268509] [lower_tracking_mpc_node]: LowerTrackingMpcNode ready: rate=10.00Hz dt=0.100s N=30 path=/planner/lower_reference_path scale=fullscale wheelbase=2.80m rear_offset=1.40m command_scale=0.350rad actuator_model=1 delay=0.00s tau=0.74s backend=disabled virtual=/cmd_control
[INFO] [1791220097.303306648] [upper_planner_node]: planner state input: Odometry topic=/motive/vehicle/odom_map yaw=orientation.z scalar
[INFO] [1791220097.306170898] [upper_planner_node]: Egocentric MIQP planner ready: rate=1.00Hz pred_dt=0.750s Nmax=7 lower_dt=0.100s target_v=6.000m/s scale=fullscale wheelbase=2.80m length=4.70m bev=40.00m margin=2.00m state=odom grid=/bev/occupancy_grid sparse=/planner/upper_path_sparse dense=/planner/lower_reference_path
[INFO] [1791220097.306335607] [upper_planner_node]: upper branch model: cumulative_increment=1 turn_window_at_split=1 turn_target_absolute=1 split_continuity=6.75m r_dpsi=3.000 lambda_turn=0.600
[INFO] [1791220097.315090570] [lower_tracking_mpc_node]: LowerTrackingMpcNode ready: rate=10.00Hz dt=0.100s N=30 path=/planner/lower_reference_path scale=fullscale wheelbase=2.80m rear_offset=1.40m command_scale=0.350rad actuator_model=1 delay=0.00s tau=0.74s backend=disabled virtual=/cmd_control
[INFO] [1791220097.488010119] [upper_planner_node]: planner state input: Odometry topic=/motive/vehicle/odom_map yaw=orientation.z scalar
[INFO] [1791220097.490978308] [upper_planner_node]: Egocentric MIQP planner ready: rate=1.00Hz pred_dt=0.750s Nmax=7 lower_dt=0.100s target_v=6.000m/s scale=fullscale wheelbase=2.80m length=4.70m bev=40.00m margin=2.00m state=odom grid=/bev/occupancy_grid sparse=/planner/upper_path_sparse dense=/planner/lower_reference_path
[INFO] [1791220097.491181514] [upper_planner_node]: upper branch model: cumulative_increment=1 turn_window_at_split=1 turn_target_absolute=1 split_continuity=6.75m r_dpsi=3.000 lambda_turn=0.600
[INFO] [1791220097.500212902] [lower_tracking_mpc_node]: LowerTrackingMpcNode ready: rate=10.00Hz dt=0.100s N=30 path=/planner/lower_reference_path scale=fullscale wheelbase=2.80m rear_offset=1.40m command_scale=0.350rad actuator_model=1 delay=0.00s tau=0.74s backend=disabled virtual=/cmd_control
[INFO] [1791220097.631727981] [upper_planner_node]: planner state input: Odometry topic=/motive/vehicle/odom_map yaw=orientation.z scalar
[INFO] [1791220097.634711210] [upper_planner_node]: Egocentric MIQP planner ready: rate=1.00Hz pred_dt=0.750s Nmax=7 lower_dt=0.100s target_v=6.000m/s scale=fullscale wheelbase=2.80m length=4.70m bev=40.00m margin=2.00m state=odom grid=/bev/occupancy_grid sparse=/planner/upper_path_sparse dense=/planner/lower_reference_path
[INFO] [1791220097.634932785] [upper_planner_node]: upper branch model: cumulative_increment=1 turn_window_at_split=1 turn_target_absolute=1 split_continuity=6.75m r_dpsi=3.000 lambda_turn=0.600
[INFO] [1791220097.644147539] [lower_tracking_mpc_node]: LowerTrackingMpcNode ready: rate=10.00Hz dt=0.100s N=30 path=/planner/lower_reference_path scale=fullscale wheelbase=2.80m rear_offset=1.40m command_scale=0.350rad actuator_model=1 delay=0.00s tau=0.74s backend=disabled virtual=/cmd_control
[INFO] [1791220097.767854564] [upper_planner_node]: planner state input: Odometry topic=/motive/vehicle/odom_map yaw=orientation.z scalar
[INFO] [1791220097.770944133] [upper_planner_node]: Egocentric MIQP planner ready: rate=1.00Hz pred_dt=0.750s Nmax=7 lower_dt=0.100s target_v=6.000m/s scale=fullscale wheelbase=2.80m length=4.70m bev=40.00m margin=2.00m state=odom grid=/bev/occupancy_grid sparse=/planner/upper_path_sparse dense=/planner/lower_reference_path
[INFO] [1791220097.771120427] [upper_planner_node]: upper branch model: cumulative_increment=1 turn_window_at_split=1 turn_target_absolute=1 split_continuity=6.75m r_dpsi=3.000 lambda_turn=0.600
[INFO] [1791220097.780287659] [lower_tracking_mpc_node]: LowerTrackingMpcNode ready: rate=10.00Hz dt=0.100s N=30 path=/planner/lower_reference_path scale=fullscale wheelbase=2.80m rear_offset=1.40m command_scale=0.350rad actuator_model=1 delay=0.00s tau=0.74s backend=disabled virtual=/cmd_control
[INFO] [1791220097.904764276] [upper_planner_node]: planner state input: Odometry topic=/motive/vehicle/odom_map yaw=orientation.z scalar
[INFO] [1791220097.907772883] [upper_planner_node]: Egocentric MIQP planner ready: rate=1.00Hz pred_dt=0.750s Nmax=7 lower_dt=0.100s target_v=6.000m/s scale=fullscale wheelbase=2.80m length=4.70m bev=40.00m margin=2.00m state=odom grid=/bev/occupancy_grid sparse=/planner/upper_path_sparse dense=/planner/lower_reference_path
[INFO] [1791220097.907948728] [upper_planner_node]: upper branch model: cumulative_increment=1 turn_window_at_split=1 turn_target_absolute=1 split_continuity=6.75m r_dpsi=3.000 lambda_turn=0.600
[INFO] [1791220097.916831856] [lower_tracking_mpc_node]: LowerTrackingMpcNode ready: rate=10.00Hz dt=0.100s N=30 path=/planner/lower_reference_path scale=fullscale wheelbase=2.80m rear_offset=1.40m command_scale=0.350rad actuator_model=1 delay=0.00s tau=0.74s backend=disabled virtual=/cmd_control
[INFO] [1791220098.041084370] [upper_planner_node]: planner state input: Odometry topic=/motive/vehicle/odom_map yaw=orientation.z scalar
[INFO] [1791220098.044208340] [upper_planner_node]: Egocentric MIQP planner ready: rate=1.00Hz pred_dt=0.750s Nmax=7 lower_dt=0.100s target_v=6.000m/s scale=fullscale wheelbase=2.80m length=4.70m bev=40.00m margin=2.00m state=odom grid=/bev/occupancy_grid sparse=/planner/upper_path_sparse dense=/planner/lower_reference_path
[INFO] [1791220098.044406042] [upper_planner_node]: upper branch model: cumulative_increment=1 turn_window_at_split=1 turn_target_absolute=1 split_continuity=6.75m r_dpsi=3.000 lambda_turn=0.600
[INFO] [1791220098.053363796] [lower_tracking_mpc_node]: LowerTrackingMpcNode ready: rate=10.00Hz dt=0.100s N=30 path=/planner/lower_reference_path scale=fullscale wheelbase=2.80m rear_offset=1.40m command_scale=0.350rad actuator_model=1 delay=0.00s tau=0.74s backend=disabled virtual=/cmd_control
[INFO] [1791220098.175706170] [upper_planner_node]: planner state input: Odometry topic=/motive/vehicle/odom_map yaw=orientation.z scalar
[INFO] [1791220098.178615637] [upper_planner_node]: Egocentric MIQP planner ready: rate=1.00Hz pred_dt=0.750s Nmax=7 lower_dt=0.100s target_v=6.000m/s scale=fullscale wheelbase=2.80m length=4.70m bev=40.00m margin=2.00m state=odom grid=/bev/occupancy_grid sparse=/planner/upper_path_sparse dense=/planner/lower_reference_path
[INFO] [1791220098.178759258] [upper_planner_node]: upper branch model: cumulative_increment=1 turn_window_at_split=1 turn_target_absolute=1 split_continuity=6.75m r_dpsi=3.000 lambda_turn=0.600
[INFO] [1791220098.187914042] [lower_tracking_mpc_node]: LowerTrackingMpcNode ready: rate=10.00Hz dt=0.100s N=30 path=/planner/lower_reference_path scale=fullscale wheelbase=2.80m rear_offset=1.40m command_scale=0.350rad actuator_model=1 delay=0.00s tau=0.74s backend=disabled virtual=/cmd_control
[INFO] [1791220098.310498920] [upper_planner_node]: planner state input: Odometry topic=/motive/vehicle/odom_map yaw=orientation.z scalar
[INFO] [1791220098.313485381] [upper_planner_node]: Egocentric MIQP planner ready: rate=1.00Hz pred_dt=0.750s Nmax=7 lower_dt=0.100s target_v=6.000m/s scale=fullscale wheelbase=2.80m length=4.70m bev=40.00m margin=2.00m state=odom grid=/bev/occupancy_grid sparse=/planner/upper_path_sparse dense=/planner/lower_reference_path
[INFO] [1791220098.313738445] [upper_planner_node]: upper branch model: cumulative_increment=1 turn_window_at_split=1 turn_target_absolute=1 split_continuity=6.75m r_dpsi=3.000 lambda_turn=0.600
[INFO] [1791220098.322800042] [lower_tracking_mpc_node]: LowerTrackingMpcNode ready: rate=10.00Hz dt=0.100s N=30 path=/planner/lower_reference_path scale=fullscale wheelbase=2.80m rear_offset=1.40m command_scale=0.350rad actuator_model=1 delay=0.00s tau=0.74s backend=disabled virtual=/cmd_control
[INFO] [1791220098.448180432] [upper_planner_node]: planner state input: Odometry topic=/motive/vehicle/odom_map yaw=orientation.z scalar
[INFO] [1791220098.451097676] [upper_planner_node]: Egocentric MIQP planner ready: rate=1.00Hz pred_dt=0.750s Nmax=7 lower_dt=0.100s target_v=6.000m/s scale=fullscale wheelbase=2.80m length=4.70m bev=40.00m margin=2.00m state=odom grid=/bev/occupancy_grid sparse=/planner/upper_path_sparse dense=/planner/lower_reference_path
[INFO] [1791220098.451331987] [upper_planner_node]: upper branch model: cumulative_increment=1 turn_window_at_split=1 turn_target_absolute=1 split_continuity=6.75m r_dpsi=3.000 lambda_turn=0.600
[INFO] [1791220098.460066918] [lower_tracking_mpc_node]: LowerTrackingMpcNode ready: rate=10.00Hz dt=0.100s N=30 path=/planner/lower_reference_path scale=fullscale wheelbase=2.80m rear_offset=1.40m command_scale=0.350rad actuator_model=1 delay=0.00s tau=0.74s backend=disabled virtual=/cmd_control
[INFO] [1791220098.580742487] [upper_planner_node]: planner state input: Odometry topic=/motive/vehicle/odom_map yaw=orientation.z scalar
[INFO] [1791220098.583791223] [upper_planner_node]: Egocentric MIQP planner ready: rate=1.00Hz pred_dt=0.750s Nmax=7 lower_dt=0.100s target_v=6.000m/s scale=fullscale wheelbase=2.80m length=4.70m bev=40.00m margin=2.00m state=odom grid=/bev/occupancy_grid sparse=/planner/upper_path_sparse dense=/planner/lower_reference_path
[INFO] [1791220098.583959324] [upper_planner_node]: upper branch model: cumulative_increment=1 turn_window_at_split=1 turn_target_absolute=1 split_continuity=6.75m r_dpsi=3.000 lambda_turn=0.600
[INFO] [1791220098.592659822] [lower_tracking_mpc_node]: LowerTrackingMpcNode ready: rate=10.00Hz dt=0.100s N=30 path=/planner/lower_reference_path scale=fullscale wheelbase=2.80m rear_offset=1.40m command_scale=0.350rad actuator_model=1 delay=0.00s tau=0.74s backend=disabled virtual=/cmd_control
[INFO] [1791220098.714052630] [upper_planner_node]: planner state input: Odometry topic=/motive/vehicle/odom_map yaw=orientation.z scalar
[INFO] [1791220098.716909456] [upper_planner_node]: Egocentric MIQP planner ready: rate=1.00Hz pred_dt=0.750s Nmax=7 lower_dt=0.100s target_v=6.000m/s scale=fullscale wheelbase=2.80m length=4.70m bev=40.00m margin=2.00m state=odom grid=/bev/occupancy_grid sparse=/planner/upper_path_sparse dense=/planner/lower_reference_path
[INFO] [1791220098.717093494] [upper_planner_node]: upper branch model: cumulative_increment=1 turn_window_at_split=1 turn_target_absolute=1 split_continuity=6.75m r_dpsi=3.000 lambda_turn=0.600
[INFO] [1791220098.726045135] [lower_tracking_mpc_node]: LowerTrackingMpcNode ready: rate=10.00Hz dt=0.100s N=30 path=/planner/lower_reference_path scale=fullscale wheelbase=2.80m rear_offset=1.40m command_scale=0.350rad actuator_model=1 delay=0.00s tau=0.74s backend=disabled virtual=/cmd_control
[INFO] [1791220098.847720576] [upper_planner_node]: planner state input: Odometry topic=/motive/vehicle/odom_map yaw=orientation.z scalar
[INFO] [1791220098.850610427] [upper_planner_node]: Egocentric MIQP planner ready: rate=1.00Hz pred_dt=0.750s Nmax=7 lower_dt=0.100s target_v=6.000m/s scale=fullscale wheelbase=2.80m length=4.70m bev=40.00m margin=2.00m state=odom grid=/bev/occupancy_grid sparse=/planner/upper_path_sparse dense=/planner/lower_reference_path
[INFO] [1791220098.850767232] [upper_planner_node]: upper branch model: cumulative_increment=1 turn_window_at_split=1 turn_target_absolute=1 split_continuity=6.75m r_dpsi=3.000 lambda_turn=0.600
[INFO] [1791220098.859718522] [lower_tracking_mpc_node]: LowerTrackingMpcNode ready: rate=10.00Hz dt=0.100s N=30 path=/planner/lower_reference_path scale=fullscale wheelbase=2.80m rear_offset=1.40m command_scale=0.350rad actuator_model=1 delay=0.00s tau=0.74s backend=disabled virtual=/cmd_control
[INFO] [1791220098.981901691] [upper_planner_node]: planner state input: Odometry topic=/motive/vehicle/odom_map yaw=orientation.z scalar
[INFO] [1791220098.984784565] [upper_planner_node]: Egocentric MIQP planner ready: rate=1.00Hz pred_dt=0.750s Nmax=7 lower_dt=0.100s target_v=6.000m/s scale=fullscale wheelbase=2.80m length=4.70m bev=40.00m margin=2.00m state=odom grid=/bev/occupancy_grid sparse=/planner/upper_path_sparse dense=/planner/lower_reference_path
[INFO] [1791220098.985006172] [upper_planner_node]: upper branch model: cumulative_increment=1 turn_window_at_split=1 turn_target_absolute=1 split_continuity=6.75m r_dpsi=3.000 lambda_turn=0.600
[INFO] [1791220098.994059737] [lower_tracking_mpc_node]: LowerTrackingMpcNode ready: rate=10.00Hz dt=0.100s N=30 path=/planner/lower_reference_path scale=fullscale wheelbase=2.80m rear_offset=1.40m command_scale=0.350rad actuator_model=1 delay=0.00s tau=0.74s backend=disabled virtual=/cmd_control
[INFO] [1791220099.114723882] [upper_planner_node]: planner state input: Odometry topic=/motive/vehicle/odom_map yaw=orientation.z scalar
[INFO] [1791220099.117705608] [upper_planner_node]: Egocentric MIQP planner ready: rate=1.00Hz pred_dt=0.750s Nmax=7 lower_dt=0.100s target_v=6.000m/s scale=fullscale wheelbase=2.80m length=4.70m bev=40.00m margin=2.00m state=odom grid=/bev/occupancy_grid sparse=/planner/upper_path_sparse dense=/planner/lower_reference_path
[INFO] [1791220099.117889774] [upper_planner_node]: upper branch model: cumulative_increment=1 turn_window_at_split=1 turn_target_absolute=1 split_continuity=6.75m r_dpsi=3.000 lambda_turn=0.600
[INFO] [1791220099.126678722] [lower_tracking_mpc_node]: LowerTrackingMpcNode ready: rate=10.00Hz dt=0.100s N=30 path=/planner/lower_reference_path scale=fullscale wheelbase=2.80m rear_offset=1.40m command_scale=0.350rad actuator_model=1 delay=0.00s tau=0.74s backend=disabled virtual=/cmd_control
[INFO] [1791220099.247624604] [upper_planner_node]: planner state input: Odometry topic=/motive/vehicle/odom_map yaw=orientation.z scalar
[INFO] [1791220099.251421652] [upper_planner_node]: Egocentric MIQP planner ready: rate=1.00Hz pred_dt=0.750s Nmax=7 lower_dt=0.100s target_v=6.000m/s scale=fullscale wheelbase=2.80m length=4.70m bev=40.00m margin=2.00m state=odom grid=/bev/occupancy_grid sparse=/planner/upper_path_sparse dense=/planner/lower_reference_path
[INFO] [1791220099.251601945] [upper_planner_node]: upper branch model: cumulative_increment=1 turn_window_at_split=1 turn_target_absolute=1 split_continuity=6.75m r_dpsi=3.000 lambda_turn=0.600
[INFO] [1791220099.262100707] [lower_tracking_mpc_node]: LowerTrackingMpcNode ready: rate=10.00Hz dt=0.100s N=30 path=/planner/lower_reference_path scale=fullscale wheelbase=2.80m rear_offset=1.40m command_scale=0.350rad actuator_model=1 delay=0.00s tau=0.74s backend=disabled virtual=/cmd_control
[INFO] [1791220099.383102175] [upper_planner_node]: planner state input: Odometry topic=/motive/vehicle/odom_map yaw=orientation.z scalar
[INFO] [1791220099.386139871] [upper_planner_node]: Egocentric MIQP planner ready: rate=1.00Hz pred_dt=0.750s Nmax=7 lower_dt=0.100s target_v=6.000m/s scale=fullscale wheelbase=2.80m length=4.70m bev=40.00m margin=2.00m state=odom grid=/bev/occupancy_grid sparse=/planner/upper_path_sparse dense=/planner/lower_reference_path
[INFO] [1791220099.386304356] [upper_planner_node]: upper branch model: cumulative_increment=1 turn_window_at_split=1 turn_target_absolute=1 split_continuity=6.75m r_dpsi=3.000 lambda_turn=0.600
[INFO] [1791220099.395119577] [lower_tracking_mpc_node]: LowerTrackingMpcNode ready: rate=10.00Hz dt=0.100s N=30 path=/planner/lower_reference_path scale=fullscale wheelbase=2.80m rear_offset=1.40m command_scale=0.350rad actuator_model=1 delay=0.00s tau=0.74s backend=disabled virtual=/cmd_control
[INFO] [1791220099.518288505] [upper_planner_node]: planner state input: Odometry topic=/motive/vehicle/odom_map yaw=orientation.z scalar
[INFO] [1791220099.521229046] [upper_planner_node]: Egocentric MIQP planner ready: rate=1.00Hz pred_dt=0.750s Nmax=7 lower_dt=0.100s target_v=6.000m/s scale=fullscale wheelbase=2.80m length=4.70m bev=40.00m margin=2.00m state=odom grid=/bev/occupancy_grid sparse=/planner/upper_path_sparse dense=/planner/lower_reference_path
[INFO] [1791220099.521387419] [upper_planner_node]: upper branch model: cumulative_increment=1 turn_window_at_split=1 turn_target_absolute=1 split_continuity=6.75m r_dpsi=3.000 lambda_turn=0.600
[INFO] [1791220099.530124942] [lower_tracking_mpc_node]: LowerTrackingMpcNode ready: rate=10.00Hz dt=0.100s N=30 path=/planner/lower_reference_path scale=fullscale wheelbase=2.80m rear_offset=1.40m command_scale=0.350rad actuator_model=1 delay=0.00s tau=0.74s backend=disabled virtual=/cmd_control
[INFO] [1791220099.650296879] [upper_planner_node]: planner state input: Odometry topic=/motive/vehicle/odom_map yaw=orientation.z scalar
[INFO] [1791220099.653136649] [upper_planner_node]: Egocentric MIQP planner ready: rate=1.00Hz pred_dt=0.750s Nmax=7 lower_dt=0.100s target_v=6.000m/s scale=fullscale wheelbase=2.80m length=4.70m bev=40.00m margin=2.00m state=odom grid=/bev/occupancy_grid sparse=/planner/upper_path_sparse dense=/planner/lower_reference_path
[INFO] [1791220099.653300206] [upper_planner_node]: upper branch model: cumulative_increment=1 turn_window_at_split=1 turn_target_absolute=1 split_continuity=6.75m r_dpsi=3.000 lambda_turn=0.600
[INFO] [1791220099.662093986] [lower_tracking_mpc_node]: LowerTrackingMpcNode ready: rate=10.00Hz dt=0.100s N=30 path=/planner/lower_reference_path scale=fullscale wheelbase=2.80m rear_offset=1.40m command_scale=0.350rad actuator_model=1 delay=0.00s tau=0.74s backend=disabled virtual=/cmd_control
[INFO] [1791220099.783527628] [upper_planner_node]: planner state input: Odometry topic=/motive/vehicle/odom_map yaw=orientation.z scalar
[INFO] [1791220099.786430695] [upper_planner_node]: Egocentric MIQP planner ready: rate=1.00Hz pred_dt=0.750s Nmax=7 lower_dt=0.100s target_v=6.000m/s scale=fullscale wheelbase=2.80m length=4.70m bev=40.00m margin=2.00m state=odom grid=/bev/occupancy_grid sparse=/planner/upper_path_sparse dense=/planner/lower_reference_path
[INFO] [1791220099.786592204] [upper_planner_node]: upper branch model: cumulative_increment=1 turn_window_at_split=1 turn_target_absolute=1 split_continuity=6.75m r_dpsi=3.000 lambda_turn=0.600
[INFO] [1791220099.795415234] [lower_tracking_mpc_node]: LowerTrackingMpcNode ready: rate=10.00Hz dt=0.100s N=30 path=/planner/lower_reference_path scale=fullscale wheelbase=2.80m rear_offset=1.40m command_scale=0.350rad actuator_model=1 delay=0.00s tau=0.74s backend=disabled virtual=/cmd_control
[INFO] [1791220099.917757000] [upper_planner_node]: planner state input: Odometry topic=/motive/vehicle/odom_map yaw=orientation.z scalar
[INFO] [1791220099.920751622] [upper_planner_node]: Egocentric MIQP planner ready: rate=1.00Hz pred_dt=0.750s Nmax=7 lower_dt=0.100s target_v=6.000m/s scale=fullscale wheelbase=2.80m length=4.70m bev=40.00m margin=2.00m state=odom grid=/bev/occupancy_grid sparse=/planner/upper_path_sparse dense=/planner/lower_reference_path
[INFO] [1791220099.920907019] [upper_planner_node]: upper branch model: cumulative_increment=1 turn_window_at_split=1 turn_target_absolute=1 split_continuity=6.75m r_dpsi=3.000 lambda_turn=0.600
[INFO] [1791220099.929614844] [lower_tracking_mpc_node]: LowerTrackingMpcNode ready: rate=10.00Hz dt=0.100s N=30 path=/planner/lower_reference_path scale=fullscale wheelbase=2.80m rear_offset=1.40m command_scale=0.350rad actuator_model=1 delay=0.00s tau=0.74s backend=disabled virtual=/cmd_control
