scenario,run_id,attempt,phase,t_ros_s,timestamp_kst,x_m,y_m,event,reason,status,retained_previous_path,retained_path_age_s,plan_seq,solver_called
1,20261008_182344_scenario1_0cefb5,0,setup_or_other,1791451425.6739419,2026-10-08T18:23:45.673+09:00,0.0,0.0,lower_mode_transition,None->4,goal or batch permission neutral,,,,
1,20261008_182344_scenario1_0cefb5,1,running,1791451433.1773841,2026-10-08T18:23:53.177+09:00,149.99942838671976,-140.003544924256,lower_mode_transition,4->0,QP command,,,,
1,20261008_182344_scenario1_0cefb5,1,running,1791451464.1197977,2026-10-08T18:24:24.119+09:00,122.05148756985932,-6.742829657642397,upper_failure,solver_rejected,DAQP direct corridor QP infeasible: tried=36,True,0.4996299743652344,65,True
1,20261008_182344_scenario1_0cefb5,1,running,1791451469.1199923,2026-10-08T18:24:29.119+09:00,144.79355569694724,-2.5887283787231645,upper_failure,solver_rejected,DAQP direct corridor QP infeasible: tried=1,True,0.5005767345428467,75,True
1,20261008_182344_scenario1_0cefb5,1,running_end,1791451473.448073,2026-10-08T18:24:33.448+09:00,165.3173979316625,-1.0710614955987565,runner_completed,,goal approach only,,,,
1,20261008_182344_scenario1_0cefb5,1,coasting,1791451473.475476,2026-10-08T18:24:33.475+09:00,165.4618331185094,-1.058391369371932,lower_mode_transition,0->4,goal or batch permission neutral,,,,
1,20261008_182344_scenario1_0cefb5,1,coasting,1791451476.1202316,2026-10-08T18:24:36.120+09:00,177.0740368796222,-0.7070656695779324,upper_failure,solver_rejected,DAQP direct corridor QP infeasible: tried=1,True,0.49997758865356445,89,True
1,20261008_182344_scenario1_0cefb5,1,coasting,1791451476.620229,2026-10-08T18:24:36.620+09:00,178.93643211519083,-0.6668267282550515,upper_failure,solver_rejected,DAQP direct corridor QP infeasible: tried=1,True,0.9999282360076904,90,True
1,20261008_182344_scenario1_0cefb5,1,coasting,1791451477.1201327,2026-10-08T18:24:37.120+09:00,180.7056058864248,-0.6298854275938243,upper_failure,solver_rejected,DAQP direct corridor QP infeasible: tried=1,True,1.4997384548187256,91,True
1,20261008_182344_scenario1_0cefb5,1,coasting,1791451477.620117,2026-10-08T18:24:37.620+09:00,182.3704173445412,-0.5928753089730109,upper_failure,solver_rejected,DAQP direct corridor QP infeasible: tried=1,True,1.9990782737731934,92,True
1,20261008_182344_scenario1_0cefb5,1,coasting,1791451478.1203806,2026-10-08T18:24:38.120+09:00,183.95726189962784,-0.5631905173394953,upper_failure,solver_rejected,DAQP direct corridor QP infeasible: tried=1,True,2.4998955726623535,93,True
1,20261008_182344_scenario1_0cefb5,1,coasting,1791451478.6202672,2026-10-08T18:24:38.620+09:00,185.45073574312326,-0.5310162741114717,upper_failure,solver_rejected,DAQP direct corridor QP infeasible: tried=1,True,2.9998233318328857,94,True
1,20261008_182344_scenario1_0cefb5,1,coasting,1791451479.120306,2026-10-08T18:24:39.120+09:00,186.87352066885433,-0.5026245713620772,upper_failure,solver_rejected,DAQP direct corridor QP infeasible: tried=1,True,3.499880075454712,95,True
1,20261008_182344_scenario1_0cefb5,1,coasting,1791451479.6204283,2026-10-08T18:24:39.620+09:00,188.21520816708968,-0.4739914894513036,upper_failure,solver_rejected,DAQP direct corridor QP infeasible: tried=1,True,3.9993560314178467,96,True
1,20261008_182344_scenario1_0cefb5,1,coasting,1791451480.1202428,2026-10-08T18:24:40.120+09:00,189.49504999505902,-0.44938151458482917,upper_failure,solver_rejected,DAQP direct corridor QP infeasible: tried=1,True,4.50032377243042,97,True
1,20261008_182344_scenario1_0cefb5,1,coasting,1791451480.6202552,2026-10-08T18:24:40.620+09:00,190.69808922024586,-0.4216307859425883,upper_failure,solver_rejected,DAQP direct corridor QP infeasible: tried=1,True,5.000298500061035,98,True
1,20261008_182344_scenario1_0cefb5,1,coasting,1791451481.1203127,2026-10-08T18:24:41.120+09:00,191.84555512415554,-0.39849842192130747,upper_failure,solver_rejected,DAQP direct corridor QP infeasible: tried=1,True,5.500339031219482,99,True
1,20261008_182344_scenario1_0cefb5,1,coasting,1791451481.6202707,2026-10-08T18:24:41.620+09:00,192.92241332562898,-0.37356155425301696,upper_failure,solver_rejected,DAQP direct corridor QP infeasible: tried=1,True,5.99920916557312,100,True
1,20261008_182344_scenario1_0cefb5,1,coasting,1791451482.1202974,2026-10-08T18:24:42.120+09:00,193.94756860271409,-0.35046019318848765,upper_failure,solver_rejected,DAQP direct corridor QP infeasible: tried=1,True,6.499366283416748,101,True
1,20261008_182344_scenario1_0cefb5,1,coasting,1791451482.6204169,2026-10-08T18:24:42.620+09:00,194.91102539498905,-0.3279535315094347,upper_failure,solver_rejected,DAQP direct corridor QP infeasible: tried=1,True,7.0005717277526855,102,True
1,20261008_182344_scenario1_0cefb5,1,coasting,1791451483.1203067,2026-10-08T18:24:43.120+09:00,195.82984477982438,-0.30808119442245213,upper_failure,solver_rejected,DAQP direct corridor QP infeasible: tried=1,True,7.499321937561035,103,True
1,20261008_182344_scenario1_0cefb5,1,coasting,1791451483.620536,2026-10-08T18:24:43.620+09:00,196.6888016686979,-0.2884575192104917,upper_failure,solver_rejected,DAQP direct corridor QP infeasible: tried=1,True,8.000638961791992,104,True
1,20261008_182344_scenario1_0cefb5,1,coasting,1791451484.1205115,2026-10-08T18:24:44.120+09:00,197.50508068013946,-0.27042114815416324,upper_failure,solver_rejected,DAQP direct corridor QP infeasible: tried=1,True,8.500616312026978,105,True
1,20261008_182344_scenario1_0cefb5,1,coasting,1791451484.6204364,2026-10-08T18:24:44.620+09:00,198.2627314111376,-0.2511184688048183,upper_failure,solver_rejected,DAQP direct corridor QP infeasible: tried=1,True,9.000355005264282,106,True
1,20261008_182344_scenario1_0cefb5,1,coasting,1791451485.120512,2026-10-08T18:24:45.120+09:00,198.98370588707732,-0.23812774177256613,upper_failure,solver_rejected,DAQP direct corridor QP infeasible: tried=1,True,9.500670671463013,107,True
1,20261008_182344_scenario1_0cefb5,1,coasting,1791451485.6205893,2026-10-08T18:24:45.620+09:00,199.64811082217747,-0.2217782945127139,upper_failure,solver_rejected,DAQP direct corridor QP infeasible: tried=1,True,10.001686811447144,108,True
1,20261008_182344_scenario1_0cefb5,1,coasting,1791451486.1205835,2026-10-08T18:24:46.120+09:00,200.2754457432535,-0.20800448068397118,upper_failure,solver_rejected,DAQP direct corridor QP infeasible: tried=1,True,10.500571250915527,109,True
1,20261008_182344_scenario1_0cefb5,1,coasting,1791451486.6204543,2026-10-08T18:24:46.620+09:00,200.8515840703606,-0.19343444604114765,upper_failure,solver_rejected,DAQP direct corridor QP infeasible: tried=1,True,10.999474287033081,110,True
1,20261008_182344_scenario1_0cefb5,1,coasting,1791451487.1204486,2026-10-08T18:24:47.120+09:00,201.3933545349417,-0.18233079344708947,upper_failure,solver_rejected,DAQP direct corridor QP infeasible: tried=1,True,11.499361991882324,111,True
1,20261008_182344_scenario1_0cefb5,1,coasting,1791451487.620435,2026-10-08T18:24:47.620+09:00,201.8829866776043,-0.16751210067612568,upper_failure,solver_rejected,DAQP direct corridor QP infeasible: tried=1,True,12.000407695770264,112,True
1,20261008_182344_scenario1_0cefb5,1,coasting,1791451488.1204705,2026-10-08T18:24:48.120+09:00,202.33952938243348,-0.15710785519878254,upper_failure,solver_rejected,DAQP direct corridor QP infeasible: tried=1,True,12.502264261245728,113,True
1,20261008_182344_scenario1_0cefb5,1,coasting,1791451488.6210027,2026-10-08T18:24:48.621+09:00,202.7457896318033,-0.14476115887480534,upper_failure,solver_rejected,DAQP direct corridor QP infeasible: tried=1,True,13.001877546310425,114,True
1,20261008_182344_scenario1_0cefb5,1,coasting,1791451489.1209188,2026-10-08T18:24:49.120+09:00,203.11924521907937,-0.13044869775894724,upper_failure,solver_rejected,DAQP direct corridor QP infeasible: tried=1,True,13.501094341278076,115,True
1,20261008_182344_scenario1_0cefb5,1,coasting,1791451489.6205392,2026-10-08T18:24:49.620+09:00,203.45466010040818,-0.1055843347060249,upper_failure,solver_rejected,DAQP direct corridor QP infeasible: tried=1,True,13.999526739120483,116,True
1,20261008_182344_scenario1_0cefb5,1,coasting,1791451490.1205604,2026-10-08T18:24:50.120+09:00,203.7572932766728,-0.07295494882339051,upper_failure,solver_rejected,DAQP direct corridor QP infeasible: tried=1,True,14.499526023864746,117,True
1,20261008_182344_scenario1_0cefb5,1,coasting,1791451490.6206338,2026-10-08T18:24:50.620+09:00,204.0202860492129,-0.03468919498609651,upper_failure,solver_rejected,DAQP direct corridor QP infeasible: tried=1,True,15.000657081604004,118,True
1,20261008_182344_scenario1_0cefb5,1,coasting,1791451491.1205359,2026-10-08T18:24:51.120+09:00,204.2471966281953,-0.0019579035688272114,upper_failure,solver_rejected,DAQP direct corridor QP infeasible: tried=1,True,15.501700639724731,119,True
1,20261008_182344_scenario1_0cefb5,1,coasting,1791451491.6205711,2026-10-08T18:24:51.620+09:00,204.4320809622782,0.032823192982692664,upper_failure,solver_rejected,DAQP direct corridor QP infeasible: tried=1,True,15.999565362930298,120,True
1,20261008_182344_scenario1_0cefb5,1,coasting,1791451492.1206539,2026-10-08T18:24:52.120+09:00,204.58395279836108,0.055364142395920496,upper_failure,solver_rejected,DAQP direct corridor QP infeasible: tried=1,True,16.499714374542236,121,True
1,20261008_182344_scenario1_0cefb5,1,coasting,1791451492.6207273,2026-10-08T18:24:52.620+09:00,204.69354102478675,0.08114816116428615,upper_failure,solver_rejected,DAQP direct corridor QP infeasible: tried=1,True,17.003933668136597,122,True
1,20261008_182344_scenario1_0cefb5,1,coasting,1791451493.120683,2026-10-08T18:24:53.120+09:00,204.7674625775741,0.09796579757270031,upper_failure,solver_rejected,DAQP direct corridor QP infeasible: tried=1,True,17.50071907043457,123,True
1,20261008_182344_scenario1_0cefb5,1,coasting,1791451493.620714,2026-10-08T18:24:53.620+09:00,204.80224697763748,0.11513364447505914,upper_failure,solver_rejected,DAQP direct corridor QP infeasible: tried=1,True,18.000763177871704,124,True
1,20261008_182344_scenario1_0cefb5,0,setup_or_other,1791451494.1206667,2026-10-08T18:24:54.120+09:00,204.8048696186924,0.12271740322029212,upper_failure,solver_rejected,DAQP direct corridor QP infeasible: tried=1,True,18.499764919281006,125,True
1,20261008_182344_scenario1_0cefb5,0,setup_or_other,1791451494.6207232,2026-10-08T18:24:54.620+09:00,204.80385797547166,0.13458733317814273,upper_failure,solver_rejected,DAQP direct corridor QP infeasible: tried=1,True,19.000763654708862,126,True
1,20261008_182344_scenario1_0cefb5,0,setup_or_other,1791451495.120696,2026-10-08T18:24:55.120+09:00,204.80743005630524,0.13730585000591275,upper_failure,solver_rejected,DAQP direct corridor QP infeasible: tried=1,True,19.49963116645813,127,True
1,20261008_182344_scenario1_0cefb5,2,running,1791451497.9768279,2026-10-08T18:24:57.976+09:00,150.00068631048185,-139.98679007426398,lower_mode_transition,4->0,QP command,,,,
1,20261008_182344_scenario1_0cefb5,2,running_end,1791451537.2470644,2026-10-08T18:25:37.247+09:00,165.50003977753275,-1.8447235863875127,runner_completed,,goal approach only,,,,
1,20261008_182344_scenario1_0cefb5,2,coasting,1791451537.278648,2026-10-08T18:25:37.278+09:00,165.71150040708997,-1.8475025969391483,lower_mode_transition,0->4,goal or batch permission neutral,,,,
1,20261008_182344_scenario1_0cefb5,2,coasting,1791451539.622203,2026-10-08T18:25:39.622+09:00,177.08321426237197,-2.065779780275577,upper_failure,solver_rejected,DAQP direct corridor QP infeasible: tried=1,True,0.49651122093200684,216,True
1,20261008_182344_scenario1_0cefb5,2,coasting,1791451540.1221704,2026-10-08T18:25:40.122+09:00,179.17703179310118,-2.1088834486730454,upper_failure,solver_rejected,DAQP direct corridor QP infeasible: tried=1,True,0.9961669445037842,217,True
1,20261008_182344_scenario1_0cefb5,2,coasting,1791451540.6220884,2026-10-08T18:25:40.622+09:00,181.1412165300145,-2.158280874375678,upper_failure,solver_rejected,DAQP direct corridor QP infeasible: tried=1,True,1.4963340759277344,218,True
1,20261008_182344_scenario1_0cefb5,2,coasting,1791451541.1222122,2026-10-08T18:25:41.122+09:00,183.00990891409032,-2.198499944633003,upper_failure,solver_rejected,DAQP direct corridor QP infeasible: tried=1,True,1.9961960315704346,219,True
1,20261008_182344_scenario1_0cefb5,2,coasting,1791451541.622252,2026-10-08T18:25:41.622+09:00,184.76471052326784,-2.2438001856995395,upper_failure,solver_rejected,DAQP direct corridor QP infeasible: tried=1,True,2.4962852001190186,220,True
1,20261008_182344_scenario1_0cefb5,2,coasting,1791451542.1221974,2026-10-08T18:25:42.122+09:00,186.43613070968897,-2.2781443554647223,upper_failure,solver_rejected,DAQP direct corridor QP infeasible: tried=1,True,2.9953553676605225,221,True
1,20261008_182344_scenario1_0cefb5,2,coasting,1791451542.622287,2026-10-08T18:25:42.622+09:00,188.00878769163162,-2.317338719216589,upper_failure,solver_rejected,DAQP direct corridor QP infeasible: tried=1,True,3.496568441390991,222,True
1,20261008_182344_scenario1_0cefb5,2,coasting,1791451543.1222837,2026-10-08T18:25:43.122+09:00,189.51026158575058,-2.347588369547863,upper_failure,solver_rejected,DAQP direct corridor QP infeasible: tried=1,True,3.9955532550811768,223,True
1,20261008_182344_scenario1_0cefb5,2,coasting,1791451543.622232,2026-10-08T18:25:43.622+09:00,190.921381536587,-2.3847869765982064,upper_failure,solver_rejected,DAQP direct corridor QP infeasible: tried=1,True,4.495567560195923,224,True
1,20261008_182344_scenario1_0cefb5,2,coasting,1791451544.1223066,2026-10-08T18:25:44.122+09:00,192.26952910230943,-2.412328424422381,upper_failure,solver_rejected,DAQP direct corridor QP infeasible: tried=1,True,4.995754957199097,225,True
1,20261008_182344_scenario1_0cefb5,2,coasting,1791451544.6224296,2026-10-08T18:25:44.622+09:00,193.53481033853143,-2.4444241514068166,upper_failure,solver_rejected,DAQP direct corridor QP infeasible: tried=1,True,5.497358798980713,226,True
1,20261008_182344_scenario1_0cefb5,2,coasting,1791451545.1224637,2026-10-08T18:25:45.122+09:00,194.74400733282224,-2.4674628307320696,upper_failure,solver_rejected,DAQP direct corridor QP infeasible: tried=1,True,5.997143507003784,227,True
1,20261008_182344_scenario1_0cefb5,2,coasting,1791451545.622401,2026-10-08T18:25:45.622+09:00,195.88003047601902,-2.496523253316406,upper_failure,solver_rejected,DAQP direct corridor QP infeasible: tried=1,True,6.498247385025024,228,True
1,20261008_182344_scenario1_0cefb5,2,coasting,1791451546.1224349,2026-10-08T18:25:46.122+09:00,196.9680320972482,-2.5138315997482703,upper_failure,solver_rejected,DAQP direct corridor QP infeasible: tried=1,True,6.99746298789978,229,True
1,20261008_182344_scenario1_0cefb5,2,coasting,1791451546.6226442,2026-10-08T18:25:46.622+09:00,197.98611692172966,-2.537196671646168,upper_failure,solver_rejected,DAQP direct corridor QP infeasible: tried=1,True,7.497250080108643,230,True
1,20261008_182344_scenario1_0cefb5,2,coasting,1791451547.1225812,2026-10-08T18:25:47.122+09:00,198.96033394595096,-2.55396002733674,upper_failure,solver_rejected,DAQP direct corridor QP infeasible: tried=1,True,7.997555494308472,231,True
1,20261008_182344_scenario1_0cefb5,2,coasting,1791451547.6224034,2026-10-08T18:25:47.622+09:00,199.86739916633178,-2.5783287197641527,upper_failure,solver_rejected,DAQP direct corridor QP infeasible: tried=1,True,8.496891736984253,232,True
1,20261008_182344_scenario1_0cefb5,2,coasting,1791451548.1223385,2026-10-08T18:25:48.122+09:00,200.7355321280774,-2.5949042944006466,upper_failure,solver_rejected,DAQP direct corridor QP infeasible: tried=1,True,8.995807886123657,233,True
1,20261008_182344_scenario1_0cefb5,2,coasting,1791451548.6223552,2026-10-08T18:25:48.622+09:00,201.54017248371147,-2.6174591918057395,upper_failure,solver_rejected,DAQP direct corridor QP infeasible: tried=1,True,9.49698519706726,234,True
1,20261008_182344_scenario1_0cefb5,2,coasting,1791451549.1225424,2026-10-08T18:25:49.122+09:00,202.30713445775862,-2.6296358146259764,upper_failure,solver_rejected,DAQP direct corridor QP infeasible: tried=1,True,9.997204303741455,235,True
1,20261008_182344_scenario1_0cefb5,2,coasting,1791451549.6225312,2026-10-08T18:25:49.622+09:00,203.01575541690903,-2.647783039995965,upper_failure,solver_rejected,DAQP direct corridor QP infeasible: tried=1,True,10.496407270431519,236,True
1,20261008_182344_scenario1_0cefb5,2,coasting,1791451550.1224422,2026-10-08T18:25:50.122+09:00,203.69014986283057,-2.6578948866629184,upper_failure,solver_rejected,DAQP direct corridor QP infeasible: tried=1,True,10.9969322681427,237,True
1,20261008_182344_scenario1_0cefb5,2,coasting,1791451550.6223984,2026-10-08T18:25:50.622+09:00,204.30679337793524,-2.675690164397484,upper_failure,solver_rejected,DAQP direct corridor QP infeasible: tried=1,True,11.49580430984497,238,True
1,20261008_182344_scenario1_0cefb5,2,coasting,1791451551.1227238,2026-10-08T18:25:51.122+09:00,204.89060849513075,-2.6843441944596695,upper_failure,solver_rejected,DAQP direct corridor QP infeasible: tried=1,True,11.997364521026611,239,True
1,20261008_182344_scenario1_0cefb5,2,coasting,1791451551.622578,2026-10-08T18:25:51.622+09:00,205.41845857794812,-2.6979741117370137,upper_failure,solver_rejected,DAQP direct corridor QP infeasible: tried=1,True,12.49759030342102,240,True
1,20261008_182344_scenario1_0cefb5,2,coasting,1791451552.1225429,2026-10-08T18:25:52.122+09:00,205.91483216254528,-2.7031040821297587,upper_failure,solver_rejected,DAQP direct corridor QP infeasible: tried=1,True,12.99739956855774,241,True
1,20261008_182344_scenario1_0cefb5,2,coasting,1791451552.6227305,2026-10-08T18:25:52.622+09:00,206.36002262959835,-2.715246867973076,upper_failure,solver_rejected,DAQP direct corridor QP infeasible: tried=1,True,13.497294187545776,242,True
1,20261008_182344_scenario1_0cefb5,2,coasting,1791451553.1225584,2026-10-08T18:25:53.122+09:00,206.7774925875312,-2.7163451490567336,upper_failure,solver_rejected,DAQP direct corridor QP infeasible: tried=1,True,13.996073961257935,243,True
1,20261008_182344_scenario1_0cefb5,2,coasting,1791451553.6226058,2026-10-08T18:25:53.622+09:00,207.1433766689026,-2.7240447410217867,upper_failure,solver_rejected,DAQP direct corridor QP infeasible: tried=1,True,14.497212409973145,244,True
1,20261008_182344_scenario1_0cefb5,2,coasting,1791451554.122571,2026-10-08T18:25:54.122+09:00,207.4845051251484,-2.7053412303191355,upper_failure,solver_rejected,DAQP direct corridor QP infeasible: tried=1,True,14.996994972229004,245,True
1,20261008_182344_scenario1_0cefb5,2,coasting,1791451554.6225696,2026-10-08T18:25:54.622+09:00,207.7800666739121,-2.6844601202541383,upper_failure,solver_rejected,DAQP direct corridor QP infeasible: tried=1,True,15.497003316879272,246,True
1,20261008_182344_scenario1_0cefb5,2,coasting,1791451555.122553,2026-10-08T18:25:55.122+09:00,208.04486106675427,-2.6588931170940535,upper_failure,solver_rejected,DAQP direct corridor QP infeasible: tried=1,True,15.99654746055603,247,True
1,20261008_182344_scenario1_0cefb5,2,coasting,1791451555.6226635,2026-10-08T18:25:55.622+09:00,208.26497147284658,-2.6383957143460712,upper_failure,solver_rejected,DAQP direct corridor QP infeasible: tried=1,True,16.498103857040405,248,True
1,20261008_182344_scenario1_0cefb5,2,coasting,1791451556.1226544,2026-10-08T18:25:56.122+09:00,208.45283730743006,-2.6136083042060068,upper_failure,solver_rejected,DAQP direct corridor QP infeasible: tried=1,True,16.997060298919678,249,True
1,20261008_182344_scenario1_0cefb5,2,coasting,1791451556.622893,2026-10-08T18:25:56.622+09:00,208.5984425826827,-2.5952936108748914,upper_failure,solver_rejected,DAQP direct corridor QP infeasible: tried=1,True,17.497530937194824,250,True
1,20261008_182344_scenario1_0cefb5,2,coasting,1791451557.1227071,2026-10-08T18:25:57.122+09:00,208.7126094200962,-2.5755844200343296,upper_failure,solver_rejected,DAQP direct corridor QP infeasible: tried=1,True,17.996182680130005,251,True
1,20261008_182344_scenario1_0cefb5,2,coasting,1791451557.622666,2026-10-08T18:25:57.622+09:00,208.78291651116777,-2.564284313059629,upper_failure,solver_rejected,DAQP direct corridor QP infeasible: tried=1,True,18.496180772781372,252,True
1,20261008_182344_scenario1_0cefb5,2,coasting,1791451558.1226666,2026-10-08T18:25:58.122+09:00,208.82091845283605,-2.5505006897419413,upper_failure,solver_rejected,DAQP direct corridor QP infeasible: tried=1,True,18.996265411376953,253,True
1,20261008_182344_scenario1_0cefb5,0,setup_or_other,1791451558.6226985,2026-10-08T18:25:58.622+09:00,208.8175259311028,-2.542206301322432,upper_failure,solver_rejected,DAQP direct corridor QP infeasible: tried=1,True,19.49882698059082,254,True
1,20261008_182344_scenario1_0cefb5,0,setup_or_other,1791451559.1230762,2026-10-08T18:25:59.123+09:00,208.82044208626158,-2.5322365797970154,upper_failure,solver_rejected,DAQP direct corridor QP infeasible: tried=1,True,19.99931263923645,255,True
1,20261008_182344_scenario1_0cefb5,3,running,1791451562.1808023,2026-10-08T18:26:02.180+09:00,149.99084601624944,-139.9779552930119,lower_mode_transition,4->0,QP command,,,,
1,20261008_182344_scenario1_0cefb5,3,running,1791451593.1236255,2026-10-08T18:26:33.123+09:00,122.10612369188586,-7.395648999961441,upper_failure,solver_rejected,DAQP direct corridor QP infeasible: tried=16,True,0.49875783920288086,323,True
1,20261008_182344_scenario1_0cefb5,3,running,1791451595.623758,2026-10-08T18:26:35.623+09:00,133.76709274514835,-7.34478758444879,upper_failure,solver_rejected,DAQP direct corridor QP infeasible: tried=1,True,0.5031638145446777,328,True
1,20261008_182344_scenario1_0cefb5,3,running,1791451597.623733,2026-10-08T18:26:37.623+09:00,142.44000768759776,-3.8092026358416065,upper_failure,solver_rejected,DAQP direct corridor QP infeasible: tried=1,True,0.5007896423339844,332,True
1,20261008_182344_scenario1_0cefb5,3,running,1791451598.1236892,2026-10-08T18:26:38.123+09:00,144.601859063188,-2.907784381109552,upper_failure,solver_rejected,DAQP direct corridor QP infeasible: tried=1,True,1.000837802886963,333,True
1,20261008_182344_scenario1_0cefb5,3,running_end,1791451602.548653,2026-10-08T18:26:42.548+09:00,165.54157805110148,-1.4211738652995154,runner_completed,,goal approach only,,,,
1,20261008_182344_scenario1_0cefb5,3,coasting,1791451602.5797136,2026-10-08T18:26:42.579+09:00,165.68531868822419,-1.4105705077105877,lower_mode_transition,0->4,goal or batch permission neutral,,,,
1,20261008_182344_scenario1_0cefb5,3,coasting,1791451605.1245747,2026-10-08T18:26:45.124+09:00,176.8590266929123,-1.0509405355712436,upper_failure,solver_rejected,DAQP direct corridor QP infeasible: tried=1,True,0.4995300769805908,347,True
1,20261008_182344_scenario1_0cefb5,3,coasting,1791451605.6239655,2026-10-08T18:26:45.623+09:00,178.73677888614628,-1.0085707365326337,upper_failure,solver_rejected,DAQP direct corridor QP infeasible: tried=1,True,0.9993042945861816,348,True
1,20261008_182344_scenario1_0cefb5,3,coasting,1791451606.1238966,2026-10-08T18:26:46.123+09:00,180.51507510889425,-0.9631264652653979,upper_failure,solver_rejected,DAQP direct corridor QP infeasible: tried=1,True,1.4979090690612793,349,True
1,20261008_182344_scenario1_0cefb5,3,coasting,1791451606.623958,2026-10-08T18:26:46.623+09:00,182.1996019639749,-0.9249456578084799,upper_failure,solver_rejected,DAQP direct corridor QP infeasible: tried=1,True,1.9988632202148438,350,True
1,20261008_182344_scenario1_0cefb5,3,coasting,1791451607.1239207,2026-10-08T18:26:47.123+09:00,183.79373001526403,-0.883482225956748,upper_failure,solver_rejected,DAQP direct corridor QP infeasible: tried=1,True,2.498546600341797,351,True
1,20261008_182344_scenario1_0cefb5,3,coasting,1791451607.623989,2026-10-08T18:26:47.623+09:00,185.30057691089758,-0.8493996735226986,upper_failure,solver_rejected,DAQP direct corridor QP infeasible: tried=1,True,2.9986801147460938,352,True
1,20261008_182344_scenario1_0cefb5,3,coasting,1791451608.124122,2026-10-08T18:26:48.124+09:00,186.72921078459393,-0.8100812392988179,upper_failure,solver_rejected,DAQP direct corridor QP infeasible: tried=1,True,3.4991447925567627,353,True
1,20261008_182344_scenario1_0cefb5,3,coasting,1791451608.6240282,2026-10-08T18:26:48.624+09:00,188.08324223190377,-0.7795995402442895,upper_failure,solver_rejected,DAQP direct corridor QP infeasible: tried=1,True,3.999352216720581,354,True
1,20261008_182344_scenario1_0cefb5,3,coasting,1791451609.1239903,2026-10-08T18:26:49.123+09:00,189.36689679943393,-0.743376112479403,upper_failure,solver_rejected,DAQP direct corridor QP infeasible: tried=1,True,4.499203205108643,355,True
1,20261008_182344_scenario1_0cefb5,3,coasting,1791451609.6240208,2026-10-08T18:26:49.624+09:00,190.5812161280524,-0.715809140736902,upper_failure,solver_rejected,DAQP direct corridor QP infeasible: tried=1,True,4.999289035797119,356,True
1,20261008_182344_scenario1_0cefb5,3,coasting,1791451610.1240408,2026-10-08T18:26:50.124+09:00,191.73648700351407,-0.6831877448812287,upper_failure,solver_rejected,DAQP direct corridor QP infeasible: tried=1,True,5.499347925186157,357,True
1,20261008_182344_scenario1_0cefb5,3,coasting,1791451610.6241004,2026-10-08T18:26:50.624+09:00,192.82865807786183,-0.6586500958187372,upper_failure,solver_rejected,DAQP direct corridor QP infeasible: tried=1,True,5.999380111694336,358,True
1,20261008_182344_scenario1_0cefb5,3,coasting,1791451611.1239984,2026-10-08T18:26:51.123+09:00,193.8633215093587,-0.6316730841164268,upper_failure,solver_rejected,DAQP direct corridor QP infeasible: tried=1,True,6.498285293579102,359,True
1,20261008_182344_scenario1_0cefb5,3,coasting,1791451611.6240933,2026-10-08T18:26:51.624+09:00,194.8403207438615,-0.6109076591232458,upper_failure,solver_rejected,DAQP direct corridor QP infeasible: tried=1,True,6.9992897510528564,360,True
1,20261008_182344_scenario1_0cefb5,3,coasting,1791451612.1240764,2026-10-08T18:26:52.124+09:00,195.7624088647227,-0.5847113904519743,upper_failure,solver_rejected,DAQP direct corridor QP infeasible: tried=1,True,7.498274326324463,361,True
1,20261008_182344_scenario1_0cefb5,3,coasting,1791451612.6240249,2026-10-08T18:26:52.624+09:00,196.63141681948284,-0.5657466983617199,upper_failure,solver_rejected,DAQP direct corridor QP infeasible: tried=1,True,7.999274492263794,362,True
1,20261008_182344_scenario1_0cefb5,3,coasting,1791451613.1241248,2026-10-08T18:26:53.124+09:00,197.45122175744936,-0.5423157049194768,upper_failure,solver_rejected,DAQP direct corridor QP infeasible: tried=1,True,8.498514175415039,363,True
1,20261008_182344_scenario1_0cefb5,3,coasting,1791451613.6242747,2026-10-08T18:26:53.624+09:00,198.22271973237105,-0.5250589351656144,upper_failure,solver_rejected,DAQP direct corridor QP infeasible: tried=1,True,8.99960708618164,364,True
1,20261008_182344_scenario1_0cefb5,3,coasting,1791451614.1240811,2026-10-08T18:26:54.124+09:00,198.94511164908104,-0.503689006359877,upper_failure,solver_rejected,DAQP direct corridor QP infeasible: tried=1,True,9.499378204345703,365,True
1,20261008_182344_scenario1_0cefb5,3,coasting,1791451614.6241353,2026-10-08T18:26:54.624+09:00,199.6174897482956,-0.4889619343886281,upper_failure,solver_rejected,DAQP direct corridor QP infeasible: tried=1,True,9.999297618865967,366,True
1,20261008_182344_scenario1_0cefb5,3,coasting,1791451615.1244953,2026-10-08T18:26:55.124+09:00,200.2455822853955,-0.46854501478174204,upper_failure,solver_rejected,DAQP direct corridor QP infeasible: tried=1,True,10.499735355377197,367,True
1,20261008_182344_scenario1_0cefb5,3,coasting,1791451615.6242046,2026-10-08T18:26:55.624+09:00,200.82940720337987,-0.4561047963992153,upper_failure,solver_rejected,DAQP direct corridor QP infeasible: tried=1,True,10.999581336975098,368,True
1,20261008_182344_scenario1_0cefb5,3,coasting,1791451616.1242604,2026-10-08T18:26:56.124+09:00,201.37068573322742,-0.43762381133498285,upper_failure,solver_rejected,DAQP direct corridor QP infeasible: tried=1,True,11.499448299407959,369,True
1,20261008_182344_scenario1_0cefb5,3,coasting,1791451616.6241407,2026-10-08T18:26:56.624+09:00,201.8675789298594,-0.4271518470224275,upper_failure,solver_rejected,DAQP direct corridor QP infeasible: tried=1,True,11.999154806137085,370,True
1,20261008_182344_scenario1_0cefb5,3,coasting,1791451617.124188,2026-10-08T18:26:57.124+09:00,202.3283608753209,-0.41102427936292696,upper_failure,solver_rejected,DAQP direct corridor QP infeasible: tried=1,True,12.499545335769653,371,True
1,20261008_182344_scenario1_0cefb5,3,coasting,1791451617.624164,2026-10-08T18:26:57.624+09:00,202.74664669517207,-0.4026402079817597,upper_failure,solver_rejected,DAQP direct corridor QP infeasible: tried=1,True,12.998361825942993,372,True
1,20261008_182344_scenario1_0cefb5,3,coasting,1791451618.1242793,2026-10-08T18:26:58.124+09:00,203.1263897417842,-0.39104035907346124,upper_failure,solver_rejected,DAQP direct corridor QP infeasible: tried=1,True,13.499634027481079,373,True
1,20261008_182344_scenario1_0cefb5,3,coasting,1791451618.6243699,2026-10-08T18:26:58.624+09:00,203.46543232131359,-0.38542511395139306,upper_failure,solver_rejected,DAQP direct corridor QP infeasible: tried=1,True,13.999619960784912,374,True
1,20261008_182344_scenario1_0cefb5,3,coasting,1791451619.1247919,2026-10-08T18:26:59.124+09:00,203.76516802295754,-0.37427212882875227,upper_failure,solver_rejected,DAQP direct corridor QP infeasible: tried=1,True,14.500297784805298,375,True
1,20261008_182344_scenario1_0cefb5,3,coasting,1791451619.6243362,2026-10-08T18:26:59.624+09:00,204.0245506178142,-0.3687552009466479,upper_failure,solver_rejected,DAQP direct corridor QP infeasible: tried=1,True,14.999711990356445,376,True
1,20261008_182344_scenario1_0cefb5,3,coasting,1791451620.1244464,2026-10-08T18:27:00.124+09:00,204.24790853460277,-0.3330008798350315,upper_failure,solver_rejected,DAQP direct corridor QP infeasible: tried=1,True,15.499797582626343,377,True
1,20261008_182344_scenario1_0cefb5,3,coasting,1791451620.6243987,2026-10-08T18:27:00.624+09:00,204.4445182161746,-0.2918051803194474,upper_failure,solver_rejected,DAQP direct corridor QP infeasible: tried=1,True,15.999837398529053,378,True
1,20261008_182344_scenario1_0cefb5,3,coasting,1791451621.1242356,2026-10-08T18:27:01.124+09:00,204.59784083147434,-0.24970899598804963,upper_failure,solver_rejected,DAQP direct corridor QP infeasible: tried=1,True,16.498521327972412,379,True
1,20261008_182344_scenario1_0cefb5,3,coasting,1791451621.6242812,2026-10-08T18:27:01.624+09:00,204.7162714446255,-0.21377487435045556,upper_failure,solver_rejected,DAQP direct corridor QP infeasible: tried=1,True,16.999109268188477,380,True
1,20261008_182344_scenario1_0cefb5,3,coasting,1791451622.1257591,2026-10-08T18:27:02.125+09:00,204.79276766665112,-0.17910063273390386,upper_failure,solver_rejected,DAQP direct corridor QP infeasible: tried=1,True,17.501988887786865,381,True
1,20261008_182344_scenario1_0cefb5,3,coasting,1791451622.624235,2026-10-08T18:27:02.624+09:00,204.83751918319837,-0.15352196555692654,upper_failure,solver_rejected,DAQP direct corridor QP infeasible: tried=1,True,17.99945068359375,382,True
1,20261008_182344_scenario1_0cefb5,0,setup_or_other,1791451623.1245532,2026-10-08T18:27:03.124+09:00,204.83975352012456,-0.12961636400131027,upper_failure,solver_rejected,DAQP direct corridor QP infeasible: tried=1,True,18.499226093292236,383,True
1,20261008_182344_scenario1_0cefb5,0,setup_or_other,1791451623.624469,2026-10-08T18:27:03.624+09:00,204.84223752025312,-0.11399700548530417,upper_failure,solver_rejected,DAQP direct corridor QP infeasible: tried=1,True,18.998831272125244,384,True
1,20261008_182344_scenario1_0cefb5,0,setup_or_other,1791451624.1243494,2026-10-08T18:27:04.124+09:00,204.84708395688742,-0.09937465806904792,upper_failure,solver_rejected,DAQP direct corridor QP infeasible: tried=1,True,19.49869418144226,385,True
1,20261008_182344_scenario1_0cefb5,4,running,1791451626.9803162,2026-10-08T18:27:06.980+09:00,149.9988790636824,-139.98110247559904,lower_mode_transition,4->0,QP command,,,,
1,20261008_182344_scenario1_0cefb5,4,running_end,1791451666.4487965,2026-10-08T18:27:46.448+09:00,165.5251059099295,-1.769125222165498,runner_completed,,goal approach only,,,,
1,20261008_182344_scenario1_0cefb5,4,coasting,1791451666.481192,2026-10-08T18:27:46.481+09:00,165.7380370066083,-1.771310467035868,lower_mode_transition,0->4,goal or batch permission neutral,,,,
1,20261008_182344_scenario1_0cefb5,4,coasting,1791451668.6255014,2026-10-08T18:27:48.625+09:00,176.28416170947523,-2.0425256567846133,upper_failure,solver_rejected,DAQP direct corridor QP infeasible: tried=1,True,0.4995129108428955,474,True
1,20261008_182344_scenario1_0cefb5,4,coasting,1791451669.1263158,2026-10-08T18:27:49.126+09:00,178.4386103388334,-2.1100262036569086,upper_failure,solver_rejected,DAQP direct corridor QP infeasible: tried=1,True,1.0006670951843262,475,True
1,20261008_182344_scenario1_0cefb5,4,coasting,1791451669.625489,2026-10-08T18:27:49.625+09:00,180.46432640396634,-2.1698227687652523,upper_failure,solver_rejected,DAQP direct corridor QP infeasible: tried=1,True,1.4993648529052734,476,True
1,20261008_182344_scenario1_0cefb5,4,coasting,1791451670.1254475,2026-10-08T18:27:50.125+09:00,182.3857313303898,-2.2303639223323377,upper_failure,solver_rejected,DAQP direct corridor QP infeasible: tried=1,True,1.9984123706817627,477,True
1,20261008_182344_scenario1_0cefb5,4,coasting,1791451670.625535,2026-10-08T18:27:50.625+09:00,184.19353265904405,-2.284828551232079,upper_failure,solver_rejected,DAQP direct corridor QP infeasible: tried=1,True,2.49949049949646,478,True
1,20261008_182344_scenario1_0cefb5,4,coasting,1791451671.1256232,2026-10-08T18:27:51.125+09:00,185.90972471649798,-2.3375239564133934,upper_failure,solver_rejected,DAQP direct corridor QP infeasible: tried=1,True,3.000486373901367,479,True
1,20261008_182344_scenario1_0cefb5,4,coasting,1791451671.6258256,2026-10-08T18:27:51.625+09:00,187.5292778164609,-2.3870728670256027,upper_failure,solver_rejected,DAQP direct corridor QP infeasible: tried=1,True,3.5005593299865723,480,True
1,20261008_182344_scenario1_0cefb5,4,coasting,1791451672.125536,2026-10-08T18:27:52.125+09:00,189.07160263036226,-2.436744771302632,upper_failure,solver_rejected,DAQP direct corridor QP infeasible: tried=1,True,3.998687267303467,481,True
1,20261008_182344_scenario1_0cefb5,4,coasting,1791451672.6255362,2026-10-08T18:27:52.625+09:00,190.52629751577368,-2.4828603831893923,upper_failure,solver_rejected,DAQP direct corridor QP infeasible: tried=1,True,4.5000903606414795,482,True
1,20261008_182344_scenario1_0cefb5,4,coasting,1791451673.125509,2026-10-08T18:27:53.125+09:00,191.91207734820475,-2.5279194656868555,upper_failure,solver_rejected,DAQP direct corridor QP infeasible: tried=1,True,5.001050710678101,483,True
1,20261008_182344_scenario1_0cefb5,4,coasting,1791451673.625466,2026-10-08T18:27:53.625+09:00,193.21687466699873,-2.5678562065257466,upper_failure,solver_rejected,DAQP direct corridor QP infeasible: tried=1,True,5.498658657073975,484,True
1,20261008_182344_scenario1_0cefb5,4,coasting,1791451674.125656,2026-10-08T18:27:54.125+09:00,194.46318824818678,-2.611540745459795,upper_failure,solver_rejected,DAQP direct corridor QP infeasible: tried=1,True,6.00004243850708,485,True
1,20261008_182344_scenario1_0cefb5,4,coasting,1791451674.6255171,2026-10-08T18:27:54.625+09:00,195.63478967047854,-2.648301806126317,upper_failure,solver_rejected,DAQP direct corridor QP infeasible: tried=1,True,6.499902963638306,486,True
1,20261008_182344_scenario1_0cefb5,4,coasting,1791451675.1256683,2026-10-08T18:27:55.125+09:00,196.75133364326223,-2.685137527120096,upper_failure,solver_rejected,DAQP direct corridor QP infeasible: tried=1,True,7.000805139541626,487,True
1,20261008_182344_scenario1_0cefb5,4,coasting,1791451675.6255698,2026-10-08T18:27:55.625+09:00,197.80174626222885,-2.7179890036144805,upper_failure,solver_rejected,DAQP direct corridor QP infeasible: tried=1,True,7.5000529289245605,488,True
1,20261008_182344_scenario1_0cefb5,4,coasting,1791451676.1257048,2026-10-08T18:27:56.125+09:00,198.80280593851808,-2.7517646808371428,upper_failure,solver_rejected,DAQP direct corridor QP infeasible: tried=1,True,8.000092029571533,489,True
1,20261008_182344_scenario1_0cefb5,4,coasting,1791451676.6257668,2026-10-08T18:27:56.625+09:00,199.73944254546223,-2.7785309350979164,upper_failure,solver_rejected,DAQP direct corridor QP infeasible: tried=1,True,8.501496076583862,490,True
1,20261008_182344_scenario1_0cefb5,4,coasting,1791451677.1265574,2026-10-08T18:27:57.126+09:00,200.63042620873156,-2.8074019441092575,upper_failure,solver_rejected,DAQP direct corridor QP infeasible: tried=1,True,9.000954627990723,491,True
1,20261008_182344_scenario1_0cefb5,4,coasting,1791451677.6257703,2026-10-08T18:27:57.625+09:00,201.46099683989988,-2.8311511363265525,upper_failure,solver_rejected,DAQP direct corridor QP infeasible: tried=1,True,9.500192403793335,492,True
1,20261008_182344_scenario1_0cefb5,4,coasting,1791451678.1257677,2026-10-08T18:27:58.125+09:00,202.24804949871537,-2.854087855874186,upper_failure,solver_rejected,DAQP direct corridor QP infeasible: tried=1,True,10.000507831573486,493,True
1,20261008_182344_scenario1_0cefb5,4,coasting,1791451678.6256971,2026-10-08T18:27:58.625+09:00,202.98153709041014,-2.8749274309866353,upper_failure,solver_rejected,DAQP direct corridor QP infeasible: tried=1,True,10.500482559204102,494,True
1,20261008_182344_scenario1_0cefb5,4,coasting,1791451679.1257415,2026-10-08T18:27:59.125+09:00,203.6770623363688,-2.8961854827256075,upper_failure,solver_rejected,DAQP direct corridor QP infeasible: tried=1,True,11.000514030456543,495,True
1,20261008_182344_scenario1_0cefb5,4,coasting,1791451679.6257641,2026-10-08T18:27:59.625+09:00,204.31964770900882,-2.9149457958781246,upper_failure,solver_rejected,DAQP direct corridor QP infeasible: tried=1,True,11.500242948532104,496,True
1,20261008_182344_scenario1_0cefb5,4,coasting,1791451680.1259758,2026-10-08T18:28:00.125+09:00,204.9254479627396,-2.9330604271915757,upper_failure,solver_rejected,DAQP direct corridor QP infeasible: tried=1,True,11.999979019165039,497,True
1,20261008_182344_scenario1_0cefb5,4,coasting,1791451680.6279874,2026-10-08T18:28:00.627+09:00,205.4785094087633,-2.9472614255038287,upper_failure,solver_rejected,DAQP direct corridor QP infeasible: tried=1,True,12.502673387527466,498,True
1,20261008_182344_scenario1_0cefb5,4,coasting,1791451681.1258385,2026-10-08T18:28:01.125+09:00,205.9992296204663,-2.9660968675654265,upper_failure,solver_rejected,DAQP direct corridor QP infeasible: tried=1,True,13.00031566619873,499,True
1,20261008_182344_scenario1_0cefb5,4,coasting,1791451681.6257434,2026-10-08T18:28:01.625+09:00,206.46870340684958,-2.9788468718633987,upper_failure,solver_rejected,DAQP direct corridor QP infeasible: tried=1,True,13.499077081680298,500,True
1,20261008_182344_scenario1_0cefb5,4,coasting,1791451682.1257503,2026-10-08T18:28:02.125+09:00,206.90459836460568,-2.99249576210724,upper_failure,solver_rejected,DAQP direct corridor QP infeasible: tried=1,True,14.000140905380249,501,True
1,20261008_182344_scenario1_0cefb5,4,coasting,1791451682.625885,2026-10-08T18:28:02.625+09:00,207.29373068921467,-3.0028349847203986,upper_failure,solver_rejected,DAQP direct corridor QP infeasible: tried=1,True,14.500954151153564,502,True
1,20261008_182344_scenario1_0cefb5,4,coasting,1791451683.1257885,2026-10-08T18:28:03.125+09:00,207.6514002243141,-3.014957676997274,upper_failure,solver_rejected,DAQP direct corridor QP infeasible: tried=1,True,14.999077796936035,503,True
1,20261008_182344_scenario1_0cefb5,4,coasting,1791451683.6258442,2026-10-08T18:28:03.625+09:00,207.96068991318836,-3.020707405720547,upper_failure,solver_rejected,DAQP direct corridor QP infeasible: tried=1,True,15.500121831893921,504,True
1,20261008_182344_scenario1_0cefb5,4,coasting,1791451684.1259165,2026-10-08T18:28:04.125+09:00,208.24028137815384,-3.019816608272697,upper_failure,solver_rejected,DAQP direct corridor QP infeasible: tried=1,True,16.001664876937866,505,True
1,20261008_182344_scenario1_0cefb5,4,coasting,1791451684.6258538,2026-10-08T18:28:04.625+09:00,208.4789774212827,-2.9995342965101925,upper_failure,solver_rejected,DAQP direct corridor QP infeasible: tried=1,True,16.500200748443604,506,True
1,20261008_182344_scenario1_0cefb5,4,coasting,1791451685.1259243,2026-10-08T18:28:05.125+09:00,208.6811293186979,-2.9746860530384116,upper_failure,solver_rejected,DAQP direct corridor QP infeasible: tried=1,True,17.00041365623474,507,True
1,20261008_182344_scenario1_0cefb5,4,coasting,1791451685.6260731,2026-10-08T18:28:05.626+09:00,208.84700873812872,-2.945026302826829,upper_failure,solver_rejected,DAQP direct corridor QP infeasible: tried=1,True,17.50198531150818,508,True
1,20261008_182344_scenario1_0cefb5,4,coasting,1791451686.1260011,2026-10-08T18:28:06.126+09:00,208.97839967410343,-2.9214483538489313,upper_failure,solver_rejected,DAQP direct corridor QP infeasible: tried=1,True,18.000540494918823,509,True
1,20261008_182344_scenario1_0cefb5,4,coasting,1791451686.6260378,2026-10-08T18:28:06.626+09:00,209.07150594828698,-2.8961119594161,upper_failure,solver_rejected,DAQP direct corridor QP infeasible: tried=1,True,18.50058102607727,510,True
1,20261008_182344_scenario1_0cefb5,4,coasting,1791451687.125869,2026-10-08T18:28:07.125+09:00,209.12895776841333,-2.8768417612080626,upper_failure,solver_rejected,DAQP direct corridor QP infeasible: tried=1,True,18.99922466278076,511,True
1,20261008_182344_scenario1_0cefb5,0,setup_or_other,1791451687.6261659,2026-10-08T18:28:07.626+09:00,209.14463827117103,-2.854686539043948,upper_failure,solver_rejected,DAQP direct corridor QP infeasible: tried=1,True,19.50075650215149,512,True
1,20261008_182344_scenario1_0cefb5,0,setup_or_other,1791451688.12589,2026-10-08T18:28:08.125+09:00,209.14742504447793,-2.844844858670743,upper_failure,solver_rejected,DAQP direct corridor QP infeasible: tried=1,True,19.999170541763306,513,True
1,20261008_182344_scenario1_0cefb5,0,setup_or_other,1791451688.6260064,2026-10-08T18:28:08.626+09:00,209.1513148622467,-2.8311264162585847,upper_failure,solver_rejected,DAQP direct corridor QP infeasible: tried=1,True,20.50042414665222,514,True
1,20261008_182344_scenario1_0cefb5,5,running,1791451691.3828204,2026-10-08T18:28:11.382+09:00,149.98106604509962,-139.9894186573138,lower_mode_transition,4->0,QP command,,,,
1,20261008_182344_scenario1_0cefb5,5,running_end,1791451730.5506914,2026-10-08T18:28:50.550+09:00,165.02288230115963,-1.7266340131602171,runner_completed,,goal approach only,,,,
1,20261008_182344_scenario1_0cefb5,5,coasting,1791451730.5829406,2026-10-08T18:28:50.582+09:00,165.2343518510084,-1.726596178922109,lower_mode_transition,0->4,goal or batch permission neutral,,,,
1,20261008_182344_scenario1_0cefb5,5,coasting,1791451732.1272862,2026-10-08T18:28:52.127+09:00,173.00132780207136,-1.9075380412899776,upper_failure,preview_failed,wp1 is too close to the ego origin,True,0.492138147354126,600,False
1,20261008_182344_scenario1_0cefb5,5,coasting,1791451733.1271265,2026-10-08T18:28:53.127+09:00,177.4595604914894,-2.0500811594614228,upper_failure,solver_rejected,DAQP direct corridor QP infeasible: tried=1,True,0.49776649475097656,602,True
1,20261008_182344_scenario1_0cefb5,5,coasting,1791451733.6271327,2026-10-08T18:28:53.627+09:00,179.4962908029063,-2.1191229809440824,upper_failure,solver_rejected,DAQP direct corridor QP infeasible: tried=1,True,0.9986264705657959,603,True
1,20261008_182344_scenario1_0cefb5,5,coasting,1791451734.1271105,2026-10-08T18:28:54.127+09:00,181.43036218959108,-2.1784340107537035,upper_failure,solver_rejected,DAQP direct corridor QP infeasible: tried=1,True,1.4983370304107666,604,True
1,20261008_182344_scenario1_0cefb5,5,coasting,1791451734.6270049,2026-10-08T18:28:54.627+09:00,183.35534974287162,-2.244223332876727,upper_failure,solver_rejected,DAQP direct corridor QP infeasible: tried=1,True,1.9975249767303467,605,True
1,20261008_182344_scenario1_0cefb5,5,coasting,1791451735.1271193,2026-10-08T18:28:55.127+09:00,184.98129632770952,-2.2926634279075095,upper_failure,solver_rejected,DAQP direct corridor QP infeasible: tried=1,True,2.4983298778533936,606,True
1,20261008_182344_scenario1_0cefb5,5,coasting,1791451735.627211,2026-10-08T18:28:55.627+09:00,186.61005692668294,-2.348007337514127,upper_failure,solver_rejected,DAQP direct corridor QP infeasible: tried=1,True,2.998380184173584,607,True
1,20261008_182344_scenario1_0cefb5,5,coasting,1791451736.1272097,2026-10-08T18:28:56.127+09:00,188.1646659631916,-2.39576594110099,upper_failure,solver_rejected,DAQP direct corridor QP infeasible: tried=1,True,3.4984114170074463,608,True
1,20261008_182344_scenario1_0cefb5,5,coasting,1791451736.6271505,2026-10-08T18:28:56.627+09:00,189.6246891472296,-2.4495887569502344,upper_failure,solver_rejected,DAQP direct corridor QP infeasible: tried=1,True,3.998645544052124,609,True
1,20261008_182344_scenario1_0cefb5,5,coasting,1791451737.1273208,2026-10-08T18:28:57.127+09:00,191.02154532327043,-2.4946836524447025,upper_failure,solver_rejected,DAQP direct corridor QP infeasible: tried=1,True,4.499890327453613,610,True
1,20261008_182344_scenario1_0cefb5,5,coasting,1791451737.6270921,2026-10-08T18:28:57.627+09:00,192.40989350334883,-2.5460545032304336,upper_failure,solver_rejected,DAQP direct corridor QP infeasible: tried=1,True,4.998750448226929,611,True
1,20261008_182344_scenario1_0cefb5,5,coasting,1791451738.1273885,2026-10-08T18:28:58.127+09:00,193.58635158118273,-2.583378405380865,upper_failure,solver_rejected,DAQP direct corridor QP infeasible: tried=1,True,5.499295711517334,612,True
1,20261008_182344_scenario1_0cefb5,5,coasting,1791451738.6271303,2026-10-08T18:28:58.627+09:00,194.832862459195,-2.627890537792244,upper_failure,solver_rejected,DAQP direct corridor QP infeasible: tried=1,True,5.997863292694092,613,True
1,20261008_182344_scenario1_0cefb5,5,coasting,1791451739.1273394,2026-10-08T18:28:59.127+09:00,195.89003577962544,-2.6611185930460435,upper_failure,solver_rejected,DAQP direct corridor QP infeasible: tried=1,True,6.499045133590698,614,True
1,20261008_182344_scenario1_0cefb5,5,coasting,1791451739.6274037,2026-10-08T18:28:59.627+09:00,196.94371905328669,-2.7017576689916867,upper_failure,solver_rejected,DAQP direct corridor QP infeasible: tried=1,True,6.999096155166626,615,True
1,20261008_182344_scenario1_0cefb5,5,coasting,1791451740.127355,2026-10-08T18:29:00.127+09:00,197.95128521162175,-2.7327756979482527,upper_failure,solver_rejected,DAQP direct corridor QP infeasible: tried=1,True,7.499501943588257,616,True
1,20261008_182344_scenario1_0cefb5,5,coasting,1791451740.6273012,2026-10-08T18:29:00.627+09:00,198.89022910283427,-2.7674888826004116,upper_failure,solver_rejected,DAQP direct corridor QP infeasible: tried=1,True,7.999484300613403,617,True
1,20261008_182344_scenario1_0cefb5,5,coasting,1791451741.1273804,2026-10-08T18:29:01.127+09:00,199.78663389341943,-2.7930058113944036,upper_failure,solver_rejected,DAQP direct corridor QP infeasible: tried=1,True,8.4998037815094,618,True
1,20261008_182344_scenario1_0cefb5,5,coasting,1791451741.6274261,2026-10-08T18:29:01.627+09:00,200.62151146259075,-2.8240722467516117,upper_failure,solver_rejected,DAQP direct corridor QP infeasible: tried=1,True,9.001893043518066,619,True
1,20261008_182344_scenario1_0cefb5,5,coasting,1791451742.1273625,2026-10-08T18:29:02.127+09:00,201.4656682856832,-2.846418023717475,upper_failure,solver_rejected,DAQP direct corridor QP infeasible: tried=1,True,9.498226881027222,620,True
1,20261008_182344_scenario1_0cefb5,5,coasting,1791451742.6274276,2026-10-08T18:29:02.627+09:00,202.15749487154554,-2.868386832875061,upper_failure,solver_rejected,DAQP direct corridor QP infeasible: tried=1,True,9.999166488647461,621,True
1,20261008_182344_scenario1_0cefb5,5,coasting,1791451743.127757,2026-10-08T18:29:03.127+09:00,202.90110274449674,-2.8897315371076617,upper_failure,solver_rejected,DAQP direct corridor QP infeasible: tried=1,True,10.498626232147217,622,True
1,20261008_182344_scenario1_0cefb5,5,coasting,1791451743.627399,2026-10-08T18:29:03.627+09:00,203.50473799165619,-2.912101849027892,upper_failure,solver_rejected,DAQP direct corridor QP infeasible: tried=1,True,10.999024868011475,623,True
1,20261008_182344_scenario1_0cefb5,5,coasting,1791451744.1274111,2026-10-08T18:29:04.127+09:00,204.1176413868474,-2.9298440301182325,upper_failure,solver_rejected,DAQP direct corridor QP infeasible: tried=1,True,11.499099493026733,624,True
1,20261008_182344_scenario1_0cefb5,5,coasting,1791451744.6274924,2026-10-08T18:29:04.627+09:00,204.67372265219745,-2.9528280722055698,upper_failure,solver_rejected,DAQP direct corridor QP infeasible: tried=1,True,11.999166488647461,625,True
1,20261008_182344_scenario1_0cefb5,5,coasting,1791451745.1274314,2026-10-08T18:29:05.127+09:00,205.1988498068392,-2.965598669730402,upper_failure,solver_rejected,DAQP direct corridor QP infeasible: tried=1,True,12.499220132827759,626,True
1,20261008_182344_scenario1_0cefb5,5,coasting,1791451745.6273513,2026-10-08T18:29:05.627+09:00,205.6988656855159,-2.9833112290250825,upper_failure,solver_rejected,DAQP direct corridor QP infeasible: tried=1,True,12.999072313308716,627,True
1,20261008_182344_scenario1_0cefb5,5,coasting,1791451746.1288278,2026-10-08T18:29:06.128+09:00,206.11469478512143,-2.99360058514894,upper_failure,solver_rejected,DAQP direct corridor QP infeasible: tried=1,True,13.500579833984375,628,True
1,20261008_182344_scenario1_0cefb5,5,coasting,1791451746.6275816,2026-10-08T18:29:06.627+09:00,206.5049781246534,-3.0106148461121998,upper_failure,solver_rejected,DAQP direct corridor QP infeasible: tried=1,True,13.999298572540283,629,True
1,20261008_182344_scenario1_0cefb5,5,coasting,1791451747.1273348,2026-10-08T18:29:07.127+09:00,206.8872950640285,-3.020827824571269,upper_failure,solver_rejected,DAQP direct corridor QP infeasible: tried=1,True,14.497989892959595,630,True
1,20261008_182344_scenario1_0cefb5,5,coasting,1791451747.6274176,2026-10-08T18:29:07.627+09:00,207.1769296978199,-3.0306654948896785,upper_failure,solver_rejected,DAQP direct corridor QP infeasible: tried=1,True,14.999051094055176,631,True
1,20261008_182344_scenario1_0cefb5,5,coasting,1791451748.1273565,2026-10-08T18:29:08.127+09:00,207.4781175648276,-3.0136197605238952,upper_failure,solver_rejected,DAQP direct corridor QP infeasible: tried=1,True,15.49816632270813,632,True
1,20261008_182344_scenario1_0cefb5,5,coasting,1791451748.6275103,2026-10-08T18:29:08.627+09:00,207.70528377592427,-2.9934457369219984,upper_failure,solver_rejected,DAQP direct corridor QP infeasible: tried=1,True,15.9991295337677,633,True
1,20261008_182344_scenario1_0cefb5,5,coasting,1791451749.1275272,2026-10-08T18:29:09.127+09:00,207.9183503484666,-2.96440750820121,upper_failure,solver_rejected,DAQP direct corridor QP infeasible: tried=1,True,16.499293565750122,634,True
1,20261008_182344_scenario1_0cefb5,5,coasting,1791451749.627705,2026-10-08T18:29:09.627+09:00,208.08796272415634,-2.940028435881631,upper_failure,solver_rejected,DAQP direct corridor QP infeasible: tried=1,True,16.999178647994995,635,True
1,20261008_182344_scenario1_0cefb5,5,coasting,1791451750.1273937,2026-10-08T18:29:10.127+09:00,208.22693623298952,-2.915391447741995,upper_failure,solver_rejected,DAQP direct corridor QP infeasible: tried=1,True,17.499293327331543,636,True
1,20261008_182344_scenario1_0cefb5,5,coasting,1791451750.6275773,2026-10-08T18:29:10.627+09:00,208.32110844956972,-2.8980606561258746,upper_failure,solver_rejected,DAQP direct corridor QP infeasible: tried=1,True,17.999160528182983,637,True
1,20261008_182344_scenario1_0cefb5,5,coasting,1791451751.1276062,2026-10-08T18:29:11.127+09:00,208.38567705974347,-2.880030548075914,upper_failure,solver_rejected,DAQP direct corridor QP infeasible: tried=1,True,18.49933910369873,638,True
1,20261008_182344_scenario1_0cefb5,0,setup_or_other,1791451751.627659,2026-10-08T18:29:11.627+09:00,208.40448812329774,-2.867468944515861,upper_failure,solver_rejected,DAQP direct corridor QP infeasible: tried=1,True,18.999297857284546,639,True
1,20261008_182344_scenario1_0cefb5,0,setup_or_other,1791451752.1276174,2026-10-08T18:29:12.127+09:00,208.40775576530922,-2.8534597094734324,upper_failure,solver_rejected,DAQP direct corridor QP infeasible: tried=1,True,19.498305797576904,640,True
1,20261008_182344_scenario1_0cefb5,0,setup_or_other,1791451752.627459,2026-10-08T18:29:12.627+09:00,208.409934420577,-2.8449309639952056,upper_failure,solver_rejected,DAQP direct corridor QP infeasible: tried=1,True,19.998924255371094,641,True
1,20261008_182344_scenario1_0cefb5,6,running,1791451755.5836294,2026-10-08T18:29:15.583+09:00,149.99947195149934,-139.98572845196443,lower_mode_transition,4->0,QP command,,,,
1,20261008_182344_scenario1_0cefb5,6,running_end,1791451796.2525938,2026-10-08T18:29:56.252+09:00,165.50141174134518,-1.8104891636422902,runner_completed,,goal approach only,,,,
1,20261008_182344_scenario1_0cefb5,6,coasting,1791451796.2839808,2026-10-08T18:29:56.283+09:00,165.70316672895342,-1.8095384557033394,lower_mode_transition,0->4,goal or batch permission neutral,,,,
1,20261008_182344_scenario1_0cefb5,6,coasting,1791451798.628668,2026-10-08T18:29:58.628+09:00,176.67333245302044,-1.88860721228385,upper_failure,solver_rejected,DAQP direct corridor QP infeasible: tried=1,True,0.49962329864501953,733,True
1,20261008_182344_scenario1_0cefb5,6,coasting,1791451799.1287115,2026-10-08T18:29:59.128+09:00,178.6731902586791,-1.9077417662660427,upper_failure,solver_rejected,DAQP direct corridor QP infeasible: tried=1,True,0.9998013973236084,734,True
1,20261008_182344_scenario1_0cefb5,6,coasting,1791451799.6287181,2026-10-08T18:29:59.628+09:00,180.56111134176655,-1.9304713935023485,upper_failure,solver_rejected,DAQP direct corridor QP infeasible: tried=1,True,1.4997797012329102,735,True
1,20261008_182344_scenario1_0cefb5,6,coasting,1791451800.1287708,2026-10-08T18:30:00.128+09:00,182.34815370072303,-1.951173933604326,upper_failure,solver_rejected,DAQP direct corridor QP infeasible: tried=1,True,1.9998903274536133,736,True
1,20261008_182344_scenario1_0cefb5,6,coasting,1791451800.6287627,2026-10-08T18:30:00.628+09:00,184.03790968304943,-1.9732938741430637,upper_failure,solver_rejected,DAQP direct corridor QP infeasible: tried=1,True,2.4997785091400146,737,True
1,20261008_182344_scenario1_0cefb5,6,coasting,1791451801.128774,2026-10-08T18:30:01.128+09:00,185.63772709021282,-1.9902938627339946,upper_failure,solver_rejected,DAQP direct corridor QP infeasible: tried=1,True,3.000410556793213,738,True
1,20261008_182344_scenario1_0cefb5,6,coasting,1791451801.628729,2026-10-08T18:30:01.628+09:00,187.15251060815874,-2.0103278699730933,upper_failure,solver_rejected,DAQP direct corridor QP infeasible: tried=1,True,3.499816417694092,739,True
1,20261008_182344_scenario1_0cefb5,6,coasting,1791451802.1287668,2026-10-08T18:30:02.128+09:00,188.58985785986715,-2.026301660865603,upper_failure,solver_rejected,DAQP direct corridor QP infeasible: tried=1,True,3.9992563724517822,740,True
1,20261008_182344_scenario1_0cefb5,6,coasting,1791451802.6287675,2026-10-08T18:30:02.628+09:00,189.95268062979912,-2.0441907838785967,upper_failure,solver_rejected,DAQP direct corridor QP infeasible: tried=1,True,4.5003440380096436,741,True
1,20261008_182344_scenario1_0cefb5,6,coasting,1791451803.129011,2026-10-08T18:30:03.129+09:00,191.2431852645431,-2.058241962254129,upper_failure,solver_rejected,DAQP direct corridor QP infeasible: tried=1,True,5.001189231872559,742,True
1,20261008_182344_scenario1_0cefb5,6,coasting,1791451803.6288023,2026-10-08T18:30:03.628+09:00,192.46253586795814,-2.074449467657931,upper_failure,solver_rejected,DAQP direct corridor QP infeasible: tried=1,True,5.5002381801605225,743,True
1,20261008_182344_scenario1_0cefb5,6,coasting,1791451804.1288683,2026-10-08T18:30:04.128+09:00,193.61854136815143,-2.085546276353757,upper_failure,solver_rejected,DAQP direct corridor QP infeasible: tried=1,True,6.00091814994812,744,True
1,20261008_182344_scenario1_0cefb5,6,coasting,1791451804.6289153,2026-10-08T18:30:04.628+09:00,194.71283175659107,-2.1004248568943837,upper_failure,solver_rejected,DAQP direct corridor QP infeasible: tried=1,True,6.500438928604126,745,True
1,20261008_182344_scenario1_0cefb5,6,coasting,1791451805.12884,2026-10-08T18:30:05.128+09:00,195.74882627135955,-2.1095545993707425,upper_failure,solver_rejected,DAQP direct corridor QP infeasible: tried=1,True,7.0022101402282715,746,True
1,20261008_182344_scenario1_0cefb5,6,coasting,1791451805.6288962,2026-10-08T18:30:05.628+09:00,196.7258270168837,-2.1226032213571178,upper_failure,solver_rejected,DAQP direct corridor QP infeasible: tried=1,True,7.502352952957153,747,True
1,20261008_182344_scenario1_0cefb5,6,coasting,1791451806.129363,2026-10-08T18:30:06.129+09:00,197.6538423669134,-2.130681464265919,upper_failure,solver_rejected,DAQP direct corridor QP infeasible: tried=1,True,8.001213550567627,748,True
1,20261008_182344_scenario1_0cefb5,6,coasting,1791451806.6288638,2026-10-08T18:30:06.628+09:00,198.52680877362832,-2.1424146426036184,upper_failure,solver_rejected,DAQP direct corridor QP infeasible: tried=1,True,8.50044560432434,749,True
1,20261008_182344_scenario1_0cefb5,6,coasting,1791451807.1292126,2026-10-08T18:30:07.129+09:00,199.3506123954769,-2.1517201646742845,upper_failure,solver_rejected,DAQP direct corridor QP infeasible: tried=1,True,9.000888109207153,750,True
1,20261008_182344_scenario1_0cefb5,6,coasting,1791451807.6288905,2026-10-08T18:30:07.628+09:00,200.07815118058772,-2.1630886644778764,upper_failure,solver_rejected,DAQP direct corridor QP infeasible: tried=1,True,9.500356197357178,751,True
1,20261008_182344_scenario1_0cefb5,6,coasting,1791451808.128924,2026-10-08T18:30:08.128+09:00,200.8484327126585,-2.1689474510428033,upper_failure,solver_rejected,DAQP direct corridor QP infeasible: tried=1,True,10.00075078010559,752,True
1,20261008_182344_scenario1_0cefb5,6,coasting,1791451808.6289556,2026-10-08T18:30:08.628+09:00,201.52600200877993,-2.1781953556766394,upper_failure,solver_rejected,DAQP direct corridor QP infeasible: tried=1,True,10.499659776687622,753,True
1,20261008_182344_scenario1_0cefb5,6,coasting,1791451809.1289837,2026-10-08T18:30:09.128+09:00,202.16024926115207,-2.1834481481228254,upper_failure,solver_rejected,DAQP direct corridor QP infeasible: tried=1,True,11.00058102607727,754,True
1,20261008_182344_scenario1_0cefb5,6,coasting,1791451809.628969,2026-10-08T18:30:09.628+09:00,202.75064460197436,-2.190956982844103,upper_failure,solver_rejected,DAQP direct corridor QP infeasible: tried=1,True,11.500515460968018,755,True
1,20261008_182344_scenario1_0cefb5,6,coasting,1791451810.129012,2026-10-08T18:30:10.129+09:00,203.29673257522552,-2.1948180481817396,upper_failure,solver_rejected,DAQP direct corridor QP infeasible: tried=1,True,12.000595331192017,756,True
1,20261008_182344_scenario1_0cefb5,6,coasting,1791451810.629074,2026-10-08T18:30:10.629+09:00,203.79679834607046,-2.201299456476117,upper_failure,solver_rejected,DAQP direct corridor QP infeasible: tried=1,True,12.500678539276123,757,True
1,20261008_182344_scenario1_0cefb5,6,coasting,1791451811.1292078,2026-10-08T18:30:11.129+09:00,204.25651906814562,-2.203114390803921,upper_failure,solver_rejected,DAQP direct corridor QP infeasible: tried=1,True,13.003011226654053,758,True
1,20261008_182344_scenario1_0cefb5,6,coasting,1791451811.6291523,2026-10-08T18:30:11.629+09:00,204.6753450804634,-2.208645780098588,upper_failure,solver_rejected,DAQP direct corridor QP infeasible: tried=1,True,13.500768184661865,759,True
1,20261008_182344_scenario1_0cefb5,6,coasting,1791451812.1290278,2026-10-08T18:30:12.129+09:00,205.05493044763247,-2.2091364981515125,upper_failure,solver_rejected,DAQP direct corridor QP infeasible: tried=1,True,14.000203132629395,760,True
1,20261008_182344_scenario1_0cefb5,6,coasting,1791451812.6290944,2026-10-08T18:30:12.629+09:00,205.3731346186163,-2.214334771971527,upper_failure,solver_rejected,DAQP direct corridor QP infeasible: tried=1,True,14.500606536865234,761,True
1,20261008_182344_scenario1_0cefb5,6,coasting,1791451813.129054,2026-10-08T18:30:13.129+09:00,205.6972786569909,-2.2136886136939715,upper_failure,solver_rejected,DAQP direct corridor QP infeasible: tried=1,True,14.999765634536743,762,True
1,20261008_182344_scenario1_0cefb5,6,coasting,1791451813.6295238,2026-10-08T18:30:13.629+09:00,205.9459351436079,-2.2181782380778343,upper_failure,solver_rejected,DAQP direct corridor QP infeasible: tried=1,True,15.501030445098877,763,True
1,20261008_182344_scenario1_0cefb5,6,coasting,1791451814.1291952,2026-10-08T18:30:14.129+09:00,206.18991911258203,-2.2083298735808663,upper_failure,solver_rejected,DAQP direct corridor QP infeasible: tried=1,True,16.00196361541748,764,True
1,20261008_182344_scenario1_0cefb5,6,coasting,1791451814.6291432,2026-10-08T18:30:14.629+09:00,206.38588075604295,-2.190290679465394,upper_failure,solver_rejected,DAQP direct corridor QP infeasible: tried=1,True,16.500688791275024,765,True
1,20261008_182344_scenario1_0cefb5,6,coasting,1791451815.1291559,2026-10-08T18:30:15.129+09:00,206.54070214818717,-2.161007002636268,upper_failure,solver_rejected,DAQP direct corridor QP infeasible: tried=1,True,17.000871658325195,766,True
1,20261008_182344_scenario1_0cefb5,6,coasting,1791451815.6292167,2026-10-08T18:30:15.629+09:00,206.66263173127493,-2.135136624974551,upper_failure,solver_rejected,DAQP direct corridor QP infeasible: tried=1,True,17.501392126083374,767,True
1,20261008_182344_scenario1_0cefb5,6,coasting,1791451816.1292465,2026-10-08T18:30:16.129+09:00,206.74464593713148,-2.106505050133143,upper_failure,solver_rejected,DAQP direct corridor QP infeasible: tried=1,True,18.001144647598267,768,True
1,20261008_182344_scenario1_0cefb5,6,coasting,1791451816.6292229,2026-10-08T18:30:16.629+09:00,206.79466266275224,-2.0835878070292764,upper_failure,solver_rejected,DAQP direct corridor QP infeasible: tried=1,True,18.500601530075073,769,True
1,20261008_182344_scenario1_0cefb5,0,setup_or_other,1791451817.129442,2026-10-08T18:30:17.129+09:00,206.80105504449537,-2.0594966158533894,upper_failure,solver_rejected,DAQP direct corridor QP infeasible: tried=1,True,19.000348329544067,770,True
1,20261008_182344_scenario1_0cefb5,0,setup_or_other,1791451817.629206,2026-10-08T18:30:17.629+09:00,206.8034047043621,-2.042448786039376,upper_failure,solver_rejected,DAQP direct corridor QP infeasible: tried=1,True,19.50077986717224,771,True
1,20261008_182344_scenario1_0cefb5,0,setup_or_other,1791451818.129248,2026-10-08T18:30:18.129+09:00,206.80513441107698,-2.0240391348130937,upper_failure,solver_rejected,DAQP direct corridor QP infeasible: tried=1,True,20.001123189926147,772,True
1,20261008_182344_scenario1_0cefb5,7,running,1791451820.8852942,2026-10-08T18:30:20.885+09:00,149.96977813952589,-139.99700581429644,lower_mode_transition,4->0,QP command,,,,
1,20261008_182344_scenario1_0cefb5,7,running_end,1791451860.8496592,2026-10-08T18:31:00.849+09:00,165.2821042299535,-1.7781510438044847,runner_completed,,goal approach only,,,,
1,20261008_182344_scenario1_0cefb5,7,coasting,1791451860.8862166,2026-10-08T18:31:00.886+09:00,165.43830143874254,-1.7704490697858837,lower_mode_transition,0->4,goal or batch permission neutral,,,,
1,20261008_182344_scenario1_0cefb5,7,coasting,1791451863.1304195,2026-10-08T18:31:03.130+09:00,176.35866519348068,-1.3710498533944468,upper_failure,solver_rejected,DAQP direct corridor QP infeasible: tried=1,True,0.49797821044921875,861,True
1,20261008_182344_scenario1_0cefb5,7,coasting,1791451863.6304462,2026-10-08T18:31:03.630+09:00,178.43797484938065,-1.2995262171164406,upper_failure,solver_rejected,DAQP direct corridor QP infeasible: tried=1,True,0.9987318515777588,862,True
1,20261008_182344_scenario1_0cefb5,7,coasting,1791451864.1304607,2026-10-08T18:31:04.130+09:00,180.40781047837638,-1.238089179639871,upper_failure,solver_rejected,DAQP direct corridor QP infeasible: tried=1,True,1.4988429546356201,863,True
1,20261008_182344_scenario1_0cefb5,7,coasting,1791451864.630415,2026-10-08T18:31:04.630+09:00,182.26705219319928,-1.1756123580284858,upper_failure,solver_rejected,DAQP direct corridor QP infeasible: tried=1,True,1.9978868961334229,864,True
1,20261008_182344_scenario1_0cefb5,7,coasting,1791451865.1304708,2026-10-08T18:31:05.130+09:00,184.03080760539203,-1.1227343238046141,upper_failure,solver_rejected,DAQP direct corridor QP infeasible: tried=1,True,2.498772144317627,865,True
1,20261008_182344_scenario1_0cefb5,7,coasting,1791451865.6304562,2026-10-08T18:31:05.630+09:00,185.69475119096222,-1.065300508345315,upper_failure,solver_rejected,DAQP direct corridor QP infeasible: tried=1,True,2.999472141265869,866,True
1,20261008_182344_scenario1_0cefb5,7,coasting,1791451866.130426,2026-10-08T18:31:06.130+09:00,187.274857969793,-1.0178438083026962,upper_failure,solver_rejected,DAQP direct corridor QP infeasible: tried=1,True,3.4985158443450928,867,True
1,20261008_182344_scenario1_0cefb5,7,coasting,1791451866.6304846,2026-10-08T18:31:06.630+09:00,188.76638862571411,-0.9666624578296378,upper_failure,solver_rejected,DAQP direct corridor QP infeasible: tried=1,True,3.9980883598327637,868,True
1,20261008_182344_scenario1_0cefb5,7,coasting,1791451867.1305652,2026-10-08T18:31:07.130+09:00,190.1827270157865,-0.9223006741963913,upper_failure,solver_rejected,DAQP direct corridor QP infeasible: tried=1,True,4.499234437942505,869,True
1,20261008_182344_scenario1_0cefb5,7,coasting,1791451867.6305358,2026-10-08T18:31:07.630+09:00,191.52328235230567,-0.8766001987867668,upper_failure,solver_rejected,DAQP direct corridor QP infeasible: tried=1,True,4.999183893203735,870,True
1,20261008_182344_scenario1_0cefb5,7,coasting,1791451868.1307993,2026-10-08T18:31:08.130+09:00,192.7990192494481,-0.8385032438959068,upper_failure,solver_rejected,DAQP direct corridor QP infeasible: tried=1,True,5.499497175216675,871,True
1,20261008_182344_scenario1_0cefb5,7,coasting,1791451868.6305816,2026-10-08T18:31:08.630+09:00,194.0042824390458,-0.7984073127324214,upper_failure,solver_rejected,DAQP direct corridor QP infeasible: tried=1,True,5.9990479946136475,872,True
1,20261008_182344_scenario1_0cefb5,7,coasting,1791451869.1304965,2026-10-08T18:31:09.130+09:00,195.14985817321713,-0.7637752731440278,upper_failure,solver_rejected,DAQP direct corridor QP infeasible: tried=1,True,6.501561880111694,873,True
1,20261008_182344_scenario1_0cefb5,7,coasting,1791451869.630599,2026-10-08T18:31:09.630+09:00,196.22884681395595,-0.725628082155657,upper_failure,solver_rejected,DAQP direct corridor QP infeasible: tried=1,True,6.999051094055176,874,True
1,20261008_182344_scenario1_0cefb5,7,coasting,1791451870.1306252,2026-10-08T18:31:10.130+09:00,197.25642110976068,-0.698152161115352,upper_failure,solver_rejected,DAQP direct corridor QP infeasible: tried=1,True,7.49928879737854,875,True
1,20261008_182344_scenario1_0cefb5,7,coasting,1791451870.6306155,2026-10-08T18:31:10.630+09:00,198.2209849237447,-0.6642015863934305,upper_failure,solver_rejected,DAQP direct corridor QP infeasible: tried=1,True,7.998274564743042,876,True
1,20261008_182344_scenario1_0cefb5,7,coasting,1791451871.1306696,2026-10-08T18:31:11.130+09:00,199.13593408618866,-0.6372603933045871,upper_failure,solver_rejected,DAQP direct corridor QP infeasible: tried=1,True,8.499451398849487,877,True
1,20261008_182344_scenario1_0cefb5,7,coasting,1791451871.6306803,2026-10-08T18:31:11.630+09:00,199.99510264470024,-0.606790448822533,upper_failure,solver_rejected,DAQP direct corridor QP infeasible: tried=1,True,9.001436471939087,878,True
1,20261008_182344_scenario1_0cefb5,7,coasting,1791451872.130606,2026-10-08T18:31:12.130+09:00,200.8084488115319,-0.5835374653281068,upper_failure,solver_rejected,DAQP direct corridor QP infeasible: tried=1,True,9.498325109481812,879,True
1,20261008_182344_scenario1_0cefb5,7,coasting,1791451872.6306956,2026-10-08T18:31:12.630+09:00,201.5667013384295,-0.5536812786486583,upper_failure,solver_rejected,DAQP direct corridor QP infeasible: tried=1,True,9.99906873703003,880,True
1,20261008_182344_scenario1_0cefb5,7,coasting,1791451873.1306517,2026-10-08T18:31:13.130+09:00,202.2814786819454,-0.5323807770470694,upper_failure,solver_rejected,DAQP direct corridor QP infeasible: tried=1,True,10.49924898147583,881,True
1,20261008_182344_scenario1_0cefb5,7,coasting,1791451873.6307554,2026-10-08T18:31:13.630+09:00,202.94423039519876,-0.5060713662180419,upper_failure,solver_rejected,DAQP direct corridor QP infeasible: tried=1,True,10.999487400054932,882,True
1,20261008_182344_scenario1_0cefb5,7,coasting,1791451874.1307316,2026-10-08T18:31:14.130+09:00,203.56482378500533,-0.48558022855393723,upper_failure,solver_rejected,DAQP direct corridor QP infeasible: tried=1,True,11.499647617340088,883,True
1,20261008_182344_scenario1_0cefb5,7,coasting,1791451874.6306694,2026-10-08T18:31:14.630+09:00,204.13952457058747,-0.4625338150664756,upper_failure,solver_rejected,DAQP direct corridor QP infeasible: tried=1,True,11.999107599258423,884,True
1,20261008_182344_scenario1_0cefb5,7,coasting,1791451875.1308753,2026-10-08T18:31:15.130+09:00,204.6767430339793,-0.4459506348392361,upper_failure,solver_rejected,DAQP direct corridor QP infeasible: tried=1,True,12.500410318374634,885,True
1,20261008_182344_scenario1_0cefb5,7,coasting,1791451875.6307993,2026-10-08T18:31:15.630+09:00,205.16793725270426,-0.42684819608178476,upper_failure,solver_rejected,DAQP direct corridor QP infeasible: tried=1,True,13.00003695487976,886,True
1,20261008_182344_scenario1_0cefb5,7,coasting,1791451876.1307902,2026-10-08T18:31:16.130+09:00,205.6220475193816,-0.4124586542347272,upper_failure,solver_rejected,DAQP direct corridor QP infeasible: tried=1,True,13.499644994735718,887,True
1,20261008_182344_scenario1_0cefb5,7,coasting,1791451876.6308184,2026-10-08T18:31:16.630+09:00,206.02976393303544,-0.3944058248811998,upper_failure,solver_rejected,DAQP direct corridor QP infeasible: tried=1,True,13.999300956726074,888,True
1,20261008_182344_scenario1_0cefb5,7,coasting,1791451877.1307476,2026-10-08T18:31:17.130+09:00,206.40471729855565,-0.38661883509419304,upper_failure,solver_rejected,DAQP direct corridor QP infeasible: tried=1,True,14.498482704162598,889,True
1,20261008_182344_scenario1_0cefb5,7,coasting,1791451877.631229,2026-10-08T18:31:17.631+09:00,206.73370992959096,-0.371993765147009,upper_failure,solver_rejected,DAQP direct corridor QP infeasible: tried=1,True,14.999882221221924,890,True
1,20261008_182344_scenario1_0cefb5,7,coasting,1791451878.130794,2026-10-08T18:31:18.130+09:00,207.02839503108967,-0.3642650469986574,upper_failure,solver_rejected,DAQP direct corridor QP infeasible: tried=1,True,15.49850344657898,891,True
1,20261008_182344_scenario1_0cefb5,7,coasting,1791451878.630805,2026-10-08T18:31:18.630+09:00,207.281227647074,-0.3528190642211946,upper_failure,solver_rejected,DAQP direct corridor QP infeasible: tried=1,True,15.999337911605835,892,True
1,20261008_182344_scenario1_0cefb5,7,coasting,1791451879.1307948,2026-10-08T18:31:19.130+09:00,207.50109100210148,-0.3482994639258629,upper_failure,solver_rejected,DAQP direct corridor QP infeasible: tried=1,True,16.499874114990234,893,True
1,20261008_182344_scenario1_0cefb5,7,coasting,1791451879.6308768,2026-10-08T18:31:19.630+09:00,207.67647251158107,-0.33914066039385754,upper_failure,solver_rejected,DAQP direct corridor QP infeasible: tried=1,True,16.999415636062622,894,True
1,20261008_182344_scenario1_0cefb5,7,coasting,1791451880.1310256,2026-10-08T18:31:20.131+09:00,207.81966282480704,-0.31637669015891234,upper_failure,solver_rejected,DAQP direct corridor QP infeasible: tried=1,True,17.500787258148193,895,True
1,20261008_182344_scenario1_0cefb5,7,coasting,1791451880.6311421,2026-10-08T18:31:20.631+09:00,207.92602758654957,-0.2746535678810131,upper_failure,solver_rejected,DAQP direct corridor QP infeasible: tried=1,True,17.99979591369629,896,True
1,20261008_182344_scenario1_0cefb5,7,coasting,1791451881.1309226,2026-10-08T18:31:21.130+09:00,207.9942274219397,-0.2360713682216902,upper_failure,solver_rejected,DAQP direct corridor QP infeasible: tried=1,True,18.499611377716064,897,True
1,20261008_182344_scenario1_0cefb5,7,coasting,1791451881.6309094,2026-10-08T18:31:21.630+09:00,208.02888263070363,-0.19755482600234378,upper_failure,solver_rejected,DAQP direct corridor QP infeasible: tried=1,True,18.999464750289917,898,True
1,20261008_182344_scenario1_0cefb5,0,setup_or_other,1791451882.1309636,2026-10-08T18:31:22.130+09:00,208.03059942258085,-0.16855973341320662,upper_failure,solver_rejected,DAQP direct corridor QP infeasible: tried=1,True,19.499510288238525,899,True
1,20261008_182344_scenario1_0cefb5,0,setup_or_other,1791451882.630914,2026-10-08T18:31:22.630+09:00,208.0350990790893,-0.1408407657532152,upper_failure,solver_rejected,DAQP direct corridor QP infeasible: tried=1,True,19.999577045440674,900,True
1,20261008_182344_scenario1_0cefb5,0,setup_or_other,1791451883.1309712,2026-10-08T18:31:23.130+09:00,208.0412709531174,-0.12047479201970272,upper_failure,solver_rejected,DAQP direct corridor QP infeasible: tried=1,True,20.499627828598022,901,True
1,20261008_182344_scenario1_0cefb5,8,running,1791451885.9885712,2026-10-08T18:31:25.988+09:00,149.9535248473311,-139.9841412421911,lower_mode_transition,4->0,QP command,,,,
1,20261008_182344_scenario1_0cefb5,8,running,1791451916.6318355,2026-10-08T18:31:56.631+09:00,122.38936798943988,-6.500531204394135,upper_failure,solver_rejected,DAQP direct corridor QP infeasible: tried=120,True,0.501772403717041,968,True
1,20261008_182344_scenario1_0cefb5,8,running_end,1791451925.7489185,2026-10-08T18:32:05.748+09:00,165.4321339779773,-1.2134672554717447,runner_completed,,goal approach only,,,,
1,20261008_182344_scenario1_0cefb5,8,coasting,1791451925.7886858,2026-10-08T18:32:05.788+09:00,165.58567079829152,-1.1986676506400578,lower_mode_transition,0->4,goal or batch permission neutral,,,,
1,20261008_182344_scenario1_0cefb5,8,coasting,1791451928.1322048,2026-10-08T18:32:08.132+09:00,176.83777612138695,-0.8459464940743732,upper_failure,solver_rejected,DAQP direct corridor QP infeasible: tried=1,True,0.4985466003417969,991,True
1,20261008_182344_scenario1_0cefb5,8,coasting,1791451928.6325827,2026-10-08T18:32:08.632+09:00,178.87019601351514,-0.805711965101138,upper_failure,solver_rejected,DAQP direct corridor QP infeasible: tried=1,True,0.9986677169799805,992,True
1,20261008_182344_scenario1_0cefb5,8,coasting,1791451929.1321864,2026-10-08T18:32:09.132+09:00,180.80150082492963,-0.766647061542795,upper_failure,solver_rejected,DAQP direct corridor QP infeasible: tried=1,True,1.498500108718872,993,True
1,20261008_182344_scenario1_0cefb5,8,coasting,1791451929.632224,2026-10-08T18:32:09.632+09:00,182.61562358397367,-0.7307622754473584,upper_failure,solver_rejected,DAQP direct corridor QP infeasible: tried=1,True,1.9985594749450684,994,True
1,20261008_182344_scenario1_0cefb5,8,coasting,1791451930.13228,2026-10-08T18:32:10.132+09:00,184.3418741306031,-0.6962875517624523,upper_failure,solver_rejected,DAQP direct corridor QP infeasible: tried=1,True,2.498668670654297,995,True
1,20261008_182344_scenario1_0cefb5,8,coasting,1791451930.6322758,2026-10-08T18:32:10.632+09:00,185.96735801847746,-0.6651424535323116,upper_failure,solver_rejected,DAQP direct corridor QP infeasible: tried=1,True,2.998645782470703,996,True
1,20261008_182344_scenario1_0cefb5,8,coasting,1791451931.1322794,2026-10-08T18:32:11.132+09:00,187.5191551288573,-0.6318257118791686,upper_failure,solver_rejected,DAQP direct corridor QP infeasible: tried=1,True,3.4983837604522705,997,True
1,20261008_182344_scenario1_0cefb5,8,coasting,1791451931.6322641,2026-10-08T18:32:11.632+09:00,188.97873521470544,-0.6020444574743345,upper_failure,solver_rejected,DAQP direct corridor QP infeasible: tried=1,True,3.9989430904388428,998,True
1,20261008_182344_scenario1_0cefb5,8,coasting,1791451932.1322236,2026-10-08T18:32:12.132+09:00,190.37323482896778,-0.5742412267859938,upper_failure,solver_rejected,DAQP direct corridor QP infeasible: tried=1,True,4.498001337051392,999,True
1,20261008_182344_scenario1_0cefb5,8,coasting,1791451932.6323318,2026-10-08T18:32:12.632+09:00,191.68241995900505,-0.5507244287947304,upper_failure,solver_rejected,DAQP direct corridor QP infeasible: tried=1,True,4.9995739459991455,1000,True
1,20261008_182344_scenario1_0cefb5,8,coasting,1791451933.1322868,2026-10-08T18:32:13.132+09:00,192.9358921950463,-0.5279402031420614,upper_failure,solver_rejected,DAQP direct corridor QP infeasible: tried=1,True,5.4984753131866455,1001,True
1,20261008_182344_scenario1_0cefb5,8,coasting,1791451933.632291,2026-10-08T18:32:13.632+09:00,194.11075702430782,-0.5076344286105838,upper_failure,solver_rejected,DAQP direct corridor QP infeasible: tried=1,True,6.000381708145142,1002,True
1,20261008_182344_scenario1_0cefb5,8,coasting,1791451934.1324012,2026-10-08T18:32:14.132+09:00,195.23417877251066,-0.4854494693966561,upper_failure,solver_rejected,DAQP direct corridor QP infeasible: tried=1,True,6.500040769577026,1003,True
1,20261008_182344_scenario1_0cefb5,8,coasting,1791451934.6324098,2026-10-08T18:32:14.632+09:00,196.28708210896252,-0.4654453622550919,upper_failure,solver_rejected,DAQP direct corridor QP infeasible: tried=1,True,6.998977422714233,1004,True
1,20261008_182344_scenario1_0cefb5,8,coasting,1791451935.1324146,2026-10-08T18:32:15.132+09:00,197.29400864036376,-0.4453311447482116,upper_failure,solver_rejected,DAQP direct corridor QP infeasible: tried=1,True,7.499195575714111,1005,True
1,20261008_182344_scenario1_0cefb5,8,coasting,1791451935.6322985,2026-10-08T18:32:15.632+09:00,198.23297744894128,-0.42890255824901247,upper_failure,solver_rejected,DAQP direct corridor QP infeasible: tried=1,True,7.9986793994903564,1006,True
1,20261008_182344_scenario1_0cefb5,8,coasting,1791451936.1322956,2026-10-08T18:32:16.132+09:00,199.12924178900172,-0.4113306836433874,upper_failure,solver_rejected,DAQP direct corridor QP infeasible: tried=1,True,8.497934341430664,1007,True
1,20261008_182344_scenario1_0cefb5,8,coasting,1791451936.632399,2026-10-08T18:32:16.632+09:00,199.9614325791611,-0.3948155543652937,upper_failure,solver_rejected,DAQP direct corridor QP infeasible: tried=1,True,8.99903655052185,1008,True
1,20261008_182344_scenario1_0cefb5,8,coasting,1791451937.1323895,2026-10-08T18:32:17.132+09:00,200.75382921052451,-0.3777500828080201,upper_failure,solver_rejected,DAQP direct corridor QP infeasible: tried=1,True,9.49818468093872,1009,True
1,20261008_182344_scenario1_0cefb5,8,coasting,1791451937.632521,2026-10-08T18:32:17.632+09:00,201.4885428071216,-0.3631457612288693,upper_failure,solver_rejected,DAQP direct corridor QP infeasible: tried=1,True,9.999271154403687,1010,True
1,20261008_182344_scenario1_0cefb5,8,coasting,1791451938.132393,2026-10-08T18:32:18.132+09:00,202.18879212742493,-0.34500138371299616,upper_failure,solver_rejected,DAQP direct corridor QP infeasible: tried=1,True,10.498945236206055,1011,True
1,20261008_182344_scenario1_0cefb5,8,coasting,1791451938.6323745,2026-10-08T18:32:18.632+09:00,202.83213441563194,-0.32968106393905633,upper_failure,solver_rejected,DAQP direct corridor QP infeasible: tried=1,True,10.99790644645691,1012,True
1,20261008_182344_scenario1_0cefb5,8,coasting,1791451939.1323712,2026-10-08T18:32:19.132+09:00,203.44241972023366,-0.3156745647796853,upper_failure,solver_rejected,DAQP direct corridor QP infeasible: tried=1,True,11.498997688293457,1013,True
1,20261008_182344_scenario1_0cefb5,8,coasting,1791451939.6325169,2026-10-08T18:32:19.632+09:00,203.9961275241359,-0.30533752162011757,upper_failure,solver_rejected,DAQP direct corridor QP infeasible: tried=1,True,11.99931526184082,1014,True
1,20261008_182344_scenario1_0cefb5,8,coasting,1791451940.132521,2026-10-08T18:32:20.132+09:00,204.5205987253593,-0.29555662389947623,upper_failure,solver_rejected,DAQP direct corridor QP infeasible: tried=1,True,12.49990963935852,1015,True
1,20261008_182344_scenario1_0cefb5,8,coasting,1791451940.6325555,2026-10-08T18:32:20.632+09:00,204.99012062923794,-0.28758549674146733,upper_failure,solver_rejected,DAQP direct corridor QP infeasible: tried=1,True,12.999278545379639,1016,True
1,20261008_182344_scenario1_0cefb5,8,coasting,1791451941.13252,2026-10-08T18:32:21.132+09:00,205.4302275962355,-0.27722594798298955,upper_failure,solver_rejected,DAQP direct corridor QP infeasible: tried=1,True,13.499242305755615,1017,True
1,20261008_182344_scenario1_0cefb5,8,coasting,1791451941.6324446,2026-10-08T18:32:21.632+09:00,205.81935564517434,-0.26889115897789256,upper_failure,solver_rejected,DAQP direct corridor QP infeasible: tried=1,True,13.999002456665039,1018,True
1,20261008_182344_scenario1_0cefb5,8,coasting,1791451942.1325598,2026-10-08T18:32:22.132+09:00,206.18063965313382,-0.26020836568189365,upper_failure,solver_rejected,DAQP direct corridor QP infeasible: tried=1,True,14.49912142753601,1019,True
1,20261008_182344_scenario1_0cefb5,8,coasting,1791451942.6325665,2026-10-08T18:32:22.632+09:00,206.49021892750696,-0.2551023374791866,upper_failure,solver_rejected,DAQP direct corridor QP infeasible: tried=1,True,14.999423503875732,1020,True
1,20261008_182344_scenario1_0cefb5,8,coasting,1791451943.1327064,2026-10-08T18:32:23.132+09:00,206.77209767471714,-0.24859207710976644,upper_failure,solver_rejected,DAQP direct corridor QP infeasible: tried=1,True,15.499291896820068,1021,True
1,20261008_182344_scenario1_0cefb5,8,coasting,1791451943.6325922,2026-10-08T18:32:23.632+09:00,207.00325499682342,-0.24309405121721525,upper_failure,solver_rejected,DAQP direct corridor QP infeasible: tried=1,True,15.999107837677002,1022,True
1,20261008_182344_scenario1_0cefb5,8,coasting,1791451944.132512,2026-10-08T18:32:24.132+09:00,207.20767973349268,-0.23571314435298463,upper_failure,solver_rejected,DAQP direct corridor QP infeasible: tried=1,True,16.49920916557312,1023,True
1,20261008_182344_scenario1_0cefb5,8,coasting,1791451944.6327069,2026-10-08T18:32:24.632+09:00,207.37224419439954,-0.22318078897270593,upper_failure,solver_rejected,DAQP direct corridor QP infeasible: tried=1,True,16.99933671951294,1024,True
1,20261008_182344_scenario1_0cefb5,8,coasting,1791451945.1326478,2026-10-08T18:32:25.132+09:00,207.5092523504272,-0.18772808242011932,upper_failure,solver_rejected,DAQP direct corridor QP infeasible: tried=1,True,17.500616550445557,1025,True
1,20261008_182344_scenario1_0cefb5,8,coasting,1791451945.632547,2026-10-08T18:32:25.632+09:00,207.60344678143971,-0.15141703560737904,upper_failure,solver_rejected,DAQP direct corridor QP infeasible: tried=1,True,17.99821901321411,1026,True
1,20261008_182344_scenario1_0cefb5,8,coasting,1791451946.1325974,2026-10-08T18:32:26.132+09:00,207.66717445245212,-0.11682465786961364,upper_failure,solver_rejected,DAQP direct corridor QP infeasible: tried=1,True,18.49834704399109,1027,True
1,20261008_182344_scenario1_0cefb5,0,setup_or_other,1791451946.6326807,2026-10-08T18:32:26.632+09:00,207.68454672600984,-0.08890600829423213,upper_failure,solver_rejected,DAQP direct corridor QP infeasible: tried=1,True,18.99945330619812,1028,True
1,20261008_182344_scenario1_0cefb5,0,setup_or_other,1791451947.1325667,2026-10-08T18:32:27.132+09:00,207.69049387600907,-0.06418934601318205,upper_failure,solver_rejected,DAQP direct corridor QP infeasible: tried=1,True,19.49873185157776,1029,True
1,20261008_182344_scenario1_0cefb5,0,setup_or_other,1791451947.6325574,2026-10-08T18:32:27.632+09:00,207.69266491074865,-0.04488845471401074,upper_failure,solver_rejected,DAQP direct corridor QP infeasible: tried=1,True,19.998110055923462,1030,True
1,20261008_182344_scenario1_0cefb5,9,running,1791451950.5886872,2026-10-08T18:32:30.588+09:00,149.95713642732443,-139.99978566582277,lower_mode_transition,4->0,QP command,,,,
1,20261008_182344_scenario1_0cefb5,9,running_end,1791451985.5541513,2026-10-08T18:33:05.554+09:00,129.05177616623013,14.940997821889981,runner_off_route,,runner termination criterion,,,,
1,20261008_182344_scenario1_0cefb5,9,coasting,1791451985.5897465,2026-10-08T18:33:05.589+09:00,129.15294466786233,15.117067803012423,lower_mode_transition,0->4,goal or batch permission neutral,,,,
1,20261008_182344_scenario1_0cefb5,10,running,1791452010.4909163,2026-10-08T18:33:30.490+09:00,149.9418597694316,-139.99892315583025,lower_mode_transition,4->0,QP command,,,,
1,20261008_182344_scenario1_0cefb5,10,running_end,1791452049.0502985,2026-10-08T18:34:09.050+09:00,165.41246559501525,-1.8500566973552166,runner_completed,,goal approach only,,,,
1,20261008_182344_scenario1_0cefb5,10,coasting,1791452049.0914166,2026-10-08T18:34:09.091+09:00,165.5757473640895,-1.84859636522188,lower_mode_transition,0->4,goal or batch permission neutral,,,,
1,20261008_182344_scenario1_0cefb5,10,coasting,1791452051.1354654,2026-10-08T18:34:11.135+09:00,176.1314576271204,-1.7555123354016116,upper_failure,solver_rejected,DAQP direct corridor QP infeasible: tried=1,True,0.4968698024749756,1237,True
1,20261008_182344_scenario1_0cefb5,10,coasting,1791452051.635703,2026-10-08T18:34:11.635+09:00,178.35571358478364,-1.738219371025234,upper_failure,solver_rejected,DAQP direct corridor QP infeasible: tried=1,True,0.9979009628295898,1238,True
1,20261008_182344_scenario1_0cefb5,10,coasting,1791452052.1354744,2026-10-08T18:34:12.135+09:00,180.45547980904152,-1.7277025511437183,upper_failure,solver_rejected,DAQP direct corridor QP infeasible: tried=1,True,1.4968328475952148,1239,True
1,20261008_182344_scenario1_0cefb5,10,coasting,1791452052.6355474,2026-10-08T18:34:12.635+09:00,182.43778784196186,-1.7146885769783506,upper_failure,solver_rejected,DAQP direct corridor QP infeasible: tried=1,True,1.9977598190307617,1240,True
1,20261008_182344_scenario1_0cefb5,10,coasting,1791452053.135759,2026-10-08T18:34:13.135+09:00,184.31037464666903,-1.7044703942555797,upper_failure,solver_rejected,DAQP direct corridor QP infeasible: tried=1,True,2.499162435531616,1241,True
1,20261008_182344_scenario1_0cefb5,10,coasting,1791452053.6355884,2026-10-08T18:34:13.635+09:00,186.0820657542619,-1.6944216732137836,upper_failure,solver_rejected,DAQP direct corridor QP infeasible: tried=1,True,2.9978270530700684,1242,True
1,20261008_182344_scenario1_0cefb5,10,coasting,1791452054.1356125,2026-10-08T18:34:14.135+09:00,187.75904184388696,-1.6871673174817703,upper_failure,solver_rejected,DAQP direct corridor QP infeasible: tried=1,True,3.49780535697937,1243,True
1,20261008_182344_scenario1_0cefb5,10,coasting,1791452054.6356206,2026-10-08T18:34:14.635+09:00,189.34791672025426,-1.6767536657380022,upper_failure,solver_rejected,DAQP direct corridor QP infeasible: tried=1,True,3.998305082321167,1244,True
1,20261008_182344_scenario1_0cefb5,10,coasting,1791452055.1356456,2026-10-08T18:34:15.135+09:00,190.8518209761173,-1.67010361387051,upper_failure,solver_rejected,DAQP direct corridor QP infeasible: tried=1,True,4.4983038902282715,1245,True
1,20261008_182344_scenario1_0cefb5,10,coasting,1791452055.6356218,2026-10-08T18:34:15.635+09:00,192.2755076011481,-1.6619607631414204,upper_failure,solver_rejected,DAQP direct corridor QP infeasible: tried=1,True,4.998211860656738,1246,True
1,20261008_182344_scenario1_0cefb5,10,coasting,1791452056.1356177,2026-10-08T18:34:16.135+09:00,193.62438862578463,-1.654245060493025,upper_failure,solver_rejected,DAQP direct corridor QP infeasible: tried=1,True,5.498279333114624,1247,True
1,20261008_182344_scenario1_0cefb5,10,coasting,1791452056.6357589,2026-10-08T18:34:16.635+09:00,194.90383522205485,-1.6473462443234939,upper_failure,solver_rejected,DAQP direct corridor QP infeasible: tried=1,True,5.998599290847778,1248,True
1,20261008_182344_scenario1_0cefb5,10,coasting,1791452057.1355972,2026-10-08T18:34:17.135+09:00,196.11618097851098,-1.6416791667020911,upper_failure,solver_rejected,DAQP direct corridor QP infeasible: tried=1,True,6.497129440307617,1249,True
1,20261008_182344_scenario1_0cefb5,10,coasting,1791452057.6357157,2026-10-08T18:34:17.635+09:00,197.26378520260576,-1.6366160276443016,upper_failure,solver_rejected,DAQP direct corridor QP infeasible: tried=1,True,6.998446226119995,1250,True
1,20261008_182344_scenario1_0cefb5,10,coasting,1791452058.1356485,2026-10-08T18:34:18.135+09:00,198.35272787010524,-1.6304631849664206,upper_failure,solver_rejected,DAQP direct corridor QP infeasible: tried=1,True,7.497740983963013,1251,True
1,20261008_182344_scenario1_0cefb5,10,coasting,1791452058.6357431,2026-10-08T18:34:18.635+09:00,199.38178366005877,-1.6236477449584266,upper_failure,solver_rejected,DAQP direct corridor QP infeasible: tried=1,True,7.998395681381226,1252,True
1,20261008_182344_scenario1_0cefb5,10,coasting,1791452059.1356416,2026-10-08T18:34:19.135+09:00,200.35515249793724,-1.6217469873868522,upper_failure,solver_rejected,DAQP direct corridor QP infeasible: tried=1,True,8.498416900634766,1253,True
1,20261008_182344_scenario1_0cefb5,10,coasting,1791452059.6358309,2026-10-08T18:34:19.635+09:00,201.2734948836623,-1.6159449987814716,upper_failure,solver_rejected,DAQP direct corridor QP infeasible: tried=1,True,8.998398065567017,1254,True
1,20261008_182344_scenario1_0cefb5,10,coasting,1791452060.135843,2026-10-08T18:34:20.135+09:00,202.13863052516564,-1.6118460961055683,upper_failure,solver_rejected,DAQP direct corridor QP infeasible: tried=1,True,9.499384641647339,1255,True
1,20261008_182344_scenario1_0cefb5,10,coasting,1791452060.6357183,2026-10-08T18:34:20.635+09:00,202.95340112104273,-1.6066477643442971,upper_failure,solver_rejected,DAQP direct corridor QP infeasible: tried=1,True,9.997262001037598,1256,True
1,20261008_182344_scenario1_0cefb5,10,coasting,1791452061.135863,2026-10-08T18:34:21.135+09:00,203.71958936786672,-1.6031093800436698,upper_failure,solver_rejected,DAQP direct corridor QP infeasible: tried=1,True,10.498659133911133,1257,True
1,20261008_182344_scenario1_0cefb5,10,coasting,1791452061.6358256,2026-10-08T18:34:21.635+09:00,204.4385720147037,-1.5955339734959575,upper_failure,solver_rejected,DAQP direct corridor QP infeasible: tried=1,True,10.998463869094849,1258,True
1,20261008_182344_scenario1_0cefb5,10,coasting,1791452062.1357589,2026-10-08T18:34:22.135+09:00,205.10978278136895,-1.5915249966711047,upper_failure,solver_rejected,DAQP direct corridor QP infeasible: tried=1,True,11.497379541397095,1259,True
1,20261008_182344_scenario1_0cefb5,10,coasting,1791452062.6357584,2026-10-08T18:34:22.635+09:00,205.73389442200485,-1.5858254456016558,upper_failure,solver_rejected,DAQP direct corridor QP infeasible: tried=1,True,11.999563932418823,1260,True
1,20261008_182344_scenario1_0cefb5,10,coasting,1791452063.1358001,2026-10-08T18:34:23.135+09:00,206.31357533524218,-1.5806305888710608,upper_failure,solver_rejected,DAQP direct corridor QP infeasible: tried=1,True,12.497499704360962,1261,True
1,20261008_182344_scenario1_0cefb5,10,coasting,1791452063.6358144,2026-10-08T18:34:23.635+09:00,206.85134274029278,-1.5755737703896489,upper_failure,solver_rejected,DAQP direct corridor QP infeasible: tried=1,True,12.9973886013031,1262,True
1,20261008_182344_scenario1_0cefb5,10,coasting,1791452064.1358886,2026-10-08T18:34:24.135+09:00,207.34705771195834,-1.5716519749870428,upper_failure,solver_rejected,DAQP direct corridor QP infeasible: tried=1,True,13.497628450393677,1263,True
1,20261008_182344_scenario1_0cefb5,10,coasting,1791452064.6359339,2026-10-08T18:34:24.635+09:00,207.80069934015245,-1.5682644398753929,upper_failure,solver_rejected,DAQP direct corridor QP infeasible: tried=1,True,13.998405456542969,1264,True
1,20261008_182344_scenario1_0cefb5,10,coasting,1791452065.135875,2026-10-08T18:34:25.135+09:00,208.2164887091288,-1.5637574195180974,upper_failure,solver_rejected,DAQP direct corridor QP infeasible: tried=1,True,14.498213291168213,1265,True
1,20261008_182344_scenario1_0cefb5,10,coasting,1791452065.6358764,2026-10-08T18:34:25.635+09:00,208.59113706567845,-1.5587786622232946,upper_failure,solver_rejected,DAQP direct corridor QP infeasible: tried=1,True,14.997473955154419,1266,True
1,20261008_182344_scenario1_0cefb5,10,coasting,1791452066.135939,2026-10-08T18:34:26.135+09:00,208.92707677820832,-1.5587189318092645,upper_failure,solver_rejected,DAQP direct corridor QP infeasible: tried=1,True,15.499474048614502,1267,True
1,20261008_182344_scenario1_0cefb5,10,coasting,1791452066.6360302,2026-10-08T18:34:26.636+09:00,209.22310753160207,-1.555459577389502,upper_failure,solver_rejected,DAQP direct corridor QP infeasible: tried=1,True,15.998661518096924,1268,True
1,20261008_182344_scenario1_0cefb5,10,coasting,1791452067.1359177,2026-10-08T18:34:27.135+09:00,209.4807577517377,-1.5302019777473728,upper_failure,solver_rejected,DAQP direct corridor QP infeasible: tried=1,True,16.497995138168335,1269,True
1,20261008_182344_scenario1_0cefb5,10,coasting,1791452067.636014,2026-10-08T18:34:27.636+09:00,209.70704405684734,-1.4942666548111045,upper_failure,solver_rejected,DAQP direct corridor QP infeasible: tried=1,True,16.999359369277954,1270,True
1,20261008_182344_scenario1_0cefb5,10,coasting,1791452068.1359317,2026-10-08T18:34:28.135+09:00,209.89207325794402,-1.45879997661807,upper_failure,solver_rejected,DAQP direct corridor QP infeasible: tried=1,True,17.497567415237427,1271,True
1,20261008_182344_scenario1_0cefb5,10,coasting,1791452068.6359973,2026-10-08T18:34:28.635+09:00,210.04559648483132,-1.4224703969564583,upper_failure,solver_rejected,DAQP direct corridor QP infeasible: tried=1,True,17.99876379966736,1272,True
1,20261008_182344_scenario1_0cefb5,10,coasting,1791452069.1360304,2026-10-08T18:34:29.136+09:00,210.15575999186666,-1.3924743176665981,upper_failure,solver_rejected,DAQP direct corridor QP infeasible: tried=1,True,18.49887251853943,1273,True
1,20261008_182344_scenario1_0cefb5,10,coasting,1791452069.6361976,2026-10-08T18:34:29.636+09:00,210.23238821850416,-1.3656669682486042,upper_failure,solver_rejected,DAQP direct corridor QP infeasible: tried=1,True,18.998822927474976,1274,True
1,20261008_182344_scenario1_0cefb5,10,coasting,1791452070.136352,2026-10-08T18:34:30.136+09:00,210.2669553558909,-1.3429527886243375,upper_failure,solver_rejected,DAQP direct corridor QP infeasible: tried=1,True,19.498951196670532,1275,True
1,20261008_182344_scenario1_0cefb5,0,setup_or_other,1791452070.6359782,2026-10-08T18:34:30.635+09:00,210.27169922532727,-1.325319643387754,upper_failure,solver_rejected,DAQP direct corridor QP infeasible: tried=1,True,19.99962568283081,1276,True
1,20261008_182344_scenario1_0cefb5,0,setup_or_other,1791452071.1360698,2026-10-08T18:34:31.136+09:00,210.27116974082762,-1.3126013544703543,upper_failure,solver_rejected,DAQP direct corridor QP infeasible: tried=1,True,20.498862981796265,1277,True
1,20261008_182344_scenario1_0cefb5,0,setup_or_other,1791452071.6360586,2026-10-08T18:34:31.636+09:00,210.27758477536872,-1.3048563407099643,upper_failure,solver_rejected,DAQP direct corridor QP infeasible: tried=1,True,21.00050139427185,1278,True
2,20261008_183952_scenario2_5524df,0,setup_or_other,1791452393.7776186,2026-10-08T18:39:53.777+09:00,0.0,0.0,lower_mode_transition,None->4,goal or batch permission neutral,,,,
2,20261008_183952_scenario2_5524df,1,running,1791452401.281072,2026-10-08T18:40:01.281+09:00,-252.79395368738497,93.55278176749118,lower_mode_transition,4->0,QP command,,,,
2,20261008_183952_scenario2_5524df,1,running,1791452441.2302518,2026-10-08T18:40:41.230+09:00,-72.39764725054373,70.01190124414533,upper_failure,no_candidate,empty valid interval prefix,True,0.49976587295532227,83,False
2,20261008_183952_scenario2_5524df,1,running,1791452441.7302895,2026-10-08T18:40:41.730+09:00,-70.00542440716659,70.70937124499329,upper_failure,no_candidate,empty valid interval prefix,True,0.9991757869720459,84,False
2,20261008_183952_scenario2_5524df,1,running,1791452442.2302568,2026-10-08T18:40:42.230+09:00,-67.7947765525775,71.83696414537036,upper_failure,no_candidate,empty valid interval prefix,True,1.5007376670837402,85,False
2,20261008_183952_scenario2_5524df,1,running,1791452442.2806733,2026-10-08T18:40:42.280+09:00,-67.66748650887615,71.91313363034159,lower_mode_transition,0->3,neutral invalid/stale,,,,
2,20261008_183952_scenario2_5524df,1,running,1791452442.7302036,2026-10-08T18:40:42.730+09:00,-65.73703604501662,73.14617546812897,upper_failure,no_candidate,empty valid interval prefix,True,1.998978853225708,86,False
2,20261008_183952_scenario2_5524df,1,running,1791452443.230322,2026-10-08T18:40:43.230+09:00,-63.797013744873404,74.4702374636245,upper_failure,no_candidate,empty valid interval prefix,True,2.4996848106384277,87,False
2,20261008_183952_scenario2_5524df,1,running,1791452443.730301,2026-10-08T18:40:43.730+09:00,-61.9737380727467,75.76101150423564,upper_failure,no_candidate,empty valid interval prefix,True,2.9989945888519287,88,False
2,20261008_183952_scenario2_5524df,1,running,1791452444.2303898,2026-10-08T18:40:44.230+09:00,-60.251084893802876,76.98690742532958,upper_failure,no_candidate,empty valid interval prefix,True,3.499140739440918,89,False
2,20261008_183952_scenario2_5524df,1,running,1791452444.7303743,2026-10-08T18:40:44.730+09:00,-58.62574212699585,78.15858412969358,upper_failure,no_candidate,empty valid interval prefix,True,3.9990487098693848,90,False
2,20261008_183952_scenario2_5524df,1,running,1791452445.2303655,2026-10-08T18:40:45.230+09:00,-57.08714137641467,79.26144066360852,upper_failure,solver_rejected,DAQP direct corridor QP infeasible: tried=4,True,4.499778509140015,91,True
2,20261008_183952_scenario2_5524df,1,running,1791452445.7303424,2026-10-08T18:40:45.730+09:00,-55.63101222109022,80.31172713487607,upper_failure,solver_rejected,DAQP direct corridor QP infeasible: tried=2,True,5.000446081161499,92,True
2,20261008_183952_scenario2_5524df,1,running,1791452446.2303972,2026-10-08T18:40:46.230+09:00,-54.24865651033693,81.30118263021127,upper_failure,solver_rejected,DAQP direct corridor QP infeasible: tried=1,True,5.499506950378418,93,True
2,20261008_183952_scenario2_5524df,1,running,1791452446.7305474,2026-10-08T18:40:46.730+09:00,-52.93942593412028,82.24596650836921,upper_failure,solver_rejected,DAQP direct corridor QP infeasible: tried=1,True,5.999590873718262,94,True
2,20261008_183952_scenario2_5524df,1,running,1791452447.2309017,2026-10-08T18:40:47.230+09:00,-51.696809150222876,83.13396898259133,upper_failure,solver_rejected,DAQP direct corridor QP infeasible: tried=1,True,6.5008862018585205,95,True
2,20261008_183952_scenario2_5524df,1,running,1791452447.7304823,2026-10-08T18:40:47.730+09:00,-50.52214206019258,83.98255033776998,upper_failure,solver_rejected,DAQP direct corridor QP infeasible: tried=1,True,7.003896951675415,96,True
2,20261008_183952_scenario2_5524df,1,running,1791452448.2304113,2026-10-08T18:40:48.230+09:00,-49.406516236621584,84.7809680498436,upper_failure,solver_rejected,DAQP direct corridor QP infeasible: tried=1,True,7.50013542175293,97,True
2,20261008_183952_scenario2_5524df,1,running,1791452448.7305667,2026-10-08T18:40:48.730+09:00,-48.348660219145025,85.54546805562474,upper_failure,solver_rejected,DAQP direct corridor QP infeasible: tried=1,True,8.001762866973877,98,True
2,20261008_183952_scenario2_5524df,1,running,1791452449.2305045,2026-10-08T18:40:49.230+09:00,-47.34538798774674,86.26481169009429,upper_failure,solver_rejected,DAQP direct corridor QP infeasible: tried=1,True,8.499935626983643,99,True
2,20261008_183952_scenario2_5524df,1,running,1791452449.7305427,2026-10-08T18:40:49.730+09:00,-46.39545756686356,86.95165987772194,upper_failure,solver_rejected,DAQP direct corridor QP infeasible: tried=2,True,9.000133991241455,100,True
2,20261008_183952_scenario2_5524df,1,running,1791452450.2304914,2026-10-08T18:40:50.230+09:00,-45.49195648141813,87.60022367175365,upper_failure,solver_rejected,DAQP direct corridor QP infeasible: tried=2,True,9.500539064407349,101,True
2,20261008_183952_scenario2_5524df,1,running,1791452450.7305121,2026-10-08T18:40:50.730+09:00,-44.63900234317643,88.21902376367795,upper_failure,solver_rejected,DAQP direct corridor QP infeasible: tried=1,True,10.001688003540039,102,True
2,20261008_183952_scenario2_5524df,1,running,1791452451.2305658,2026-10-08T18:40:51.230+09:00,-43.829065618098234,88.79668964597231,upper_failure,solver_rejected,DAQP direct corridor QP infeasible: tried=3,True,10.500272274017334,103,True
2,20261008_183952_scenario2_5524df,1,running,1791452451.730516,2026-10-08T18:40:51.730+09:00,-43.06741143580224,89.35092643736762,upper_failure,solver_rejected,DAQP direct corridor QP infeasible: tried=1,True,10.999430418014526,104,True
2,20261008_183952_scenario2_5524df,1,running,1791452452.2305589,2026-10-08T18:40:52.230+09:00,-42.34845660301991,89.86644055968442,upper_failure,solver_rejected,DAQP direct corridor QP infeasible: tried=1,True,11.50063157081604,105,True
2,20261008_183952_scenario2_5524df,1,running,1791452452.7306502,2026-10-08T18:40:52.730+09:00,-41.67270085761813,90.35890904595503,upper_failure,solver_rejected,DAQP direct corridor QP infeasible: tried=1,True,12.00089955329895,106,True
2,20261008_183952_scenario2_5524df,1,running,1791452453.2306232,2026-10-08T18:40:53.230+09:00,-41.035154671857015,90.8165367522853,upper_failure,solver_rejected,DAQP direct corridor QP infeasible: tried=1,True,12.500415802001953,107,True
2,20261008_183952_scenario2_5524df,1,running,1791452453.7306097,2026-10-08T18:40:53.730+09:00,-40.43915457863717,91.25361420454998,upper_failure,solver_rejected,DAQP direct corridor QP infeasible: tried=2,True,13.000306606292725,108,True
2,20261008_183952_scenario2_5524df,1,running,1791452454.2305949,2026-10-08T18:40:54.230+09:00,-39.880379487010366,91.65464856040731,upper_failure,no_candidate,empty valid interval prefix,True,13.50013279914856,109,False
2,20261008_183952_scenario2_5524df,1,running,1791452454.7306194,2026-10-08T18:40:54.730+09:00,-39.3634699639198,92.03507631914673,upper_failure,no_candidate,empty valid interval prefix,True,14.000247716903687,110,False
2,20261008_183952_scenario2_5524df,1,running,1791452455.2306447,2026-10-08T18:40:55.230+09:00,-38.88094935356118,92.38202508738593,upper_failure,no_candidate,empty valid interval prefix,True,14.500161170959473,111,False
2,20261008_183952_scenario2_5524df,1,running,1791452455.7306862,2026-10-08T18:40:55.730+09:00,-38.43475331437841,92.71068544547654,upper_failure,no_candidate,empty valid interval prefix,True,15.00033974647522,112,False
2,20261008_183952_scenario2_5524df,1,running,1791452456.2306457,2026-10-08T18:40:56.230+09:00,-38.02229558325141,93.00764902385872,upper_failure,no_candidate,empty valid interval prefix,True,15.500126123428345,113,False
2,20261008_183952_scenario2_5524df,1,running,1791452456.730679,2026-10-08T18:40:56.730+09:00,-37.64532970242028,93.28510675812271,upper_failure,no_candidate,empty valid interval prefix,True,16.000235319137573,114,False
2,20261008_183952_scenario2_5524df,1,running,1791452457.2306707,2026-10-08T18:40:57.230+09:00,-37.29729974937887,93.53573758064957,upper_failure,no_candidate,empty valid interval prefix,True,16.50013279914856,115,False
2,20261008_183952_scenario2_5524df,1,running,1791452457.7307153,2026-10-08T18:40:57.730+09:00,-36.984660657245755,93.76726517030983,upper_failure,no_candidate,empty valid interval prefix,True,17.000091075897217,116,False
2,20261008_183952_scenario2_5524df,1,running,1791452458.2307713,2026-10-08T18:40:58.230+09:00,-36.700708021086186,93.96742721902021,upper_failure,no_candidate,empty valid interval prefix,True,17.500644207000732,117,False
2,20261008_183952_scenario2_5524df,1,running,1791452458.730783,2026-10-08T18:40:58.730+09:00,-36.45158568403275,94.15271275784076,upper_failure,no_candidate,empty valid interval prefix,True,18.00053119659424,118,False
2,20261008_183952_scenario2_5524df,1,running,1791452459.230789,2026-10-08T18:40:59.230+09:00,-36.23289972626811,94.30751352169668,upper_failure,no_candidate,empty valid interval prefix,True,18.49972653388977,119,False
2,20261008_183952_scenario2_5524df,1,running,1791452459.7307417,2026-10-08T18:40:59.730+09:00,-36.04663939064465,94.44669580382936,upper_failure,no_candidate,empty valid interval prefix,True,18.999855518341064,120,False
2,20261008_183952_scenario2_5524df,1,running,1791452460.2307541,2026-10-08T18:41:00.230+09:00,-35.888131182616526,94.55794229940193,upper_failure,no_candidate,empty valid interval prefix,True,19.5002224445343,121,False
2,20261008_183952_scenario2_5524df,1,running,1791452460.7308333,2026-10-08T18:41:00.730+09:00,-35.76263670093952,94.65307013339762,upper_failure,no_candidate,empty valid interval prefix,True,20.0009868144989,122,False
2,20261008_183952_scenario2_5524df,1,running,1791452461.2308664,2026-10-08T18:41:01.230+09:00,-35.68549185179415,94.75224114148274,upper_failure,no_candidate,empty valid interval prefix,True,20.500383853912354,123,False
2,20261008_183952_scenario2_5524df,1,running,1791452461.7308054,2026-10-08T18:41:01.730+09:00,-35.63561969525821,94.83110534199746,upper_failure,no_candidate,empty valid interval prefix,True,20.99958896636963,124,False
2,20261008_183952_scenario2_5524df,1,running,1791452462.2308843,2026-10-08T18:41:02.230+09:00,-35.621547212326995,94.89207688002872,upper_failure,no_candidate,empty valid interval prefix,True,21.503003120422363,125,False
2,20261008_183952_scenario2_5524df,1,running,1791452462.7308645,2026-10-08T18:41:02.730+09:00,-35.62860852208069,94.92449577067634,upper_failure,no_candidate,empty valid interval prefix,True,22.005306005477905,126,False
2,20261008_183952_scenario2_5524df,1,running,1791452463.230916,2026-10-08T18:41:03.230+09:00,-35.65012658419132,94.95118170537455,upper_failure,no_candidate,empty valid interval prefix,True,22.500208854675293,127,False
2,20261008_183952_scenario2_5524df,1,running,1791452463.732117,2026-10-08T18:41:03.732+09:00,-35.65804374407341,94.970634628903,upper_failure,no_candidate,empty valid interval prefix,True,23.001594305038452,128,False
2,20261008_183952_scenario2_5524df,1,running,1791452464.2309165,2026-10-08T18:41:04.230+09:00,-35.666726357285064,94.99518817780698,upper_failure,no_candidate,empty valid interval prefix,True,23.50040555000305,129,False
2,20261008_183952_scenario2_5524df,1,running,1791452464.7308989,2026-10-08T18:41:04.730+09:00,-35.6665005430889,95.00899920264939,upper_failure,no_candidate,empty valid interval prefix,True,24.000802993774414,130,False
2,20261008_183952_scenario2_5524df,1,running,1791452465.2309234,2026-10-08T18:41:05.230+09:00,-35.669659108759205,95.02193350040271,upper_failure,no_candidate,empty valid interval prefix,True,24.499814748764038,131,False
2,20261008_183952_scenario2_5524df,1,running,1791452465.7309463,2026-10-08T18:41:05.730+09:00,-35.665284785650265,95.02845364860042,upper_failure,no_candidate,empty valid interval prefix,True,25.00091314315796,132,False
2,20261008_183952_scenario2_5524df,1,running,1791452466.230937,2026-10-08T18:41:06.230+09:00,-35.667556957970184,95.03507262363698,upper_failure,no_candidate,empty valid interval prefix,True,25.499732971191406,133,False
2,20261008_183952_scenario2_5524df,1,running,1791452466.7309508,2026-10-08T18:41:06.730+09:00,-35.661330927923906,95.03451484249419,upper_failure,no_candidate,empty valid interval prefix,True,25.999869346618652,134,False
2,20261008_183952_scenario2_5524df,1,running,1791452467.2309954,2026-10-08T18:41:07.230+09:00,-35.6606047577502,95.03689341141202,upper_failure,no_candidate,empty valid interval prefix,True,26.50011157989502,135,False
2,20261008_183952_scenario2_5524df,1,running,1791452467.7311642,2026-10-08T18:41:07.731+09:00,-35.65238418771862,95.03373725046075,upper_failure,no_candidate,empty valid interval prefix,True,27.001185178756714,136,False
2,20261008_183952_scenario2_5524df,1,running,1791452468.2309942,2026-10-08T18:41:08.230+09:00,-35.65164901342523,95.03165138734917,upper_failure,no_candidate,empty valid interval prefix,True,27.500906944274902,137,False
2,20261008_183952_scenario2_5524df,1,running,1791452468.7310221,2026-10-08T18:41:08.731+09:00,-35.64604463330215,95.02322965479242,upper_failure,no_candidate,empty valid interval prefix,True,28.000603675842285,138,False
2,20261008_183952_scenario2_5524df,1,running,1791452469.2310598,2026-10-08T18:41:09.231+09:00,-35.64718023428292,95.01781707914995,upper_failure,no_candidate,empty valid interval prefix,True,28.500399351119995,139,False
2,20261008_183952_scenario2_5524df,1,running,1791452469.731096,2026-10-08T18:41:09.731+09:00,-35.64055007056246,95.00802539129886,upper_failure,no_candidate,empty valid interval prefix,True,29.00044894218445,140,False
2,20261008_183952_scenario2_5524df,1,running,1791452470.2310715,2026-10-08T18:41:10.231+09:00,-35.641755057611405,95.00226242049908,upper_failure,no_candidate,empty valid interval prefix,True,29.500325679779053,141,False
2,20261008_183952_scenario2_5524df,1,running,1791452470.7312088,2026-10-08T18:41:10.731+09:00,-35.63577205576614,94.99022270396584,upper_failure,no_candidate,empty valid interval prefix,True,30.0014226436615,142,False
2,20261008_183952_scenario2_5524df,1,running,1791452471.231037,2026-10-08T18:41:11.231+09:00,-35.63448241103804,94.98669542500497,upper_failure,no_candidate,empty valid interval prefix,True,30.499672889709473,143,False
2,20261008_183952_scenario2_5524df,1,running,1791452471.7310793,2026-10-08T18:41:11.731+09:00,-35.627235276416634,94.97674435224265,upper_failure,no_candidate,empty valid interval prefix,True,31.000999212265015,144,False
2,20261008_183952_scenario2_5524df,1,running,1791452472.2311134,2026-10-08T18:41:12.231+09:00,-35.62533960730116,94.97021056493395,upper_failure,no_candidate,empty valid interval prefix,True,31.503227949142456,145,False
2,20261008_183952_scenario2_5524df,1,running,1791452472.7311413,2026-10-08T18:41:12.731+09:00,-35.61826699710907,94.96114990240268,upper_failure,no_candidate,empty valid interval prefix,True,32.001710176467896,146,False
2,20261008_183952_scenario2_5524df,1,running,1791452473.2312126,2026-10-08T18:41:13.231+09:00,-35.61925076092219,94.95575244426283,upper_failure,no_candidate,empty valid interval prefix,True,32.50088405609131,147,False
2,20261008_183952_scenario2_5524df,1,running,1791452473.7311676,2026-10-08T18:41:13.731+09:00,-35.61303214652656,94.94645954593571,upper_failure,no_candidate,empty valid interval prefix,True,33.00300097465515,148,False
2,20261008_183952_scenario2_5524df,1,running,1791452474.2313375,2026-10-08T18:41:14.231+09:00,-35.61318186517646,94.94291163218448,upper_failure,no_candidate,empty valid interval prefix,True,33.50124502182007,149,False
2,20261008_183952_scenario2_5524df,1,running,1791452474.7313006,2026-10-08T18:41:14.731+09:00,-35.60672763823047,94.9363655520635,upper_failure,no_candidate,empty valid interval prefix,True,34.00069284439087,150,False
2,20261008_183952_scenario2_5524df,1,running_end,1791452474.7411082,2026-10-08T18:41:14.741+09:00,-35.60672763823047,94.9363655520635,runner_stopped_10s,,runner termination criterion,,,,
2,20261008_183952_scenario2_5524df,1,coasting,1791452474.7804837,2026-10-08T18:41:14.780+09:00,-35.6069007503146,94.93490076479546,lower_mode_transition,3->4,goal or batch permission neutral,,,,
2,20261008_183952_scenario2_5524df,1,coasting,1791452475.2311869,2026-10-08T18:41:15.231+09:00,-35.60823771195987,94.9329275437576,upper_failure,no_candidate,empty valid interval prefix,True,34.499671936035156,151,False
2,20261008_183952_scenario2_5524df,1,coasting,1791452475.7312574,2026-10-08T18:41:15.731+09:00,-35.605363664226125,94.92494547701315,upper_failure,no_candidate,empty valid interval prefix,True,35.00101137161255,152,False
2,20261008_183952_scenario2_5524df,0,setup_or_other,1791452476.231331,2026-10-08T18:41:16.231+09:00,-35.609543600334455,94.92133978584893,upper_failure,no_candidate,empty valid interval prefix,True,35.5026159286499,153,False
2,20261008_183952_scenario2_5524df,0,setup_or_other,1791452476.7312763,2026-10-08T18:41:16.731+09:00,-35.60588564904499,94.91441715849254,upper_failure,no_candidate,empty valid interval prefix,True,36.0001323223114,154,False
2,20261008_183952_scenario2_5524df,0,setup_or_other,1791452477.2314615,2026-10-08T18:41:17.231+09:00,-252.78874479504347,93.54944017998322,upper_failure,solver_rejected,DAQP direct corridor QP infeasible: tried=1,True,36.500468254089355,155,True
2,20261008_183952_scenario2_5524df,2,running,1791452479.882922,2026-10-08T18:41:19.882+09:00,-252.79934886899284,93.52585853006983,lower_mode_transition,4->0,QP command,,,,
2,20261008_183952_scenario2_5524df,2,running,1791452519.232535,2026-10-08T18:41:59.232+09:00,-72.52551990412803,70.29080716476379,upper_failure,no_candidate,empty valid interval prefix,True,0.5014998912811279,239,False
2,20261008_183952_scenario2_5524df,2,running,1791452519.732482,2026-10-08T18:41:59.732+09:00,-70.16385368410184,70.92414132639522,upper_failure,no_candidate,empty valid interval prefix,True,1.0008654594421387,240,False
2,20261008_183952_scenario2_5524df,2,running,1791452520.2325618,2026-10-08T18:42:00.232+09:00,-67.96925774448214,71.90380840269063,upper_failure,no_candidate,empty valid interval prefix,True,1.501208782196045,241,False
2,20261008_183952_scenario2_5524df,2,running,1791452520.2821617,2026-10-08T18:42:00.282+09:00,-67.79534554685786,71.99373695176561,lower_mode_transition,0->3,neutral invalid/stale,,,,
2,20261008_183952_scenario2_5524df,2,running,1791452520.7325807,2026-10-08T18:42:00.732+09:00,-65.8056042412228,73.09153440959282,upper_failure,no_candidate,empty valid interval prefix,True,2.00089168548584,242,False
2,20261008_183952_scenario2_5524df,2,running,1791452521.2325315,2026-10-08T18:42:01.232+09:00,-63.7780222764083,74.2579903734408,upper_failure,no_candidate,empty valid interval prefix,True,2.500596523284912,243,False
2,20261008_183952_scenario2_5524df,2,running,1791452521.7326114,2026-10-08T18:42:01.732+09:00,-61.90390570803528,75.36839272887016,upper_failure,no_candidate,empty valid interval prefix,True,3.002718448638916,244,False
2,20261008_183952_scenario2_5524df,2,running,1791452522.232566,2026-10-08T18:42:02.232+09:00,-60.055966821165924,76.46921680040899,upper_failure,no_candidate,empty valid interval prefix,True,3.5006184577941895,245,False
2,20261008_183952_scenario2_5524df,2,running,1791452522.7325954,2026-10-08T18:42:02.732+09:00,-58.34945694901319,77.49657580289491,upper_failure,no_candidate,empty valid interval prefix,True,4.000827312469482,246,False
2,20261008_183952_scenario2_5524df,2,running,1791452523.232669,2026-10-08T18:42:03.232+09:00,-56.75943135737288,78.44809065861446,upper_failure,no_candidate,empty valid interval prefix,True,4.504328966140747,247,False
2,20261008_183952_scenario2_5524df,2,running,1791452523.7326646,2026-10-08T18:42:03.732+09:00,-55.19831808617689,79.3891922859813,upper_failure,solver_rejected,DAQP direct corridor QP infeasible: tried=2,True,5.00294828414917,248,True
2,20261008_183952_scenario2_5524df,2,running,1791452524.2329807,2026-10-08T18:42:04.232+09:00,-53.74480175212838,80.25830790417446,upper_failure,solver_rejected,DAQP direct corridor QP infeasible: tried=1,True,5.5020225048065186,249,True
2,20261008_183952_scenario2_5524df,2,running,1791452524.7326488,2026-10-08T18:42:04.732+09:00,-52.402779257371385,81.06912937763778,upper_failure,solver_rejected,DAQP direct corridor QP infeasible: tried=1,True,6.001254081726074,250,True
2,20261008_183952_scenario2_5524df,2,running,1791452525.2326925,2026-10-08T18:42:05.232+09:00,-51.0729880955285,81.86576850437542,upper_failure,solver_rejected,DAQP direct corridor QP infeasible: tried=2,True,6.5026209354400635,251,True
2,20261008_183952_scenario2_5524df,2,running,1791452525.7327743,2026-10-08T18:42:05.732+09:00,-49.84241265973268,82.61034157402932,upper_failure,solver_rejected,DAQP direct corridor QP infeasible: tried=1,True,7.0016889572143555,252,True
2,20261008_183952_scenario2_5524df,2,running,1791452526.2327235,2026-10-08T18:42:06.232+09:00,-48.694263646857216,83.30061034461691,upper_failure,solver_rejected,DAQP direct corridor QP infeasible: tried=1,True,7.50210976600647,253,True
2,20261008_183952_scenario2_5524df,2,running,1791452526.7327998,2026-10-08T18:42:06.732+09:00,-47.56688046483944,83.98427423846952,upper_failure,solver_rejected,DAQP direct corridor QP infeasible: tried=1,True,8.758749961853027,254,True
2,20261008_183952_scenario2_5524df,2,running,1791452527.4941037,2026-10-08T18:42:07.494+09:00,-47.56688046483944,83.98427423846952,upper_failure,solver_rejected,DAQP direct corridor QP infeasible: tried=1,True,8.766309022903442,255,True
2,20261008_183952_scenario2_5524df,2,running,1791452527.7328162,2026-10-08T18:42:07.732+09:00,-45.516468020796204,85.22066792249656,upper_failure,solver_rejected,DAQP direct corridor QP infeasible: tried=1,True,9.001970767974854,256,True
2,20261008_183952_scenario2_5524df,2,running,1791452528.232757,2026-10-08T18:42:08.232+09:00,-44.56747310107091,85.78725346608474,upper_failure,no_candidate,empty valid interval prefix,True,9.501170873641968,257,False
2,20261008_183952_scenario2_5524df,2,running,1791452528.7328277,2026-10-08T18:42:08.732+09:00,-43.693868189291074,86.31731774285616,upper_failure,no_candidate,empty valid interval prefix,True,10.001469135284424,258,False
2,20261008_183952_scenario2_5524df,2,running,1791452529.2328448,2026-10-08T18:42:09.232+09:00,-42.83033915274059,86.83621823747339,upper_failure,no_candidate,empty valid interval prefix,True,10.501542329788208,259,False
2,20261008_183952_scenario2_5524df,2,running,1791452529.732789,2026-10-08T18:42:09.732+09:00,-42.03674969972593,87.31994929963177,upper_failure,no_candidate,empty valid interval prefix,True,11.00160264968872,260,False
2,20261008_183952_scenario2_5524df,2,running,1791452530.2328396,2026-10-08T18:42:10.232+09:00,-41.29632050504933,87.76432603586561,upper_failure,no_candidate,empty valid interval prefix,True,11.501548051834106,261,False
2,20261008_183952_scenario2_5524df,2,running,1791452530.7328107,2026-10-08T18:42:10.732+09:00,-40.576132249668916,88.2037900179238,upper_failure,no_candidate,empty valid interval prefix,True,12.001075267791748,262,False
2,20261008_183952_scenario2_5524df,2,running,1791452531.2331188,2026-10-08T18:42:11.233+09:00,-39.908360195359336,88.6042010940379,upper_failure,no_candidate,empty valid interval prefix,True,12.502513885498047,263,False
2,20261008_183952_scenario2_5524df,2,running,1791452531.7332215,2026-10-08T18:42:11.733+09:00,-39.30308685039874,88.97596927739664,upper_failure,no_candidate,empty valid interval prefix,True,13.004021406173706,264,False
2,20261008_183952_scenario2_5524df,2,running,1791452532.2328966,2026-10-08T18:42:12.232+09:00,-38.707724372759934,89.33441753782711,upper_failure,no_candidate,empty valid interval prefix,True,13.501723527908325,265,False
2,20261008_183952_scenario2_5524df,2,running,1791452532.7329156,2026-10-08T18:42:12.732+09:00,-38.168809808664335,89.66621849025331,upper_failure,no_candidate,empty valid interval prefix,True,14.002435684204102,266,False
2,20261008_183952_scenario2_5524df,2,running,1791452533.232929,2026-10-08T18:42:13.232+09:00,-37.67304332999442,89.96598796826548,upper_failure,no_candidate,empty valid interval prefix,True,14.50160002708435,267,False
2,20261008_183952_scenario2_5524df,2,running,1791452533.7329173,2026-10-08T18:42:13.732+09:00,-37.20084632803147,90.25754867482573,upper_failure,no_candidate,empty valid interval prefix,True,15.001600742340088,268,False
2,20261008_183952_scenario2_5524df,2,running,1791452534.2329252,2026-10-08T18:42:14.232+09:00,-36.76466903760302,90.5188266040595,upper_failure,no_candidate,empty valid interval prefix,True,15.501616477966309,269,False
2,20261008_183952_scenario2_5524df,2,running,1791452534.7329667,2026-10-08T18:42:14.732+09:00,-36.378927005265474,90.75594554187253,upper_failure,no_candidate,empty valid interval prefix,True,16.001458883285522,270,False
2,20261008_183952_scenario2_5524df,2,running,1791452535.233,2026-10-08T18:42:15.233+09:00,-36.0052308427183,90.97716986375502,upper_failure,no_candidate,empty valid interval prefix,True,16.501688957214355,271,False
2,20261008_183952_scenario2_5524df,2,running,1791452535.732982,2026-10-08T18:42:15.732+09:00,-35.6808085701056,91.17708135929946,upper_failure,no_candidate,empty valid interval prefix,True,17.006322860717773,272,False
2,20261008_183952_scenario2_5524df,2,running,1791452536.2330496,2026-10-08T18:42:16.233+09:00,-35.391086906761615,91.34915451574558,upper_failure,no_candidate,empty valid interval prefix,True,17.501799821853638,273,False
2,20261008_183952_scenario2_5524df,2,running,1791452536.7332065,2026-10-08T18:42:16.733+09:00,-35.129320813814836,91.5115424836615,upper_failure,no_candidate,empty valid interval prefix,True,18.001634120941162,274,False
2,20261008_183952_scenario2_5524df,2,running,1791452537.2330265,2026-10-08T18:42:17.233+09:00,-34.898760983946154,91.64729489748272,upper_failure,no_candidate,empty valid interval prefix,True,18.500664472579956,275,False
2,20261008_183952_scenario2_5524df,2,running,1791452537.7329988,2026-10-08T18:42:17.732+09:00,-34.710067373048986,91.76449002664611,upper_failure,no_candidate,empty valid interval prefix,True,19.001466512680054,276,False
2,20261008_183952_scenario2_5524df,2,running,1791452538.2329924,2026-10-08T18:42:18.232+09:00,-34.54143211207265,91.8632055462639,upper_failure,no_candidate,empty valid interval prefix,True,19.501838207244873,277,False
2,20261008_183952_scenario2_5524df,2,running,1791452538.7330346,2026-10-08T18:42:18.733+09:00,-34.41873716282078,91.95011463815867,upper_failure,no_candidate,empty valid interval prefix,True,20.001468658447266,278,False
2,20261008_183952_scenario2_5524df,2,running,1791452539.2331161,2026-10-08T18:42:19.233+09:00,-34.33575510418508,92.0399239164197,upper_failure,no_candidate,empty valid interval prefix,True,20.501875638961792,279,False
2,20261008_183952_scenario2_5524df,2,running,1791452539.7331288,2026-10-08T18:42:19.733+09:00,-34.27960142150393,92.11090674394625,upper_failure,no_candidate,empty valid interval prefix,True,21.00169587135315,280,False
2,20261008_183952_scenario2_5524df,2,running,1791452540.2331934,2026-10-08T18:42:20.233+09:00,-34.25914647020762,92.16867958243698,upper_failure,no_candidate,empty valid interval prefix,True,21.502249240875244,281,False
2,20261008_183952_scenario2_5524df,2,running,1791452540.733199,2026-10-08T18:42:20.733+09:00,-34.267213532051606,92.19436798527636,upper_failure,no_candidate,empty valid interval prefix,True,22.002225875854492,282,False
2,20261008_183952_scenario2_5524df,2,running,1791452541.2330732,2026-10-08T18:42:21.233+09:00,-34.27782756494016,92.22465967124862,upper_failure,no_candidate,empty valid interval prefix,True,22.50165605545044,283,False
2,20261008_183952_scenario2_5524df,2,running,1791452541.7331603,2026-10-08T18:42:21.733+09:00,-34.28259669213612,92.24310004754948,upper_failure,no_candidate,empty valid interval prefix,True,23.00137209892273,284,False
2,20261008_183952_scenario2_5524df,2,running,1791452542.23318,2026-10-08T18:42:22.233+09:00,-34.28495348899824,92.26380439497585,upper_failure,no_candidate,empty valid interval prefix,True,23.501725673675537,285,False
2,20261008_183952_scenario2_5524df,2,running,1791452542.7333453,2026-10-08T18:42:22.733+09:00,-34.285195408867295,92.27503661167569,upper_failure,no_candidate,empty valid interval prefix,True,24.003013610839844,286,False
2,20261008_183952_scenario2_5524df,2,running,1791452543.2332249,2026-10-08T18:42:23.233+09:00,-34.287391070286766,92.28862909495727,upper_failure,no_candidate,empty valid interval prefix,True,24.50297522544861,287,False
2,20261008_183952_scenario2_5524df,2,running,1791452543.7332463,2026-10-08T18:42:23.733+09:00,-34.28648337129053,92.29248148749144,upper_failure,no_candidate,empty valid interval prefix,True,25.00188112258911,288,False
2,20261008_183952_scenario2_5524df,2,running,1791452544.2332058,2026-10-08T18:42:24.233+09:00,-34.28545861305131,92.30087734036312,upper_failure,no_candidate,empty valid interval prefix,True,25.501925230026245,289,False
2,20261008_183952_scenario2_5524df,2,running,1791452544.7337978,2026-10-08T18:42:24.733+09:00,-34.2815848984807,92.29815583100553,upper_failure,no_candidate,empty valid interval prefix,True,26.004541158676147,290,False
2,20261008_183952_scenario2_5524df,2,running,1791452545.2333179,2026-10-08T18:42:25.233+09:00,-34.280524270608524,92.30122904567686,upper_failure,no_candidate,empty valid interval prefix,True,26.502124309539795,291,False
2,20261008_183952_scenario2_5524df,2,running,1791452545.7333457,2026-10-08T18:42:25.733+09:00,-34.28036393603811,92.29405427303068,upper_failure,no_candidate,empty valid interval prefix,True,27.002235889434814,292,False
2,20261008_183952_scenario2_5524df,2,running,1791452546.2333758,2026-10-08T18:42:26.233+09:00,-34.28133590265772,92.29213097168196,upper_failure,no_candidate,empty valid interval prefix,True,27.502050638198853,293,False
2,20261008_183952_scenario2_5524df,2,running,1791452546.733293,2026-10-08T18:42:26.733+09:00,-34.27967654285537,92.28292741811748,upper_failure,no_candidate,empty valid interval prefix,True,28.00208616256714,294,False
2,20261008_183952_scenario2_5524df,2,running,1791452547.2332892,2026-10-08T18:42:27.233+09:00,-34.28110482753793,92.28120978542945,upper_failure,no_candidate,empty valid interval prefix,True,28.501326322555542,295,False
2,20261008_183952_scenario2_5524df,2,running,1791452547.73333,2026-10-08T18:42:27.733+09:00,-34.28026530635151,92.26924084415205,upper_failure,no_candidate,empty valid interval prefix,True,29.00181269645691,296,False
2,20261008_183952_scenario2_5524df,2,running,1791452548.2334242,2026-10-08T18:42:28.233+09:00,-34.27747921374331,92.26714016140674,upper_failure,no_candidate,empty valid interval prefix,True,29.502614736557007,297,False
2,20261008_183952_scenario2_5524df,2,running,1791452548.7333,2026-10-08T18:42:28.733+09:00,-34.27388416498994,92.25532119519546,upper_failure,no_candidate,empty valid interval prefix,True,30.00168490409851,298,False
2,20261008_183952_scenario2_5524df,2,running,1791452549.2340488,2026-10-08T18:42:29.234+09:00,-34.270323016663006,92.25014243365392,upper_failure,no_candidate,empty valid interval prefix,True,30.50132942199707,299,False
2,20261008_183952_scenario2_5524df,2,running,1791452549.733393,2026-10-08T18:42:29.733+09:00,-34.26614644998516,92.23864916326941,upper_failure,no_candidate,empty valid interval prefix,True,31.001896142959595,300,False
2,20261008_183952_scenario2_5524df,2,running_end,1791452549.738013,2026-10-08T18:42:29.738+09:00,-34.26614644998516,92.23864916326941,runner_stopped_10s,,runner termination criterion,,,,
2,20261008_183952_scenario2_5524df,2,coasting,1791452549.7826777,2026-10-08T18:42:29.782+09:00,-34.26676647572517,92.23762444980837,lower_mode_transition,3->4,goal or batch permission neutral,,,,
2,20261008_183952_scenario2_5524df,2,coasting,1791452550.233419,2026-10-08T18:42:30.233+09:00,-34.265350505640136,92.23488611507713,upper_failure,no_candidate,empty valid interval prefix,True,31.501455545425415,301,False
2,20261008_183952_scenario2_5524df,2,coasting,1791452550.7334213,2026-10-08T18:42:30.733+09:00,-34.26234381519935,92.22336702599331,upper_failure,no_candidate,empty valid interval prefix,True,32.00210475921631,302,False
2,20261008_183952_scenario2_5524df,0,setup_or_other,1791452551.2334216,2026-10-08T18:42:31.233+09:00,-34.260197836085226,92.2209895076844,upper_failure,no_candidate,empty valid interval prefix,True,32.502455711364746,303,False
2,20261008_183952_scenario2_5524df,0,setup_or_other,1791452551.733445,2026-10-08T18:42:31.733+09:00,-34.2559442537763,92.21089427256844,upper_failure,no_candidate,empty valid interval prefix,True,33.003556966781616,304,False
2,20261008_183952_scenario2_5524df,0,setup_or_other,1791452552.2334723,2026-10-08T18:42:32.233+09:00,-34.25469242477851,92.20805439668072,upper_failure,no_candidate,empty valid interval prefix,True,33.503124475479126,305,False
2,20261008_183952_scenario2_5524df,3,running,1791452555.0837111,2026-10-08T18:42:35.083+09:00,-252.81235453261044,93.53199352316771,lower_mode_transition,4->0,QP command,,,,
2,20261008_183952_scenario2_5524df,3,running,1791452594.7346697,2026-10-08T18:43:14.734+09:00,-73.7023648458337,70.76180819928888,upper_failure,no_candidate,empty valid interval prefix,True,0.49653172492980957,389,False
2,20261008_183952_scenario2_5524df,3,running,1791452595.2351618,2026-10-08T18:43:15.235+09:00,-71.29415010013115,71.14428116794618,upper_failure,no_candidate,empty valid interval prefix,True,0.9974839687347412,390,False
2,20261008_183952_scenario2_5524df,3,running,1791452595.7347555,2026-10-08T18:43:15.734+09:00,-68.78048263442383,71.35604778818443,upper_failure,no_candidate,empty valid interval prefix,True,1.4962098598480225,391,False
2,20261008_183952_scenario2_5524df,3,running,1791452595.7845094,2026-10-08T18:43:15.784+09:00,-68.48620019478454,71.37424228498563,lower_mode_transition,0->3,neutral invalid/stale,,,,
2,20261008_183952_scenario2_5524df,3,running,1791452596.2348359,2026-10-08T18:43:16.234+09:00,-66.32010613988211,71.45571720412411,upper_failure,no_candidate,empty valid interval prefix,True,1.9971208572387695,392,False
2,20261008_183952_scenario2_5524df,3,running,1791452596.7347848,2026-10-08T18:43:16.734+09:00,-63.932626056076884,71.52718753802809,upper_failure,no_candidate,empty valid interval prefix,True,2.4963014125823975,393,False
2,20261008_183952_scenario2_5524df,3,running,1791452597.234783,2026-10-08T18:43:17.234+09:00,-61.6474685813338,71.5784532254459,upper_failure,no_candidate,empty valid interval prefix,True,2.995805501937866,394,False
2,20261008_183952_scenario2_5524df,3,running,1791452597.7347739,2026-10-08T18:43:17.734+09:00,-59.530762298000376,71.62849346275021,upper_failure,solver_rejected,DAQP direct corridor QP infeasible: tried=1,True,3.496286153793335,395,True
2,20261008_183952_scenario2_5524df,3,running,1791452598.2347999,2026-10-08T18:43:18.234+09:00,-57.441461742215,71.66809893373122,upper_failure,solver_rejected,DAQP direct corridor QP infeasible: tried=1,True,3.9962401390075684,396,True
2,20261008_183952_scenario2_5524df,3,running,1791452598.7348204,2026-10-08T18:43:18.734+09:00,-55.512038850612136,71.71190611872707,upper_failure,solver_rejected,DAQP direct corridor QP infeasible: tried=2,True,4.495859861373901,397,True
2,20261008_183952_scenario2_5524df,3,running,1791452599.2861164,2026-10-08T18:43:19.286+09:00,-53.57822645011534,71.74872344297161,lower_mode_transition,3->0,QP command,,,,
2,20261008_183952_scenario2_5524df,3,running,1791452600.2350366,2026-10-08T18:43:20.235+09:00,-50.228379328466495,71.55652930677923,upper_failure,solver_rejected,DAQP direct corridor QP infeasible: tried=1,True,0.5004034042358398,400,True
2,20261008_183952_scenario2_5524df,3,running,1791452600.735008,2026-10-08T18:43:20.735+09:00,-48.39589283267915,71.06436412466333,upper_failure,solver_rejected,DAQP direct corridor QP infeasible: tried=4,True,1.0008649826049805,401,True
2,20261008_183952_scenario2_5524df,3,running,1791452601.735065,2026-10-08T18:43:21.735+09:00,-44.88812138742407,69.05956689695832,upper_failure,no_candidate,empty valid interval prefix,True,0.4988071918487549,403,False
2,20261008_183952_scenario2_5524df,3,running,1791452602.2349539,2026-10-08T18:43:22.234+09:00,-43.09024431312925,67.75101227088719,upper_failure,no_candidate,empty valid interval prefix,True,0.9990603923797607,404,False
2,20261008_183952_scenario2_5524df,3,running,1791452602.7349737,2026-10-08T18:43:22.734+09:00,-41.118921854454086,66.64921722271517,upper_failure,no_candidate,empty valid interval prefix,True,1.4997146129608154,405,False
2,20261008_183952_scenario2_5524df,3,running,1791452602.7843819,2026-10-08T18:43:22.784+09:00,-40.86564468584017,66.54114923005453,lower_mode_transition,0->3,neutral invalid/stale,,,,
2,20261008_183952_scenario2_5524df,3,running,1791452603.234919,2026-10-08T18:43:23.234+09:00,-38.99399435460416,65.83517040429071,upper_failure,no_candidate,empty valid interval prefix,True,1.9997656345367432,406,False
2,20261008_183952_scenario2_5524df,3,running,1791452603.7349885,2026-10-08T18:43:23.734+09:00,-36.77675410121011,65.115642993035,upper_failure,no_candidate,empty valid interval prefix,True,2.4990625381469727,407,False
2,20261008_183952_scenario2_5524df,3,running,1791452604.234957,2026-10-08T18:43:24.234+09:00,-34.72275124018815,64.47390009837004,upper_failure,no_candidate,empty valid interval prefix,True,2.998962879180908,408,False
2,20261008_183952_scenario2_5524df,3,running,1791452604.7350016,2026-10-08T18:43:24.735+09:00,-32.69301259195429,63.85743174770996,upper_failure,no_candidate,empty valid interval prefix,True,3.498915910720825,409,False
2,20261008_183952_scenario2_5524df,3,running,1791452605.2351537,2026-10-08T18:43:25.235+09:00,-30.846717289294656,63.29157785699711,upper_failure,no_candidate,empty valid interval prefix,True,3.999474287033081,410,False
2,20261008_183952_scenario2_5524df,3,running,1791452605.735026,2026-10-08T18:43:25.735+09:00,-29.02946894992779,62.742479722454476,upper_failure,no_candidate,empty valid interval prefix,True,4.499814748764038,411,False
2,20261008_183952_scenario2_5524df,3,running,1791452606.2350276,2026-10-08T18:43:26.235+09:00,-27.378739956260542,62.23704683078138,upper_failure,no_candidate,empty valid interval prefix,True,5.001576900482178,412,False
2,20261008_183952_scenario2_5524df,3,running,1791452606.7350597,2026-10-08T18:43:26.735+09:00,-25.78414375292894,61.7536199062676,upper_failure,no_candidate,empty valid interval prefix,True,5.499087333679199,413,False
2,20261008_183952_scenario2_5524df,3,running_end,1791452607.1356719,2026-10-08T18:43:27.135+09:00,-24.568724415940363,61.38131616788664,runner_off_route,,runner termination criterion,,,,
2,20261008_183952_scenario2_5524df,3,coasting,1791452607.1846368,2026-10-08T18:43:27.184+09:00,-24.449743799701793,61.34398215072762,lower_mode_transition,3->4,goal or batch permission neutral,,,,
2,20261008_183952_scenario2_5524df,3,coasting,1791452607.2350984,2026-10-08T18:43:27.235+09:00,-24.242620634816898,61.279979192404646,upper_failure,no_candidate,empty valid interval prefix,True,5.999403238296509,414,False
2,20261008_183952_scenario2_5524df,3,coasting,1791452607.735158,2026-10-08T18:43:27.735+09:00,-22.840255091278202,60.853293321242155,upper_failure,no_candidate,empty valid interval prefix,True,6.498992681503296,415,False
2,20261008_183952_scenario2_5524df,3,coasting,1791452608.235153,2026-10-08T18:43:28.235+09:00,-21.48392874924341,60.43449541223001,upper_failure,no_candidate,empty valid interval prefix,True,6.9981606006622314,416,False
2,20261008_183952_scenario2_5524df,3,coasting,1791452608.735128,2026-10-08T18:43:28.735+09:00,-20.20122767929348,60.044813089187045,upper_failure,no_candidate,empty valid interval prefix,True,7.499036550521851,417,False
2,20261008_183952_scenario2_5524df,3,coasting,1791452609.2355847,2026-10-08T18:43:29.235+09:00,-18.98477994846366,59.66907494578477,upper_failure,no_candidate,empty valid interval prefix,True,8.000130891799927,418,False
2,20261008_183952_scenario2_5524df,3,coasting,1791452609.7351642,2026-10-08T18:43:29.735+09:00,-17.80890648973632,59.31186695902596,upper_failure,solver_rejected,DAQP direct corridor QP infeasible: tried=6,True,8.499096155166626,419,True
2,20261008_183952_scenario2_5524df,3,coasting,1791452610.235273,2026-10-08T18:43:30.235+09:00,-16.738064795706343,58.98219345751038,upper_failure,solver_rejected,DAQP direct corridor QP infeasible: tried=1,True,9.001034498214722,420,True
2,20261008_183952_scenario2_5524df,3,coasting,1791452610.7351542,2026-10-08T18:43:30.735+09:00,-15.704445739095386,58.66818888345624,upper_failure,solver_rejected,DAQP direct corridor QP infeasible: tried=4,True,9.498387813568115,421,True
2,20261008_183952_scenario2_5524df,3,coasting,1791452611.2352622,2026-10-08T18:43:31.235+09:00,-14.70204163186956,58.35856813988123,upper_failure,solver_rejected,DAQP direct corridor QP infeasible: tried=6,True,9.998601198196411,422,True
2,20261008_183952_scenario2_5524df,3,coasting,1791452611.7353408,2026-10-08T18:43:31.735+09:00,-13.793966887909196,58.08244634483716,upper_failure,solver_rejected,DAQP direct corridor QP infeasible: tried=8,True,10.4989914894104,423,True
2,20261008_183952_scenario2_5524df,3,coasting,1791452612.235325,2026-10-08T18:43:32.235+09:00,-12.916888638843897,57.80852601068977,upper_failure,solver_rejected,DAQP direct corridor QP infeasible: tried=8,True,10.999793767929077,424,True
2,20261008_183952_scenario2_5524df,3,coasting,1791452612.7352653,2026-10-08T18:43:32.735+09:00,-12.074174681876526,57.55291049810363,upper_failure,solver_rejected,DAQP direct corridor QP infeasible: tried=2,True,11.498531818389893,425,True
2,20261008_183952_scenario2_5524df,3,coasting,1791452613.2352648,2026-10-08T18:43:33.235+09:00,-11.312176727179699,57.31648349784969,upper_failure,solver_rejected,DAQP direct corridor QP infeasible: tried=2,True,11.998502016067505,426,True
2,20261008_183952_scenario2_5524df,3,coasting,1791452613.735326,2026-10-08T18:43:33.735+09:00,-10.581050267006939,57.09556387983769,upper_failure,solver_rejected,DAQP direct corridor QP infeasible: tried=3,True,12.498744010925293,427,True
2,20261008_183952_scenario2_5524df,3,coasting,1791452614.2353883,2026-10-08T18:43:34.235+09:00,-9.89334880584972,56.88253919605899,upper_failure,solver_rejected,DAQP direct corridor QP infeasible: tried=3,True,12.998753547668457,428,True
2,20261008_183952_scenario2_5524df,3,coasting,1791452614.7353575,2026-10-08T18:43:34.735+09:00,-9.250037417627917,56.688805962268205,upper_failure,solver_rejected,DAQP direct corridor QP infeasible: tried=6,True,13.498898029327393,429,True
2,20261008_183952_scenario2_5524df,3,coasting,1791452615.235368,2026-10-08T18:43:35.235+09:00,-8.638941394376374,56.49943002176475,upper_failure,solver_rejected,DAQP direct corridor QP infeasible: tried=3,True,13.99872636795044,430,True
2,20261008_183952_scenario2_5524df,3,coasting,1791452615.7357204,2026-10-08T18:43:35.735+09:00,-8.095956866552532,56.33806893823729,upper_failure,solver_rejected,DAQP direct corridor QP infeasible: tried=2,True,14.499016761779785,431,True
2,20261008_183952_scenario2_5524df,3,coasting,1791452616.235295,2026-10-08T18:43:36.235+09:00,-7.58187191983247,56.17960123323908,upper_failure,solver_rejected,DAQP direct corridor QP infeasible: tried=2,True,14.997715950012207,432,True
2,20261008_183952_scenario2_5524df,3,coasting,1791452616.7353842,2026-10-08T18:43:36.735+09:00,-7.0985078844673515,56.036837608565385,upper_failure,solver_rejected,DAQP direct corridor QP infeasible: tried=12,True,15.498875379562378,433,True
2,20261008_183952_scenario2_5524df,3,coasting,1791452617.2355273,2026-10-08T18:43:37.235+09:00,-6.672758414939915,55.90651856950415,upper_failure,solver_rejected,DAQP direct corridor QP infeasible: tried=3,True,15.998988389968872,434,True
2,20261008_183952_scenario2_5524df,3,coasting,1791452617.7356849,2026-10-08T18:43:37.735+09:00,-6.278241505962679,55.790517839465565,upper_failure,solver_rejected,DAQP direct corridor QP infeasible: tried=2,True,16.499043941497803,435,True
2,20261008_183952_scenario2_5524df,3,coasting,1791452618.235347,2026-10-08T18:43:38.235+09:00,-5.9101449054021575,55.676798997844344,upper_failure,solver_rejected,DAQP direct corridor QP infeasible: tried=3,True,16.9979031085968,436,True
2,20261008_183952_scenario2_5524df,3,coasting,1791452618.7354465,2026-10-08T18:43:38.735+09:00,-5.596137134216376,55.584289466612105,upper_failure,solver_rejected,DAQP direct corridor QP infeasible: tried=3,True,17.498722553253174,437,True
2,20261008_183952_scenario2_5524df,3,coasting,1791452619.2355273,2026-10-08T18:43:39.235+09:00,-5.311035318513525,55.49329815280483,upper_failure,solver_rejected,DAQP direct corridor QP infeasible: tried=3,True,17.999783515930176,438,True
2,20261008_183952_scenario2_5524df,3,coasting,1791452619.735696,2026-10-08T18:43:39.735+09:00,-5.058944185858179,55.41976364318071,upper_failure,solver_rejected,DAQP direct corridor QP infeasible: tried=1,True,18.498901844024658,439,True
2,20261008_183952_scenario2_5524df,3,coasting,1791452620.2354803,2026-10-08T18:43:40.235+09:00,-4.8524762358351765,55.35445023484272,upper_failure,solver_rejected,DAQP direct corridor QP infeasible: tried=1,True,18.998761892318726,440,True
2,20261008_183952_scenario2_5524df,3,coasting,1791452620.7354355,2026-10-08T18:43:40.735+09:00,-4.673808931034188,55.30951207246908,upper_failure,solver_rejected,DAQP direct corridor QP infeasible: tried=3,True,19.498714685440063,441,True
2,20261008_183952_scenario2_5524df,3,coasting,1791452621.2354925,2026-10-08T18:43:41.235+09:00,-4.514102683274956,55.29740496021922,upper_failure,solver_rejected,DAQP direct corridor QP infeasible: tried=2,True,19.998821258544922,442,True
2,20261008_183952_scenario2_5524df,3,coasting,1791452621.735636,2026-10-08T18:43:41.735+09:00,-4.396572805438214,55.29212414115675,upper_failure,solver_rejected,DAQP direct corridor QP infeasible: tried=2,True,20.499103307724,443,True
2,20261008_183952_scenario2_5524df,3,coasting,1791452622.235632,2026-10-08T18:43:42.235+09:00,-4.3099080477464184,55.30372586544049,upper_failure,solver_rejected,DAQP direct corridor QP infeasible: tried=2,True,20.99906039237976,444,True
2,20261008_183952_scenario2_5524df,3,coasting,1791452622.7355263,2026-10-08T18:43:42.735+09:00,-4.264526577589421,55.31947972133087,upper_failure,solver_rejected,DAQP direct corridor QP infeasible: tried=4,True,21.498949766159058,445,True
2,20261008_183952_scenario2_5524df,0,setup_or_other,1791452623.2355423,2026-10-08T18:43:43.235+09:00,-4.252846043318161,55.347400648288314,upper_failure,solver_rejected,DAQP direct corridor QP infeasible: tried=3,True,21.999090909957886,446,True
2,20261008_183952_scenario2_5524df,0,setup_or_other,1791452623.735592,2026-10-08T18:43:43.735+09:00,-4.245096225739859,55.36539081670241,upper_failure,solver_rejected,DAQP direct corridor QP infeasible: tried=3,True,22.49901795387268,447,True
2,20261008_183952_scenario2_5524df,0,setup_or_other,1791452624.2355046,2026-10-08T18:43:44.235+09:00,-4.2327083504075045,55.38811587043141,upper_failure,solver_rejected,DAQP direct corridor QP infeasible: tried=3,True,22.998785972595215,448,True
2,20261008_183952_scenario2_5524df,4,running,1791452626.9858136,2026-10-08T18:43:46.985+09:00,-252.76552925461473,93.57397165613901,lower_mode_transition,4->0,QP command,,,,
2,20261008_183952_scenario2_5524df,4,running,1791452666.7368226,2026-10-08T18:44:26.736+09:00,-72.48529482458567,70.63514736350066,upper_failure,no_candidate,empty valid interval prefix,True,0.498913049697876,532,False
2,20261008_183952_scenario2_5524df,4,running,1791452667.2368453,2026-10-08T18:44:27.236+09:00,-70.12445897328386,71.36030857094994,upper_failure,no_candidate,empty valid interval prefix,True,0.9984016418457031,533,False
2,20261008_183952_scenario2_5524df,4,running,1791452667.7370374,2026-10-08T18:44:27.737+09:00,-67.82362973345195,72.34683655983699,upper_failure,no_candidate,empty valid interval prefix,True,1.4979908466339111,534,False
2,20261008_183952_scenario2_5524df,4,running,1791452667.7868345,2026-10-08T18:44:27.786+09:00,-67.55962194980526,72.47476520244926,lower_mode_transition,0->3,neutral invalid/stale,,,,
2,20261008_183952_scenario2_5524df,4,running,1791452668.236997,2026-10-08T18:44:28.236+09:00,-65.66562199458703,73.38565400130219,upper_failure,no_candidate,empty valid interval prefix,True,1.9981029033660889,535,False
2,20261008_183952_scenario2_5524df,4,running,1791452668.7368398,2026-10-08T18:44:28.736+09:00,-63.55563815049593,74.45006278251522,upper_failure,no_candidate,empty valid interval prefix,True,2.497087240219116,536,False
2,20261008_183952_scenario2_5524df,4,running,1791452669.2368782,2026-10-08T18:44:29.236+09:00,-61.54250735736563,75.4765661199112,upper_failure,no_candidate,empty valid interval prefix,True,2.9973201751708984,537,False
2,20261008_183952_scenario2_5524df,4,running,1791452669.736931,2026-10-08T18:44:29.736+09:00,-59.6450914668005,76.45872171615983,upper_failure,no_candidate,empty valid interval prefix,True,3.497511625289917,538,False
2,20261008_183952_scenario2_5524df,4,running,1791452670.2369382,2026-10-08T18:44:30.236+09:00,-57.805264298678956,77.40405111196823,upper_failure,no_candidate,empty valid interval prefix,True,3.9980289936065674,539,False
2,20261008_183952_scenario2_5524df,4,running,1791452670.7369754,2026-10-08T18:44:30.736+09:00,-56.14274715596627,78.265936469045,upper_failure,solver_rejected,DAQP direct corridor QP infeasible: tried=2,True,4.501817464828491,540,True
2,20261008_183952_scenario2_5524df,4,running,1791452671.2370737,2026-10-08T18:44:31.237+09:00,-54.528249478282895,79.0952084856577,upper_failure,solver_rejected,DAQP direct corridor QP infeasible: tried=2,True,4.998806476593018,541,True
2,20261008_183952_scenario2_5524df,4,running,1791452671.7369106,2026-10-08T18:44:31.736+09:00,-52.982451337163624,79.9003366457085,upper_failure,solver_rejected,DAQP direct corridor QP infeasible: tried=1,True,5.497236967086792,542,True
2,20261008_183952_scenario2_5524df,4,running,1791452672.2370167,2026-10-08T18:44:32.237+09:00,-51.5658426084041,80.6278433712876,upper_failure,solver_rejected,DAQP direct corridor QP infeasible: tried=1,True,5.998998165130615,543,True
2,20261008_183952_scenario2_5524df,4,running,1791452672.737119,2026-10-08T18:44:32.737+09:00,-50.17791873145599,81.3514463539766,upper_failure,solver_rejected,DAQP direct corridor QP infeasible: tried=1,True,6.498682975769043,544,True
2,20261008_183952_scenario2_5524df,4,running,1791452673.2369957,2026-10-08T18:44:33.236+09:00,-48.90616790344909,82.0085592707866,upper_failure,solver_rejected,DAQP direct corridor QP infeasible: tried=1,True,6.998489618301392,545,True
2,20261008_183952_scenario2_5524df,4,running,1791452673.737128,2026-10-08T18:44:33.737+09:00,-47.684542275807544,82.64729630795378,upper_failure,solver_rejected,DAQP direct corridor QP infeasible: tried=1,True,7.498988151550293,546,True
2,20261008_183952_scenario2_5524df,4,running,1791452674.2370343,2026-10-08T18:44:34.237+09:00,-46.4915277770625,83.26122173318987,upper_failure,no_candidate,empty valid interval prefix,True,7.998470783233643,547,False
2,20261008_183952_scenario2_5524df,4,running,1791452674.7370608,2026-10-08T18:44:34.737+09:00,-45.415062617802874,83.82315433028583,upper_failure,no_candidate,empty valid interval prefix,True,8.498269081115723,548,False
2,20261008_183952_scenario2_5524df,4,running,1791452675.2370632,2026-10-08T18:44:35.237+09:00,-44.36250246101079,84.3624114189841,upper_failure,no_candidate,empty valid interval prefix,True,8.998374938964844,549,False
2,20261008_183952_scenario2_5524df,4,running,1791452675.7370443,2026-10-08T18:44:35.737+09:00,-43.35728448919994,84.8875911599533,upper_failure,no_candidate,empty valid interval prefix,True,9.498743057250977,550,False
2,20261008_183952_scenario2_5524df,4,running,1791452676.2373235,2026-10-08T18:44:36.237+09:00,-42.43526642456473,85.36187462290741,upper_failure,no_candidate,empty valid interval prefix,True,9.999082803726196,551,False
2,20261008_183952_scenario2_5524df,4,running,1791452676.737856,2026-10-08T18:44:36.737+09:00,-41.554556674227555,85.82384545969265,upper_failure,no_candidate,empty valid interval prefix,True,10.500026941299438,552,False
2,20261008_183952_scenario2_5524df,4,running,1791452677.2373507,2026-10-08T18:44:37.237+09:00,-40.69618862782407,86.26542086780947,upper_failure,no_candidate,empty valid interval prefix,True,10.999133586883545,553,False
2,20261008_183952_scenario2_5524df,4,running,1791452677.7371004,2026-10-08T18:44:37.737+09:00,-39.9273028757422,86.66852321597526,upper_failure,no_candidate,empty valid interval prefix,True,11.498180627822876,554,False
2,20261008_183952_scenario2_5524df,4,running,1791452678.237241,2026-10-08T18:44:38.237+09:00,-39.17938381666739,87.05253738705613,upper_failure,no_candidate,empty valid interval prefix,True,12.000042915344238,555,False
2,20261008_183952_scenario2_5524df,4,running,1791452678.737165,2026-10-08T18:44:38.737+09:00,-38.4884482498875,87.41802758497789,upper_failure,no_candidate,empty valid interval prefix,True,12.498351573944092,556,False
2,20261008_183952_scenario2_5524df,4,running,1791452679.2371728,2026-10-08T18:44:39.237+09:00,-37.830658660735246,87.75650532515455,upper_failure,no_candidate,empty valid interval prefix,True,12.997470140457153,557,False
2,20261008_183952_scenario2_5524df,4,running,1791452679.7374544,2026-10-08T18:44:39.737+09:00,-37.223590665026876,88.0780071199893,upper_failure,no_candidate,empty valid interval prefix,True,13.498192548751831,558,False
2,20261008_183952_scenario2_5524df,4,running,1791452680.2372582,2026-10-08T18:44:40.237+09:00,-36.64910070526043,88.3765882778349,upper_failure,no_candidate,empty valid interval prefix,True,13.998254776000977,559,False
2,20261008_183952_scenario2_5524df,4,running,1791452680.7372675,2026-10-08T18:44:40.737+09:00,-36.11347698421376,88.66245571482023,upper_failure,no_candidate,empty valid interval prefix,True,14.498892545700073,560,False
2,20261008_183952_scenario2_5524df,4,running,1791452681.237239,2026-10-08T18:44:41.237+09:00,-35.623609114331806,88.91263567418737,upper_failure,no_candidate,empty valid interval prefix,True,14.998517274856567,561,False
2,20261008_183952_scenario2_5524df,4,running,1791452681.7373068,2026-10-08T18:44:41.737+09:00,-35.17203245235825,89.15145055351678,upper_failure,no_candidate,empty valid interval prefix,True,15.498646974563599,562,False
2,20261008_183952_scenario2_5524df,4,running,1791452682.2386672,2026-10-08T18:44:42.238+09:00,-34.737795394974114,89.37045873099727,upper_failure,no_candidate,empty valid interval prefix,True,16.000197649002075,563,False
2,20261008_183952_scenario2_5524df,4,running,1791452682.7373428,2026-10-08T18:44:42.737+09:00,-34.3672401332843,89.56642786635355,upper_failure,no_candidate,empty valid interval prefix,True,16.503273248672485,564,False
2,20261008_183952_scenario2_5524df,4,running,1791452683.2373555,2026-10-08T18:44:43.237+09:00,-34.01606143026466,89.74492626046379,upper_failure,no_candidate,empty valid interval prefix,True,16.999258756637573,565,False
2,20261008_183952_scenario2_5524df,4,running,1791452683.7373338,2026-10-08T18:44:43.737+09:00,-33.70347298693266,89.91243361493156,upper_failure,no_candidate,empty valid interval prefix,True,17.49903917312622,566,False
2,20261008_183952_scenario2_5524df,4,running,1791452684.2391496,2026-10-08T18:44:44.239+09:00,-33.426549436049804,90.05127065106285,upper_failure,no_candidate,empty valid interval prefix,True,18.00044584274292,567,False
2,20261008_183952_scenario2_5524df,4,running,1791452684.737424,2026-10-08T18:44:44.737+09:00,-33.18727445961245,90.17863019430588,upper_failure,no_candidate,empty valid interval prefix,True,18.49889898300171,568,False
2,20261008_183952_scenario2_5524df,4,running,1791452685.2377155,2026-10-08T18:44:45.237+09:00,-32.96989965112052,90.29051691055938,upper_failure,no_candidate,empty valid interval prefix,True,19.00197410583496,569,False
2,20261008_183952_scenario2_5524df,4,running,1791452685.7373857,2026-10-08T18:44:45.737+09:00,-32.805145011096116,90.39149583572328,upper_failure,no_candidate,empty valid interval prefix,True,19.498684883117676,570,False
2,20261008_183952_scenario2_5524df,4,running,1791452686.2374413,2026-10-08T18:44:46.237+09:00,-32.670781747243595,90.49704607811783,upper_failure,no_candidate,empty valid interval prefix,True,19.999929904937744,571,False
2,20261008_183952_scenario2_5524df,4,running,1791452686.7374635,2026-10-08T18:44:46.737+09:00,-32.57038639270299,90.58359405040248,upper_failure,no_candidate,empty valid interval prefix,True,20.49906325340271,572,False
2,20261008_183952_scenario2_5524df,4,running,1791452687.2374768,2026-10-08T18:44:47.237+09:00,-32.50445635996029,90.65759177311837,upper_failure,no_candidate,empty valid interval prefix,True,20.998923778533936,573,False
2,20261008_183952_scenario2_5524df,4,running,1791452687.737413,2026-10-08T18:44:47.737+09:00,-32.47102796090233,90.70511647874896,upper_failure,no_candidate,empty valid interval prefix,True,21.50267791748047,574,False
2,20261008_183952_scenario2_5524df,4,running,1791452688.2374384,2026-10-08T18:44:48.237+09:00,-32.46465028129069,90.73989824521281,upper_failure,no_candidate,empty valid interval prefix,True,21.998267650604248,575,False
2,20261008_183952_scenario2_5524df,4,running,1791452688.7374873,2026-10-08T18:44:48.737+09:00,-32.474472065429474,90.75378984111288,upper_failure,no_candidate,empty valid interval prefix,True,22.498703479766846,576,False
2,20261008_183952_scenario2_5524df,4,running,1791452689.2376115,2026-10-08T18:44:49.237+09:00,-32.47456382454172,90.7732690276212,upper_failure,no_candidate,empty valid interval prefix,True,22.999160051345825,577,False
2,20261008_183952_scenario2_5524df,4,running,1791452689.7374697,2026-10-08T18:44:49.737+09:00,-32.476422906210686,90.78349825395944,upper_failure,no_candidate,empty valid interval prefix,True,23.498103141784668,578,False
2,20261008_183952_scenario2_5524df,4,running,1791452690.2375345,2026-10-08T18:44:50.237+09:00,-32.4757885404772,90.79656946758776,upper_failure,no_candidate,empty valid interval prefix,True,23.99900484085083,579,False
2,20261008_183952_scenario2_5524df,4,running,1791452690.7375016,2026-10-08T18:44:50.737+09:00,-32.47669483751654,90.79965254449476,upper_failure,no_candidate,empty valid interval prefix,True,24.49898648262024,580,False
2,20261008_183952_scenario2_5524df,4,running,1791452691.2374687,2026-10-08T18:44:51.237+09:00,-32.47361746480694,90.80723281086105,upper_failure,no_candidate,empty valid interval prefix,True,24.999079942703247,581,False
2,20261008_183952_scenario2_5524df,4,running,1791452691.7375531,2026-10-08T18:44:51.737+09:00,-32.472311177709955,90.80412903933454,upper_failure,no_candidate,empty valid interval prefix,True,25.498778581619263,582,False
2,20261008_183952_scenario2_5524df,4,running,1791452692.2375836,2026-10-08T18:44:52.237+09:00,-32.4692328736025,90.80661945313024,upper_failure,no_candidate,empty valid interval prefix,True,26.001123189926147,583,False
2,20261008_183952_scenario2_5524df,4,running,1791452692.7376559,2026-10-08T18:44:52.737+09:00,-32.47186538425408,90.79978453078667,upper_failure,no_candidate,empty valid interval prefix,True,26.499372243881226,584,False
2,20261008_183952_scenario2_5524df,4,running,1791452693.2376316,2026-10-08T18:44:53.237+09:00,-32.47135463002445,90.79841696762604,upper_failure,no_candidate,empty valid interval prefix,True,26.999159574508667,585,False
2,20261008_183952_scenario2_5524df,4,running,1791452693.7377539,2026-10-08T18:44:53.737+09:00,-32.472705294710124,90.79005351256083,upper_failure,no_candidate,empty valid interval prefix,True,27.498964071273804,586,False
2,20261008_183952_scenario2_5524df,4,running,1791452694.2376697,2026-10-08T18:44:54.237+09:00,-32.472621708437146,90.7892389172081,upper_failure,no_candidate,empty valid interval prefix,True,27.998936414718628,587,False
2,20261008_183952_scenario2_5524df,4,running,1791452694.737636,2026-10-08T18:44:54.737+09:00,-32.474862097238855,90.77938477409747,upper_failure,no_candidate,empty valid interval prefix,True,28.502081155776978,588,False
2,20261008_183952_scenario2_5524df,4,running,1791452695.2395566,2026-10-08T18:44:55.239+09:00,-32.47072528087957,90.77690757406663,upper_failure,no_candidate,empty valid interval prefix,True,29.000789880752563,589,False
2,20261008_183952_scenario2_5524df,4,running,1791452695.7377548,2026-10-08T18:44:55.737+09:00,-32.470384967840054,90.76503393593926,upper_failure,no_candidate,empty valid interval prefix,True,29.498725414276123,590,False
2,20261008_183952_scenario2_5524df,4,running,1791452696.2377598,2026-10-08T18:44:56.237+09:00,-32.46515425102612,90.7601857457431,upper_failure,no_candidate,empty valid interval prefix,True,29.999329805374146,591,False
2,20261008_183952_scenario2_5524df,4,running,1791452696.7384472,2026-10-08T18:44:56.738+09:00,-32.4641719887157,90.74793895336111,upper_failure,no_candidate,empty valid interval prefix,True,30.500259160995483,592,False
2,20261008_183952_scenario2_5524df,4,running,1791452697.2376814,2026-10-08T18:44:57.237+09:00,-32.46180983124467,90.74430556706838,upper_failure,no_candidate,empty valid interval prefix,True,30.999165296554565,593,False
2,20261008_183952_scenario2_5524df,4,running_end,1791452697.337036,2026-10-08T18:44:57.337+09:00,-32.45997612210462,90.74074143210564,runner_stopped_10s,,runner termination criterion,,,,
2,20261008_183952_scenario2_5524df,4,coasting,1791452697.3881478,2026-10-08T18:44:57.388+09:00,-32.45979536060916,90.73884610480599,lower_mode_transition,3->4,goal or batch permission neutral,,,,
2,20261008_183952_scenario2_5524df,4,coasting,1791452697.7377622,2026-10-08T18:44:57.737+09:00,-32.46169412541307,90.73395232970465,upper_failure,no_candidate,empty valid interval prefix,True,31.49988579750061,594,False
2,20261008_183952_scenario2_5524df,4,coasting,1791452698.237769,2026-10-08T18:44:58.237+09:00,-32.45798721377833,90.73098513186517,upper_failure,no_candidate,empty valid interval prefix,True,31.99913215637207,595,False
2,20261008_183952_scenario2_5524df,0,setup_or_other,1791452698.7377758,2026-10-08T18:44:58.737+09:00,-32.456515217409454,90.72024972214811,upper_failure,no_candidate,empty valid interval prefix,True,32.49943208694458,596,False
2,20261008_183952_scenario2_5524df,0,setup_or_other,1791452699.2378554,2026-10-08T18:44:59.237+09:00,-32.453422392954636,90.71738414677901,upper_failure,no_candidate,empty valid interval prefix,True,32.99895763397217,597,False
2,20261008_183952_scenario2_5524df,0,setup_or_other,1791452699.7377555,2026-10-08T18:44:59.737+09:00,-32.45620481903688,90.70786539159262,upper_failure,no_candidate,empty valid interval prefix,True,33.49919080734253,598,False
2,20261008_183952_scenario2_5524df,5,running,1791452702.6885598,2026-10-08T18:45:02.688+09:00,-252.800997041883,93.5266445923513,lower_mode_transition,4->0,QP command,,,,
2,20261008_183952_scenario2_5524df,5,running,1791452742.739138,2026-10-08T18:45:42.739+09:00,-73.47814554322022,70.13733229607044,upper_failure,no_candidate,empty valid interval prefix,True,0.4976632595062256,684,False
2,20261008_183952_scenario2_5524df,5,running,1791452743.239076,2026-10-08T18:45:43.239+09:00,-71.05249571352277,70.50295381142026,upper_failure,no_candidate,empty valid interval prefix,True,0.9970107078552246,685,False
2,20261008_183952_scenario2_5524df,5,running,1791452743.7390618,2026-10-08T18:45:43.739+09:00,-68.69084158091789,71.13872641725744,upper_failure,no_candidate,empty valid interval prefix,True,1.497377634048462,686,False
2,20261008_183952_scenario2_5524df,5,running,1791452743.788872,2026-10-08T18:45:43.788+09:00,-68.36493242882598,71.24687498687193,lower_mode_transition,0->3,neutral invalid/stale,,,,
2,20261008_183952_scenario2_5524df,5,running,1791452744.2391424,2026-10-08T18:45:44.239+09:00,-66.3703992347815,71.90278072798858,upper_failure,no_candidate,empty valid interval prefix,True,1.9978909492492676,687,False
2,20261008_183952_scenario2_5524df,5,running,1791452744.7391267,2026-10-08T18:45:44.739+09:00,-64.14998537644048,72.68692856815593,upper_failure,no_candidate,empty valid interval prefix,True,2.4976134300231934,688,False
2,20261008_183952_scenario2_5524df,5,running,1791452745.2391346,2026-10-08T18:45:45.239+09:00,-62.02768872114111,73.43922985704945,upper_failure,no_candidate,empty valid interval prefix,True,2.9970664978027344,689,False
2,20261008_183952_scenario2_5524df,5,running,1791452745.7391255,2026-10-08T18:45:45.739+09:00,-60.03244787544916,74.16547389099703,upper_failure,no_candidate,empty valid interval prefix,True,3.498173952102661,690,False
2,20261008_183952_scenario2_5524df,5,running,1791452746.2391577,2026-10-08T18:45:46.239+09:00,-58.13479169968915,74.84772091209932,upper_failure,no_candidate,empty valid interval prefix,True,3.997062921524048,691,False
2,20261008_183952_scenario2_5524df,5,running,1791452746.739161,2026-10-08T18:45:46.739+09:00,-56.351771860182296,75.50015038530253,upper_failure,solver_rejected,DAQP direct corridor QP infeasible: tried=1,True,4.49847674369812,692,True
2,20261008_183952_scenario2_5524df,5,running,1791452747.2394378,2026-10-08T18:45:47.239+09:00,-54.65289195703169,76.10963537188303,upper_failure,solver_rejected,DAQP direct corridor QP infeasible: tried=2,True,4.999886751174927,693,True
2,20261008_183952_scenario2_5524df,5,running,1791452747.7392275,2026-10-08T18:45:47.739+09:00,-53.05676509323581,76.69193493521101,upper_failure,solver_rejected,DAQP direct corridor QP infeasible: tried=2,True,5.497845649719238,694,True
2,20261008_183952_scenario2_5524df,5,running,1791452748.2393045,2026-10-08T18:45:48.239+09:00,-51.53409055395878,77.23583792873657,upper_failure,solver_rejected,DAQP direct corridor QP infeasible: tried=1,True,5.997716426849365,695,True
2,20261008_183952_scenario2_5524df,5,running,1791452748.7392604,2026-10-08T18:45:48.739+09:00,-50.10499367648843,77.75975695579787,upper_failure,solver_rejected,DAQP direct corridor QP infeasible: tried=1,True,6.497970819473267,696,True
2,20261008_183952_scenario2_5524df,5,running,1791452749.2393723,2026-10-08T18:45:49.239+09:00,-48.738892848508016,78.24720077199639,upper_failure,solver_rejected,DAQP direct corridor QP infeasible: tried=1,True,6.998170375823975,697,True
2,20261008_183952_scenario2_5524df,5,running,1791452749.7393293,2026-10-08T18:45:49.739+09:00,-47.454582604204,78.71859968967208,upper_failure,solver_rejected,DAQP direct corridor QP infeasible: tried=1,True,7.497917413711548,698,True
2,20261008_183952_scenario2_5524df,5,running,1791452750.2393548,2026-10-08T18:45:50.239+09:00,-46.22613405414816,79.16099787273681,upper_failure,solver_rejected,DAQP direct corridor QP infeasible: tried=1,True,7.998121738433838,699,True
2,20261008_183952_scenario2_5524df,5,running,1791452750.7394917,2026-10-08T18:45:50.739+09:00,-45.07352781770483,79.58635105747145,upper_failure,solver_rejected,DAQP direct corridor QP infeasible: tried=1,True,8.498464584350586,700,True
2,20261008_183952_scenario2_5524df,5,running,1791452751.2393816,2026-10-08T18:45:51.239+09:00,-43.96792733643017,79.98096402048799,upper_failure,solver_rejected,DAQP direct corridor QP infeasible: tried=1,True,8.999568223953247,701,True
2,20261008_183952_scenario2_5524df,5,running,1791452751.7393644,2026-10-08T18:45:51.739+09:00,-42.933467268928204,80.36114277492018,upper_failure,solver_rejected,DAQP direct corridor QP infeasible: tried=1,True,9.498154640197754,702,True
2,20261008_183952_scenario2_5524df,5,running,1791452752.239542,2026-10-08T18:45:52.239+09:00,-41.94136319925659,80.71258397717037,upper_failure,no_candidate,empty valid interval prefix,True,9.998228311538696,703,False
2,20261008_183952_scenario2_5524df,5,running,1791452752.7394297,2026-10-08T18:45:52.739+09:00,-41.016412260174796,81.05265509279288,upper_failure,no_candidate,empty valid interval prefix,True,10.498170852661133,704,False
2,20261008_183952_scenario2_5524df,5,running,1791452753.2393935,2026-10-08T18:45:53.239+09:00,-40.13212297565013,81.36795998911396,upper_failure,no_candidate,empty valid interval prefix,True,10.997717380523682,705,False
2,20261008_183952_scenario2_5524df,5,running,1791452753.739411,2026-10-08T18:45:53.739+09:00,-39.30938007912657,81.67305579988103,upper_failure,no_candidate,empty valid interval prefix,True,11.500309467315674,706,False
2,20261008_183952_scenario2_5524df,5,running,1791452754.2399616,2026-10-08T18:45:54.239+09:00,-38.52237879286788,81.95311055021007,upper_failure,solver_rejected,DAQP direct corridor QP infeasible: tried=1,True,12.000861883163452,707,True
2,20261008_183952_scenario2_5524df,5,running,1791452754.7393954,2026-10-08T18:45:54.739+09:00,-37.79438491732442,82.22234645526969,upper_failure,solver_rejected,DAQP direct corridor QP infeasible: tried=1,True,12.498596429824829,708,True
2,20261008_183952_scenario2_5524df,5,running,1791452755.239385,2026-10-08T18:45:55.239+09:00,-37.047515794373346,82.4862393721081,upper_failure,solver_rejected,DAQP direct corridor QP infeasible: tried=1,True,12.99726939201355,709,True
2,20261008_183952_scenario2_5524df,5,running,1791452755.7394445,2026-10-08T18:45:55.739+09:00,-36.465163463687986,82.70663050679268,upper_failure,solver_rejected,DAQP direct corridor QP infeasible: tried=1,True,13.500578880310059,710,True
2,20261008_183952_scenario2_5524df,5,running,1791452756.2394512,2026-10-08T18:45:56.239+09:00,-35.860779239089574,82.92077089583024,upper_failure,no_candidate,empty valid interval prefix,True,13.998129844665527,711,False
2,20261008_183952_scenario2_5524df,5,running,1791452756.7394507,2026-10-08T18:45:56.739+09:00,-35.30916260959777,83.12885020159571,upper_failure,no_candidate,empty valid interval prefix,True,14.497493982315063,712,False
2,20261008_183952_scenario2_5524df,5,running,1791452757.239596,2026-10-08T18:45:57.239+09:00,-34.78709918859449,83.31718969750528,upper_failure,no_candidate,empty valid interval prefix,True,14.998279333114624,713,False
2,20261008_183952_scenario2_5524df,5,running,1791452757.7400045,2026-10-08T18:45:57.740+09:00,-34.31681185019064,83.49695723338463,upper_failure,no_candidate,empty valid interval prefix,True,15.500213861465454,714,False
2,20261008_183952_scenario2_5524df,5,running,1791452758.2394834,2026-10-08T18:45:58.239+09:00,-33.87149623790805,83.65333314130596,upper_failure,no_candidate,empty valid interval prefix,True,15.997116088867188,715,False
2,20261008_183952_scenario2_5524df,5,running,1791452758.7395413,2026-10-08T18:45:58.739+09:00,-33.47741249097093,83.80234011182368,upper_failure,solver_rejected,DAQP direct corridor QP infeasible: tried=1,True,16.498453855514526,716,True
2,20261008_183952_scenario2_5524df,5,running,1791452759.2395587,2026-10-08T18:45:59.239+09:00,-33.10727445582773,83.92884762584158,upper_failure,solver_rejected,DAQP direct corridor QP infeasible: tried=1,True,16.99862003326416,717,True
2,20261008_183952_scenario2_5524df,5,running,1791452759.7395842,2026-10-08T18:45:59.739+09:00,-32.78797903894204,84.04966808204229,upper_failure,solver_rejected,DAQP direct corridor QP infeasible: tried=1,True,17.49846649169922,718,True
2,20261008_183952_scenario2_5524df,5,running,1791452760.239607,2026-10-08T18:46:00.239+09:00,-32.493977074400405,84.15499016605432,upper_failure,solver_rejected,DAQP direct corridor QP infeasible: tried=1,True,17.998955488204956,719,True
2,20261008_183952_scenario2_5524df,5,running,1791452760.7396052,2026-10-08T18:46:00.739+09:00,-32.245369649912945,84.2606515193346,upper_failure,solver_rejected,DAQP direct corridor QP infeasible: tried=1,True,18.499478816986084,720,True
2,20261008_183952_scenario2_5524df,5,running,1791452761.2396743,2026-10-08T18:46:01.239+09:00,-32.02748699658066,84.3712751756115,upper_failure,solver_rejected,DAQP direct corridor QP infeasible: tried=2,True,18.998923540115356,721,True
2,20261008_183952_scenario2_5524df,5,running,1791452761.7396245,2026-10-08T18:46:01.739+09:00,-31.851961874727124,84.46607483165353,upper_failure,solver_rejected,DAQP direct corridor QP infeasible: tried=1,True,19.501362323760986,722,True
2,20261008_183952_scenario2_5524df,5,running,1791452762.2398381,2026-10-08T18:46:02.239+09:00,-31.70555007998441,84.55126597307087,upper_failure,solver_rejected,DAQP direct corridor QP infeasible: tried=1,True,19.99880576133728,723,True
2,20261008_183952_scenario2_5524df,5,running,1791452762.7396367,2026-10-08T18:46:02.739+09:00,-31.602642273956935,84.61855059145928,upper_failure,solver_rejected,DAQP direct corridor QP infeasible: tried=2,True,20.499232292175293,724,True
2,20261008_183952_scenario2_5524df,5,running,1791452763.239636,2026-10-08T18:46:03.239+09:00,-31.527569109003732,84.67256402750323,upper_failure,solver_rejected,DAQP direct corridor QP infeasible: tried=2,True,20.99985122680664,725,True
2,20261008_183952_scenario2_5524df,5,running,1791452763.739683,2026-10-08T18:46:03.739+09:00,-31.49202805338327,84.7078403038408,upper_failure,solver_rejected,DAQP direct corridor QP infeasible: tried=2,True,21.49857807159424,726,True
2,20261008_183952_scenario2_5524df,5,running,1791452764.2398632,2026-10-08T18:46:04.239+09:00,-31.48618934706347,84.73306849763732,upper_failure,solver_rejected,DAQP direct corridor QP infeasible: tried=1,True,21.99889850616455,727,True
2,20261008_183952_scenario2_5524df,5,running,1791452764.73974,2026-10-08T18:46:04.739+09:00,-31.49539126194346,84.74527620239486,upper_failure,solver_rejected,DAQP direct corridor QP infeasible: tried=1,True,22.498290538787842,728,True
2,20261008_183952_scenario2_5524df,5,running,1791452765.2396488,2026-10-08T18:46:05.239+09:00,-31.49103239779059,84.75788938845659,upper_failure,solver_rejected,DAQP direct corridor QP infeasible: tried=1,True,22.997150182724,729,True
2,20261008_183952_scenario2_5524df,5,running,1791452765.7397664,2026-10-08T18:46:05.739+09:00,-31.493420099129935,84.76240676026421,upper_failure,solver_rejected,DAQP direct corridor QP infeasible: tried=1,True,23.50282335281372,730,True
2,20261008_183952_scenario2_5524df,5,running,1791452766.2398546,2026-10-08T18:46:06.239+09:00,-31.486497982676866,84.76676296821744,upper_failure,solver_rejected,DAQP direct corridor QP infeasible: tried=1,True,23.999475955963135,731,True
2,20261008_183952_scenario2_5524df,5,running,1791452766.739714,2026-10-08T18:46:06.739+09:00,-31.48769952252838,84.76453814654818,upper_failure,solver_rejected,DAQP direct corridor QP infeasible: tried=1,True,24.498682260513306,732,True
2,20261008_183952_scenario2_5524df,5,running,1791452767.2398841,2026-10-08T18:46:07.239+09:00,-31.483085749785303,84.76590680679116,upper_failure,solver_rejected,DAQP direct corridor QP infeasible: tried=1,True,25.001300573349,733,True
2,20261008_183952_scenario2_5524df,5,running,1791452767.7397778,2026-10-08T18:46:07.739+09:00,-31.4848711602688,84.76115916574227,upper_failure,solver_rejected,DAQP direct corridor QP infeasible: tried=1,True,25.49845290184021,734,True
2,20261008_183952_scenario2_5524df,5,running,1791452768.2398393,2026-10-08T18:46:08.239+09:00,-31.479253385895092,84.75930527268375,upper_failure,solver_rejected,DAQP direct corridor QP infeasible: tried=1,True,25.999959468841553,735,True
2,20261008_183952_scenario2_5524df,5,running,1791452768.739844,2026-10-08T18:46:08.739+09:00,-31.480653192636748,84.75048146724941,upper_failure,solver_rejected,DAQP direct corridor QP infeasible: tried=1,True,26.498910665512085,736,True
2,20261008_183952_scenario2_5524df,5,running,1791452769.2399004,2026-10-08T18:46:09.239+09:00,-31.476286160502475,84.74532881097754,upper_failure,solver_rejected,DAQP direct corridor QP infeasible: tried=1,True,26.99892234802246,737,True
2,20261008_183952_scenario2_5524df,5,running,1791452769.7398334,2026-10-08T18:46:09.739+09:00,-31.481143733740815,84.7369730128853,upper_failure,solver_rejected,DAQP direct corridor QP infeasible: tried=1,True,27.498705625534058,738,True
2,20261008_183952_scenario2_5524df,5,running,1791452770.2398932,2026-10-08T18:46:10.239+09:00,-31.479458888604167,84.73104568795094,upper_failure,solver_rejected,DAQP direct corridor QP infeasible: tried=2,True,27.998876333236694,739,True
2,20261008_183952_scenario2_5524df,5,running,1791452770.7398634,2026-10-08T18:46:10.739+09:00,-31.483275018278192,84.72240456343903,upper_failure,solver_rejected,DAQP direct corridor QP infeasible: tried=2,True,28.498756885528564,740,True
2,20261008_183952_scenario2_5524df,5,running,1791452771.2399268,2026-10-08T18:46:11.239+09:00,-31.481215626621353,84.72048822476327,upper_failure,solver_rejected,DAQP direct corridor QP infeasible: tried=1,True,28.99875235557556,741,True
2,20261008_183952_scenario2_5524df,5,running,1791452771.7399437,2026-10-08T18:46:11.739+09:00,-31.485645756732136,84.71283088542174,upper_failure,solver_rejected,DAQP direct corridor QP infeasible: tried=1,True,29.499067783355713,742,True
2,20261008_183952_scenario2_5524df,5,running,1791452772.240058,2026-10-08T18:46:12.240+09:00,-31.481042236231524,84.70822153556729,upper_failure,solver_rejected,DAQP direct corridor QP infeasible: tried=1,True,29.99960470199585,743,True
2,20261008_183952_scenario2_5524df,5,running,1791452772.7399347,2026-10-08T18:46:12.739+09:00,-31.483891831645256,84.69849288738403,upper_failure,solver_rejected,DAQP direct corridor QP infeasible: tried=1,True,30.499516010284424,744,True
2,20261008_183952_scenario2_5524df,5,running_end,1791452773.1359768,2026-10-08T18:46:13.135+09:00,-31.48051043179105,84.69491946520144,runner_stopped_10s,,runner termination criterion,,,,
2,20261008_183952_scenario2_5524df,5,coasting,1791452773.1894205,2026-10-08T18:46:13.189+09:00,-31.478758769021816,84.69234341031647,lower_mode_transition,3->4,goal or batch permission neutral,,,,
2,20261008_183952_scenario2_5524df,5,coasting,1791452773.2400553,2026-10-08T18:46:13.240+09:00,-31.478150648812154,84.692291267815,upper_failure,solver_rejected,DAQP direct corridor QP infeasible: tried=1,True,30.999103307724,745,True
2,20261008_183952_scenario2_5524df,5,coasting,1791452773.7400494,2026-10-08T18:46:13.740+09:00,-31.480599236683695,84.68238121388039,upper_failure,solver_rejected,DAQP direct corridor QP infeasible: tried=1,True,31.50027632713318,746,True
2,20261008_183952_scenario2_5524df,5,coasting,1791452774.2398133,2026-10-08T18:46:14.239+09:00,-31.47705625776718,84.67854890086349,upper_failure,solver_rejected,DAQP direct corridor QP infeasible: tried=1,True,31.997122287750244,747,True
2,20261008_183952_scenario2_5524df,0,setup_or_other,1791452774.7399752,2026-10-08T18:46:14.739+09:00,-31.47977513259263,84.67091635760153,upper_failure,solver_rejected,DAQP direct corridor QP infeasible: tried=1,True,32.498063802719116,748,True
2,20261008_183952_scenario2_5524df,0,setup_or_other,1791452775.241068,2026-10-08T18:46:15.241+09:00,-31.475076876098964,84.66776910337535,upper_failure,solver_rejected,DAQP direct corridor QP infeasible: tried=2,True,32.999995470047,749,True
2,20261008_183952_scenario2_5524df,0,setup_or_other,1791452775.7400565,2026-10-08T18:46:15.740+09:00,-31.477142825778845,84.65932096290169,upper_failure,solver_rejected,DAQP direct corridor QP infeasible: tried=2,True,33.499943256378174,750,True
2,20261008_183952_scenario2_5524df,6,running,1791452778.4904816,2026-10-08T18:46:18.490+09:00,-252.80193094117314,93.5321248319465,lower_mode_transition,4->0,QP command,,,,
2,20261008_183952_scenario2_5524df,6,running,1791452818.7412841,2026-10-08T18:46:58.741+09:00,-74.39106081162159,70.65057943577378,upper_failure,no_candidate,empty valid interval prefix,True,0.4992403984069824,836,False
2,20261008_183952_scenario2_5524df,6,running,1791452819.241333,2026-10-08T18:46:59.241+09:00,-71.95581143203911,71.12534274670301,upper_failure,no_candidate,empty valid interval prefix,True,1.0034277439117432,837,False
2,20261008_183952_scenario2_5524df,6,running,1791452819.7413247,2026-10-08T18:46:59.741+09:00,-69.51346260684033,71.43955571229569,upper_failure,no_candidate,empty valid interval prefix,True,1.4990310668945312,838,False
2,20261008_183952_scenario2_5524df,6,running,1791452819.791274,2026-10-08T18:46:59.791+09:00,-69.17053697499797,71.4794808792284,lower_mode_transition,0->3,neutral invalid/stale,,,,
2,20261008_183952_scenario2_5524df,6,running,1791452820.2418845,2026-10-08T18:47:00.241+09:00,-67.06870626131747,71.668408854683,upper_failure,no_candidate,empty valid interval prefix,True,1.9995067119598389,839,False
2,20261008_183952_scenario2_5524df,6,running,1791452820.7418442,2026-10-08T18:47:00.741+09:00,-64.70416012221942,71.88052089559535,upper_failure,no_candidate,empty valid interval prefix,True,2.5000126361846924,840,False
2,20261008_183952_scenario2_5524df,6,running,1791452821.2413254,2026-10-08T18:47:01.241+09:00,-62.43720183376557,72.06124524969664,upper_failure,no_candidate,empty valid interval prefix,True,3.0009164810180664,841,False
2,20261008_183952_scenario2_5524df,6,running,1791452821.7421367,2026-10-08T18:47:01.742+09:00,-60.29884951148892,72.24108461061692,upper_failure,no_candidate,empty valid interval prefix,True,3.4995479583740234,842,False
2,20261008_183952_scenario2_5524df,6,running,1791452822.2415354,2026-10-08T18:47:02.241+09:00,-58.26445945796008,72.39624699031822,upper_failure,solver_rejected,DAQP direct corridor QP infeasible: tried=6,True,3.99934983253479,843,True
2,20261008_183952_scenario2_5524df,6,running,1791452822.742049,2026-10-08T18:47:02.742+09:00,-56.20294242221807,72.56974104338528,upper_failure,solver_rejected,DAQP direct corridor QP infeasible: tried=18,True,4.50037956237793,844,True
2,20261008_183952_scenario2_5524df,6,running,1791452823.241451,2026-10-08T18:47:03.241+09:00,-54.53382638889163,72.69401806297334,upper_failure,solver_rejected,DAQP direct corridor QP infeasible: tried=9,True,4.999195575714111,845,True
2,20261008_183952_scenario2_5524df,6,running,1791452823.7414398,2026-10-08T18:47:03.741+09:00,-52.82295490346073,72.83742062281583,upper_failure,solver_rejected,DAQP direct corridor QP infeasible: tried=1,True,5.5000128746032715,846,True
2,20261008_183952_scenario2_5524df,6,running,1791452824.2414162,2026-10-08T18:47:04.241+09:00,-51.06763815300215,72.96908624051778,upper_failure,solver_rejected,DAQP direct corridor QP infeasible: tried=1,True,6.000699996948242,847,True
2,20261008_183952_scenario2_5524df,6,running,1791452824.7427175,2026-10-08T18:47:04.742+09:00,-49.66079999321881,73.08687223820124,upper_failure,solver_rejected,DAQP direct corridor QP infeasible: tried=1,True,6.500307321548462,848,True
2,20261008_183952_scenario2_5524df,6,running,1791452825.241549,2026-10-08T18:47:05.241+09:00,-48.1997924695996,73.19416205597268,upper_failure,solver_rejected,DAQP direct corridor QP infeasible: tried=4,True,6.99969744682312,849,True
2,20261008_183952_scenario2_5524df,6,running,1791452825.741675,2026-10-08T18:47:05.741+09:00,-46.826690446975654,73.30932753847286,upper_failure,solver_rejected,DAQP direct corridor QP infeasible: tried=1,True,7.501014947891235,850,True
2,20261008_183952_scenario2_5524df,6,running,1791452826.241548,2026-10-08T18:47:06.241+09:00,-45.51691884415121,73.40414545025605,upper_failure,solver_rejected,DAQP direct corridor QP infeasible: tried=2,True,7.999938249588013,851,True
2,20261008_183952_scenario2_5524df,6,running,1791452826.7415266,2026-10-08T18:47:06.741+09:00,-44.28384439384705,73.50761943873574,upper_failure,solver_rejected,DAQP direct corridor QP infeasible: tried=1,True,8.50001049041748,852,True
2,20261008_183952_scenario2_5524df,6,running,1791452827.241627,2026-10-08T18:47:07.241+09:00,-43.10612517317068,73.5960403785552,upper_failure,solver_rejected,DAQP direct corridor QP infeasible: tried=1,True,9.000021696090698,853,True
2,20261008_183952_scenario2_5524df,6,running,1791452827.7416244,2026-10-08T18:47:07.741+09:00,-42.00084110052152,73.69038495179144,upper_failure,solver_rejected,DAQP direct corridor QP infeasible: tried=6,True,9.499768495559692,854,True
2,20261008_183952_scenario2_5524df,6,running,1791452828.241895,2026-10-08T18:47:08.241+09:00,-40.944640620616994,73.76555772787808,upper_failure,solver_rejected,DAQP direct corridor QP infeasible: tried=1,True,10.005862951278687,855,True
2,20261008_183952_scenario2_5524df,6,running,1791452828.7416296,2026-10-08T18:47:08.741+09:00,-39.95664608622078,73.84782971332564,upper_failure,solver_rejected,DAQP direct corridor QP infeasible: tried=1,True,10.500415802001953,856,True
2,20261008_183952_scenario2_5524df,6,running,1791452829.2416253,2026-10-08T18:47:09.241+09:00,-39.01251926371772,73.91186972915752,upper_failure,solver_rejected,DAQP direct corridor QP infeasible: tried=1,True,11.00137972831726,857,True
2,20261008_183952_scenario2_5524df,6,running,1791452829.7416868,2026-10-08T18:47:09.741+09:00,-38.064421257807815,73.99283453551766,upper_failure,solver_rejected,DAQP direct corridor QP infeasible: tried=4,True,11.500916719436646,858,True
2,20261008_183952_scenario2_5524df,6,running,1791452830.2415936,2026-10-08T18:47:10.241+09:00,-37.23095639448916,74.04711105761243,upper_failure,solver_rejected,DAQP direct corridor QP infeasible: tried=1,True,12.000108003616333,859,True
2,20261008_183952_scenario2_5524df,6,running,1791452830.741544,2026-10-08T18:47:10.741+09:00,-36.455536573721524,74.11719701344195,upper_failure,solver_rejected,DAQP direct corridor QP infeasible: tried=1,True,12.499682426452637,860,True
2,20261008_183952_scenario2_5524df,6,running,1791452831.2415648,2026-10-08T18:47:11.241+09:00,-35.718881786467996,74.1636031517884,upper_failure,solver_rejected,DAQP direct corridor QP infeasible: tried=1,True,12.99937391281128,861,True
2,20261008_183952_scenario2_5524df,6,running,1791452831.7416887,2026-10-08T18:47:11.741+09:00,-35.09214473351936,74.21844753727652,upper_failure,solver_rejected,DAQP direct corridor QP infeasible: tried=1,True,13.49979853630066,862,True
2,20261008_183952_scenario2_5524df,6,running,1791452832.2417428,2026-10-08T18:47:12.241+09:00,-34.44500468366498,74.26093756799366,upper_failure,solver_rejected,DAQP direct corridor QP infeasible: tried=1,True,14.001762628555298,863,True
2,20261008_183952_scenario2_5524df,6,running,1791452832.7415557,2026-10-08T18:47:12.741+09:00,-33.80772734948243,74.32108656672926,upper_failure,solver_rejected,DAQP direct corridor QP infeasible: tried=1,True,14.499668598175049,864,True
2,20261008_183952_scenario2_5524df,6,running,1791452833.2418325,2026-10-08T18:47:13.241+09:00,-33.29667178618992,74.35103359062391,upper_failure,solver_rejected,DAQP direct corridor QP infeasible: tried=1,True,15.00056266784668,865,True
2,20261008_183952_scenario2_5524df,6,running,1791452833.7417142,2026-10-08T18:47:13.741+09:00,-32.789959858463334,74.39809489656186,upper_failure,no_candidate,empty valid interval prefix,True,15.49970269203186,866,False
2,20261008_183952_scenario2_5524df,6,running,1791452834.241777,2026-10-08T18:47:14.241+09:00,-32.31437982126192,74.4323159078713,upper_failure,no_candidate,empty valid interval prefix,True,16.00003695487976,867,False
2,20261008_183952_scenario2_5524df,6,running,1791452834.7417748,2026-10-08T18:47:14.741+09:00,-31.889682939018428,74.47426196170652,upper_failure,no_candidate,empty valid interval prefix,True,16.499678134918213,868,False
2,20261008_183952_scenario2_5524df,6,running,1791452835.241799,2026-10-08T18:47:15.241+09:00,-31.49422167120432,74.49867843197583,upper_failure,no_candidate,empty valid interval prefix,True,17.00113606452942,869,False
2,20261008_183952_scenario2_5524df,6,running,1791452835.741793,2026-10-08T18:47:15.741+09:00,-31.122373430151658,74.53629929678507,upper_failure,no_candidate,empty valid interval prefix,True,17.503541946411133,870,False
2,20261008_183952_scenario2_5524df,6,running,1791452836.2423959,2026-10-08T18:47:16.242+09:00,-30.831216785911767,74.5477531699804,upper_failure,no_candidate,empty valid interval prefix,True,18.000826597213745,871,False
2,20261008_183952_scenario2_5524df,6,running,1791452836.741793,2026-10-08T18:47:16.741+09:00,-30.56337375057324,74.57410309671911,upper_failure,no_candidate,empty valid interval prefix,True,18.501445293426514,872,False
2,20261008_183952_scenario2_5524df,6,running,1791452837.2436152,2026-10-08T18:47:17.243+09:00,-30.32059716798873,74.6256637010156,upper_failure,no_candidate,empty valid interval prefix,True,19.00863528251648,873,False
2,20261008_183952_scenario2_5524df,6,running,1791452837.7432563,2026-10-08T18:47:17.743+09:00,-30.122808601908464,74.67492114822811,upper_failure,no_candidate,empty valid interval prefix,True,19.501777410507202,874,False
2,20261008_183952_scenario2_5524df,6,running,1791452838.2418811,2026-10-08T18:47:18.241+09:00,-29.94227269331051,74.72178413272331,upper_failure,no_candidate,empty valid interval prefix,True,20.000537395477295,875,False
2,20261008_183952_scenario2_5524df,6,running,1791452838.7419114,2026-10-08T18:47:18.741+09:00,-29.830290801973987,74.75679675566624,upper_failure,no_candidate,empty valid interval prefix,True,20.500162601470947,876,False
2,20261008_183952_scenario2_5524df,6,running,1791452839.2418694,2026-10-08T18:47:19.241+09:00,-29.730704355479,74.79015727145801,upper_failure,no_candidate,empty valid interval prefix,True,20.99989151954651,877,False
2,20261008_183952_scenario2_5524df,6,running,1791452839.7418344,2026-10-08T18:47:19.741+09:00,-29.68834659390369,74.81565934055409,upper_failure,no_candidate,empty valid interval prefix,True,21.500184535980225,878,False
2,20261008_183952_scenario2_5524df,6,running,1791452840.2418787,2026-10-08T18:47:20.241+09:00,-29.67175778218644,74.83479479679364,upper_failure,no_candidate,empty valid interval prefix,True,22.000457763671875,879,False
2,20261008_183952_scenario2_5524df,6,running,1791452840.74189,2026-10-08T18:47:20.741+09:00,-29.67733204498875,74.85213515372057,upper_failure,no_candidate,empty valid interval prefix,True,22.50257635116577,880,False
2,20261008_183952_scenario2_5524df,6,running,1791452841.2419446,2026-10-08T18:47:21.241+09:00,-29.6700141931625,74.8647641262139,upper_failure,no_candidate,empty valid interval prefix,True,22.99988317489624,881,False
2,20261008_183952_scenario2_5524df,6,running,1791452841.7419403,2026-10-08T18:47:21.741+09:00,-29.66970556324126,74.8754659113344,upper_failure,no_candidate,empty valid interval prefix,True,23.50056028366089,882,False
2,20261008_183952_scenario2_5524df,6,running,1791452842.2419713,2026-10-08T18:47:22.241+09:00,-29.66112034698828,74.87769992553413,upper_failure,no_candidate,empty valid interval prefix,True,24.000052213668823,883,False
2,20261008_183952_scenario2_5524df,6,running,1791452842.7419744,2026-10-08T18:47:22.741+09:00,-29.66190781647777,74.879073611151,upper_failure,no_candidate,empty valid interval prefix,True,24.500175952911377,884,False
2,20261008_183952_scenario2_5524df,6,running,1791452843.242228,2026-10-08T18:47:23.242+09:00,-29.65361339992725,74.87631781938286,upper_failure,no_candidate,empty valid interval prefix,True,25.000853538513184,885,False
2,20261008_183952_scenario2_5524df,6,running,1791452843.742722,2026-10-08T18:47:23.742+09:00,-29.655398122823144,74.87203231257952,upper_failure,no_candidate,empty valid interval prefix,True,25.501580953598022,886,False
2,20261008_183952_scenario2_5524df,6,running,1791452844.2420273,2026-10-08T18:47:24.242+09:00,-29.649953704905,74.86720884726151,upper_failure,no_candidate,empty valid interval prefix,True,26.001994609832764,887,False
2,20261008_183952_scenario2_5524df,6,running,1791452844.742013,2026-10-08T18:47:24.742+09:00,-29.652354346014498,74.86305162470647,upper_failure,no_candidate,empty valid interval prefix,True,26.500160217285156,888,False
2,20261008_183952_scenario2_5524df,6,running,1791452845.2421741,2026-10-08T18:47:25.242+09:00,-29.64659100936118,74.85634722891076,upper_failure,no_candidate,empty valid interval prefix,True,27.000051259994507,889,False
2,20261008_183952_scenario2_5524df,6,running,1791452845.7420626,2026-10-08T18:47:25.742+09:00,-29.650586838050085,74.8492863856628,upper_failure,no_candidate,empty valid interval prefix,True,27.499603033065796,890,False
2,20261008_183952_scenario2_5524df,6,running,1791452846.2420714,2026-10-08T18:47:26.242+09:00,-29.64704669909807,74.8401115895522,upper_failure,no_candidate,empty valid interval prefix,True,28.000463247299194,891,False
2,20261008_183952_scenario2_5524df,6,running,1791452846.7419815,2026-10-08T18:47:26.741+09:00,-29.65368379787143,74.83496175273082,upper_failure,no_candidate,empty valid interval prefix,True,28.50053572654724,892,False
2,20261008_183952_scenario2_5524df,6,running,1791452847.2422528,2026-10-08T18:47:27.242+09:00,-29.652623051254615,74.82669651058202,upper_failure,no_candidate,empty valid interval prefix,True,29.0042827129364,893,False
2,20261008_183952_scenario2_5524df,6,running,1791452847.7421522,2026-10-08T18:47:27.742+09:00,-29.658111593946128,74.82030947288561,upper_failure,no_candidate,empty valid interval prefix,True,29.500096082687378,894,False
2,20261008_183952_scenario2_5524df,6,running,1791452848.2421288,2026-10-08T18:47:28.242+09:00,-29.65550402738306,74.81616759594868,upper_failure,no_candidate,empty valid interval prefix,True,30.001002073287964,895,False
2,20261008_183952_scenario2_5524df,6,running,1791452848.7420907,2026-10-08T18:47:28.742+09:00,-29.660603825914972,74.81230038156933,upper_failure,no_candidate,empty valid interval prefix,True,30.500224351882935,896,False
2,20261008_183952_scenario2_5524df,6,running_end,1791452848.8372326,2026-10-08T18:47:28.837+09:00,-29.661196923324656,74.81493397884473,runner_stopped_10s,,runner termination criterion,,,,
2,20261008_183952_scenario2_5524df,6,coasting,1791452848.891522,2026-10-08T18:47:28.891+09:00,-29.660975949046616,74.81552303101785,lower_mode_transition,3->4,goal or batch permission neutral,,,,
2,20261008_183952_scenario2_5524df,6,coasting,1791452849.2421606,2026-10-08T18:47:29.242+09:00,-29.6571241465044,74.80465026610739,upper_failure,no_candidate,empty valid interval prefix,True,31.000991821289062,897,False
2,20261008_183952_scenario2_5524df,6,coasting,1791452849.7420979,2026-10-08T18:47:29.742+09:00,-29.66204513861546,74.79935468868162,upper_failure,no_candidate,empty valid interval prefix,True,31.50115656852722,898,False
2,20261008_183952_scenario2_5524df,0,setup_or_other,1791452850.2421842,2026-10-08T18:47:30.242+09:00,-29.657875780350718,74.78971617858002,upper_failure,no_candidate,empty valid interval prefix,True,32.00017285346985,899,False
2,20261008_183952_scenario2_5524df,0,setup_or_other,1791452850.7421906,2026-10-08T18:47:30.742+09:00,-29.662910282577865,74.78420230910014,upper_failure,no_candidate,empty valid interval prefix,True,32.49999737739563,900,False
2,20261008_183952_scenario2_5524df,0,setup_or_other,1791452851.2423046,2026-10-08T18:47:31.242+09:00,-29.659878751499335,74.77861124903042,upper_failure,no_candidate,empty valid interval prefix,True,33.00031900405884,901,False
2,20261008_183952_scenario2_5524df,7,running,1791452853.9926112,2026-10-08T18:47:33.992+09:00,-252.80039643693257,93.53303428649032,lower_mode_transition,4->0,QP command,,,,
2,20261008_183952_scenario2_5524df,7,running,1791452882.743112,2026-10-08T18:48:02.743+09:00,-130.96752729952632,54.06244526853236,upper_failure,solver_rejected,DAQP direct corridor QP infeasible: tried=16,True,0.4990959167480469,964,True
2,20261008_183952_scenario2_5524df,7,running,1791452888.7433178,2026-10-08T18:48:08.743+09:00,-109.86030130439003,36.39205516550195,upper_failure,solver_rejected,DAQP direct corridor QP infeasible: tried=1,True,0.4994189739227295,976,True
2,20261008_183952_scenario2_5524df,7,running_end,1791452890.035044,2026-10-08T18:48:10.035+09:00,-105.40911045504761,32.366795093355215,runner_off_route,,runner termination criterion,,,,
2,20261008_183952_scenario2_5524df,7,coasting,1791452890.092169,2026-10-08T18:48:10.092+09:00,-105.11068191958566,32.20967054030239,lower_mode_transition,0->4,goal or batch permission neutral,,,,
2,20261008_183952_scenario2_5524df,7,coasting,1791452892.2434223,2026-10-08T18:48:12.243+09:00,-96.22095530804195,28.83642946830838,upper_failure,solver_rejected,DAQP direct corridor QP infeasible: tried=1,True,0.49964451789855957,983,True
2,20261008_183952_scenario2_5524df,7,coasting,1791452892.7435055,2026-10-08T18:48:12.743+09:00,-94.45749137520129,28.245476552851326,upper_failure,solver_rejected,DAQP direct corridor QP infeasible: tried=1,True,1.0004806518554688,984,True
2,20261008_183952_scenario2_5524df,7,coasting,1791452893.2434654,2026-10-08T18:48:13.243+09:00,-92.71686086739852,27.646840157657746,upper_failure,solver_rejected,DAQP direct corridor QP infeasible: tried=1,True,1.5009551048278809,985,True
2,20261008_183952_scenario2_5524df,7,coasting,1791452893.7434914,2026-10-08T18:48:13.743+09:00,-91.10240288458887,27.10945248491184,upper_failure,solver_rejected,DAQP direct corridor QP infeasible: tried=1,True,2.001016855239868,986,True
2,20261008_183952_scenario2_5524df,7,coasting,1791452894.2434824,2026-10-08T18:48:14.243+09:00,-89.59995277284494,26.589928139310587,upper_failure,solver_rejected,DAQP direct corridor QP infeasible: tried=1,True,2.5009799003601074,987,True
2,20261008_183952_scenario2_5524df,7,coasting,1791452894.743501,2026-10-08T18:48:14.743+09:00,-88.1206137007481,26.09624720707006,upper_failure,solver_rejected,DAQP direct corridor QP infeasible: tried=1,True,3.000964403152466,988,True
2,20261008_183952_scenario2_5524df,7,coasting,1791452895.2436855,2026-10-08T18:48:15.243+09:00,-86.851283609358,25.65498409916889,upper_failure,solver_rejected,DAQP direct corridor QP infeasible: tried=1,True,3.501244068145752,989,True
2,20261008_183952_scenario2_5524df,7,coasting,1791452895.7435439,2026-10-08T18:48:15.743+09:00,-85.44078745417018,25.186234920405102,upper_failure,solver_rejected,DAQP direct corridor QP infeasible: tried=1,True,4.00096583366394,990,True
2,20261008_183952_scenario2_5524df,7,coasting,1791452896.2435532,2026-10-08T18:48:16.243+09:00,-84.22776230027213,24.76369874951373,upper_failure,solver_rejected,DAQP direct corridor QP infeasible: tried=1,True,4.501063108444214,991,True
2,20261008_183952_scenario2_5524df,7,coasting,1791452896.7436235,2026-10-08T18:48:16.743+09:00,-83.12155007172436,24.39660550517626,upper_failure,solver_rejected,DAQP direct corridor QP infeasible: tried=1,True,5.0013158321380615,992,True
2,20261008_183952_scenario2_5524df,7,coasting,1791452897.243628,2026-10-08T18:48:17.243+09:00,-81.91157963091818,23.98382258337918,upper_failure,solver_rejected,DAQP direct corridor QP infeasible: tried=1,True,5.501111745834351,993,True
2,20261008_183952_scenario2_5524df,7,coasting,1791452898.2435713,2026-10-08T18:48:18.243+09:00,-79.85195539968045,23.289966913868213,upper_failure,solver_rejected,DAQP direct corridor QP infeasible: tried=1,True,0.4994194507598877,995,True
2,20261008_183952_scenario2_5524df,7,coasting,1791452898.7436593,2026-10-08T18:48:18.743+09:00,-78.92417772363719,22.985962831464644,upper_failure,solver_rejected,DAQP direct corridor QP infeasible: tried=1,True,0.9995405673980713,996,True
2,20261008_183952_scenario2_5524df,7,coasting,1791452899.2436442,2026-10-08T18:48:19.243+09:00,-78.00846935465127,22.66676090352912,upper_failure,solver_rejected,DAQP direct corridor QP infeasible: tried=1,True,1.4985735416412354,997,True
2,20261008_183952_scenario2_5524df,7,coasting,1791452899.7436497,2026-10-08T18:48:19.743+09:00,-77.18103815751287,22.396839915904973,upper_failure,solver_rejected,DAQP direct corridor QP infeasible: tried=1,True,1.998537302017212,998,True
2,20261008_183952_scenario2_5524df,7,coasting,1791452900.2436638,2026-10-08T18:48:20.243+09:00,-76.36656020934393,22.115214116299548,upper_failure,solver_rejected,DAQP direct corridor QP infeasible: tried=1,True,2.4997904300689697,999,True
2,20261008_183952_scenario2_5524df,7,coasting,1791452901.243892,2026-10-08T18:48:21.243+09:00,-74.91195482759652,21.629067046390364,upper_failure,solver_rejected,DAQP direct corridor QP infeasible: tried=1,True,0.501685619354248,1001,True
2,20261008_183952_scenario2_5524df,7,coasting,1791452901.7437778,2026-10-08T18:48:21.743+09:00,-74.30605355182982,21.43321184117314,upper_failure,solver_rejected,DAQP direct corridor QP infeasible: tried=1,True,0.9998147487640381,1002,True
2,20261008_183952_scenario2_5524df,7,coasting,1791452902.2443435,2026-10-08T18:48:22.244+09:00,-73.64996677737133,21.20679108037041,upper_failure,solver_rejected,DAQP direct corridor QP infeasible: tried=1,True,1.5006110668182373,1003,True
2,20261008_183952_scenario2_5524df,7,coasting,1791452902.7437336,2026-10-08T18:48:22.743+09:00,-73.06704084011264,21.02443006376403,upper_failure,solver_rejected,DAQP direct corridor QP infeasible: tried=1,True,1.9999005794525146,1004,True
2,20261008_183952_scenario2_5524df,7,coasting,1791452903.2437983,2026-10-08T18:48:23.243+09:00,-72.5472488152278,20.84146541304326,upper_failure,solver_rejected,DAQP direct corridor QP infeasible: tried=1,True,2.499941110610962,1005,True
2,20261008_183952_scenario2_5524df,7,coasting,1791452904.2438505,2026-10-08T18:48:24.243+09:00,-71.59430301919038,20.53080261202386,upper_failure,solver_rejected,DAQP direct corridor QP infeasible: tried=1,True,0.5007293224334717,1007,True
2,20261008_183952_scenario2_5524df,7,coasting,1791452904.7438989,2026-10-08T18:48:24.743+09:00,-71.19095175741165,20.40849655736374,upper_failure,solver_rejected,DAQP direct corridor QP infeasible: tried=1,True,1.0023109912872314,1008,True
2,20261008_183952_scenario2_5524df,7,coasting,1791452905.243827,2026-10-08T18:48:25.243+09:00,-70.80801797358082,20.272226198192513,upper_failure,solver_rejected,DAQP direct corridor QP infeasible: tried=1,True,1.5003201961517334,1009,True
2,20261008_183952_scenario2_5524df,7,coasting,1791452905.743858,2026-10-08T18:48:25.743+09:00,-70.48006254708471,20.17218152480836,upper_failure,solver_rejected,DAQP direct corridor QP infeasible: tried=1,True,2.0016255378723145,1010,True
2,20261008_183952_scenario2_5524df,7,coasting,1791452906.2438767,2026-10-08T18:48:26.243+09:00,-70.17403265080006,20.059302139771077,upper_failure,solver_rejected,DAQP direct corridor QP infeasible: tried=1,True,2.502302646636963,1011,True
2,20261008_183952_scenario2_5524df,7,coasting,1791452906.7438965,2026-10-08T18:48:26.743+09:00,-69.91910202951914,19.98270222783507,upper_failure,solver_rejected,DAQP direct corridor QP infeasible: tried=1,True,3.000349521636963,1012,True
2,20261008_183952_scenario2_5524df,7,coasting,1791452907.2439601,2026-10-08T18:48:27.243+09:00,-69.68809320767215,19.897401135719413,upper_failure,solver_rejected,DAQP direct corridor QP infeasible: tried=1,True,3.5014243125915527,1013,True
2,20261008_183952_scenario2_5524df,7,coasting,1791452907.7439668,2026-10-08T18:48:27.743+09:00,-69.49950370350791,19.845173208372053,upper_failure,solver_rejected,DAQP direct corridor QP infeasible: tried=1,True,4.0004658699035645,1014,True
2,20261008_183952_scenario2_5524df,7,coasting,1791452908.7439134,2026-10-08T18:48:28.743+09:00,-69.23212266340158,19.754277247959788,upper_failure,solver_rejected,DAQP direct corridor QP infeasible: tried=1,True,0.4967973232269287,1016,True
2,20261008_183952_scenario2_5524df,7,coasting,1791452909.2442899,2026-10-08T18:48:29.244+09:00,-69.13210052014442,19.74995677307254,upper_failure,solver_rejected,DAQP direct corridor QP infeasible: tried=1,True,0.9981734752655029,1017,True
2,20261008_183952_scenario2_5524df,7,coasting,1791452909.743969,2026-10-08T18:48:29.743+09:00,-69.07276851543733,19.770359157201504,upper_failure,solver_rejected,DAQP direct corridor QP infeasible: tried=1,True,1.498014211654663,1018,True
2,20261008_183952_scenario2_5524df,0,setup_or_other,1791452910.2451177,2026-10-08T18:48:30.245+09:00,-69.04403303184428,19.79357656265514,upper_failure,solver_rejected,DAQP direct corridor QP infeasible: tried=1,True,2.0014357566833496,1019,True
2,20261008_183952_scenario2_5524df,0,setup_or_other,1791452910.7441728,2026-10-08T18:48:30.744+09:00,-69.03701888069753,19.82559405047684,upper_failure,solver_rejected,DAQP direct corridor QP infeasible: tried=1,True,2.4981894493103027,1020,True
2,20261008_183952_scenario2_5524df,0,setup_or_other,1791452911.2440767,2026-10-08T18:48:31.244+09:00,-69.01633924407396,19.854381204956148,upper_failure,solver_rejected,DAQP direct corridor QP infeasible: tried=1,True,2.9977409839630127,1021,True
2,20261008_183952_scenario2_5524df,8,running,1791452914.2949853,2026-10-08T18:48:34.294+09:00,-252.7421918652163,93.60089117207455,lower_mode_transition,4->0,QP command,,,,
2,20261008_183952_scenario2_5524df,8,running,1791452954.7453256,2026-10-08T18:49:14.745+09:00,-72.7018342506243,70.44292334337162,upper_failure,no_candidate,empty valid interval prefix,True,0.5008690357208252,1108,False
2,20261008_183952_scenario2_5524df,8,running,1791452955.245409,2026-10-08T18:49:15.245+09:00,-70.39885573764333,70.99649505557561,upper_failure,no_candidate,empty valid interval prefix,True,1.0006194114685059,1109,False
2,20261008_183952_scenario2_5524df,8,running,1791452955.7453568,2026-10-08T18:49:15.745+09:00,-68.19647393281907,71.98170372731236,upper_failure,no_candidate,empty valid interval prefix,True,1.5002341270446777,1110,False
2,20261008_183952_scenario2_5524df,8,running,1791452955.7968822,2026-10-08T18:49:15.796+09:00,-68.02572226835292,72.07440254646723,lower_mode_transition,0->3,neutral invalid/stale,,,,
2,20261008_183952_scenario2_5524df,8,running,1791452956.2453878,2026-10-08T18:49:16.245+09:00,-66.10337714591986,73.14600142384998,upper_failure,no_candidate,empty valid interval prefix,True,2.000950813293457,1111,False
2,20261008_183952_scenario2_5524df,8,running,1791452956.7456377,2026-10-08T18:49:16.745+09:00,-64.09766261160155,74.38752525276246,upper_failure,no_candidate,empty valid interval prefix,True,2.5007362365722656,1112,False
2,20261008_183952_scenario2_5524df,8,running,1791452957.2453482,2026-10-08T18:49:17.245+09:00,-62.26048747857132,75.53387006547834,upper_failure,no_candidate,empty valid interval prefix,True,2.9999566078186035,1113,False
2,20261008_183952_scenario2_5524df,8,running,1791452957.745371,2026-10-08T18:49:17.745+09:00,-60.471968783793514,76.69072954622372,upper_failure,no_candidate,empty valid interval prefix,True,3.4992752075195312,1114,False
2,20261008_183952_scenario2_5524df,8,running,1791452958.2454994,2026-10-08T18:49:18.245+09:00,-58.8315352124686,77.72856744902279,upper_failure,no_candidate,empty valid interval prefix,True,4.0006818771362305,1115,False
2,20261008_183952_scenario2_5524df,8,running,1791452958.7454562,2026-10-08T18:49:18.745+09:00,-57.26591833009374,78.74893110090117,upper_failure,no_candidate,empty valid interval prefix,True,4.499801397323608,1116,False
2,20261008_183952_scenario2_5524df,8,running,1791452959.2454212,2026-10-08T18:49:19.245+09:00,-55.76800606307395,79.69694968906099,upper_failure,solver_rejected,DAQP direct corridor QP infeasible: tried=8,True,4.999948978424072,1117,True
2,20261008_183952_scenario2_5524df,8,running,1791452959.7454126,2026-10-08T18:49:19.745+09:00,-54.36385370852523,80.61354417646102,upper_failure,solver_rejected,DAQP direct corridor QP infeasible: tried=2,True,5.500364303588867,1118,True
2,20261008_183952_scenario2_5524df,8,running,1791452960.245483,2026-10-08T18:49:20.245+09:00,-52.99073904124664,81.48574705512345,upper_failure,solver_rejected,DAQP direct corridor QP infeasible: tried=4,True,6.0017688274383545,1119,True
2,20261008_183952_scenario2_5524df,8,running,1791452960.7455134,2026-10-08T18:49:20.745+09:00,-51.755429144400715,82.2947431698775,upper_failure,solver_rejected,DAQP direct corridor QP infeasible: tried=3,True,6.500939607620239,1120,True
2,20261008_183952_scenario2_5524df,8,running,1791452961.2455566,2026-10-08T18:49:21.245+09:00,-50.54327541219278,83.06074145646986,upper_failure,solver_rejected,DAQP direct corridor QP infeasible: tried=1,True,7.000720262527466,1121,True
2,20261008_183952_scenario2_5524df,8,running,1791452961.7455053,2026-10-08T18:49:21.745+09:00,-49.4105211538063,83.80231944980214,upper_failure,solver_rejected,DAQP direct corridor QP infeasible: tried=1,True,7.50054669380188,1122,True
2,20261008_183952_scenario2_5524df,8,running,1791452962.245523,2026-10-08T18:49:22.245+09:00,-48.31862357719982,84.49019408654536,upper_failure,solver_rejected,DAQP direct corridor QP infeasible: tried=2,True,7.9994635581970215,1123,True
2,20261008_183952_scenario2_5524df,8,running,1791452962.7455714,2026-10-08T18:49:22.745+09:00,-47.30216622926584,85.15753668912227,upper_failure,solver_rejected,DAQP direct corridor QP infeasible: tried=1,True,8.501137018203735,1124,True
2,20261008_183952_scenario2_5524df,8,running,1791452963.2456753,2026-10-08T18:49:23.245+09:00,-46.32256331372065,85.77603980936955,upper_failure,solver_rejected,DAQP direct corridor QP infeasible: tried=1,True,9.001193284988403,1125,True
2,20261008_183952_scenario2_5524df,8,running,1791452963.745672,2026-10-08T18:49:23.745+09:00,-45.41125853746731,86.3780337825223,upper_failure,solver_rejected,DAQP direct corridor QP infeasible: tried=1,True,9.500780582427979,1126,True
2,20261008_183952_scenario2_5524df,8,running,1791452964.24561,2026-10-08T18:49:24.245+09:00,-44.51575584444338,86.94309013330802,upper_failure,solver_rejected,DAQP direct corridor QP infeasible: tried=1,True,10.00275206565857,1127,True
2,20261008_183952_scenario2_5524df,8,running,1791452964.745631,2026-10-08T18:49:24.745+09:00,-43.71953383521569,87.47067300850685,upper_failure,solver_rejected,DAQP direct corridor QP infeasible: tried=1,True,10.501925468444824,1128,True
2,20261008_183952_scenario2_5524df,8,running,1791452965.2456424,2026-10-08T18:49:25.245+09:00,-42.93572310460553,87.96339874411784,upper_failure,solver_rejected,DAQP direct corridor QP infeasible: tried=1,True,11.002307176589966,1129,True
2,20261008_183952_scenario2_5524df,8,running,1791452965.7456484,2026-10-08T18:49:25.745+09:00,-42.21497664999573,88.44469984335626,upper_failure,solver_rejected,DAQP direct corridor QP infeasible: tried=1,True,11.5013747215271,1130,True
2,20261008_183952_scenario2_5524df,8,running,1791452966.2456763,2026-10-08T18:49:26.245+09:00,-41.52081076170006,88.8801604323056,upper_failure,solver_rejected,DAQP direct corridor QP infeasible: tried=2,True,12.001273155212402,1131,True
2,20261008_183952_scenario2_5524df,8,running,1791452966.7457302,2026-10-08T18:49:26.745+09:00,-40.88343147435469,89.30801299687471,upper_failure,solver_rejected,DAQP direct corridor QP infeasible: tried=1,True,12.503162384033203,1132,True
2,20261008_183952_scenario2_5524df,8,running,1791452967.245648,2026-10-08T18:49:27.245+09:00,-40.25809054910865,89.7039245162925,upper_failure,solver_rejected,DAQP direct corridor QP infeasible: tried=1,True,13.00105595588684,1133,True
2,20261008_183952_scenario2_5524df,8,running,1791452967.7456973,2026-10-08T18:49:27.745+09:00,-39.71148189267318,90.07392006652002,upper_failure,no_candidate,empty valid interval prefix,True,13.500874042510986,1134,False
2,20261008_183952_scenario2_5524df,8,running,1791452968.2458043,2026-10-08T18:49:28.245+09:00,-39.16467171922272,90.41522290286548,upper_failure,no_candidate,empty valid interval prefix,True,14.000666618347168,1135,False
2,20261008_183952_scenario2_5524df,8,running,1791452968.7457378,2026-10-08T18:49:28.745+09:00,-38.692008683364435,90.73483700715009,upper_failure,no_candidate,empty valid interval prefix,True,14.500590801239014,1136,False
2,20261008_183952_scenario2_5524df,8,running,1791452969.2457268,2026-10-08T18:49:29.245+09:00,-38.22693360806235,91.02090872486231,upper_failure,no_candidate,empty valid interval prefix,True,15.001365184783936,1137,False
2,20261008_183952_scenario2_5524df,8,running,1791452969.7458344,2026-10-08T18:49:29.745+09:00,-37.81669390337914,91.29928640970977,upper_failure,no_candidate,empty valid interval prefix,True,15.503455877304077,1138,False
2,20261008_183952_scenario2_5524df,8,running,1791452970.2457147,2026-10-08T18:49:30.245+09:00,-37.424338871330455,91.54060444038751,upper_failure,no_candidate,empty valid interval prefix,True,16.001383066177368,1139,False
2,20261008_183952_scenario2_5524df,8,running,1791452970.745812,2026-10-08T18:49:30.745+09:00,-37.07600747116985,91.78111374431302,upper_failure,no_candidate,empty valid interval prefix,True,16.50160002708435,1140,False
2,20261008_183952_scenario2_5524df,8,running,1791452971.2457623,2026-10-08T18:49:31.245+09:00,-36.75741025755671,91.97353886424008,upper_failure,no_candidate,empty valid interval prefix,True,17.000674724578857,1141,False
2,20261008_183952_scenario2_5524df,8,running,1791452971.7458012,2026-10-08T18:49:31.745+09:00,-36.47818200413779,92.1681880880309,upper_failure,no_candidate,empty valid interval prefix,True,17.5021812915802,1142,False
2,20261008_183952_scenario2_5524df,8,running,1791452972.245849,2026-10-08T18:49:32.245+09:00,-36.225293101006734,92.31692507452422,upper_failure,no_candidate,empty valid interval prefix,True,18.001991987228394,1143,False
2,20261008_183952_scenario2_5524df,8,running,1791452972.7459235,2026-10-08T18:49:32.745+09:00,-36.01820872842692,92.46603153428096,upper_failure,no_candidate,empty valid interval prefix,True,18.501011848449707,1144,False
2,20261008_183952_scenario2_5524df,8,running,1791452973.2458594,2026-10-08T18:49:33.245+09:00,-35.826650623521594,92.57614155082663,upper_failure,no_candidate,empty valid interval prefix,True,19.001703023910522,1145,False
2,20261008_183952_scenario2_5524df,8,running,1791452973.7462597,2026-10-08T18:49:33.746+09:00,-35.68730943210264,92.68806448674992,upper_failure,no_candidate,empty valid interval prefix,True,19.508931159973145,1146,False
2,20261008_183952_scenario2_5524df,8,running,1791452974.24589,2026-10-08T18:49:34.245+09:00,-35.57359157760916,92.80081140429301,upper_failure,no_candidate,empty valid interval prefix,True,20.002500772476196,1147,False
2,20261008_183952_scenario2_5524df,8,running,1791452974.7459006,2026-10-08T18:49:34.745+09:00,-35.50065911374888,92.89473673783655,upper_failure,no_candidate,empty valid interval prefix,True,20.500914812088013,1148,False
2,20261008_183952_scenario2_5524df,8,running,1791452975.2459264,2026-10-08T18:49:35.245+09:00,-35.44647537364532,92.96526455994575,upper_failure,no_candidate,empty valid interval prefix,True,21.00084686279297,1149,False
2,20261008_183952_scenario2_5524df,8,running,1791452975.7459323,2026-10-08T18:49:35.745+09:00,-35.43076431122231,93.0139974179005,upper_failure,no_candidate,empty valid interval prefix,True,21.501044511795044,1150,False
2,20261008_183952_scenario2_5524df,8,running,1791452976.2460134,2026-10-08T18:49:36.246+09:00,-35.432921773052804,93.03712511402976,upper_failure,no_candidate,empty valid interval prefix,True,22.001370906829834,1151,False
2,20261008_183952_scenario2_5524df,8,running,1791452976.746019,2026-10-08T18:49:36.746+09:00,-35.4452230857668,93.05743139043176,upper_failure,no_candidate,empty valid interval prefix,True,22.501120805740356,1152,False
2,20261008_183952_scenario2_5524df,8,running,1791452977.245997,2026-10-08T18:49:37.245+09:00,-35.44485114992282,93.07418541470923,upper_failure,no_candidate,empty valid interval prefix,True,23.00157332420349,1153,False
2,20261008_183952_scenario2_5524df,8,running,1791452977.7460063,2026-10-08T18:49:37.746+09:00,-35.449246089072204,93.09090518087628,upper_failure,no_candidate,empty valid interval prefix,True,23.501648426055908,1154,False
2,20261008_183952_scenario2_5524df,8,running,1791452978.2460437,2026-10-08T18:49:38.246+09:00,-35.44418725014287,93.10033511048691,upper_failure,no_candidate,empty valid interval prefix,True,24.00104594230652,1155,False
2,20261008_183952_scenario2_5524df,8,running,1791452978.7460105,2026-10-08T18:49:38.746+09:00,-35.44727130811053,93.10798566692117,upper_failure,no_candidate,empty valid interval prefix,True,24.501639127731323,1156,False
2,20261008_183952_scenario2_5524df,8,running,1791452979.2460282,2026-10-08T18:49:39.246+09:00,-35.44171359090978,93.10932914270276,upper_failure,no_candidate,empty valid interval prefix,True,25.00156855583191,1157,False
2,20261008_183952_scenario2_5524df,8,running,1791452979.7460375,2026-10-08T18:49:39.746+09:00,-35.44550988484954,93.1119097096121,upper_failure,no_candidate,empty valid interval prefix,True,25.500539302825928,1158,False
2,20261008_183952_scenario2_5524df,8,running,1791452980.2461355,2026-10-08T18:49:40.246+09:00,-35.441321198989414,93.10714299443273,upper_failure,no_candidate,empty valid interval prefix,True,26.00212001800537,1159,False
2,20261008_183952_scenario2_5524df,8,running,1791452980.7461019,2026-10-08T18:49:40.746+09:00,-35.442934795167666,93.1065726288739,upper_failure,no_candidate,empty valid interval prefix,True,26.501375675201416,1160,False
2,20261008_183952_scenario2_5524df,8,running,1791452981.246043,2026-10-08T18:49:41.246+09:00,-35.43647302999563,93.1034774566373,upper_failure,no_candidate,empty valid interval prefix,True,27.000804662704468,1161,False
2,20261008_183952_scenario2_5524df,8,running,1791452981.7465327,2026-10-08T18:49:41.746+09:00,-35.43728134267642,93.10177189530506,upper_failure,no_candidate,empty valid interval prefix,True,27.501837730407715,1162,False
2,20261008_183952_scenario2_5524df,8,running,1791452982.2465785,2026-10-08T18:49:42.246+09:00,-35.429843301292486,93.09310464448463,upper_failure,no_candidate,empty valid interval prefix,True,28.002427339553833,1163,False
2,20261008_183952_scenario2_5524df,8,running,1791452982.7463837,2026-10-08T18:49:42.746+09:00,-35.43045643137257,93.08751098387268,upper_failure,no_candidate,empty valid interval prefix,True,28.502230644226074,1164,False
2,20261008_183952_scenario2_5524df,8,running,1791452983.2462373,2026-10-08T18:49:43.246+09:00,-35.420994931416615,93.0776242940021,upper_failure,no_candidate,empty valid interval prefix,True,29.00159001350403,1165,False
2,20261008_183952_scenario2_5524df,8,running,1791452983.7461698,2026-10-08T18:49:43.746+09:00,-35.42183349235033,93.06968843492794,upper_failure,no_candidate,empty valid interval prefix,True,29.501792192459106,1166,False
2,20261008_183952_scenario2_5524df,8,running,1791452984.2461772,2026-10-08T18:49:44.246+09:00,-35.41502940033122,93.06049927822819,upper_failure,no_candidate,empty valid interval prefix,True,30.000886917114258,1167,False
2,20261008_183952_scenario2_5524df,8,running_end,1791452984.4427564,2026-10-08T18:49:44.442+09:00,-35.41612093081617,93.05514053555486,runner_stopped_10s,,runner termination criterion,,,,
2,20261008_183952_scenario2_5524df,8,coasting,1791452984.4956005,2026-10-08T18:49:44.495+09:00,-35.41692352654849,93.05633670727612,lower_mode_transition,3->4,goal or batch permission neutral,,,,
2,20261008_183952_scenario2_5524df,8,coasting,1791452984.7460973,2026-10-08T18:49:44.746+09:00,-35.415414753210726,93.05452901086854,upper_failure,no_candidate,empty valid interval prefix,True,30.501353979110718,1168,False
2,20261008_183952_scenario2_5524df,8,coasting,1791452985.2461607,2026-10-08T18:49:45.246+09:00,-35.40797402406165,93.04592273599596,upper_failure,no_candidate,empty valid interval prefix,True,31.001049518585205,1169,False
2,20261008_183952_scenario2_5524df,0,setup_or_other,1791452985.7462342,2026-10-08T18:49:45.746+09:00,-35.409751915331675,93.03885305646011,upper_failure,no_candidate,empty valid interval prefix,True,31.500941038131714,1170,False
2,20261008_183952_scenario2_5524df,0,setup_or_other,1791452986.246234,2026-10-08T18:49:46.246+09:00,-35.403587148207684,93.02902004198536,upper_failure,no_candidate,empty valid interval prefix,True,32.001482248306274,1171,False
2,20261008_183952_scenario2_5524df,0,setup_or_other,1791452986.7463183,2026-10-08T18:49:46.746+09:00,-35.40774225879373,93.02346031985584,upper_failure,no_candidate,empty valid interval prefix,True,32.501328229904175,1172,False
2,20261008_183952_scenario2_5524df,9,running,1791452989.5967176,2026-10-08T18:49:49.596+09:00,-252.80636000331995,93.51888118091559,lower_mode_transition,4->0,QP command,,,,
2,20261008_183952_scenario2_5524df,9,running,1791453030.7476187,2026-10-08T18:50:30.747+09:00,-72.1068009527212,70.92540455560851,upper_failure,no_candidate,empty valid interval prefix,True,0.5003583431243896,1259,False
2,20261008_183952_scenario2_5524df,9,running,1791453031.247576,2026-10-08T18:50:31.247+09:00,-69.73780597765155,71.6204317573924,upper_failure,no_candidate,empty valid interval prefix,True,1.000291347503662,1260,False
2,20261008_183952_scenario2_5524df,9,running,1791453031.7476373,2026-10-08T18:50:31.747+09:00,-67.60989183123625,72.67673180131827,upper_failure,no_candidate,empty valid interval prefix,True,1.4991326332092285,1261,False
2,20261008_183952_scenario2_5524df,9,running,1791453031.7977,2026-10-08T18:50:31.797+09:00,-67.44019679171709,72.77411835186702,lower_mode_transition,0->3,neutral invalid/stale,,,,
2,20261008_183952_scenario2_5524df,9,running,1791453032.247714,2026-10-08T18:50:32.247+09:00,-65.54245319929407,73.88872185172245,upper_failure,no_candidate,empty valid interval prefix,True,1.9991438388824463,1262,False
2,20261008_183952_scenario2_5524df,9,running,1791453032.7476406,2026-10-08T18:50:32.747+09:00,-63.59839670116202,75.14225460074044,upper_failure,no_candidate,empty valid interval prefix,True,2.4991183280944824,1263,False
2,20261008_183952_scenario2_5524df,9,running,1791453033.2476683,2026-10-08T18:50:33.247+09:00,-61.74796898050853,76.34117805128965,upper_failure,no_candidate,empty valid interval prefix,True,2.998905658721924,1264,False
2,20261008_183952_scenario2_5524df,9,running,1791453033.747647,2026-10-08T18:50:33.747+09:00,-59.97638842217472,77.52544053550368,upper_failure,no_candidate,empty valid interval prefix,True,3.4988725185394287,1265,False
2,20261008_183952_scenario2_5524df,9,running,1791453034.2476711,2026-10-08T18:50:34.247+09:00,-58.35628681227995,78.58193400807458,upper_failure,no_candidate,empty valid interval prefix,True,3.998157024383545,1266,False
2,20261008_183952_scenario2_5524df,9,running,1791453034.7478335,2026-10-08T18:50:34.747+09:00,-56.77547216753882,79.64288935492903,upper_failure,solver_rejected,DAQP direct corridor QP infeasible: tried=2,True,4.500156879425049,1267,True
2,20261008_183952_scenario2_5524df,9,running,1791453035.2476676,2026-10-08T18:50:35.247+09:00,-55.32578294992273,80.58585967767,upper_failure,solver_rejected,DAQP direct corridor QP infeasible: tried=4,True,4.99946928024292,1268,True
2,20261008_183952_scenario2_5524df,9,running,1791453035.7477999,2026-10-08T18:50:35.747+09:00,-53.93790000350146,81.51931502498704,upper_failure,solver_rejected,DAQP direct corridor QP infeasible: tried=2,True,5.499346971511841,1269,True
2,20261008_183952_scenario2_5524df,9,running,1791453036.2477732,2026-10-08T18:50:36.247+09:00,-52.610897263111326,82.38142301674664,upper_failure,solver_rejected,DAQP direct corridor QP infeasible: tried=4,True,6.0014894008636475,1270,True
2,20261008_183952_scenario2_5524df,9,running,1791453036.7477453,2026-10-08T18:50:36.747+09:00,-51.36244483312317,83.22196245184962,upper_failure,solver_rejected,DAQP direct corridor QP infeasible: tried=2,True,6.49991512298584,1271,True
2,20261008_183952_scenario2_5524df,9,running,1791453037.2479722,2026-10-08T18:50:37.247+09:00,-50.16449538547472,84.00001578774105,upper_failure,solver_rejected,DAQP direct corridor QP infeasible: tried=1,True,7.003838062286377,1272,True
2,20261008_183952_scenario2_5524df,9,running,1791453037.747748,2026-10-08T18:50:37.747+09:00,-49.040685126124025,84.75776442715348,upper_failure,solver_rejected,DAQP direct corridor QP infeasible: tried=2,True,7.49933648109436,1273,True
2,20261008_183952_scenario2_5524df,9,running,1791453038.2477667,2026-10-08T18:50:38.247+09:00,-47.964253580312864,85.4554219938898,upper_failure,solver_rejected,DAQP direct corridor QP infeasible: tried=1,True,7.998173236846924,1274,True
2,20261008_183952_scenario2_5524df,9,running,1791453038.747832,2026-10-08T18:50:38.747+09:00,-46.956601191868444,86.1370316529057,upper_failure,solver_rejected,DAQP direct corridor QP infeasible: tried=1,True,8.500959873199463,1275,True
2,20261008_183952_scenario2_5524df,9,running,1791453039.2478142,2026-10-08T18:50:39.247+09:00,-45.98687026421989,86.76238987078402,upper_failure,solver_rejected,DAQP direct corridor QP infeasible: tried=1,True,9.00009560585022,1276,True
2,20261008_183952_scenario2_5524df,9,running,1791453039.7477787,2026-10-08T18:50:39.747+09:00,-45.08457844642907,87.37507880246474,upper_failure,solver_rejected,DAQP direct corridor QP infeasible: tried=2,True,9.49804973602295,1277,True
2,20261008_183952_scenario2_5524df,9,running,1791453040.247868,2026-10-08T18:50:40.247+09:00,-44.217310748183166,87.93540191079921,upper_failure,solver_rejected,DAQP direct corridor QP infeasible: tried=1,True,9.99825119972229,1278,True
2,20261008_183952_scenario2_5524df,9,running,1791453040.7478836,2026-10-08T18:50:40.747+09:00,-43.40964739057362,88.48632408604911,upper_failure,solver_rejected,DAQP direct corridor QP infeasible: tried=1,True,10.498779535293579,1279,True
2,20261008_183952_scenario2_5524df,9,running,1791453041.2479043,2026-10-08T18:50:41.247+09:00,-42.63466616107333,88.98650407860454,upper_failure,solver_rejected,DAQP direct corridor QP infeasible: tried=1,True,11.00303053855896,1280,True
2,20261008_183952_scenario2_5524df,9,running,1791453041.7479146,2026-10-08T18:50:41.747+09:00,-41.91874844436863,89.47747356421723,upper_failure,solver_rejected,DAQP direct corridor QP infeasible: tried=2,True,11.498372316360474,1281,True
2,20261008_183952_scenario2_5524df,9,running,1791453042.247885,2026-10-08T18:50:42.247+09:00,-41.23213750916787,89.91897198830034,upper_failure,solver_rejected,DAQP direct corridor QP infeasible: tried=1,True,11.999585151672363,1282,True
2,20261008_183952_scenario2_5524df,9,running,1791453042.7480083,2026-10-08T18:50:42.748+09:00,-40.601736205365334,90.35510266846072,upper_failure,solver_rejected,DAQP direct corridor QP infeasible: tried=2,True,12.499733924865723,1283,True
2,20261008_183952_scenario2_5524df,9,running,1791453043.2479057,2026-10-08T18:50:43.247+09:00,-39.99939102862898,90.7416240414612,upper_failure,no_candidate,empty valid interval prefix,True,12.999446392059326,1284,False
2,20261008_183952_scenario2_5524df,9,running,1791453043.7480462,2026-10-08T18:50:43.748+09:00,-39.445893931800796,91.12626513816674,upper_failure,no_candidate,empty valid interval prefix,True,13.499752283096313,1285,False
2,20261008_183952_scenario2_5524df,9,running,1791453044.247916,2026-10-08T18:50:44.247+09:00,-38.916488434045824,91.46657774590054,upper_failure,no_candidate,empty valid interval prefix,True,13.999253988265991,1286,False
2,20261008_183952_scenario2_5524df,9,running,1791453044.7479792,2026-10-08T18:50:44.747+09:00,-38.436426016892135,91.80212186535762,upper_failure,no_candidate,empty valid interval prefix,True,14.49977731704712,1287,False
2,20261008_183952_scenario2_5524df,9,running,1791453045.2479799,2026-10-08T18:50:45.247+09:00,-37.98130750661488,92.09181131080308,upper_failure,no_candidate,empty valid interval prefix,True,14.99961519241333,1288,False
2,20261008_183952_scenario2_5524df,9,running,1791453045.7480187,2026-10-08T18:50:45.748+09:00,-37.574119631697236,92.37812504803956,upper_failure,no_candidate,empty valid interval prefix,True,15.498504161834717,1289,False
2,20261008_183952_scenario2_5524df,9,running,1791453046.2480414,2026-10-08T18:50:46.248+09:00,-37.185629599419734,92.61994300672484,upper_failure,no_candidate,empty valid interval prefix,True,15.999865055084229,1290,False
2,20261008_183952_scenario2_5524df,9,running,1791453046.748117,2026-10-08T18:50:46.748+09:00,-36.84769220962165,92.85991421814633,upper_failure,no_candidate,empty valid interval prefix,True,16.499751329421997,1291,False
2,20261008_183952_scenario2_5524df,9,running,1791453047.2481472,2026-10-08T18:50:47.248+09:00,-36.52927834664685,93.05766130947251,upper_failure,no_candidate,empty valid interval prefix,True,17.000007390975952,1292,False
2,20261008_183952_scenario2_5524df,9,running,1791453047.7481945,2026-10-08T18:50:47.748+09:00,-36.255818119060834,93.25496824442482,upper_failure,no_candidate,empty valid interval prefix,True,17.500646591186523,1293,False
2,20261008_183952_scenario2_5524df,9,running,1791453048.248091,2026-10-08T18:50:48.248+09:00,-36.001712419541875,93.40953196136785,upper_failure,no_candidate,empty valid interval prefix,True,17.999307870864868,1294,False
2,20261008_183952_scenario2_5524df,9,running,1791453048.748154,2026-10-08T18:50:48.748+09:00,-35.794940966042766,93.56267954351313,upper_failure,no_candidate,empty valid interval prefix,True,18.50019860267639,1295,False
2,20261008_183952_scenario2_5524df,9,running,1791453049.2481377,2026-10-08T18:50:49.248+09:00,-35.606529304636375,93.67337905039015,upper_failure,no_candidate,empty valid interval prefix,True,19.00207829475403,1296,False
2,20261008_183952_scenario2_5524df,9,running,1791453049.7484386,2026-10-08T18:50:49.748+09:00,-35.47064981116645,93.7984520540743,upper_failure,no_candidate,empty valid interval prefix,True,19.499855041503906,1297,False
2,20261008_183952_scenario2_5524df,9,running,1791453050.2482188,2026-10-08T18:50:50.248+09:00,-35.368439284372194,93.91055429715257,upper_failure,no_candidate,empty valid interval prefix,True,20.00118350982666,1298,False
2,20261008_183952_scenario2_5524df,9,running,1791453050.7481732,2026-10-08T18:50:50.748+09:00,-35.29817616634354,94.01515495920205,upper_failure,no_candidate,empty valid interval prefix,True,20.499366998672485,1299,False
2,20261008_183952_scenario2_5524df,9,running,1791453051.248318,2026-10-08T18:50:51.248+09:00,-35.252115452175886,94.09040423240636,upper_failure,no_candidate,empty valid interval prefix,True,21.000487565994263,1300,False
2,20261008_183952_scenario2_5524df,9,running,1791453051.7481813,2026-10-08T18:50:51.748+09:00,-35.2373238905253,94.1471630940929,upper_failure,no_candidate,empty valid interval prefix,True,21.49985980987549,1301,False
2,20261008_183952_scenario2_5524df,9,running,1791453052.2482302,2026-10-08T18:50:52.248+09:00,-35.247519483464444,94.17036802344009,upper_failure,no_candidate,empty valid interval prefix,True,21.99922466278076,1302,False
2,20261008_183952_scenario2_5524df,9,running,1791453052.748541,2026-10-08T18:50:52.748+09:00,-35.258895700402725,94.19446599757381,upper_failure,no_candidate,empty valid interval prefix,True,22.50044894218445,1303,False
2,20261008_183952_scenario2_5524df,9,running,1791453053.2482862,2026-10-08T18:50:53.248+09:00,-35.258074591702496,94.20693331767316,upper_failure,no_candidate,empty valid interval prefix,True,23.000548839569092,1304,False
2,20261008_183952_scenario2_5524df,9,running,1791453053.748221,2026-10-08T18:50:53.748+09:00,-35.26206773936413,94.22219659037677,upper_failure,no_candidate,empty valid interval prefix,True,23.498795986175537,1305,False
2,20261008_183952_scenario2_5524df,9,running,1791453054.2482336,2026-10-08T18:50:54.248+09:00,-35.258998979027915,94.22590836875372,upper_failure,no_candidate,empty valid interval prefix,True,23.999711275100708,1306,False
2,20261008_183952_scenario2_5524df,9,running,1791453054.748362,2026-10-08T18:50:54.748+09:00,-35.25773369654552,94.2340134723429,upper_failure,no_candidate,empty valid interval prefix,True,24.50011372566223,1307,False
2,20261008_183952_scenario2_5524df,9,running,1791453055.2482548,2026-10-08T18:50:55.248+09:00,-35.25143217688029,94.23096971685092,upper_failure,no_candidate,empty valid interval prefix,True,24.998931407928467,1308,False
2,20261008_183952_scenario2_5524df,9,running,1791453055.74835,2026-10-08T18:50:55.748+09:00,-35.25054367021084,94.23150298116327,upper_failure,no_candidate,empty valid interval prefix,True,25.50279951095581,1309,False
2,20261008_183952_scenario2_5524df,9,running,1791453056.248314,2026-10-08T18:50:56.248+09:00,-35.24463581562713,94.22155647600805,upper_failure,no_candidate,empty valid interval prefix,True,26.00001311302185,1310,False
2,20261008_183952_scenario2_5524df,9,running,1791453056.7483935,2026-10-08T18:50:56.748+09:00,-35.24455136928409,94.21821102794017,upper_failure,no_candidate,empty valid interval prefix,True,26.500683307647705,1311,False
2,20261008_183952_scenario2_5524df,9,running,1791453057.2483845,2026-10-08T18:50:57.248+09:00,-35.24111351840271,94.20377167720792,upper_failure,no_candidate,empty valid interval prefix,True,27.000317811965942,1312,False
2,20261008_183952_scenario2_5524df,9,running,1791453057.7484953,2026-10-08T18:50:57.748+09:00,-35.238537444500665,94.19876870388093,upper_failure,no_candidate,empty valid interval prefix,True,27.50056266784668,1313,False
2,20261008_183952_scenario2_5524df,9,running,1791453058.2483978,2026-10-08T18:50:58.248+09:00,-35.23113027800321,94.18721478922518,upper_failure,no_candidate,empty valid interval prefix,True,28.000263929367065,1314,False
2,20261008_183952_scenario2_5524df,9,running,1791453058.7484012,2026-10-08T18:50:58.748+09:00,-35.22736873944383,94.18200928811089,upper_failure,no_candidate,empty valid interval prefix,True,28.50004553794861,1315,False
2,20261008_183952_scenario2_5524df,9,running,1791453059.2484505,2026-10-08T18:50:59.248+09:00,-35.2213812791753,94.16802681788855,upper_failure,no_candidate,empty valid interval prefix,True,29.000455856323242,1316,False
2,20261008_183952_scenario2_5524df,9,running,1791453059.7484877,2026-10-08T18:50:59.748+09:00,-35.21929294497911,94.16117140807862,upper_failure,no_candidate,empty valid interval prefix,True,29.50475788116455,1317,False
2,20261008_183952_scenario2_5524df,9,running,1791453060.2485182,2026-10-08T18:51:00.248+09:00,-35.210483067591426,94.14654334038126,upper_failure,no_candidate,empty valid interval prefix,True,30.001914501190186,1318,False
2,20261008_183952_scenario2_5524df,9,running_end,1791453060.737972,2026-10-08T18:51:00.737+09:00,-35.209667117759736,94.13980474881598,runner_stopped_10s,,runner termination criterion,,,,
2,20261008_183952_scenario2_5524df,9,coasting,1791453060.7485394,2026-10-08T18:51:00.748+09:00,-35.209667117759736,94.13980474881598,upper_failure,no_candidate,empty valid interval prefix,True,30.49997043609619,1319,False
2,20261008_183952_scenario2_5524df,9,coasting,1791453060.7979298,2026-10-08T18:51:00.797+09:00,-35.207940825261645,94.13979264717051,lower_mode_transition,3->4,goal or batch permission neutral,,,,
2,20261008_183952_scenario2_5524df,9,coasting,1791453061.2485263,2026-10-08T18:51:01.248+09:00,-35.20393315562545,94.1266009254646,upper_failure,no_candidate,empty valid interval prefix,True,31.000248432159424,1320,False
2,20261008_183952_scenario2_5524df,9,coasting,1791453061.7485323,2026-10-08T18:51:01.748+09:00,-35.20174095941842,94.1222480346946,upper_failure,no_candidate,empty valid interval prefix,True,31.500478982925415,1321,False
2,20261008_183952_scenario2_5524df,0,setup_or_other,1791453062.2485087,2026-10-08T18:51:02.248+09:00,-35.195864516077876,94.11089906815526,upper_failure,no_candidate,empty valid interval prefix,True,31.999743938446045,1322,False
2,20261008_183952_scenario2_5524df,0,setup_or_other,1791453062.7486038,2026-10-08T18:51:02.748+09:00,-35.19645611779456,94.10654411263238,upper_failure,no_candidate,empty valid interval prefix,True,32.50051021575928,1323,False
2,20261008_183952_scenario2_5524df,0,setup_or_other,1791453063.2485852,2026-10-08T18:51:03.248+09:00,-252.789,93.548,upper_failure,solver_rejected,DAQP direct corridor QP infeasible: tried=1,True,33.000221490859985,1324,True
2,20261008_183952_scenario2_5524df,10,running,1791453065.9988754,2026-10-08T18:51:05.998+09:00,-252.79945439756585,93.5287461651141,lower_mode_transition,4->0,QP command,,,,
2,20261008_183952_scenario2_5524df,10,running,1791453098.7496374,2026-10-08T18:51:38.749+09:00,-116.41053443919513,47.92241618707254,upper_failure,solver_rejected,DAQP direct corridor QP infeasible: tried=1,True,0.49970149993896484,1395,True
2,20261008_183952_scenario2_5524df,10,running,1791453099.2496414,2026-10-08T18:51:39.249+09:00,-114.36468965573997,46.84847323358292,upper_failure,solver_rejected,DAQP direct corridor QP infeasible: tried=1,True,1.000307321548462,1396,True
2,20261008_183952_scenario2_5524df,10,running,1791453099.7497747,2026-10-08T18:51:39.749+09:00,-112.54851473751016,45.392220251852585,upper_failure,solver_rejected,DAQP direct corridor QP infeasible: tried=1,True,1.499861478805542,1397,True
2,20261008_183952_scenario2_5524df,10,running,1791453099.7988799,2026-10-08T18:51:39.798+09:00,-112.41502900145154,45.25787518352801,lower_mode_transition,0->3,neutral invalid/stale,,,,
2,20261008_183952_scenario2_5524df,10,running,1791453100.3004394,2026-10-08T18:51:40.300+09:00,-110.91788887644121,43.45587922116928,lower_mode_transition,3->0,QP command,,,,
2,20261008_183952_scenario2_5524df,10,running_end,1791453103.0398445,2026-10-08T18:51:43.039+09:00,-104.83862758044197,32.5092123705037,runner_off_route,,runner termination criterion,,,,
2,20261008_183952_scenario2_5524df,10,coasting,1791453103.0990832,2026-10-08T18:51:43.099+09:00,-104.70604657438976,32.3777796395657,lower_mode_transition,0->4,goal or batch permission neutral,,,,
2,20261008_183952_scenario2_5524df,10,coasting,1791453114.2500517,2026-10-08T18:51:54.250+09:00,-80.08636312873071,13.458675884703792,upper_failure,solver_rejected,DAQP direct corridor QP infeasible: tried=1,True,0.49950408935546875,1426,True
2,20261008_183952_scenario2_5524df,10,coasting,1791453114.7500582,2026-10-08T18:51:54.750+09:00,-79.54458326855121,13.066498872611843,upper_failure,solver_rejected,DAQP direct corridor QP infeasible: tried=1,True,0.9995718002319336,1427,True
2,20261008_183952_scenario2_5524df,10,coasting,1791453115.2501154,2026-10-08T18:51:55.250+09:00,-79.05205689625653,12.680671676314438,upper_failure,solver_rejected,DAQP direct corridor QP infeasible: tried=1,True,1.4999010562896729,1428,True
2,20261008_183952_scenario2_5524df,10,coasting,1791453115.7501073,2026-10-08T18:51:55.750+09:00,-78.58351186129558,12.342474488974654,upper_failure,solver_rejected,DAQP direct corridor QP infeasible: tried=1,True,2.000187397003174,1429,True
2,20261008_183952_scenario2_5524df,10,coasting,1791453116.2501194,2026-10-08T18:51:56.250+09:00,-78.160481545557,12.006794175605485,upper_failure,solver_rejected,DAQP direct corridor QP infeasible: tried=1,True,2.5009427070617676,1430,True
2,20261008_183952_scenario2_5524df,10,coasting,1791453116.7501452,2026-10-08T18:51:56.750+09:00,-77.76070363020092,11.720467633104468,upper_failure,solver_rejected,DAQP direct corridor QP infeasible: tried=1,True,3.0000689029693604,1431,True
2,20261008_183952_scenario2_5524df,10,coasting,1791453117.2501779,2026-10-08T18:51:57.250+09:00,-77.40416098958075,11.437924069016226,upper_failure,solver_rejected,DAQP direct corridor QP infeasible: tried=1,True,3.5004098415374756,1432,True
2,20261008_183952_scenario2_5524df,10,coasting,1791453117.7501876,2026-10-08T18:51:57.750+09:00,-77.06764100548442,11.200402871784835,upper_failure,solver_rejected,DAQP direct corridor QP infeasible: tried=1,True,4.000170469284058,1433,True
2,20261008_183952_scenario2_5524df,10,coasting,1791453118.2502925,2026-10-08T18:51:58.250+09:00,-76.77470029896439,10.965925271757554,upper_failure,solver_rejected,DAQP direct corridor QP infeasible: tried=1,True,4.5003063678741455,1434,True
2,20261008_183952_scenario2_5524df,10,coasting,1791453118.7502306,2026-10-08T18:51:58.750+09:00,-76.50351787037681,10.777412405541272,upper_failure,solver_rejected,DAQP direct corridor QP infeasible: tried=1,True,5.001304388046265,1435,True
2,20261008_183952_scenario2_5524df,10,coasting,1791453119.2507677,2026-10-08T18:51:59.250+09:00,-76.27532328258977,10.590978100286616,upper_failure,solver_rejected,DAQP direct corridor QP infeasible: tried=1,True,5.5019519329071045,1436,True
2,20261008_183952_scenario2_5524df,10,coasting,1791453119.7502546,2026-10-08T18:51:59.750+09:00,-76.06581293002169,10.450569433664288,upper_failure,no_candidate,empty valid interval prefix,True,6.000130653381348,1437,False
2,20261008_183952_scenario2_5524df,10,coasting,1791453120.2502582,2026-10-08T18:52:00.250+09:00,-75.90083125355967,10.312208800028628,upper_failure,no_candidate,empty valid interval prefix,True,6.500708341598511,1438,False
2,20261008_183952_scenario2_5524df,10,coasting,1791453120.7502682,2026-10-08T18:52:00.750+09:00,-75.75148304933501,10.214562100784034,upper_failure,no_candidate,empty valid interval prefix,True,7.00115442276001,1439,False
2,20261008_183952_scenario2_5524df,10,coasting,1791453121.251314,2026-10-08T18:52:01.251+09:00,-75.6169525729765,10.142261620081227,upper_failure,no_candidate,empty valid interval prefix,True,7.501041889190674,1440,False
2,20261008_183952_scenario2_5524df,10,coasting,1791453121.7502897,2026-10-08T18:52:01.750+09:00,-75.50711865463681,10.104390796906891,upper_failure,no_candidate,empty valid interval prefix,True,7.9998228549957275,1441,False
2,20261008_183952_scenario2_5524df,10,coasting,1791453122.2502367,2026-10-08T18:52:02.250+09:00,-75.43069244257566,10.080753580549555,upper_failure,no_candidate,empty valid interval prefix,True,8.499889135360718,1442,False
2,20261008_183952_scenario2_5524df,10,coasting,1791453122.750441,2026-10-08T18:52:02.750+09:00,-75.38304969332815,10.085604524548307,upper_failure,no_candidate,empty valid interval prefix,True,9.000268459320068,1443,False
2,20261008_183952_scenario2_5524df,0,setup_or_other,1791453123.2502747,2026-10-08T18:52:03.250+09:00,-75.36617728874651,10.09790404933467,upper_failure,no_candidate,empty valid interval prefix,True,9.50263786315918,1444,False
2,20261008_183952_scenario2_5524df,0,setup_or_other,1791453123.75037,2026-10-08T18:52:03.750+09:00,-75.34984178216808,10.11727440436262,upper_failure,no_candidate,empty valid interval prefix,True,10.00003170967102,1445,False
2,20261008_183952_scenario2_5524df,0,setup_or_other,1791453124.2503805,2026-10-08T18:52:04.250+09:00,-75.33468121445993,10.123923676817999,upper_failure,no_candidate,empty valid interval prefix,True,10.500046730041504,1446,False
3,20261008_185426_scenario3_72c4df,0,setup_or_other,1791453267.9664438,2026-10-08T18:54:27.966+09:00,0.0,0.0,lower_mode_transition,None->4,goal or batch permission neutral,,,,
3,20261008_185426_scenario3_72c4df,1,running,1791453275.470334,2026-10-08T18:54:35.470+09:00,186.9982195607625,220.00815392565897,lower_mode_transition,4->0,QP command,,,,
3,20261008_185426_scenario3_72c4df,1,running,1791453308.7683544,2026-10-08T18:55:08.768+09:00,273.5755607574739,165.8764757821332,lower_mode_transition,0->4,goal or batch permission neutral,,,,
3,20261008_185426_scenario3_72c4df,1,running_end,1791453308.7745552,2026-10-08T18:55:08.774+09:00,273.5755607574739,165.8764757821332,runner_completed,,goal approach only,,,,
3,20261008_185426_scenario3_72c4df,1,coasting,1791453310.521826,2026-10-08T18:55:10.521+09:00,278.5720629990634,172.6585506867395,upper_failure,solver_rejected,DAQP direct corridor QP infeasible: tried=1,True,0.49890875816345215,73,True
3,20261008_185426_scenario3_72c4df,1,coasting,1791453311.0219085,2026-10-08T18:55:11.021+09:00,279.8644761372498,174.40628700423795,upper_failure,solver_rejected,DAQP direct corridor QP infeasible: tried=1,True,0.9989032745361328,74,True
3,20261008_185426_scenario3_72c4df,1,coasting,1791453311.521829,2026-10-08T18:55:11.521+09:00,281.0864692187105,176.05257965756633,upper_failure,solver_rejected,DAQP direct corridor QP infeasible: tried=1,True,1.4990980625152588,75,True
3,20261008_185426_scenario3_72c4df,1,coasting,1791453312.0218313,2026-10-08T18:55:12.021+09:00,282.24426083152343,177.61357255339723,upper_failure,solver_rejected,DAQP direct corridor QP infeasible: tried=1,True,1.998248815536499,76,True
3,20261008_185426_scenario3_72c4df,1,coasting,1791453312.5218847,2026-10-08T18:55:12.521+09:00,283.3397837045881,179.08406751988855,upper_failure,solver_rejected,DAQP direct corridor QP infeasible: tried=1,True,2.50095272064209,77,True
3,20261008_185426_scenario3_72c4df,1,coasting,1791453313.0219083,2026-10-08T18:55:13.021+09:00,284.37356240312386,180.4815040148295,upper_failure,solver_rejected,DAQP direct corridor QP infeasible: tried=1,True,2.999368906021118,78,True
3,20261008_185426_scenario3_72c4df,1,coasting,1791453313.5218618,2026-10-08T18:55:13.521+09:00,285.35432596360283,181.79760123285072,upper_failure,solver_rejected,DAQP direct corridor QP infeasible: tried=1,True,3.4993109703063965,79,True
3,20261008_185426_scenario3_72c4df,1,coasting,1791453314.0220559,2026-10-08T18:55:14.022+09:00,286.2835626274367,183.05015446041708,upper_failure,solver_rejected,DAQP direct corridor QP infeasible: tried=1,True,3.9992120265960693,80,True
3,20261008_185426_scenario3_72c4df,1,coasting,1791453314.5219882,2026-10-08T18:55:14.521+09:00,287.1624603308136,184.2325459059122,upper_failure,solver_rejected,DAQP direct corridor QP infeasible: tried=1,True,4.499609708786011,81,True
3,20261008_185426_scenario3_72c4df,1,coasting,1791453315.0219953,2026-10-08T18:55:15.021+09:00,287.9950747466789,185.35735734159337,upper_failure,solver_rejected,DAQP direct corridor QP infeasible: tried=1,True,5.000952959060669,82,True
3,20261008_185426_scenario3_72c4df,1,coasting,1791453315.5219753,2026-10-08T18:55:15.521+09:00,288.78371515359,186.41537272914314,upper_failure,solver_rejected,DAQP direct corridor QP infeasible: tried=1,True,5.49958872795105,83,True
3,20261008_185426_scenario3_72c4df,1,coasting,1791453316.022243,2026-10-08T18:55:16.022+09:00,289.5274684757038,187.42466843613232,upper_failure,solver_rejected,DAQP direct corridor QP infeasible: tried=1,True,5.999878168106079,84,True
3,20261008_185426_scenario3_72c4df,1,coasting,1791453316.522002,2026-10-08T18:55:16.522+09:00,290.2350591361944,188.37342767027553,upper_failure,solver_rejected,DAQP direct corridor QP infeasible: tried=1,True,6.499417066574097,85,True
3,20261008_185426_scenario3_72c4df,1,coasting,1791453317.022118,2026-10-08T18:55:17.022+09:00,290.9041434724573,189.27878064876018,upper_failure,solver_rejected,DAQP direct corridor QP infeasible: tried=1,True,6.999555587768555,86,True
3,20261008_185426_scenario3_72c4df,1,coasting,1791453317.5219939,2026-10-08T18:55:17.521+09:00,291.53844485838954,190.12736237160573,upper_failure,solver_rejected,DAQP direct corridor QP infeasible: tried=1,True,7.499619483947754,87,True
3,20261008_185426_scenario3_72c4df,1,coasting,1791453318.0220256,2026-10-08T18:55:18.022+09:00,292.1373090199556,190.9381026264763,upper_failure,solver_rejected,DAQP direct corridor QP infeasible: tried=1,True,7.998434543609619,88,True
3,20261008_185426_scenario3_72c4df,1,coasting,1791453318.5220535,2026-10-08T18:55:18.522+09:00,292.7022096211048,191.69772582722973,upper_failure,solver_rejected,DAQP direct corridor QP infeasible: tried=1,True,8.4996178150177,89,True
3,20261008_185426_scenario3_72c4df,1,coasting,1791453319.0222874,2026-10-08T18:55:19.022+09:00,293.2374195513224,192.41893266883332,upper_failure,solver_rejected,DAQP direct corridor QP infeasible: tried=1,True,9.000158786773682,90,True
3,20261008_185426_scenario3_72c4df,1,coasting,1791453319.5220466,2026-10-08T18:55:19.522+09:00,293.74102171033235,193.09234075257243,upper_failure,solver_rejected,DAQP direct corridor QP infeasible: tried=1,True,9.499469757080078,91,True
3,20261008_185426_scenario3_72c4df,1,coasting,1791453320.022123,2026-10-08T18:55:20.022+09:00,294.21222818829966,193.73193285208995,upper_failure,solver_rejected,DAQP direct corridor QP infeasible: tried=1,True,9.999639749526978,92,True
3,20261008_185426_scenario3_72c4df,1,coasting,1791453320.522346,2026-10-08T18:55:20.522+09:00,294.6560240331566,194.32550366317352,upper_failure,solver_rejected,DAQP direct corridor QP infeasible: tried=1,True,10.500536441802979,93,True
3,20261008_185426_scenario3_72c4df,1,coasting,1791453321.022154,2026-10-08T18:55:21.022+09:00,295.0715226167713,194.88755429806224,upper_failure,solver_rejected,DAQP direct corridor QP infeasible: tried=1,True,10.999526977539062,94,True
3,20261008_185426_scenario3_72c4df,1,coasting,1791453321.5221531,2026-10-08T18:55:21.522+09:00,295.45813629542096,195.4085957543733,upper_failure,solver_rejected,DAQP direct corridor QP infeasible: tried=1,True,11.498615980148315,95,True
3,20261008_185426_scenario3_72c4df,1,coasting,1791453322.0233123,2026-10-08T18:55:22.023+09:00,295.81811779886993,195.89837318720188,upper_failure,solver_rejected,DAQP direct corridor QP infeasible: tried=1,True,12.000721454620361,96,True
3,20261008_185426_scenario3_72c4df,1,coasting,1791453322.5221932,2026-10-08T18:55:22.522+09:00,296.15167519151163,196.3448174902246,upper_failure,solver_rejected,DAQP direct corridor QP infeasible: tried=1,True,12.49863314628601,97,True
3,20261008_185426_scenario3_72c4df,1,coasting,1791453323.0222082,2026-10-08T18:55:23.022+09:00,296.4571145148573,196.7646310373973,upper_failure,solver_rejected,DAQP direct corridor QP infeasible: tried=1,True,12.998749256134033,98,True
3,20261008_185426_scenario3_72c4df,1,coasting,1791453323.5221639,2026-10-08T18:55:23.522+09:00,296.74014730327775,197.14311593303623,upper_failure,solver_rejected,DAQP direct corridor QP infeasible: tried=1,True,13.498835325241089,99,True
3,20261008_185426_scenario3_72c4df,1,coasting,1791453324.0221913,2026-10-08T18:55:24.022+09:00,296.99824800533594,197.49645173815833,upper_failure,solver_rejected,DAQP direct corridor QP infeasible: tried=1,True,14.000617742538452,100,True
3,20261008_185426_scenario3_72c4df,1,coasting,1791453324.522274,2026-10-08T18:55:24.522+09:00,297.23385596387004,197.80935495061203,upper_failure,solver_rejected,DAQP direct corridor QP infeasible: tried=1,True,14.498893737792969,101,True
3,20261008_185426_scenario3_72c4df,1,coasting,1791453325.0222979,2026-10-08T18:55:25.022+09:00,297.4450101810063,198.09925908036456,upper_failure,solver_rejected,DAQP direct corridor QP infeasible: tried=1,True,15.000285387039185,102,True
3,20261008_185426_scenario3_72c4df,1,coasting,1791453325.5223966,2026-10-08T18:55:25.522+09:00,297.6324486983763,198.35145732796713,upper_failure,solver_rejected,DAQP direct corridor QP infeasible: tried=1,True,15.500046968460083,103,True
3,20261008_185426_scenario3_72c4df,1,coasting,1791453326.0224066,2026-10-08T18:55:26.022+09:00,297.7990122543136,198.57731268029264,upper_failure,solver_rejected,DAQP direct corridor QP infeasible: tried=1,True,16.00104856491089,104,True
3,20261008_185426_scenario3_72c4df,1,coasting,1791453326.522225,2026-10-08T18:55:26.522+09:00,297.94279777727206,198.76663793207973,upper_failure,solver_rejected,DAQP direct corridor QP infeasible: tried=1,True,16.499589920043945,105,True
3,20261008_185426_scenario3_72c4df,1,coasting,1791453327.022323,2026-10-08T18:55:27.022+09:00,298.0617444422543,198.93227037262972,upper_failure,solver_rejected,DAQP direct corridor QP infeasible: tried=1,True,16.999730587005615,106,True
3,20261008_185426_scenario3_72c4df,1,coasting,1791453327.5224898,2026-10-08T18:55:27.522+09:00,298.1611186828157,199.07148734686146,upper_failure,solver_rejected,DAQP direct corridor QP infeasible: tried=1,True,17.50046706199646,107,True
3,20261008_185426_scenario3_72c4df,1,coasting,1791453328.0223625,2026-10-08T18:55:28.022+09:00,298.22533579239393,199.19139845170102,upper_failure,solver_rejected,DAQP direct corridor QP infeasible: tried=1,True,17.998915910720825,108,True
3,20261008_185426_scenario3_72c4df,1,coasting,1791453328.5223424,2026-10-08T18:55:28.522+09:00,298.25452838867835,199.29498431096187,upper_failure,solver_rejected,DAQP direct corridor QP infeasible: tried=1,True,18.499749422073364,109,True
3,20261008_185426_scenario3_72c4df,1,coasting,1791453329.0223951,2026-10-08T18:55:29.022+09:00,298.26762725207794,199.3602796463377,upper_failure,solver_rejected,DAQP direct corridor QP infeasible: tried=1,True,18.998852968215942,110,True
3,20261008_185426_scenario3_72c4df,0,setup_or_other,1791453329.5223818,2026-10-08T18:55:29.522+09:00,298.25306656584155,199.39836454924966,upper_failure,solver_rejected,DAQP direct corridor QP infeasible: tried=1,True,19.499780893325806,111,True
3,20261008_185426_scenario3_72c4df,0,setup_or_other,1791453330.022415,2026-10-08T18:55:30.022+09:00,298.2317012121944,199.41120810081716,upper_failure,solver_rejected,DAQP direct corridor QP infeasible: tried=1,True,20.000048637390137,112,True
3,20261008_185426_scenario3_72c4df,0,setup_or_other,1791453330.5228567,2026-10-08T18:55:30.522+09:00,298.21291427975734,199.430630308673,upper_failure,solver_rejected,DAQP direct corridor QP infeasible: tried=1,True,20.499683380126953,113,True
3,20261008_185426_scenario3_72c4df,0,setup_or_other,1791453331.0224328,2026-10-08T18:55:31.022+09:00,187.00554465495244,219.99966305763448,upper_failure,solver_rejected,DAQP direct corridor QP infeasible: tried=9,True,21.000270128250122,114,True
3,20261008_185426_scenario3_72c4df,0,setup_or_other,1791453331.5225675,2026-10-08T18:55:31.522+09:00,187.02322668659045,219.99513319452728,upper_failure,solver_rejected,DAQP direct corridor QP infeasible: tried=9,True,21.500096797943115,115,True
3,20261008_185426_scenario3_72c4df,0,setup_or_other,1791453332.0224938,2026-10-08T18:55:32.022+09:00,187.0304042967023,219.99113568557348,upper_failure,solver_rejected,DAQP direct corridor QP infeasible: tried=8,True,22.00034499168396,116,True
3,20261008_185426_scenario3_72c4df,2,running,1791453333.5696714,2026-10-08T18:55:33.569+09:00,187.0479714535139,219.9816098872951,lower_mode_transition,4->0,QP command,,,,
3,20261008_185426_scenario3_72c4df,2,running,1791453366.0701635,2026-10-08T18:56:06.070+09:00,273.32511315807176,165.79149999866073,lower_mode_transition,0->4,goal or batch permission neutral,,,,
3,20261008_185426_scenario3_72c4df,2,running_end,1791453366.0830057,2026-10-08T18:56:06.083+09:00,273.4378037822246,165.95714258441373,runner_completed,,goal approach only,,,,
3,20261008_185426_scenario3_72c4df,2,coasting,1791453368.0236852,2026-10-08T18:56:08.023+09:00,278.6075121729731,173.33946704427024,upper_failure,solver_rejected,DAQP direct corridor QP infeasible: tried=1,True,0.4977567195892334,188,True
3,20261008_185426_scenario3_72c4df,2,coasting,1791453368.523585,2026-10-08T18:56:08.523+09:00,279.8101142186939,175.00796970454692,upper_failure,solver_rejected,DAQP direct corridor QP infeasible: tried=1,True,0.998544454574585,189,True
3,20261008_185426_scenario3_72c4df,2,coasting,1791453369.024869,2026-10-08T18:56:09.024+09:00,280.9299864232887,176.6030498076243,upper_failure,solver_rejected,DAQP direct corridor QP infeasible: tried=1,True,1.499814748764038,190,True
3,20261008_185426_scenario3_72c4df,2,coasting,1791453369.523534,2026-10-08T18:56:09.523+09:00,282.0041503436814,178.0956539924701,upper_failure,solver_rejected,DAQP direct corridor QP infeasible: tried=1,True,1.9983556270599365,191,True
3,20261008_185426_scenario3_72c4df,2,coasting,1791453370.023607,2026-10-08T18:56:10.023+09:00,283.0055426110403,179.52523646761438,upper_failure,solver_rejected,DAQP direct corridor QP infeasible: tried=1,True,2.4995784759521484,192,True
3,20261008_185426_scenario3_72c4df,2,coasting,1791453370.52358,2026-10-08T18:56:10.523+09:00,283.96983728396197,180.86181400491893,upper_failure,solver_rejected,DAQP direct corridor QP infeasible: tried=1,True,2.997589349746704,193,True
3,20261008_185426_scenario3_72c4df,2,coasting,1791453371.0235968,2026-10-08T18:56:11.023+09:00,284.86669359218723,182.14462912803208,upper_failure,solver_rejected,DAQP direct corridor QP infeasible: tried=1,True,3.4984304904937744,194,True
3,20261008_185426_scenario3_72c4df,2,coasting,1791453371.5235739,2026-10-08T18:56:11.523+09:00,285.7304270719639,183.34226903604474,upper_failure,solver_rejected,DAQP direct corridor QP infeasible: tried=1,True,3.998427391052246,195,True
3,20261008_185426_scenario3_72c4df,2,coasting,1791453372.0236578,2026-10-08T18:56:12.023+09:00,286.5320224033181,184.49390670838113,upper_failure,solver_rejected,DAQP direct corridor QP infeasible: tried=1,True,4.499381065368652,196,True
3,20261008_185426_scenario3_72c4df,2,coasting,1791453372.523816,2026-10-08T18:56:12.523+09:00,287.3086684845748,185.5679364247198,upper_failure,solver_rejected,DAQP direct corridor QP infeasible: tried=1,True,4.998983144760132,197,True
3,20261008_185426_scenario3_72c4df,2,coasting,1791453373.0237038,2026-10-08T18:56:13.023+09:00,288.0263668580045,186.60473697809132,upper_failure,solver_rejected,DAQP direct corridor QP infeasible: tried=1,True,5.498585939407349,198,True
3,20261008_185426_scenario3_72c4df,2,coasting,1791453373.523715,2026-10-08T18:56:13.523+09:00,288.720862919835,187.56978651896674,upper_failure,solver_rejected,DAQP direct corridor QP infeasible: tried=1,True,5.998898506164551,199,True
3,20261008_185426_scenario3_72c4df,2,coasting,1791453374.023743,2026-10-08T18:56:14.023+09:00,289.3653477238656,188.50021701139877,upper_failure,solver_rejected,DAQP direct corridor QP infeasible: tried=1,True,6.497602939605713,200,True
3,20261008_185426_scenario3_72c4df,2,coasting,1791453374.5237074,2026-10-08T18:56:14.523+09:00,289.99239097878535,189.36252624148426,upper_failure,solver_rejected,DAQP direct corridor QP infeasible: tried=1,True,6.998634576797485,201,True
3,20261008_185426_scenario3_72c4df,2,coasting,1791453375.0237293,2026-10-08T18:56:15.023+09:00,290.57016923383884,190.1943060171158,upper_failure,solver_rejected,DAQP direct corridor QP infeasible: tried=1,True,7.497713565826416,202,True
3,20261008_185426_scenario3_72c4df,2,coasting,1791453375.5237412,2026-10-08T18:56:15.523+09:00,291.1321121841003,190.96285077242032,upper_failure,solver_rejected,DAQP direct corridor QP infeasible: tried=1,True,7.997753381729126,203,True
3,20261008_185426_scenario3_72c4df,2,coasting,1791453376.0237775,2026-10-08T18:56:16.023+09:00,291.64450204547614,191.70470358403244,upper_failure,solver_rejected,DAQP direct corridor QP infeasible: tried=1,True,8.498703718185425,204,True
3,20261008_185426_scenario3_72c4df,2,coasting,1791453376.5237973,2026-10-08T18:56:16.523+09:00,292.1424740512605,192.38674618201733,upper_failure,solver_rejected,DAQP direct corridor QP infeasible: tried=1,True,8.998705387115479,205,True
3,20261008_185426_scenario3_72c4df,2,coasting,1791453377.0238388,2026-10-08T18:56:17.023+09:00,292.59641282973575,193.04528250612447,upper_failure,solver_rejected,DAQP direct corridor QP infeasible: tried=1,True,9.498798847198486,206,True
3,20261008_185426_scenario3_72c4df,2,coasting,1791453377.523851,2026-10-08T18:56:17.523+09:00,293.0392236852244,193.64647794880588,upper_failure,solver_rejected,DAQP direct corridor QP infeasible: tried=1,True,9.998743534088135,207,True
3,20261008_185426_scenario3_72c4df,2,coasting,1791453378.0238748,2026-10-08T18:56:18.023+09:00,293.4373021658675,194.22559222958952,upper_failure,solver_rejected,DAQP direct corridor QP infeasible: tried=1,True,10.498894691467285,208,True
3,20261008_185426_scenario3_72c4df,2,coasting,1791453378.5238159,2026-10-08T18:56:18.523+09:00,293.82285652993244,194.74895941128312,upper_failure,solver_rejected,DAQP direct corridor QP infeasible: tried=1,True,10.998429298400879,209,True
3,20261008_185426_scenario3_72c4df,2,coasting,1791453379.023877,2026-10-08T18:56:19.023+09:00,294.16518134431755,195.2531472053625,upper_failure,solver_rejected,DAQP direct corridor QP infeasible: tried=1,True,11.497954845428467,210,True
3,20261008_185426_scenario3_72c4df,2,coasting,1791453379.5238867,2026-10-08T18:56:19.523+09:00,294.50007200956264,195.70387284893826,upper_failure,solver_rejected,DAQP direct corridor QP infeasible: tried=1,True,11.997750997543335,211,True
3,20261008_185426_scenario3_72c4df,2,coasting,1791453380.023814,2026-10-08T18:56:20.023+09:00,294.791962209585,196.1393826572753,upper_failure,solver_rejected,DAQP direct corridor QP infeasible: tried=1,True,12.497761726379395,212,True
3,20261008_185426_scenario3_72c4df,2,coasting,1791453380.5239465,2026-10-08T18:56:20.523+09:00,295.074764431824,196.52283525303838,upper_failure,solver_rejected,DAQP direct corridor QP infeasible: tried=1,True,12.997901439666748,213,True
3,20261008_185426_scenario3_72c4df,2,coasting,1791453381.0239198,2026-10-08T18:56:21.023+09:00,295.3208542359951,196.8905551860573,upper_failure,solver_rejected,DAQP direct corridor QP infeasible: tried=1,True,13.4979248046875,214,True
3,20261008_185426_scenario3_72c4df,2,coasting,1791453381.5239875,2026-10-08T18:56:21.523+09:00,295.5610518945911,197.20644932940434,upper_failure,solver_rejected,DAQP direct corridor QP infeasible: tried=1,True,13.998880624771118,215,True
3,20261008_185426_scenario3_72c4df,2,coasting,1791453382.0239663,2026-10-08T18:56:22.023+09:00,295.7628722824546,197.5075160422719,upper_failure,solver_rejected,DAQP direct corridor QP infeasible: tried=1,True,14.497908592224121,216,True
3,20261008_185426_scenario3_72c4df,2,coasting,1791453382.5240014,2026-10-08T18:56:22.524+09:00,295.9584071131974,197.75886165569113,upper_failure,solver_rejected,DAQP direct corridor QP infeasible: tried=1,True,14.999068021774292,217,True
3,20261008_185426_scenario3_72c4df,2,coasting,1791453383.0240967,2026-10-08T18:56:23.024+09:00,296.1132788316966,197.99618415039845,upper_failure,solver_rejected,DAQP direct corridor QP infeasible: tried=1,True,15.498839855194092,218,True
3,20261008_185426_scenario3_72c4df,2,coasting,1791453383.5240908,2026-10-08T18:56:23.524+09:00,296.2618071771629,198.18555784223608,upper_failure,solver_rejected,DAQP direct corridor QP infeasible: tried=1,True,15.99901795387268,219,True
3,20261008_185426_scenario3_72c4df,2,coasting,1791453384.0239842,2026-10-08T18:56:24.023+09:00,296.36199760879356,198.37155708627898,upper_failure,solver_rejected,DAQP direct corridor QP infeasible: tried=1,True,16.497867584228516,220,True
3,20261008_185426_scenario3_72c4df,2,coasting,1791453384.524169,2026-10-08T18:56:24.524+09:00,296.44295546439446,198.52855119829056,upper_failure,solver_rejected,DAQP direct corridor QP infeasible: tried=1,True,16.99931788444519,221,True
3,20261008_185426_scenario3_72c4df,2,coasting,1791453385.0240376,2026-10-08T18:56:25.024+09:00,296.4919614577785,198.65986916227664,upper_failure,solver_rejected,DAQP direct corridor QP infeasible: tried=1,True,17.497973918914795,222,True
3,20261008_185426_scenario3_72c4df,2,coasting,1791453385.5240293,2026-10-08T18:56:25.524+09:00,296.5283338517827,198.7548078895887,upper_failure,solver_rejected,DAQP direct corridor QP infeasible: tried=1,True,17.998643159866333,223,True
3,20261008_185426_scenario3_72c4df,2,coasting,1791453386.0241425,2026-10-08T18:56:26.024+09:00,296.5354741240737,198.82265878951367,upper_failure,solver_rejected,DAQP direct corridor QP infeasible: tried=1,True,18.499069452285767,224,True
3,20261008_185426_scenario3_72c4df,0,setup_or_other,1791453386.5240846,2026-10-08T18:56:26.524+09:00,296.5343058689764,198.85283269048855,upper_failure,solver_rejected,DAQP direct corridor QP infeasible: tried=1,True,18.999098777770996,225,True
3,20261008_185426_scenario3_72c4df,0,setup_or_other,1791453387.0249782,2026-10-08T18:56:27.024+09:00,296.5102875620069,198.86743614293616,upper_failure,solver_rejected,DAQP direct corridor QP infeasible: tried=1,True,19.49999499320984,226,True
3,20261008_185426_scenario3_72c4df,0,setup_or_other,1791453387.524086,2026-10-08T18:56:27.524+09:00,296.50030467275315,198.87889450871734,upper_failure,solver_rejected,DAQP direct corridor QP infeasible: tried=1,True,19.99793028831482,227,True
3,20261008_185426_scenario3_72c4df,0,setup_or_other,1791453388.0241053,2026-10-08T18:56:28.024+09:00,187.0022360722248,219.9969494218459,upper_failure,solver_rejected,DAQP direct corridor QP infeasible: tried=6,True,20.498943090438843,228,True
3,20261008_185426_scenario3_72c4df,0,setup_or_other,1791453388.5241642,2026-10-08T18:56:28.524+09:00,187.00504626921526,219.990710722604,upper_failure,solver_rejected,DAQP direct corridor QP infeasible: tried=9,True,20.998945951461792,229,True
3,20261008_185426_scenario3_72c4df,0,setup_or_other,1791453389.0241685,2026-10-08T18:56:29.024+09:00,187.0139454946768,219.98611352391075,upper_failure,solver_rejected,DAQP direct corridor QP infeasible: tried=9,True,21.498497486114502,230,True
3,20261008_185426_scenario3_72c4df,3,running,1791453390.5714157,2026-10-08T18:56:30.571+09:00,187.00823678646256,219.9762121121508,lower_mode_transition,4->0,QP command,,,,
3,20261008_185426_scenario3_72c4df,3,running,1791453423.2723727,2026-10-08T18:57:03.272+09:00,273.67683310613677,165.50607799074595,lower_mode_transition,0->4,goal or batch permission neutral,,,,
3,20261008_185426_scenario3_72c4df,3,running_end,1791453423.2777133,2026-10-08T18:57:03.277+09:00,273.67683310613677,165.50607799074595,runner_completed,,goal approach only,,,,
3,20261008_185426_scenario3_72c4df,3,coasting,1791453425.025293,2026-10-08T18:57:05.025+09:00,278.46051740875754,172.74770825856302,upper_failure,solver_rejected,DAQP direct corridor QP infeasible: tried=1,True,0.4969308376312256,302,True
3,20261008_185426_scenario3_72c4df,3,coasting,1791453425.525196,2026-10-08T18:57:05.525+09:00,279.6867856961949,174.5921764930301,upper_failure,solver_rejected,DAQP direct corridor QP infeasible: tried=1,True,0.9973819255828857,303,True
3,20261008_185426_scenario3_72c4df,3,coasting,1791453426.0253587,2026-10-08T18:57:06.025+09:00,280.849065412713,176.35327684717993,upper_failure,solver_rejected,DAQP direct corridor QP infeasible: tried=1,True,1.497826337814331,304,True
3,20261008_185426_scenario3_72c4df,3,coasting,1791453426.5252924,2026-10-08T18:57:06.525+09:00,281.943444823084,178.0018472956979,upper_failure,solver_rejected,DAQP direct corridor QP infeasible: tried=1,True,1.997342586517334,305,True
3,20261008_185426_scenario3_72c4df,3,coasting,1791453427.0253053,2026-10-08T18:57:07.025+09:00,282.98071901187507,179.57715720284594,upper_failure,solver_rejected,DAQP direct corridor QP infeasible: tried=1,True,2.4977035522460938,306,True
3,20261008_185426_scenario3_72c4df,3,coasting,1791453427.5253603,2026-10-08T18:57:07.525+09:00,283.9590350031554,181.0503404516113,upper_failure,solver_rejected,DAQP direct corridor QP infeasible: tried=1,True,2.9975695610046387,307,True
3,20261008_185426_scenario3_72c4df,3,coasting,1791453428.0253413,2026-10-08T18:57:08.025+09:00,284.88429031529864,182.46081473891226,upper_failure,solver_rejected,DAQP direct corridor QP infeasible: tried=1,True,3.4974777698516846,308,True
3,20261008_185426_scenario3_72c4df,3,coasting,1791453428.5253725,2026-10-08T18:57:08.525+09:00,285.76092000253857,183.78038340687866,upper_failure,solver_rejected,DAQP direct corridor QP infeasible: tried=1,True,3.9974515438079834,309,True
3,20261008_185426_scenario3_72c4df,3,coasting,1791453429.025353,2026-10-08T18:57:09.025+09:00,286.5942966289741,185.04930610799676,upper_failure,solver_rejected,DAQP direct corridor QP infeasible: tried=1,True,4.496390342712402,310,True
3,20261008_185426_scenario3_72c4df,3,coasting,1791453429.52538,2026-10-08T18:57:09.525+09:00,287.38330299508016,186.2348045220292,upper_failure,solver_rejected,DAQP direct corridor QP infeasible: tried=1,True,4.997886419296265,311,True
3,20261008_185426_scenario3_72c4df,3,coasting,1791453430.0254073,2026-10-08T18:57:10.025+09:00,288.1322867219317,187.3754149251528,upper_failure,solver_rejected,DAQP direct corridor QP infeasible: tried=1,True,5.497767686843872,312,True
3,20261008_185426_scenario3_72c4df,3,coasting,1791453430.52539,2026-10-08T18:57:10.525+09:00,288.8384918407464,188.43796783902116,upper_failure,solver_rejected,DAQP direct corridor QP infeasible: tried=1,True,5.996495008468628,313,True
3,20261008_185426_scenario3_72c4df,3,coasting,1791453431.025498,2026-10-08T18:57:11.025+09:00,289.51297753576694,189.4615751631231,upper_failure,solver_rejected,DAQP direct corridor QP infeasible: tried=1,True,6.497790098190308,314,True
3,20261008_185426_scenario3_72c4df,3,coasting,1791453431.525402,2026-10-08T18:57:11.525+09:00,290.1486407559083,190.41422404318186,upper_failure,solver_rejected,DAQP direct corridor QP infeasible: tried=1,True,6.997393369674683,315,True
3,20261008_185426_scenario3_72c4df,3,coasting,1791453432.0255337,2026-10-08T18:57:12.025+09:00,290.7503710624581,191.33177552054306,upper_failure,solver_rejected,DAQP direct corridor QP infeasible: tried=1,True,7.497027158737183,316,True
3,20261008_185426_scenario3_72c4df,3,coasting,1791453432.5254214,2026-10-08T18:57:12.525+09:00,291.3187651562442,192.1837124757306,upper_failure,solver_rejected,DAQP direct corridor QP infeasible: tried=1,True,7.9967451095581055,317,True
3,20261008_185426_scenario3_72c4df,3,coasting,1791453433.0255253,2026-10-08T18:57:13.025+09:00,291.8589238516741,193.00519166362426,upper_failure,solver_rejected,DAQP direct corridor QP infeasible: tried=1,True,8.498730182647705,318,True
3,20261008_185426_scenario3_72c4df,3,coasting,1791453433.5255444,2026-10-08T18:57:13.525+09:00,292.3638046259184,193.7636986555029,upper_failure,solver_rejected,DAQP direct corridor QP infeasible: tried=1,True,8.997695922851562,319,True
3,20261008_185426_scenario3_72c4df,3,coasting,1791453434.0255518,2026-10-08T18:57:14.025+09:00,292.8424663786512,194.4949183939073,upper_failure,solver_rejected,DAQP direct corridor QP infeasible: tried=1,True,9.496568441390991,320,True
3,20261008_185426_scenario3_72c4df,3,coasting,1791453434.5258098,2026-10-08T18:57:14.525+09:00,293.29009984518115,195.1651248071316,upper_failure,solver_rejected,DAQP direct corridor QP infeasible: tried=1,True,9.996904850006104,321,True
3,20261008_185426_scenario3_72c4df,3,coasting,1791453435.02562,2026-10-08T18:57:15.025+09:00,293.7097692162153,195.81076476873605,upper_failure,solver_rejected,DAQP direct corridor QP infeasible: tried=1,True,10.497817993164062,322,True
3,20261008_185426_scenario3_72c4df,3,coasting,1791453435.5255897,2026-10-08T18:57:15.525+09:00,294.10367749524056,196.39959643639676,upper_failure,solver_rejected,DAQP direct corridor QP infeasible: tried=1,True,10.998342752456665,323,True
3,20261008_185426_scenario3_72c4df,3,coasting,1791453436.025653,2026-10-08T18:57:16.025+09:00,294.47455878164527,196.96898640794953,upper_failure,solver_rejected,DAQP direct corridor QP infeasible: tried=1,True,11.497853517532349,324,True
3,20261008_185426_scenario3_72c4df,3,coasting,1791453436.5255532,2026-10-08T18:57:16.525+09:00,294.8196072231225,197.48311664216365,upper_failure,solver_rejected,DAQP direct corridor QP infeasible: tried=1,True,11.997618436813354,325,True
3,20261008_185426_scenario3_72c4df,3,coasting,1791453437.025583,2026-10-08T18:57:17.025+09:00,295.14180774054626,197.97761378006055,upper_failure,solver_rejected,DAQP direct corridor QP infeasible: tried=1,True,12.49695372581482,326,True
3,20261008_185426_scenario3_72c4df,3,coasting,1791453437.52562,2026-10-08T18:57:17.525+09:00,295.4364048094423,198.41772173549185,upper_failure,solver_rejected,DAQP direct corridor QP infeasible: tried=1,True,12.998029232025146,327,True
3,20261008_185426_scenario3_72c4df,3,coasting,1791453438.0256495,2026-10-08T18:57:18.025+09:00,295.7135925511876,198.84010424251179,upper_failure,solver_rejected,DAQP direct corridor QP infeasible: tried=1,True,13.497891187667847,328,True
3,20261008_185426_scenario3_72c4df,3,coasting,1791453438.5256305,2026-10-08T18:57:18.525+09:00,295.96460893026864,199.21050916271813,upper_failure,solver_rejected,DAQP direct corridor QP infeasible: tried=1,True,13.99673056602478,329,True
3,20261008_185426_scenario3_72c4df,3,coasting,1791453439.025618,2026-10-08T18:57:19.025+09:00,296.19330926071103,199.56385904427324,upper_failure,solver_rejected,DAQP direct corridor QP infeasible: tried=1,True,14.496542930603027,330,True
3,20261008_185426_scenario3_72c4df,3,coasting,1791453439.5257185,2026-10-08T18:57:19.525+09:00,296.3992283970959,199.86737293259336,upper_failure,solver_rejected,DAQP direct corridor QP infeasible: tried=1,True,15.000044584274292,331,True
3,20261008_185426_scenario3_72c4df,3,coasting,1791453440.0257032,2026-10-08T18:57:20.025+09:00,296.5865746250824,200.155325648435,upper_failure,solver_rejected,DAQP direct corridor QP infeasible: tried=1,True,15.49804973602295,332,True
3,20261008_185426_scenario3_72c4df,3,coasting,1791453440.5257833,2026-10-08T18:57:20.525+09:00,296.74738499622094,200.39352109907438,upper_failure,solver_rejected,DAQP direct corridor QP infeasible: tried=1,True,15.997934341430664,333,True
3,20261008_185426_scenario3_72c4df,3,coasting,1791453441.025991,2026-10-08T18:57:21.025+09:00,296.89008835857453,200.61634131514515,upper_failure,solver_rejected,DAQP direct corridor QP infeasible: tried=1,True,16.498459339141846,334,True
3,20261008_185426_scenario3_72c4df,3,coasting,1791453441.5257227,2026-10-08T18:57:21.525+09:00,297.0088127075435,200.78937322596877,upper_failure,solver_rejected,DAQP direct corridor QP infeasible: tried=1,True,17.00009799003601,335,True
3,20261008_185426_scenario3_72c4df,3,coasting,1791453442.0257576,2026-10-08T18:57:22.025+09:00,297.09615539626043,200.95277241317476,upper_failure,solver_rejected,DAQP direct corridor QP infeasible: tried=1,True,17.497868537902832,336,True
3,20261008_185426_scenario3_72c4df,3,coasting,1791453442.525751,2026-10-08T18:57:22.525+09:00,297.1444298812688,201.09111654373413,upper_failure,solver_rejected,DAQP direct corridor QP infeasible: tried=1,True,17.997868299484253,337,True
3,20261008_185426_scenario3_72c4df,3,coasting,1791453443.0258331,2026-10-08T18:57:23.025+09:00,297.18059549216247,201.20727897018767,upper_failure,solver_rejected,DAQP direct corridor QP infeasible: tried=1,True,18.498873233795166,338,True
3,20261008_185426_scenario3_72c4df,3,coasting,1791453443.5258207,2026-10-08T18:57:23.525+09:00,297.19017675706726,201.28733378387977,upper_failure,solver_rejected,DAQP direct corridor QP infeasible: tried=1,True,18.998093605041504,339,True
3,20261008_185426_scenario3_72c4df,3,coasting,1791453444.0257318,2026-10-08T18:57:24.025+09:00,297.1911534676772,201.33977094566325,upper_failure,solver_rejected,DAQP direct corridor QP infeasible: tried=1,True,19.496678590774536,340,True
3,20261008_185426_scenario3_72c4df,0,setup_or_other,1791453444.5258553,2026-10-08T18:57:24.525+09:00,297.16514105671484,201.35436175824094,upper_failure,solver_rejected,DAQP direct corridor QP infeasible: tried=1,True,19.9980309009552,341,True
3,20261008_185426_scenario3_72c4df,0,setup_or_other,1791453445.02584,2026-10-08T18:57:25.025+09:00,297.1558507173223,201.3706318114969,upper_failure,solver_rejected,DAQP direct corridor QP infeasible: tried=1,True,20.496878623962402,342,True
3,20261008_185426_scenario3_72c4df,0,setup_or_other,1791453445.5259194,2026-10-08T18:57:25.525+09:00,297.141474172728,201.38224333427303,upper_failure,solver_rejected,DAQP direct corridor QP infeasible: tried=1,True,20.998053312301636,343,True
3,20261008_185426_scenario3_72c4df,0,setup_or_other,1791453446.0260308,2026-10-08T18:57:26.026+09:00,187.00641822936018,219.99250242656976,upper_failure,solver_rejected,DAQP direct corridor QP infeasible: tried=9,True,21.498389720916748,344,True
3,20261008_185426_scenario3_72c4df,0,setup_or_other,1791453446.525882,2026-10-08T18:57:26.525+09:00,187.0168584112439,219.990928717794,upper_failure,solver_rejected,DAQP direct corridor QP infeasible: tried=8,True,21.998254776000977,345,True
3,20261008_185426_scenario3_72c4df,4,running,1791453448.2730324,2026-10-08T18:57:28.273+09:00,187.0181493443395,219.97892170232024,lower_mode_transition,4->0,QP command,,,,
3,20261008_185426_scenario3_72c4df,4,running,1791453474.5268059,2026-10-08T18:57:54.526+09:00,253.73119685306088,140.28611405835844,upper_failure,solver_rejected,DAQP direct corridor QP infeasible: tried=1,True,0.5006029605865479,400,True
3,20261008_185426_scenario3_72c4df,4,running,1791453475.026683,2026-10-08T18:57:55.026+09:00,256.1540417659479,140.71268420024668,upper_failure,solver_rejected,DAQP direct corridor QP infeasible: tried=3,True,1.0008876323699951,401,True
3,20261008_185426_scenario3_72c4df,4,running,1791453481.3730314,2026-10-08T18:58:01.373+09:00,274.48832531772996,165.2516694852604,lower_mode_transition,0->4,goal or batch permission neutral,,,,
3,20261008_185426_scenario3_72c4df,4,running_end,1791453481.3753724,2026-10-08T18:58:01.375+09:00,274.48832531772996,165.2516694852604,runner_completed,,goal approach only,,,,
3,20261008_185426_scenario3_72c4df,4,coasting,1791453483.0277348,2026-10-08T18:58:03.027+09:00,277.8131532594259,172.13330739456123,upper_failure,solver_rejected,DAQP direct corridor QP infeasible: tried=1,True,0.5001552104949951,417,True
3,20261008_185426_scenario3_72c4df,4,coasting,1791453483.526991,2026-10-08T18:58:03.526+09:00,278.7137140645747,174.03388439895065,upper_failure,solver_rejected,DAQP direct corridor QP infeasible: tried=1,True,0.9985487461090088,418,True
3,20261008_185426_scenario3_72c4df,4,coasting,1791453484.0270622,2026-10-08T18:58:04.027+09:00,279.54788933885806,175.84059503734113,upper_failure,solver_rejected,DAQP direct corridor QP infeasible: tried=1,True,1.4985127449035645,419,True
3,20261008_185426_scenario3_72c4df,4,coasting,1791453484.5270665,2026-10-08T18:58:04.527+09:00,280.3535236130279,177.54572275347675,upper_failure,solver_rejected,DAQP direct corridor QP infeasible: tried=1,True,2.0011024475097656,420,True
3,20261008_185426_scenario3_72c4df,4,coasting,1791453485.027097,2026-10-08T18:58:05.027+09:00,281.0982025418653,179.1662860437393,upper_failure,solver_rejected,DAQP direct corridor QP infeasible: tried=1,True,2.5000417232513428,421,True
3,20261008_185426_scenario3_72c4df,4,coasting,1791453485.5273306,2026-10-08T18:58:05.527+09:00,281.8585334558832,180.78425924522386,upper_failure,solver_rejected,DAQP direct corridor QP infeasible: tried=1,True,3.0000321865081787,422,True
3,20261008_185426_scenario3_72c4df,4,coasting,1791453486.0271285,2026-10-08T18:58:06.027+09:00,282.48527439684176,182.15114035331678,upper_failure,solver_rejected,DAQP direct corridor QP infeasible: tried=1,True,3.5009958744049072,423,True
3,20261008_185426_scenario3_72c4df,4,coasting,1791453486.5271018,2026-10-08T18:58:06.527+09:00,283.13424388283454,183.5264217877656,upper_failure,solver_rejected,DAQP direct corridor QP infeasible: tried=1,True,3.999861001968384,424,True
3,20261008_185426_scenario3_72c4df,4,coasting,1791453487.0276096,2026-10-08T18:58:07.027+09:00,283.73502468646006,184.8342040434328,upper_failure,solver_rejected,DAQP direct corridor QP infeasible: tried=1,True,4.500236749649048,425,True
3,20261008_185426_scenario3_72c4df,4,coasting,1791453487.527082,2026-10-08T18:58:07.527+09:00,284.3195475962672,186.06936089694523,upper_failure,solver_rejected,DAQP direct corridor QP infeasible: tried=1,True,5.000155210494995,426,True
3,20261008_185426_scenario3_72c4df,4,coasting,1791453488.0272534,2026-10-08T18:58:08.027+09:00,284.85595575633215,187.2445163078428,upper_failure,solver_rejected,DAQP direct corridor QP infeasible: tried=1,True,5.501724481582642,427,True
3,20261008_185426_scenario3_72c4df,4,coasting,1791453488.5281796,2026-10-08T18:58:08.528+09:00,285.37926545378326,188.35256906397143,upper_failure,solver_rejected,DAQP direct corridor QP infeasible: tried=1,True,6.000877857208252,428,True
3,20261008_185426_scenario3_72c4df,4,coasting,1791453489.02713,2026-10-08T18:58:09.027+09:00,285.86045809907523,189.40771573195897,upper_failure,solver_rejected,DAQP direct corridor QP infeasible: tried=1,True,6.498862981796265,429,True
3,20261008_185426_scenario3_72c4df,4,coasting,1791453489.527146,2026-10-08T18:58:09.527+09:00,286.3311677712208,190.4035237945243,upper_failure,solver_rejected,DAQP direct corridor QP infeasible: tried=1,True,6.999931573867798,430,True
3,20261008_185426_scenario3_72c4df,4,coasting,1791453490.027134,2026-10-08T18:58:10.027+09:00,286.78719499302423,191.4042192325839,upper_failure,solver_rejected,DAQP direct corridor QP infeasible: tried=1,True,7.500088691711426,431,True
3,20261008_185426_scenario3_72c4df,4,coasting,1791453490.5273237,2026-10-08T18:58:10.527+09:00,287.1799456773358,192.2352195001827,upper_failure,solver_rejected,DAQP direct corridor QP infeasible: tried=1,True,8.000712871551514,432,True
3,20261008_185426_scenario3_72c4df,4,coasting,1791453491.0273163,2026-10-08T18:58:11.027+09:00,287.5592189007401,193.0772283291682,upper_failure,solver_rejected,DAQP direct corridor QP infeasible: tried=1,True,8.500296592712402,433,True
3,20261008_185426_scenario3_72c4df,4,coasting,1791453491.527364,2026-10-08T18:58:11.527+09:00,287.93348244018074,193.8657868773281,upper_failure,solver_rejected,DAQP direct corridor QP infeasible: tried=1,True,9.000432252883911,434,True
3,20261008_185426_scenario3_72c4df,4,coasting,1791453492.0274088,2026-10-08T18:58:12.027+09:00,288.26898770463634,194.613775264518,upper_failure,solver_rejected,DAQP direct corridor QP infeasible: tried=1,True,9.50116491317749,435,True
3,20261008_185426_scenario3_72c4df,4,coasting,1791453492.5273564,2026-10-08T18:58:12.527+09:00,288.59883491511573,195.30996622446418,upper_failure,solver_rejected,DAQP direct corridor QP infeasible: tried=1,True,10.00070071220398,436,True
3,20261008_185426_scenario3_72c4df,4,coasting,1791453493.0273616,2026-10-08T18:58:13.027+09:00,288.8950270098057,195.97049555217964,upper_failure,solver_rejected,DAQP direct corridor QP infeasible: tried=1,True,10.500519275665283,437,True
3,20261008_185426_scenario3_72c4df,4,coasting,1791453493.5272896,2026-10-08T18:58:13.527+09:00,289.2039074645349,196.61928870318928,upper_failure,solver_rejected,DAQP direct corridor QP infeasible: tried=1,True,11.001868486404419,438,True
3,20261008_185426_scenario3_72c4df,4,coasting,1791453494.027343,2026-10-08T18:58:14.027+09:00,289.4473613186222,197.15998092033303,upper_failure,solver_rejected,DAQP direct corridor QP infeasible: tried=1,True,11.499091625213623,439,True
3,20261008_185426_scenario3_72c4df,4,coasting,1791453494.5276098,2026-10-08T18:58:14.527+09:00,289.7037991087733,197.69111086068736,upper_failure,solver_rejected,DAQP direct corridor QP infeasible: tried=1,True,12.000012874603271,440,True
3,20261008_185426_scenario3_72c4df,4,coasting,1791453495.0274045,2026-10-08T18:58:15.027+09:00,289.9245496354028,198.18749779331188,upper_failure,solver_rejected,DAQP direct corridor QP infeasible: tried=1,True,12.500366449356079,441,True
3,20261008_185426_scenario3_72c4df,4,coasting,1791453495.5276434,2026-10-08T18:58:15.527+09:00,290.14305640292605,198.63972398146197,upper_failure,solver_rejected,DAQP direct corridor QP infeasible: tried=1,True,13.000378131866455,442,True
3,20261008_185426_scenario3_72c4df,4,coasting,1791453496.027419,2026-10-08T18:58:16.027+09:00,290.3293628615398,199.0601698484741,upper_failure,solver_rejected,DAQP direct corridor QP infeasible: tried=1,True,13.500154256820679,443,True
3,20261008_185426_scenario3_72c4df,4,coasting,1791453496.5274444,2026-10-08T18:58:16.527+09:00,290.5147175184908,199.44009642397262,upper_failure,solver_rejected,DAQP direct corridor QP infeasible: tried=1,True,14.000316381454468,444,True
3,20261008_185426_scenario3_72c4df,4,coasting,1791453497.0276291,2026-10-08T18:58:17.027+09:00,290.6670661903741,199.7870560117855,upper_failure,solver_rejected,DAQP direct corridor QP infeasible: tried=1,True,14.500350713729858,445,True
3,20261008_185426_scenario3_72c4df,4,coasting,1791453497.5274656,2026-10-08T18:58:17.527+09:00,290.8165382991846,200.0910959978979,upper_failure,solver_rejected,DAQP direct corridor QP infeasible: tried=1,True,15.000327348709106,446,True
3,20261008_185426_scenario3_72c4df,4,coasting,1791453498.0273588,2026-10-08T18:58:18.027+09:00,290.9332410110353,200.3651252894922,upper_failure,solver_rejected,DAQP direct corridor QP infeasible: tried=1,True,15.500077486038208,447,True
3,20261008_185426_scenario3_72c4df,4,coasting,1791453498.5275502,2026-10-08T18:58:18.527+09:00,291.0489541669109,200.5946679419733,upper_failure,solver_rejected,DAQP direct corridor QP infeasible: tried=1,True,16.000486135482788,448,True
3,20261008_185426_scenario3_72c4df,4,coasting,1791453499.0276127,2026-10-08T18:58:19.027+09:00,291.1352895353602,200.80441099647888,upper_failure,solver_rejected,DAQP direct corridor QP infeasible: tried=1,True,16.499168872833252,449,True
3,20261008_185426_scenario3_72c4df,4,coasting,1791453499.5275004,2026-10-08T18:58:19.527+09:00,291.21915514610646,200.9687911615279,upper_failure,solver_rejected,DAQP direct corridor QP infeasible: tried=1,True,17.000200986862183,450,True
3,20261008_185426_scenario3_72c4df,4,coasting,1791453500.0277445,2026-10-08T18:58:20.027+09:00,291.2657397406529,201.11216250541486,upper_failure,solver_rejected,DAQP direct corridor QP infeasible: tried=1,True,17.500853538513184,451,True
3,20261008_185426_scenario3_72c4df,4,coasting,1791453500.5274289,2026-10-08T18:58:20.527+09:00,291.29649655925857,201.2365677682052,upper_failure,solver_rejected,DAQP direct corridor QP infeasible: tried=1,True,17.999093055725098,452,True
3,20261008_185426_scenario3_72c4df,4,coasting,1791453501.0274582,2026-10-08T18:58:21.027+09:00,291.30047573218667,201.31631704428835,upper_failure,solver_rejected,DAQP direct corridor QP infeasible: tried=1,True,18.499167919158936,453,True
3,20261008_185426_scenario3_72c4df,4,coasting,1791453501.5278046,2026-10-08T18:58:21.527+09:00,291.29617767312317,201.36562014151653,upper_failure,solver_rejected,DAQP direct corridor QP infeasible: tried=1,True,19.000696897506714,454,True
3,20261008_185426_scenario3_72c4df,0,setup_or_other,1791453502.0279217,2026-10-08T18:58:22.027+09:00,291.27009717449977,201.3789285184687,upper_failure,solver_rejected,DAQP direct corridor QP infeasible: tried=1,True,19.500683546066284,455,True
3,20261008_185426_scenario3_72c4df,0,setup_or_other,1791453502.527506,2026-10-08T18:58:22.527+09:00,291.2514956390135,201.392821225053,upper_failure,solver_rejected,DAQP direct corridor QP infeasible: tried=1,True,20.00039529800415,456,True
3,20261008_185426_scenario3_72c4df,0,setup_or_other,1791453503.027572,2026-10-08T18:58:23.027+09:00,187,220,upper_failure,no_candidate,empty valid interval prefix,True,20.500348329544067,457,False
3,20261008_185426_scenario3_72c4df,0,setup_or_other,1791453503.5275059,2026-10-08T18:58:23.527+09:00,187.01601567491838,219.98753764175797,upper_failure,solver_rejected,DAQP direct corridor QP infeasible: tried=9,True,20.999989986419678,458,True
3,20261008_185426_scenario3_72c4df,0,setup_or_other,1791453504.0275776,2026-10-08T18:58:24.027+09:00,187.03046586109275,219.98513560677912,upper_failure,solver_rejected,DAQP direct corridor QP infeasible: tried=6,True,21.49932622909546,459,True
3,20261008_185426_scenario3_72c4df,5,running,1791453505.6746724,2026-10-08T18:58:25.674+09:00,187.05115658773843,219.97251690877025,lower_mode_transition,4->0,QP command,,,,
3,20261008_185426_scenario3_72c4df,5,running,1791453531.5284162,2026-10-08T18:58:51.528+09:00,254.18071439427214,139.6695283016074,upper_failure,solver_rejected,DAQP direct corridor QP infeasible: tried=1,True,0.5000793933868408,514,True
3,20261008_185426_scenario3_72c4df,5,running,1791453532.0286577,2026-10-08T18:58:52.028+09:00,256.75300139066087,140.3661825343945,upper_failure,solver_rejected,DAQP direct corridor QP infeasible: tried=1,True,1.0004010200500488,515,True
3,20261008_185426_scenario3_72c4df,5,running_end,1791453538.3746188,2026-10-08T18:58:58.374+09:00,274.30194090352217,165.21382957005804,runner_completed,,goal approach only,,,,
3,20261008_185426_scenario3_72c4df,5,coasting,1791453538.3747997,2026-10-08T18:58:58.374+09:00,274.30194090352217,165.21382957005804,lower_mode_transition,0->4,goal or batch permission neutral,,,,
3,20261008_185426_scenario3_72c4df,5,coasting,1791453540.5286305,2026-10-08T18:59:00.528+09:00,278.81690638009655,174.01347455604258,upper_failure,solver_rejected,DAQP direct corridor QP infeasible: tried=1,True,0.49611830711364746,532,True
3,20261008_185426_scenario3_72c4df,5,coasting,1791453541.0287218,2026-10-08T18:59:01.028+09:00,279.69653733906546,175.80834052639912,upper_failure,solver_rejected,DAQP direct corridor QP infeasible: tried=1,True,0.9961979389190674,533,True
3,20261008_185426_scenario3_72c4df,5,coasting,1791453541.52866,2026-10-08T18:59:01.528+09:00,280.53138378291465,177.4885919199679,upper_failure,solver_rejected,DAQP direct corridor QP infeasible: tried=1,True,1.496741533279419,534,True
3,20261008_185426_scenario3_72c4df,5,coasting,1791453542.0287302,2026-10-08T18:59:02.028+09:00,281.3182711861825,179.0967003419429,upper_failure,solver_rejected,DAQP direct corridor QP infeasible: tried=1,True,1.9966731071472168,535,True
3,20261008_185426_scenario3_72c4df,5,coasting,1791453542.5287762,2026-10-08T18:59:02.528+09:00,282.06544806957913,180.59850014507236,upper_failure,solver_rejected,DAQP direct corridor QP infeasible: tried=1,True,2.4966297149658203,536,True
3,20261008_185426_scenario3_72c4df,5,coasting,1791453543.0304024,2026-10-08T18:59:03.030+09:00,282.7145241293202,181.9306497230734,upper_failure,solver_rejected,DAQP direct corridor QP infeasible: tried=1,True,2.9987101554870605,537,True
3,20261008_185426_scenario3_72c4df,5,coasting,1791453543.5287762,2026-10-08T18:59:03.528+09:00,283.44295446059124,183.38906749791005,upper_failure,solver_rejected,DAQP direct corridor QP infeasible: tried=1,True,3.496872901916504,538,True
3,20261008_185426_scenario3_72c4df,5,coasting,1791453544.0287504,2026-10-08T18:59:04.028+09:00,284.0749072923584,184.68471251380734,upper_failure,solver_rejected,DAQP direct corridor QP infeasible: tried=1,True,3.9957170486450195,539,True
3,20261008_185426_scenario3_72c4df,5,coasting,1791453544.5288084,2026-10-08T18:59:04.528+09:00,284.67736547841037,185.89559779864186,upper_failure,solver_rejected,DAQP direct corridor QP infeasible: tried=1,True,4.496851682662964,540,True
3,20261008_185426_scenario3_72c4df,5,coasting,1791453545.028814,2026-10-08T18:59:05.028+09:00,285.24580538108626,187.06200412736914,upper_failure,solver_rejected,DAQP direct corridor QP infeasible: tried=1,True,4.996844291687012,541,True
3,20261008_185426_scenario3_72c4df,5,coasting,1791453545.5287764,2026-10-08T18:59:05.528+09:00,285.78604413771194,188.1470103941239,upper_failure,solver_rejected,DAQP direct corridor QP infeasible: tried=1,True,5.496682643890381,542,True
3,20261008_185426_scenario3_72c4df,5,coasting,1791453546.0287137,2026-10-08T18:59:06.028+09:00,286.2949121643261,189.1931183189495,upper_failure,solver_rejected,DAQP direct corridor QP infeasible: tried=1,True,5.996713161468506,543,True
3,20261008_185426_scenario3_72c4df,5,coasting,1791453546.5289354,2026-10-08T18:59:06.528+09:00,286.7416105483323,190.0865110178695,upper_failure,solver_rejected,DAQP direct corridor QP infeasible: tried=1,True,6.496876955032349,544,True
3,20261008_185426_scenario3_72c4df,5,coasting,1791453547.028888,2026-10-08T18:59:07.028+09:00,287.23141066005195,191.09934049644923,upper_failure,solver_rejected,DAQP direct corridor QP infeasible: tried=1,True,6.997037172317505,545,True
3,20261008_185426_scenario3_72c4df,5,coasting,1791453547.5288553,2026-10-08T18:59:07.528+09:00,287.6637963976448,191.96581829928442,upper_failure,solver_rejected,DAQP direct corridor QP infeasible: tried=1,True,7.496785402297974,546,True
3,20261008_185426_scenario3_72c4df,5,coasting,1791453548.0289853,2026-10-08T18:59:08.028+09:00,288.0687573584428,192.8053834201213,upper_failure,solver_rejected,DAQP direct corridor QP infeasible: tried=1,True,7.9971911907196045,547,True
3,20261008_185426_scenario3_72c4df,5,coasting,1791453548.5289712,2026-10-08T18:59:08.528+09:00,288.45371065573573,193.57880338830972,upper_failure,solver_rejected,DAQP direct corridor QP infeasible: tried=1,True,8.496845960617065,548,True
3,20261008_185426_scenario3_72c4df,5,coasting,1791453549.0289118,2026-10-08T18:59:09.028+09:00,288.81360141992707,194.3246292634097,upper_failure,solver_rejected,DAQP direct corridor QP infeasible: tried=1,True,8.99587607383728,549,True
3,20261008_185426_scenario3_72c4df,5,coasting,1791453549.5290096,2026-10-08T18:59:09.529+09:00,289.1351567606358,194.9634801910484,upper_failure,solver_rejected,DAQP direct corridor QP infeasible: tried=1,True,9.496918678283691,550,True
3,20261008_185426_scenario3_72c4df,5,coasting,1791453550.0289977,2026-10-08T18:59:10.028+09:00,289.47342483363684,195.66196587370953,upper_failure,solver_rejected,DAQP direct corridor QP infeasible: tried=1,True,9.997312545776367,551,True
3,20261008_185426_scenario3_72c4df,5,coasting,1791453550.5306413,2026-10-08T18:59:10.530+09:00,289.77375278252043,196.2573934277618,upper_failure,solver_rejected,DAQP direct corridor QP infeasible: tried=1,True,10.498762130737305,552,True
3,20261008_185426_scenario3_72c4df,5,coasting,1791453551.0290055,2026-10-08T18:59:11.029+09:00,290.0494665981391,196.83097507311484,upper_failure,solver_rejected,DAQP direct corridor QP infeasible: tried=1,True,10.997159481048584,553,True
3,20261008_185426_scenario3_72c4df,5,coasting,1791453551.529022,2026-10-08T18:59:11.529+09:00,290.3092991301986,197.34697352503068,upper_failure,solver_rejected,DAQP direct corridor QP infeasible: tried=1,True,11.49696660041809,554,True
3,20261008_185426_scenario3_72c4df,5,coasting,1791453552.0289931,2026-10-08T18:59:12.028+09:00,290.54787305555357,197.84348248005765,upper_failure,solver_rejected,DAQP direct corridor QP infeasible: tried=1,True,11.996960878372192,555,True
3,20261008_185426_scenario3_72c4df,5,coasting,1791453552.5290198,2026-10-08T18:59:12.529+09:00,290.7693574179077,198.28107568461462,upper_failure,solver_rejected,DAQP direct corridor QP infeasible: tried=1,True,12.49694299697876,556,True
3,20261008_185426_scenario3_72c4df,5,coasting,1791453553.0290732,2026-10-08T18:59:13.029+09:00,290.9698117179447,198.7005722040639,upper_failure,solver_rejected,DAQP direct corridor QP infeasible: tried=1,True,12.997065544128418,557,True
3,20261008_185426_scenario3_72c4df,5,coasting,1791453553.529133,2026-10-08T18:59:13.529+09:00,291.1540400234659,199.06340028114892,upper_failure,solver_rejected,DAQP direct corridor QP infeasible: tried=1,True,13.49828839302063,558,True
3,20261008_185426_scenario3_72c4df,5,coasting,1791453554.0290785,2026-10-08T18:59:14.029+09:00,291.3162745914916,199.40828980113494,upper_failure,solver_rejected,DAQP direct corridor QP infeasible: tried=1,True,13.996467351913452,559,True
3,20261008_185426_scenario3_72c4df,5,coasting,1791453554.5291436,2026-10-08T18:59:14.529+09:00,291.46603032611466,199.69974626146927,upper_failure,solver_rejected,DAQP direct corridor QP infeasible: tried=1,True,14.496957540512085,560,True
3,20261008_185426_scenario3_72c4df,5,coasting,1791453555.0295818,2026-10-08T18:59:15.029+09:00,291.5951710431304,199.97865094585222,upper_failure,solver_rejected,DAQP direct corridor QP infeasible: tried=1,True,14.997744798660278,561,True
3,20261008_185426_scenario3_72c4df,5,coasting,1791453555.52915,2026-10-08T18:59:15.529+09:00,291.71087542844043,200.20431834215384,upper_failure,solver_rejected,DAQP direct corridor QP infeasible: tried=1,True,15.497036218643188,562,True
3,20261008_185426_scenario3_72c4df,5,coasting,1791453556.0291407,2026-10-08T18:59:16.029+09:00,291.8071854913048,200.4143189139403,upper_failure,solver_rejected,DAQP direct corridor QP infeasible: tried=1,True,15.997797727584839,563,True
3,20261008_185426_scenario3_72c4df,5,coasting,1791453556.5291483,2026-10-08T18:59:16.529+09:00,291.8897034344441,200.56891392849423,upper_failure,solver_rejected,DAQP direct corridor QP infeasible: tried=1,True,16.496290922164917,564,True
3,20261008_185426_scenario3_72c4df,5,coasting,1791453557.029139,2026-10-08T18:59:17.029+09:00,291.9456426261455,200.7168297380624,upper_failure,solver_rejected,DAQP direct corridor QP infeasible: tried=1,True,16.997178316116333,565,True
3,20261008_185426_scenario3_72c4df,5,coasting,1791453557.5291667,2026-10-08T18:59:17.529+09:00,291.9725152689004,200.82481194513176,upper_failure,solver_rejected,DAQP direct corridor QP infeasible: tried=1,True,17.49706196784973,566,True
3,20261008_185426_scenario3_72c4df,5,coasting,1791453558.029473,2026-10-08T18:59:18.029+09:00,291.9803927392949,200.9105133163291,upper_failure,solver_rejected,DAQP direct corridor QP infeasible: tried=1,True,17.997467517852783,567,True
3,20261008_185426_scenario3_72c4df,5,coasting,1791453558.5292919,2026-10-08T18:59:18.529+09:00,291.9708839087953,200.95358361697643,upper_failure,solver_rejected,DAQP direct corridor QP infeasible: tried=1,True,18.497473001480103,568,True
3,20261008_185426_scenario3_72c4df,0,setup_or_other,1791453559.0292006,2026-10-08T18:59:19.029+09:00,291.9499854738869,200.97699853856673,upper_failure,solver_rejected,DAQP direct corridor QP infeasible: tried=1,True,18.996184587478638,569,True
3,20261008_185426_scenario3_72c4df,0,setup_or_other,1791453559.5293384,2026-10-08T18:59:19.529+09:00,291.9276355765564,200.98402906863555,upper_failure,solver_rejected,DAQP direct corridor QP infeasible: tried=1,True,19.497482538223267,570,True
3,20261008_185426_scenario3_72c4df,0,setup_or_other,1791453560.029278,2026-10-08T18:59:20.029+09:00,291.91317406544215,201.00143965426957,upper_failure,solver_rejected,DAQP direct corridor QP infeasible: tried=1,True,19.997434854507446,571,True
3,20261008_185426_scenario3_72c4df,0,setup_or_other,1791453560.5292528,2026-10-08T18:59:20.529+09:00,187.01344395879323,219.99953623810086,upper_failure,solver_rejected,DAQP direct corridor QP infeasible: tried=4,True,20.499008893966675,572,True
3,20261008_185426_scenario3_72c4df,0,setup_or_other,1791453561.02928,2026-10-08T18:59:21.029+09:00,187.02806166940195,219.9928531230798,upper_failure,solver_rejected,DAQP direct corridor QP infeasible: tried=4,True,20.99643564224243,573,True
3,20261008_185426_scenario3_72c4df,0,setup_or_other,1791453561.5317087,2026-10-08T18:59:21.531+09:00,187.03692212758278,219.99396399684267,upper_failure,solver_rejected,DAQP direct corridor QP infeasible: tried=6,True,21.501527309417725,574,True
3,20261008_185426_scenario3_72c4df,6,running,1791453562.876759,2026-10-08T18:59:22.876+09:00,187.0554037086284,219.97326139607952,lower_mode_transition,4->0,QP command,,,,
3,20261008_185426_scenario3_72c4df,6,running_end,1791453595.2748969,2026-10-08T18:59:55.274+09:00,273.5024648403573,165.7471034715006,runner_completed,,goal approach only,,,,
3,20261008_185426_scenario3_72c4df,6,coasting,1791453595.2765417,2026-10-08T18:59:55.276+09:00,273.5024648403573,165.7471034715006,lower_mode_transition,0->4,goal or batch permission neutral,,,,
3,20261008_185426_scenario3_72c4df,6,coasting,1791453597.030515,2026-10-08T18:59:57.030+09:00,277.97015532184525,172.52529643283327,upper_failure,solver_rejected,DAQP direct corridor QP infeasible: tried=1,True,0.4983053207397461,645,True
3,20261008_185426_scenario3_72c4df,6,coasting,1791453597.530445,2026-10-08T18:59:57.530+09:00,279.194241826751,174.36078642370717,upper_failure,solver_rejected,DAQP direct corridor QP infeasible: tried=1,True,0.9980416297912598,646,True
3,20261008_185426_scenario3_72c4df,6,coasting,1791453598.030407,2026-10-08T18:59:58.030+09:00,280.2811366539799,176.00322280565322,upper_failure,solver_rejected,DAQP direct corridor QP infeasible: tried=1,True,1.4983677864074707,647,True
3,20261008_185426_scenario3_72c4df,6,coasting,1791453598.530472,2026-10-08T18:59:58.530+09:00,281.3128350926425,177.55290864328916,upper_failure,solver_rejected,DAQP direct corridor QP infeasible: tried=1,True,1.9985463619232178,648,True
3,20261008_185426_scenario3_72c4df,6,coasting,1791453599.0304472,2026-10-08T18:59:59.030+09:00,282.28749798392226,179.0222927799999,upper_failure,solver_rejected,DAQP direct corridor QP infeasible: tried=1,True,2.497401714324951,649,True
3,20261008_185426_scenario3_72c4df,6,coasting,1791453599.5305583,2026-10-08T18:59:59.530+09:00,283.21297602322437,180.4099851750646,upper_failure,solver_rejected,DAQP direct corridor QP infeasible: tried=1,True,2.998673439025879,650,True
3,20261008_185426_scenario3_72c4df,6,coasting,1791453600.030511,2026-10-08T19:00:00.030+09:00,284.08389023009164,181.7283041396384,upper_failure,solver_rejected,DAQP direct corridor QP infeasible: tried=1,True,3.4985296726226807,651,True
3,20261008_185426_scenario3_72c4df,6,coasting,1791453600.5304964,2026-10-08T19:00:00.530+09:00,284.91359091879684,182.97298855647426,upper_failure,solver_rejected,DAQP direct corridor QP infeasible: tried=1,True,3.9985415935516357,652,True
3,20261008_185426_scenario3_72c4df,6,coasting,1791453601.030506,2026-10-08T19:00:01.030+09:00,285.69651386305634,184.15695029701874,upper_failure,solver_rejected,DAQP direct corridor QP infeasible: tried=1,True,4.4987170696258545,653,True
3,20261008_185426_scenario3_72c4df,6,coasting,1791453601.5305386,2026-10-08T19:00:01.530+09:00,286.441178545185,185.27747589114864,upper_failure,solver_rejected,DAQP direct corridor QP infeasible: tried=1,True,5.000977516174316,654,True
3,20261008_185426_scenario3_72c4df,6,coasting,1791453602.030539,2026-10-08T19:00:02.030+09:00,287.142682070563,186.34126077814622,upper_failure,solver_rejected,DAQP direct corridor QP infeasible: tried=1,True,5.498004913330078,655,True
3,20261008_185426_scenario3_72c4df,6,coasting,1791453602.5305955,2026-10-08T19:00:02.530+09:00,287.8100663405508,187.3430980833693,upper_failure,solver_rejected,DAQP direct corridor QP infeasible: tried=1,True,5.99863076210022,656,True
3,20261008_185426_scenario3_72c4df,6,coasting,1791453603.0305574,2026-10-08T19:00:03.030+09:00,288.43626034564966,188.2966302684677,upper_failure,solver_rejected,DAQP direct corridor QP infeasible: tried=1,True,6.49869441986084,657,True
3,20261008_185426_scenario3_72c4df,6,coasting,1791453603.5305634,2026-10-08T19:00:03.530+09:00,289.0346638861802,189.1941597270486,upper_failure,solver_rejected,DAQP direct corridor QP infeasible: tried=1,True,6.998570919036865,658,True
3,20261008_185426_scenario3_72c4df,6,coasting,1791453604.0305483,2026-10-08T19:00:04.030+09:00,289.59615427232575,190.04770804845873,upper_failure,solver_rejected,DAQP direct corridor QP infeasible: tried=1,True,7.497438669204712,659,True
3,20261008_185426_scenario3_72c4df,6,coasting,1791453604.5306396,2026-10-08T19:00:04.530+09:00,290.1310375945639,190.84801767321468,upper_failure,solver_rejected,DAQP direct corridor QP infeasible: tried=1,True,7.998677015304565,660,True
3,20261008_185426_scenario3_72c4df,6,coasting,1791453605.030605,2026-10-08T19:00:05.030+09:00,290.6321797797727,191.61057209349653,upper_failure,solver_rejected,DAQP direct corridor QP infeasible: tried=1,True,8.498654127120972,661,True
3,20261008_185426_scenario3_72c4df,6,coasting,1791453605.5306504,2026-10-08T19:00:05.530+09:00,291.1079590485631,192.3249156487811,upper_failure,solver_rejected,DAQP direct corridor QP infeasible: tried=1,True,8.998610019683838,662,True
3,20261008_185426_scenario3_72c4df,6,coasting,1791453606.0306604,2026-10-08T19:00:06.030+09:00,291.55412337994164,192.99975567338947,upper_failure,solver_rejected,DAQP direct corridor QP infeasible: tried=1,True,9.499135971069336,663,True
3,20261008_185426_scenario3_72c4df,6,coasting,1791453606.530674,2026-10-08T19:00:06.530+09:00,291.9761261715506,193.62991074641008,upper_failure,solver_rejected,DAQP direct corridor QP infeasible: tried=1,True,9.99875807762146,664,True
3,20261008_185426_scenario3_72c4df,6,coasting,1791453607.030723,2026-10-08T19:00:07.030+09:00,292.36637657400865,194.2241331338923,upper_failure,solver_rejected,DAQP direct corridor QP infeasible: tried=1,True,10.499106645584106,665,True
3,20261008_185426_scenario3_72c4df,6,coasting,1791453607.5307362,2026-10-08T19:00:07.530+09:00,292.7356338699332,194.77499109595007,upper_failure,solver_rejected,DAQP direct corridor QP infeasible: tried=1,True,10.998693466186523,666,True
3,20261008_185426_scenario3_72c4df,6,coasting,1791453608.0307474,2026-10-08T19:00:08.030+09:00,293.07680557706186,195.2929179696315,upper_failure,solver_rejected,DAQP direct corridor QP infeasible: tried=1,True,11.498777389526367,667,True
3,20261008_185426_scenario3_72c4df,6,coasting,1791453608.5307636,2026-10-08T19:00:08.530+09:00,293.39603224659834,195.77216953641215,upper_failure,solver_rejected,DAQP direct corridor QP infeasible: tried=1,True,11.998732089996338,668,True
3,20261008_185426_scenario3_72c4df,6,coasting,1791453609.0307026,2026-10-08T19:00:09.030+09:00,293.68791588417673,196.21774969533732,upper_failure,solver_rejected,DAQP direct corridor QP infeasible: tried=1,True,12.497681856155396,669,True
3,20261008_185426_scenario3_72c4df,6,coasting,1791453609.5307534,2026-10-08T19:00:09.530+09:00,293.9594699321596,196.6219368124766,upper_failure,solver_rejected,DAQP direct corridor QP infeasible: tried=1,True,12.998706579208374,670,True
3,20261008_185426_scenario3_72c4df,6,coasting,1791453610.0308337,2026-10-08T19:00:10.030+09:00,294.2030214524207,196.99702410781566,upper_failure,solver_rejected,DAQP direct corridor QP infeasible: tried=1,True,13.49954605102539,671,True
3,20261008_185426_scenario3_72c4df,6,coasting,1791453610.5307846,2026-10-08T19:00:10.530+09:00,294.42955346070204,197.33322399752592,upper_failure,solver_rejected,DAQP direct corridor QP infeasible: tried=1,True,14.000301122665405,672,True
3,20261008_185426_scenario3_72c4df,6,coasting,1791453611.0308566,2026-10-08T19:00:11.030+09:00,294.6300235964995,197.64148119989125,upper_failure,solver_rejected,DAQP direct corridor QP infeasible: tried=1,True,14.498814582824707,673,True
3,20261008_185426_scenario3_72c4df,6,coasting,1791453611.5308275,2026-10-08T19:00:11.530+09:00,294.81300640690597,197.91071098972375,upper_failure,solver_rejected,DAQP direct corridor QP infeasible: tried=1,True,14.998833179473877,674,True
3,20261008_185426_scenario3_72c4df,6,coasting,1791453612.0308921,2026-10-08T19:00:12.030+09:00,294.97115145102657,198.1554511761373,upper_failure,solver_rejected,DAQP direct corridor QP infeasible: tried=1,True,15.499074220657349,675,True
3,20261008_185426_scenario3_72c4df,6,coasting,1791453612.5309234,2026-10-08T19:00:12.530+09:00,295.1115286127584,198.36370186766968,upper_failure,solver_rejected,DAQP direct corridor QP infeasible: tried=1,True,16.000627279281616,676,True
3,20261008_185426_scenario3_72c4df,6,coasting,1791453613.0308776,2026-10-08T19:00:13.030+09:00,295.22938104571136,198.5433295028844,upper_failure,solver_rejected,DAQP direct corridor QP infeasible: tried=1,True,16.49888014793396,677,True
3,20261008_185426_scenario3_72c4df,6,coasting,1791453613.5308354,2026-10-08T19:00:13.530+09:00,295.3289344459973,198.68980850592638,upper_failure,solver_rejected,DAQP direct corridor QP infeasible: tried=1,True,16.998783826828003,678,True
3,20261008_185426_scenario3_72c4df,6,coasting,1791453614.0308123,2026-10-08T19:00:14.030+09:00,295.3846954843856,198.81926545633533,upper_failure,solver_rejected,DAQP direct corridor QP infeasible: tried=1,True,17.498433113098145,679,True
3,20261008_185426_scenario3_72c4df,6,coasting,1791453614.5310528,2026-10-08T19:00:14.531+09:00,295.4107349964224,198.92431107787718,upper_failure,solver_rejected,DAQP direct corridor QP infeasible: tried=1,True,17.999102354049683,680,True
3,20261008_185426_scenario3_72c4df,6,coasting,1791453615.030955,2026-10-08T19:00:15.030+09:00,295.42194095548774,199.00723006732488,upper_failure,solver_rejected,DAQP direct corridor QP infeasible: tried=1,True,18.50057816505432,681,True
3,20261008_185426_scenario3_72c4df,6,coasting,1791453615.5310287,2026-10-08T19:00:15.531+09:00,295.41114382892965,199.0598545638062,upper_failure,solver_rejected,DAQP direct corridor QP infeasible: tried=1,True,18.998966932296753,682,True
3,20261008_185426_scenario3_72c4df,0,setup_or_other,1791453616.0309112,2026-10-08T19:00:16.030+09:00,295.3870481046101,199.07478089789947,upper_failure,solver_rejected,DAQP direct corridor QP infeasible: tried=1,True,19.49881911277771,683,True
3,20261008_185426_scenario3_72c4df,0,setup_or_other,1791453616.5310068,2026-10-08T19:00:16.531+09:00,295.36652237240963,199.09383850159318,upper_failure,solver_rejected,DAQP direct corridor QP infeasible: tried=1,True,19.99904990196228,684,True
3,20261008_185426_scenario3_72c4df,0,setup_or_other,1791453617.0309691,2026-10-08T19:00:17.030+09:00,187.00127882122982,219.99959525477277,upper_failure,solver_rejected,DAQP direct corridor QP infeasible: tried=1,True,20.499788761138916,685,True
3,20261008_185426_scenario3_72c4df,0,setup_or_other,1791453617.5310533,2026-10-08T19:00:17.531+09:00,187.01864914458403,219.99216293063637,upper_failure,solver_rejected,DAQP direct corridor QP infeasible: tried=6,True,20.99925994873047,686,True
3,20261008_185426_scenario3_72c4df,0,setup_or_other,1791453618.031037,2026-10-08T19:00:18.031+09:00,187.0271486959875,219.9900084738239,upper_failure,solver_rejected,DAQP direct corridor QP infeasible: tried=6,True,21.498987674713135,687,True
3,20261008_185426_scenario3_72c4df,7,running,1791453619.6784775,2026-10-08T19:00:19.678+09:00,187.03899327089823,219.97417264355903,lower_mode_transition,4->0,QP command,,,,
3,20261008_185426_scenario3_72c4df,7,running,1791453645.5319734,2026-10-08T19:00:45.531+09:00,253.70976966594978,139.83645253301268,upper_failure,solver_rejected,DAQP direct corridor QP infeasible: tried=1,True,0.5007052421569824,742,True
3,20261008_185426_scenario3_72c4df,7,running,1791453646.0318997,2026-10-08T19:00:46.031+09:00,256.11068657946674,140.28579911808254,upper_failure,solver_rejected,DAQP direct corridor QP infeasible: tried=2,True,1.0006399154663086,743,True
3,20261008_185426_scenario3_72c4df,7,running_end,1791453652.3744462,2026-10-08T19:00:52.374+09:00,273.9555999702664,165.27533470872237,runner_completed,,goal approach only,,,,
3,20261008_185426_scenario3_72c4df,7,coasting,1791453652.3784235,2026-10-08T19:00:52.378+09:00,273.9555999702664,165.27533470872237,lower_mode_transition,0->4,goal or batch permission neutral,,,,
3,20261008_185426_scenario3_72c4df,7,coasting,1791453654.0321915,2026-10-08T19:00:54.032+09:00,278.24551368948795,172.33643077039926,upper_failure,solver_rejected,DAQP direct corridor QP infeasible: tried=1,True,0.4978516101837158,759,True
3,20261008_185426_scenario3_72c4df,7,coasting,1791453654.5321925,2026-10-08T19:00:54.532+09:00,279.4140309819461,174.22639640888536,upper_failure,solver_rejected,DAQP direct corridor QP infeasible: tried=1,True,0.9979052543640137,760,True
3,20261008_185426_scenario3_72c4df,7,coasting,1791453655.0322278,2026-10-08T19:00:55.032+09:00,280.5107450120886,176.03375996731833,upper_failure,solver_rejected,DAQP direct corridor QP infeasible: tried=1,True,1.4990932941436768,761,True
3,20261008_185426_scenario3_72c4df,7,coasting,1791453655.5322924,2026-10-08T19:00:55.532+09:00,281.5567034015371,177.72427571777934,upper_failure,solver_rejected,DAQP direct corridor QP infeasible: tried=1,True,1.9994168281555176,762,True
3,20261008_185426_scenario3_72c4df,7,coasting,1791453656.0322938,2026-10-08T19:00:56.032+09:00,282.53491940026976,179.34177532486717,upper_failure,solver_rejected,DAQP direct corridor QP infeasible: tried=1,True,2.4991579055786133,763,True
3,20261008_185426_scenario3_72c4df,7,coasting,1791453656.532245,2026-10-08T19:00:56.532+09:00,283.46961539123134,180.85541171588778,upper_failure,solver_rejected,DAQP direct corridor QP infeasible: tried=1,True,3.0011179447174072,764,True
3,20261008_185426_scenario3_72c4df,7,coasting,1791453657.0322878,2026-10-08T19:00:57.032+09:00,284.34508012083757,182.3064182316114,upper_failure,solver_rejected,DAQP direct corridor QP infeasible: tried=1,True,3.49918794631958,765,True
3,20261008_185426_scenario3_72c4df,7,coasting,1791453657.532301,2026-10-08T19:00:57.532+09:00,285.184423021513,183.66202239344392,upper_failure,solver_rejected,DAQP direct corridor QP infeasible: tried=1,True,3.9991981983184814,766,True
3,20261008_185426_scenario3_72c4df,7,coasting,1791453658.0323203,2026-10-08T19:00:58.032+09:00,285.96960275035724,184.96439710627615,upper_failure,solver_rejected,DAQP direct corridor QP infeasible: tried=1,True,4.499231576919556,767,True
3,20261008_185426_scenario3_72c4df,7,coasting,1791453658.5323565,2026-10-08T19:00:58.532+09:00,286.7217658342233,186.17984431062808,upper_failure,solver_rejected,DAQP direct corridor QP infeasible: tried=1,True,4.999273777008057,768,True
3,20261008_185426_scenario3_72c4df,7,coasting,1791453659.0325334,2026-10-08T19:00:59.032+09:00,287.4242729968992,187.34909142866096,upper_failure,solver_rejected,DAQP direct corridor QP infeasible: tried=1,True,5.499833106994629,769,True
3,20261008_185426_scenario3_72c4df,7,coasting,1791453659.5323997,2026-10-08T19:00:59.532+09:00,288.1008075107825,188.43953028874395,upper_failure,solver_rejected,DAQP direct corridor QP infeasible: tried=1,True,6.000676155090332,770,True
3,20261008_185426_scenario3_72c4df,7,coasting,1791453660.0323973,2026-10-08T19:01:00.032+09:00,288.7301124870199,189.49341933077406,upper_failure,solver_rejected,DAQP direct corridor QP infeasible: tried=1,True,6.499256372451782,771,True
3,20261008_185426_scenario3_72c4df,7,coasting,1791453660.5324135,2026-10-08T19:01:00.532+09:00,289.33506315530803,190.47346884528815,upper_failure,solver_rejected,DAQP direct corridor QP infeasible: tried=1,True,6.999544620513916,772,True
3,20261008_185426_scenario3_72c4df,7,coasting,1791453661.0324097,2026-10-08T19:01:01.032+09:00,289.90036988516607,191.41868933350776,upper_failure,solver_rejected,DAQP direct corridor QP infeasible: tried=1,True,7.499340057373047,773,True
3,20261008_185426_scenario3_72c4df,7,coasting,1791453661.5325017,2026-10-08T19:01:01.532+09:00,290.44571307947257,192.292801152031,upper_failure,solver_rejected,DAQP direct corridor QP infeasible: tried=1,True,7.999386548995972,774,True
3,20261008_185426_scenario3_72c4df,7,coasting,1791453662.0324836,2026-10-08T19:01:02.032+09:00,290.95259729824073,193.13740249204014,upper_failure,solver_rejected,DAQP direct corridor QP infeasible: tried=1,True,8.499494314193726,775,True
3,20261008_185426_scenario3_72c4df,7,coasting,1791453662.53244,2026-10-08T19:01:02.532+09:00,291.44066239676,193.91593268788623,upper_failure,solver_rejected,DAQP direct corridor QP infeasible: tried=1,True,8.998445749282837,776,True
3,20261008_185426_scenario3_72c4df,7,coasting,1791453663.0325527,2026-10-08T19:01:03.032+09:00,291.8894006361163,194.66784921252668,upper_failure,solver_rejected,DAQP direct corridor QP infeasible: tried=1,True,9.499508142471313,777,True
3,20261008_185426_scenario3_72c4df,7,coasting,1791453663.5325844,2026-10-08T19:01:03.532+09:00,292.32141795829244,195.35858973632008,upper_failure,solver_rejected,DAQP direct corridor QP infeasible: tried=1,True,9.99957823753357,778,True
3,20261008_185426_scenario3_72c4df,7,coasting,1791453664.0325341,2026-10-08T19:01:04.032+09:00,292.7185229404405,196.02542827865364,upper_failure,solver_rejected,DAQP direct corridor QP infeasible: tried=1,True,10.499393224716187,779,True
3,20261008_185426_scenario3_72c4df,7,coasting,1791453664.532566,2026-10-08T19:01:04.532+09:00,293.1012083019834,196.6317432559746,upper_failure,solver_rejected,DAQP direct corridor QP infeasible: tried=1,True,11.00074052810669,780,True
3,20261008_185426_scenario3_72c4df,7,coasting,1791453665.0325723,2026-10-08T19:01:05.032+09:00,293.44902668005057,197.21662965467976,upper_failure,solver_rejected,DAQP direct corridor QP infeasible: tried=1,True,11.499425649642944,781,True
3,20261008_185426_scenario3_72c4df,7,coasting,1791453665.5325139,2026-10-08T19:01:05.532+09:00,293.7810144065375,197.74338646224902,upper_failure,solver_rejected,DAQP direct corridor QP infeasible: tried=1,True,11.999305486679077,782,True
3,20261008_185426_scenario3_72c4df,7,coasting,1791453666.032589,2026-10-08T19:01:06.032+09:00,294.07934308701743,198.25056342480727,upper_failure,solver_rejected,DAQP direct corridor QP infeasible: tried=1,True,12.499624729156494,783,True
3,20261008_185426_scenario3_72c4df,7,coasting,1791453666.5326607,2026-10-08T19:01:06.532+09:00,294.36647428316917,198.70245974766917,upper_failure,solver_rejected,DAQP direct corridor QP infeasible: tried=1,True,12.999584197998047,784,True
3,20261008_185426_scenario3_72c4df,7,coasting,1791453667.032586,2026-10-08T19:01:07.032+09:00,294.6197650681429,199.1396288976803,upper_failure,solver_rejected,DAQP direct corridor QP infeasible: tried=1,True,13.50090503692627,785,True
3,20261008_185426_scenario3_72c4df,7,coasting,1791453667.532686,2026-10-08T19:01:07.532+09:00,294.86078281973477,199.52269932971006,upper_failure,solver_rejected,DAQP direct corridor QP infeasible: tried=1,True,13.999683141708374,786,True
3,20261008_185426_scenario3_72c4df,7,coasting,1791453668.0326846,2026-10-08T19:01:08.032+09:00,295.0735553072931,199.88935002086222,upper_failure,solver_rejected,DAQP direct corridor QP infeasible: tried=1,True,14.499642848968506,787,True
3,20261008_185426_scenario3_72c4df,7,coasting,1791453668.5326583,2026-10-08T19:01:08.532+09:00,295.27595841871886,200.2009928888644,upper_failure,solver_rejected,DAQP direct corridor QP infeasible: tried=1,True,14.999556303024292,788,True
3,20261008_185426_scenario3_72c4df,7,coasting,1791453669.0326385,2026-10-08T19:01:09.032+09:00,295.4494690490053,200.49862095223855,upper_failure,solver_rejected,DAQP direct corridor QP infeasible: tried=1,True,15.498494863510132,789,True
3,20261008_185426_scenario3_72c4df,7,coasting,1791453669.5327115,2026-10-08T19:01:09.532+09:00,295.612064009686,200.74356466439883,upper_failure,solver_rejected,DAQP direct corridor QP infeasible: tried=1,True,16.00209879875183,790,True
3,20261008_185426_scenario3_72c4df,7,coasting,1791453670.032711,2026-10-08T19:01:10.032+09:00,295.74315446666867,200.97471945380838,upper_failure,solver_rejected,DAQP direct corridor QP infeasible: tried=1,True,16.49981451034546,791,True
3,20261008_185426_scenario3_72c4df,7,coasting,1791453670.5326688,2026-10-08T19:01:10.532+09:00,295.86390790298157,201.15554657956406,upper_failure,solver_rejected,DAQP direct corridor QP infeasible: tried=1,True,17.001106023788452,792,True
3,20261008_185426_scenario3_72c4df,7,coasting,1791453671.0327678,2026-10-08T19:01:11.032+09:00,295.9560626647664,201.32306299889825,upper_failure,solver_rejected,DAQP direct corridor QP infeasible: tried=1,True,17.499759912490845,793,True
3,20261008_185426_scenario3_72c4df,7,coasting,1791453671.5327358,2026-10-08T19:01:11.532+09:00,296.036397660614,201.45023365763294,upper_failure,solver_rejected,DAQP direct corridor QP infeasible: tried=1,True,18.00076389312744,794,True
3,20261008_185426_scenario3_72c4df,7,coasting,1791453672.0327587,2026-10-08T19:01:12.032+09:00,296.07408333354743,201.56759132627533,upper_failure,solver_rejected,DAQP direct corridor QP infeasible: tried=1,True,18.498672246932983,795,True
3,20261008_185426_scenario3_72c4df,7,coasting,1791453672.532768,2026-10-08T19:01:12.532+09:00,296.090895024871,201.6484604163465,upper_failure,solver_rejected,DAQP direct corridor QP infeasible: tried=1,True,18.999566078186035,796,True
3,20261008_185426_scenario3_72c4df,7,coasting,1791453673.0328069,2026-10-08T19:01:13.032+09:00,296.08329387815826,201.70511000203558,upper_failure,solver_rejected,DAQP direct corridor QP infeasible: tried=1,True,19.50049662590027,797,True
3,20261008_185426_scenario3_72c4df,0,setup_or_other,1791453673.5328937,2026-10-08T19:01:13.532+09:00,296.0643943845233,201.721306695878,upper_failure,solver_rejected,DAQP direct corridor QP infeasible: tried=1,True,19.999964475631714,798,True
3,20261008_185426_scenario3_72c4df,0,setup_or_other,1791453674.0329428,2026-10-08T19:01:14.032+09:00,296.0398035105543,201.74335240889675,upper_failure,solver_rejected,DAQP direct corridor QP infeasible: tried=1,True,20.499661684036255,799,True
3,20261008_185426_scenario3_72c4df,0,setup_or_other,1791453674.532893,2026-10-08T19:01:14.532+09:00,296.02390596075867,201.75775347415805,upper_failure,solver_rejected,DAQP direct corridor QP infeasible: tried=1,True,20.999126195907593,800,True
3,20261008_185426_scenario3_72c4df,0,setup_or_other,1791453675.0328221,2026-10-08T19:01:15.032+09:00,187.0149466945214,219.99288579086337,upper_failure,solver_rejected,DAQP direct corridor QP infeasible: tried=9,True,21.49982476234436,801,True
3,20261008_185426_scenario3_72c4df,0,setup_or_other,1791453675.5328038,2026-10-08T19:01:15.532+09:00,187.02384289786147,219.99000530955558,upper_failure,solver_rejected,DAQP direct corridor QP infeasible: tried=6,True,21.99896740913391,802,True
3,20261008_185426_scenario3_72c4df,0,setup_or_other,1791453676.0328786,2026-10-08T19:01:16.032+09:00,187.03653890909894,219.9824452486318,upper_failure,solver_rejected,DAQP direct corridor QP infeasible: tried=4,True,22.49909210205078,803,True
3,20261008_185426_scenario3_72c4df,8,running,1791453677.3803432,2026-10-08T19:01:17.380+09:00,187.0417990961843,219.9760985395317,lower_mode_transition,4->0,QP command,,,,
3,20261008_185426_scenario3_72c4df,8,running_end,1791453710.8740685,2026-10-08T19:01:50.874+09:00,273.8328307696945,165.41684291813846,runner_completed,,goal approach only,,,,
3,20261008_185426_scenario3_72c4df,8,coasting,1791453710.8804688,2026-10-08T19:01:50.880+09:00,273.8328307696945,165.41684291813846,lower_mode_transition,0->4,goal or batch permission neutral,,,,
3,20261008_185426_scenario3_72c4df,8,coasting,1791453712.5340734,2026-10-08T19:01:52.534+09:00,278.4680642452752,172.08538303811267,upper_failure,solver_rejected,DAQP direct corridor QP infeasible: tried=1,True,0.499269962310791,876,True
3,20261008_185426_scenario3_72c4df,8,coasting,1791453713.0342948,2026-10-08T19:01:53.034+09:00,279.71723383939616,173.8786969740987,upper_failure,solver_rejected,DAQP direct corridor QP infeasible: tried=1,True,1.000035285949707,877,True
3,20261008_185426_scenario3_72c4df,8,coasting,1791453713.53417,2026-10-08T19:01:53.534+09:00,280.89205160633645,175.56547660301953,upper_failure,solver_rejected,DAQP direct corridor QP infeasible: tried=1,True,1.4997129440307617,878,True
3,20261008_185426_scenario3_72c4df,8,coasting,1791453714.0341554,2026-10-08T19:01:54.034+09:00,282.00586093935635,177.16835990140967,upper_failure,solver_rejected,DAQP direct corridor QP infeasible: tried=1,True,1.999605655670166,879,True
3,20261008_185426_scenario3_72c4df,8,coasting,1791453714.5342228,2026-10-08T19:01:54.534+09:00,283.05421867944364,178.6736453468246,upper_failure,solver_rejected,DAQP direct corridor QP infeasible: tried=1,True,2.500148296356201,880,True
3,20261008_185426_scenario3_72c4df,8,coasting,1791453715.0342393,2026-10-08T19:01:55.034+09:00,284.04649015949116,180.10744269478067,upper_failure,solver_rejected,DAQP direct corridor QP infeasible: tried=1,True,3.000584125518799,881,True
3,20261008_185426_scenario3_72c4df,8,coasting,1791453715.534112,2026-10-08T19:01:55.534+09:00,284.9853674876583,181.45586095183762,upper_failure,solver_rejected,DAQP direct corridor QP infeasible: tried=1,True,3.4994735717773438,882,True
3,20261008_185426_scenario3_72c4df,8,coasting,1791453716.034185,2026-10-08T19:01:56.034+09:00,285.87837935554256,182.74352538025124,upper_failure,solver_rejected,DAQP direct corridor QP infeasible: tried=1,True,4.000019550323486,883,True
3,20261008_185426_scenario3_72c4df,8,coasting,1791453716.5342207,2026-10-08T19:01:56.534+09:00,286.72273233041733,183.95356551783848,upper_failure,solver_rejected,DAQP direct corridor QP infeasible: tried=1,True,4.500018835067749,884,True
3,20261008_185426_scenario3_72c4df,8,coasting,1791453717.0350032,2026-10-08T19:01:57.035+09:00,287.52522501699497,185.1107015870077,upper_failure,solver_rejected,DAQP direct corridor QP infeasible: tried=1,True,5.000471115112305,885,True
3,20261008_185426_scenario3_72c4df,8,coasting,1791453717.5342884,2026-10-08T19:01:57.534+09:00,288.28126412117206,186.19731243969485,upper_failure,solver_rejected,DAQP direct corridor QP infeasible: tried=1,True,5.4999895095825195,886,True
3,20261008_185426_scenario3_72c4df,8,coasting,1791453718.0341854,2026-10-08T19:01:58.034+09:00,289.0047050481625,187.23547706246293,upper_failure,solver_rejected,DAQP direct corridor QP infeasible: tried=1,True,5.999599456787109,887,True
3,20261008_185426_scenario3_72c4df,8,coasting,1791453718.5342717,2026-10-08T19:01:58.534+09:00,289.68533111629654,188.20978290641062,upper_failure,solver_rejected,DAQP direct corridor QP infeasible: tried=1,True,6.502243757247925,888,True
3,20261008_185426_scenario3_72c4df,8,coasting,1791453719.034415,2026-10-08T19:01:59.034+09:00,290.3315141569008,189.14105261305406,upper_failure,solver_rejected,DAQP direct corridor QP infeasible: tried=1,True,6.99988579750061,889,True
3,20261008_185426_scenario3_72c4df,8,coasting,1791453719.5342736,2026-10-08T19:01:59.534+09:00,290.9412898289527,190.0132926711128,upper_failure,solver_rejected,DAQP direct corridor QP infeasible: tried=1,True,7.499694347381592,890,True
3,20261008_185426_scenario3_72c4df,8,coasting,1791453720.0343192,2026-10-08T19:02:00.034+09:00,291.5218168117555,190.84723731597362,upper_failure,solver_rejected,DAQP direct corridor QP infeasible: tried=1,True,7.999743938446045,891,True
3,20261008_185426_scenario3_72c4df,8,coasting,1791453720.534293,2026-10-08T19:02:00.534+09:00,292.06407570403786,191.62608728677725,upper_failure,solver_rejected,DAQP direct corridor QP infeasible: tried=1,True,8.49967336654663,892,True
3,20261008_185426_scenario3_72c4df,8,coasting,1791453721.034456,2026-10-08T19:02:01.034+09:00,292.5799760539612,192.3692202967993,upper_failure,solver_rejected,DAQP direct corridor QP infeasible: tried=1,True,9.000005960464478,893,True
3,20261008_185426_scenario3_72c4df,8,coasting,1791453721.5344,2026-10-08T19:02:01.534+09:00,293.06187712481096,193.05867297822044,upper_failure,solver_rejected,DAQP direct corridor QP infeasible: tried=1,True,9.499837398529053,894,True
3,20261008_185426_scenario3_72c4df,8,coasting,1791453722.0344248,2026-10-08T19:02:02.034+09:00,293.51592075394234,193.71678900638872,upper_failure,solver_rejected,DAQP direct corridor QP infeasible: tried=1,True,9.999910831451416,895,True
3,20261008_185426_scenario3_72c4df,8,coasting,1791453722.5344927,2026-10-08T19:02:02.534+09:00,293.94154180303775,194.32493090926923,upper_failure,solver_rejected,DAQP direct corridor QP infeasible: tried=1,True,10.500249147415161,896,True
3,20261008_185426_scenario3_72c4df,8,coasting,1791453723.0344374,2026-10-08T19:02:03.034+09:00,294.34377487677,194.9053401794782,upper_failure,solver_rejected,DAQP direct corridor QP infeasible: tried=1,True,11.000880718231201,897,True
3,20261008_185426_scenario3_72c4df,8,coasting,1791453723.5344455,2026-10-08T19:02:03.534+09:00,294.7177804538332,195.43722713296737,upper_failure,solver_rejected,DAQP direct corridor QP infeasible: tried=1,True,11.49982237815857,898,True
3,20261008_185426_scenario3_72c4df,8,coasting,1791453724.0347471,2026-10-08T19:02:04.034+09:00,295.06833883248584,195.94335873335865,upper_failure,solver_rejected,DAQP direct corridor QP infeasible: tried=1,True,12.000145435333252,899,True
3,20261008_185426_scenario3_72c4df,8,coasting,1791453724.5347342,2026-10-08T19:02:04.534+09:00,295.3892223833447,196.4028796464695,upper_failure,solver_rejected,DAQP direct corridor QP infeasible: tried=1,True,12.501794338226318,900,True
3,20261008_185426_scenario3_72c4df,8,coasting,1791453725.0344012,2026-10-08T19:02:05.034+09:00,295.69290219994326,196.83657172955918,upper_failure,solver_rejected,DAQP direct corridor QP infeasible: tried=1,True,12.999873638153076,901,True
3,20261008_185426_scenario3_72c4df,8,coasting,1791453725.5345354,2026-10-08T19:02:05.534+09:00,295.9674576084829,197.2262897018133,upper_failure,solver_rejected,DAQP direct corridor QP infeasible: tried=1,True,13.500092267990112,902,True
3,20261008_185426_scenario3_72c4df,8,coasting,1791453726.0344694,2026-10-08T19:02:06.034+09:00,296.2203745615097,197.5917404428888,upper_failure,solver_rejected,DAQP direct corridor QP infeasible: tried=1,True,13.999876976013184,903,True
3,20261008_185426_scenario3_72c4df,8,coasting,1791453726.535163,2026-10-08T19:02:06.535+09:00,296.4481465311539,197.914669058231,upper_failure,solver_rejected,DAQP direct corridor QP infeasible: tried=1,True,14.500641584396362,904,True
3,20261008_185426_scenario3_72c4df,8,coasting,1791453727.0346026,2026-10-08T19:02:07.034+09:00,296.6572962659559,198.21490770847547,upper_failure,solver_rejected,DAQP direct corridor QP infeasible: tried=1,True,15.00007700920105,905,True
3,20261008_185426_scenario3_72c4df,8,coasting,1791453727.534609,2026-10-08T19:02:07.534+09:00,296.83760343124817,198.47384375785688,upper_failure,solver_rejected,DAQP direct corridor QP infeasible: tried=1,True,15.500021934509277,906,True
3,20261008_185426_scenario3_72c4df,8,coasting,1791453728.0345623,2026-10-08T19:02:08.034+09:00,297.0003070814997,198.70971114331655,upper_failure,solver_rejected,DAQP direct corridor QP infeasible: tried=1,True,16.000014066696167,907,True
3,20261008_185426_scenario3_72c4df,8,coasting,1791453728.5346076,2026-10-08T19:02:08.534+09:00,297.1354800962199,198.90410528870106,upper_failure,solver_rejected,DAQP direct corridor QP infeasible: tried=1,True,16.500077486038208,908,True
3,20261008_185426_scenario3_72c4df,8,coasting,1791453729.0345747,2026-10-08T19:02:09.034+09:00,297.2328446638455,199.08790664652108,upper_failure,solver_rejected,DAQP direct corridor QP infeasible: tried=1,True,16.998943090438843,909,True
3,20261008_185426_scenario3_72c4df,8,coasting,1791453729.5346947,2026-10-08T19:02:09.534+09:00,297.3001597656004,199.2505043439901,upper_failure,solver_rejected,DAQP direct corridor QP infeasible: tried=1,True,17.500558137893677,910,True
3,20261008_185426_scenario3_72c4df,8,coasting,1791453730.0346642,2026-10-08T19:02:10.034+09:00,297.3548706711631,199.38322820461192,upper_failure,solver_rejected,DAQP direct corridor QP infeasible: tried=1,True,18.000243425369263,911,True
3,20261008_185426_scenario3_72c4df,8,coasting,1791453730.534604,2026-10-08T19:02:10.534+09:00,297.384458311711,199.48499837726803,upper_failure,solver_rejected,DAQP direct corridor QP infeasible: tried=1,True,18.499112606048584,912,True
3,20261008_185426_scenario3_72c4df,8,coasting,1791453731.0347512,2026-10-08T19:02:11.034+09:00,297.40210373450105,199.55410044373608,upper_failure,solver_rejected,DAQP direct corridor QP infeasible: tried=1,True,19.00032377243042,913,True
3,20261008_185426_scenario3_72c4df,8,coasting,1791453731.5346816,2026-10-08T19:02:11.534+09:00,297.39246762097923,199.59031376824797,upper_failure,solver_rejected,DAQP direct corridor QP infeasible: tried=1,True,19.50018811225891,914,True
3,20261008_185426_scenario3_72c4df,0,setup_or_other,1791453732.034876,2026-10-08T19:02:12.034+09:00,297.3827428956999,199.60068792515622,upper_failure,solver_rejected,DAQP direct corridor QP infeasible: tried=1,True,20.000519275665283,915,True
3,20261008_185426_scenario3_72c4df,0,setup_or_other,1791453732.5347369,2026-10-08T19:02:12.534+09:00,297.3696622078896,199.61346815838957,upper_failure,solver_rejected,DAQP direct corridor QP infeasible: tried=1,True,20.500298500061035,916,True
3,20261008_185426_scenario3_72c4df,0,setup_or_other,1791453733.034724,2026-10-08T19:02:13.034+09:00,297.36670600677695,199.6234543483584,upper_failure,solver_rejected,DAQP direct corridor QP infeasible: tried=1,True,21.00033402442932,917,True
3,20261008_185426_scenario3_72c4df,0,setup_or_other,1791453733.5347433,2026-10-08T19:02:13.534+09:00,187.00696089936216,219.99593130248857,upper_failure,solver_rejected,DAQP direct corridor QP infeasible: tried=9,True,21.500752925872803,918,True
3,20261008_185426_scenario3_72c4df,0,setup_or_other,1791453734.0347562,2026-10-08T19:02:14.034+09:00,187.00611687779968,219.9891483507934,upper_failure,solver_rejected,DAQP direct corridor QP infeasible: tried=6,True,21.999746799468994,919,True
3,20261008_185426_scenario3_72c4df,9,running,1791453735.7823594,2026-10-08T19:02:15.782+09:00,187.00567029920708,219.98395214614447,lower_mode_transition,4->0,QP command,,,,
3,20261008_185426_scenario3_72c4df,9,running_end,1791453769.0679197,2026-10-08T19:02:49.067+09:00,273.27170916857244,165.7194893338907,runner_completed,,goal approach only,,,,
3,20261008_185426_scenario3_72c4df,9,coasting,1791453769.0823252,2026-10-08T19:02:49.082+09:00,273.27170916857244,165.7194893338907,lower_mode_transition,0->4,goal or batch permission neutral,,,,
3,20261008_185426_scenario3_72c4df,9,coasting,1791453771.0359528,2026-10-08T19:02:51.035+09:00,278.7874156991045,172.8994623201704,upper_failure,solver_rejected,DAQP direct corridor QP infeasible: tried=1,True,0.4987928867340088,992,True
3,20261008_185426_scenario3_72c4df,9,coasting,1791453771.536094,2026-10-08T19:02:51.536+09:00,280.02151459808545,174.4929464431112,upper_failure,solver_rejected,DAQP direct corridor QP infeasible: tried=1,True,0.9994032382965088,993,True
3,20261008_185426_scenario3_72c4df,9,coasting,1791453772.0360105,2026-10-08T19:02:52.036+09:00,281.1742612353914,176.01124369414993,upper_failure,solver_rejected,DAQP direct corridor QP infeasible: tried=1,True,1.4992141723632812,994,True
3,20261008_185426_scenario3_72c4df,9,coasting,1791453772.5359995,2026-10-08T19:02:52.536+09:00,282.2746783827741,177.4362165783877,upper_failure,solver_rejected,DAQP direct corridor QP infeasible: tried=1,True,2.0030410289764404,995,True
3,20261008_185426_scenario3_72c4df,9,coasting,1791453773.0360093,2026-10-08T19:02:53.036+09:00,283.30754128859144,178.79709709832798,upper_failure,solver_rejected,DAQP direct corridor QP infeasible: tried=1,True,2.499058961868286,996,True
3,20261008_185426_scenario3_72c4df,9,coasting,1791453773.5360785,2026-10-08T19:02:53.536+09:00,284.29761661513055,180.07489436386138,upper_failure,solver_rejected,DAQP direct corridor QP infeasible: tried=1,True,2.999335765838623,997,True
3,20261008_185426_scenario3_72c4df,9,coasting,1791453774.0362778,2026-10-08T19:02:54.036+09:00,285.22542212004333,181.29522957125036,upper_failure,solver_rejected,DAQP direct corridor QP infeasible: tried=1,True,3.4993114471435547,998,True
3,20261008_185426_scenario3_72c4df,9,coasting,1791453774.5360363,2026-10-08T19:02:54.536+09:00,286.1157228678798,182.44131634200306,upper_failure,solver_rejected,DAQP direct corridor QP infeasible: tried=1,True,3.9982903003692627,999,True
3,20261008_185426_scenario3_72c4df,9,coasting,1791453775.036062,2026-10-08T19:02:55.036+09:00,286.9460936193382,183.53778401637192,upper_failure,solver_rejected,DAQP direct corridor QP infeasible: tried=1,True,4.499232292175293,1000,True
3,20261008_185426_scenario3_72c4df,9,coasting,1791453775.5361128,2026-10-08T19:02:55.536+09:00,287.7441276781362,184.56629687926164,upper_failure,solver_rejected,DAQP direct corridor QP infeasible: tried=1,True,4.999290227890015,1001,True
3,20261008_185426_scenario3_72c4df,9,coasting,1791453776.0361078,2026-10-08T19:02:56.036+09:00,288.48994643757675,185.55144128282782,upper_failure,solver_rejected,DAQP direct corridor QP infeasible: tried=1,True,5.499324560165405,1002,True
3,20261008_185426_scenario3_72c4df,9,coasting,1791453776.5361366,2026-10-08T19:02:56.536+09:00,289.20871968112135,186.47526472408492,upper_failure,solver_rejected,DAQP direct corridor QP infeasible: tried=1,True,5.9992592334747314,1003,True
3,20261008_185426_scenario3_72c4df,9,coasting,1791453777.036128,2026-10-08T19:02:57.036+09:00,289.8768976656992,187.3587745417221,upper_failure,solver_rejected,DAQP direct corridor QP infeasible: tried=1,True,6.49936580657959,1004,True
3,20261008_185426_scenario3_72c4df,9,coasting,1791453777.5363796,2026-10-08T19:02:57.536+09:00,290.5179782598867,188.1825902081357,upper_failure,solver_rejected,DAQP direct corridor QP infeasible: tried=1,True,7.000626564025879,1005,True
3,20261008_185426_scenario3_72c4df,9,coasting,1791453778.0361843,2026-10-08T19:02:58.036+09:00,291.111783268306,188.97196798883462,upper_failure,solver_rejected,DAQP direct corridor QP infeasible: tried=1,True,7.499500274658203,1006,True
3,20261008_185426_scenario3_72c4df,9,coasting,1791453778.536209,2026-10-08T19:02:58.536+09:00,291.6850321840708,189.70645996430548,upper_failure,solver_rejected,DAQP direct corridor QP infeasible: tried=1,True,7.999666213989258,1007,True
3,20261008_185426_scenario3_72c4df,9,coasting,1791453779.0363603,2026-10-08T19:02:59.036+09:00,292.2127246184831,190.41044784112304,upper_failure,solver_rejected,DAQP direct corridor QP infeasible: tried=1,True,8.499417304992676,1008,True
3,20261008_185426_scenario3_72c4df,9,coasting,1791453779.5362494,2026-10-08T19:02:59.536+09:00,292.7198593625038,191.06175442433022,upper_failure,solver_rejected,DAQP direct corridor QP infeasible: tried=1,True,8.999578714370728,1009,True
3,20261008_185426_scenario3_72c4df,9,coasting,1791453780.036157,2026-10-08T19:03:00.036+09:00,293.18846472372553,191.6862416465902,upper_failure,solver_rejected,DAQP direct corridor QP infeasible: tried=1,True,9.4994957447052,1010,True
3,20261008_185426_scenario3_72c4df,9,coasting,1791453780.53625,2026-10-08T19:03:00.536+09:00,293.6401317646832,192.2607724384676,upper_failure,solver_rejected,DAQP direct corridor QP infeasible: tried=1,True,9.999441623687744,1011,True
3,20261008_185426_scenario3_72c4df,9,coasting,1791453781.0363312,2026-10-08T19:03:01.036+09:00,294.05268306850985,192.8084520766231,upper_failure,solver_rejected,DAQP direct corridor QP infeasible: tried=1,True,10.499481201171875,1012,True
3,20261008_185426_scenario3_72c4df,9,coasting,1791453781.5363638,2026-10-08T19:03:01.536+09:00,294.44885824983294,193.30922676583967,upper_failure,solver_rejected,DAQP direct corridor QP infeasible: tried=1,True,10.999566316604614,1013,True
3,20261008_185426_scenario3_72c4df,9,coasting,1791453782.036263,2026-10-08T19:03:02.036+09:00,294.80450689873015,193.78516722180657,upper_failure,solver_rejected,DAQP direct corridor QP infeasible: tried=1,True,11.498478889465332,1014,True
3,20261008_185426_scenario3_72c4df,9,coasting,1791453782.5363092,2026-10-08T19:03:02.536+09:00,295.1451285018725,194.21573713834198,upper_failure,solver_rejected,DAQP direct corridor QP infeasible: tried=1,True,11.999662399291992,1015,True
3,20261008_185426_scenario3_72c4df,9,coasting,1791453783.0363238,2026-10-08T19:03:03.036+09:00,295.4493722634656,194.62364823408114,upper_failure,solver_rejected,DAQP direct corridor QP infeasible: tried=1,True,12.499549388885498,1016,True
3,20261008_185426_scenario3_72c4df,9,coasting,1791453783.5363455,2026-10-08T19:03:03.536+09:00,295.7408411823161,194.98902377027986,upper_failure,solver_rejected,DAQP direct corridor QP infeasible: tried=1,True,12.99994945526123,1017,True
3,20261008_185426_scenario3_72c4df,9,coasting,1791453784.0364318,2026-10-08T19:03:04.036+09:00,295.99473103416193,195.33138627835834,upper_failure,solver_rejected,DAQP direct corridor QP infeasible: tried=1,True,13.49959921836853,1018,True
3,20261008_185426_scenario3_72c4df,9,coasting,1791453784.536305,2026-10-08T19:03:04.536+09:00,296.23330398737573,195.62960460278845,upper_failure,solver_rejected,DAQP direct corridor QP infeasible: tried=1,True,13.999611854553223,1019,True
3,20261008_185426_scenario3_72c4df,9,coasting,1791453785.0369143,2026-10-08T19:03:05.036+09:00,296.42680241509316,195.91549001145552,upper_failure,solver_rejected,DAQP direct corridor QP infeasible: tried=1,True,14.500305652618408,1020,True
3,20261008_185426_scenario3_72c4df,9,coasting,1791453785.5364923,2026-10-08T19:03:05.536+09:00,296.5984866816327,196.17560214961682,upper_failure,solver_rejected,DAQP direct corridor QP infeasible: tried=1,True,14.99950385093689,1021,True
3,20261008_185426_scenario3_72c4df,9,coasting,1791453786.0365903,2026-10-08T19:03:06.036+09:00,296.73427454722093,196.40862154824902,upper_failure,solver_rejected,DAQP direct corridor QP infeasible: tried=1,True,15.499954462051392,1022,True
3,20261008_185426_scenario3_72c4df,9,coasting,1791453786.5364835,2026-10-08T19:03:06.536+09:00,296.85417282287744,196.61125556862783,upper_failure,solver_rejected,DAQP direct corridor QP infeasible: tried=1,True,15.999828815460205,1023,True
3,20261008_185426_scenario3_72c4df,9,coasting,1791453787.0366044,2026-10-08T19:03:07.036+09:00,296.9486871533651,196.78459045028995,upper_failure,solver_rejected,DAQP direct corridor QP infeasible: tried=1,True,16.499924421310425,1024,True
3,20261008_185426_scenario3_72c4df,9,coasting,1791453787.5364816,2026-10-08T19:03:07.536+09:00,297.031214468348,196.92655395680225,upper_failure,solver_rejected,DAQP direct corridor QP infeasible: tried=1,True,17.000094890594482,1025,True
3,20261008_185426_scenario3_72c4df,9,coasting,1791453788.0364442,2026-10-08T19:03:08.036+09:00,297.0872618511845,197.03588694480916,upper_failure,solver_rejected,DAQP direct corridor QP infeasible: tried=1,True,17.49957013130188,1026,True
3,20261008_185426_scenario3_72c4df,9,coasting,1791453788.5364985,2026-10-08T19:03:08.536+09:00,297.1308672228478,197.11443698162793,upper_failure,solver_rejected,DAQP direct corridor QP infeasible: tried=1,True,17.999739170074463,1027,True
3,20261008_185426_scenario3_72c4df,9,coasting,1791453789.0365028,2026-10-08T19:03:09.036+09:00,297.14506386968293,197.16075043548068,upper_failure,solver_rejected,DAQP direct corridor QP infeasible: tried=1,True,18.49898672103882,1028,True
3,20261008_185426_scenario3_72c4df,0,setup_or_other,1791453789.5365036,2026-10-08T19:03:09.536+09:00,297.1459153790813,197.1749803677615,upper_failure,solver_rejected,DAQP direct corridor QP infeasible: tried=1,True,18.998782873153687,1029,True
3,20261008_185426_scenario3_72c4df,0,setup_or_other,1791453790.0364888,2026-10-08T19:03:10.036+09:00,297.1368968723621,197.17934847922692,upper_failure,solver_rejected,DAQP direct corridor QP infeasible: tried=1,True,19.498871564865112,1030,True
3,20261008_185426_scenario3_72c4df,0,setup_or_other,1791453790.536526,2026-10-08T19:03:10.536+09:00,297.14117372642824,197.18655313165198,upper_failure,solver_rejected,DAQP direct corridor QP infeasible: tried=1,True,19.998698234558105,1031,True
3,20261008_185426_scenario3_72c4df,0,setup_or_other,1791453791.0366254,2026-10-08T19:03:11.036+09:00,187.00290842616403,219.99872761757484,upper_failure,solver_rejected,DAQP direct corridor QP infeasible: tried=9,True,20.50016760826111,1032,True
3,20261008_185426_scenario3_72c4df,0,setup_or_other,1791453791.5365717,2026-10-08T19:03:11.536+09:00,186.99952604822445,219.9949135456568,upper_failure,solver_rejected,DAQP direct corridor QP infeasible: tried=9,True,20.998842239379883,1033,True
3,20261008_185426_scenario3_72c4df,10,running,1791453793.2841215,2026-10-08T19:03:13.284+09:00,186.99124183554014,219.9927155801369,lower_mode_transition,4->0,QP command,,,,
3,20261008_185426_scenario3_72c4df,10,running_end,1791453826.2733872,2026-10-08T19:03:46.273+09:00,273.6590818899306,165.78575550463404,runner_completed,,goal approach only,,,,
3,20261008_185426_scenario3_72c4df,10,coasting,1791453826.284172,2026-10-08T19:03:46.284+09:00,273.6590818899306,165.78575550463404,lower_mode_transition,0->4,goal or batch permission neutral,,,,
3,20261008_185426_scenario3_72c4df,10,coasting,1791453828.037726,2026-10-08T19:03:48.037+09:00,278.8160904045222,172.59139779250157,upper_failure,solver_rejected,DAQP direct corridor QP infeasible: tried=1,True,0.4988546371459961,1105,True
3,20261008_185426_scenario3_72c4df,10,coasting,1791453828.5377533,2026-10-08T19:03:48.537+09:00,280.1090452197448,174.28134813139985,upper_failure,solver_rejected,DAQP direct corridor QP infeasible: tried=1,True,0.9982554912567139,1106,True
3,20261008_185426_scenario3_72c4df,10,coasting,1791453829.0379088,2026-10-08T19:03:49.037+09:00,281.3310911297137,175.89552799466225,upper_failure,solver_rejected,DAQP direct corridor QP infeasible: tried=1,True,1.4994328022003174,1107,True
3,20261008_185426_scenario3_72c4df,10,coasting,1791453829.5378308,2026-10-08T19:03:49.537+09:00,282.4833940794058,177.40103880565897,upper_failure,solver_rejected,DAQP direct corridor QP infeasible: tried=1,True,1.999795913696289,1108,True
3,20261008_185426_scenario3_72c4df,10,coasting,1791453830.0378528,2026-10-08T19:03:50.037+09:00,283.5765140271757,178.84446640836347,upper_failure,solver_rejected,DAQP direct corridor QP infeasible: tried=1,True,2.4993574619293213,1109,True
3,20261008_185426_scenario3_72c4df,10,coasting,1791453830.5379987,2026-10-08T19:03:50.537+09:00,284.60861595575165,180.19166272850939,upper_failure,solver_rejected,DAQP direct corridor QP infeasible: tried=1,True,2.999612808227539,1110,True
3,20261008_185426_scenario3_72c4df,10,coasting,1791453831.0378163,2026-10-08T19:03:51.037+09:00,285.5861936836119,181.48566600933776,upper_failure,solver_rejected,DAQP direct corridor QP infeasible: tried=1,True,3.4990971088409424,1111,True
3,20261008_185426_scenario3_72c4df,10,coasting,1791453831.537864,2026-10-08T19:03:51.537+09:00,286.5118798856939,182.69441988483337,upper_failure,solver_rejected,DAQP direct corridor QP infeasible: tried=1,True,3.9993317127227783,1112,True
3,20261008_185426_scenario3_72c4df,10,coasting,1791453832.0382538,2026-10-08T19:03:52.038+09:00,287.39072769735077,183.85843490699543,upper_failure,solver_rejected,DAQP direct corridor QP infeasible: tried=1,True,4.499343633651733,1113,True
3,20261008_185426_scenario3_72c4df,10,coasting,1791453832.5378737,2026-10-08T19:03:52.537+09:00,288.22112077676206,184.94171255523162,upper_failure,solver_rejected,DAQP direct corridor QP infeasible: tried=1,True,4.999374866485596,1114,True
3,20261008_185426_scenario3_72c4df,10,coasting,1791453833.03791,2026-10-08T19:03:53.037+09:00,289.00949211008015,185.9865792692996,upper_failure,solver_rejected,DAQP direct corridor QP infeasible: tried=1,True,5.499508380889893,1115,True
3,20261008_185426_scenario3_72c4df,10,coasting,1791453833.5378869,2026-10-08T19:03:53.537+09:00,289.754100102562,186.95734685624848,upper_failure,solver_rejected,DAQP direct corridor QP infeasible: tried=1,True,5.999353885650635,1116,True
3,20261008_185426_scenario3_72c4df,10,coasting,1791453834.0381343,2026-10-08T19:03:54.038+09:00,290.4589932909895,187.8941001395355,upper_failure,solver_rejected,DAQP direct corridor QP infeasible: tried=1,True,6.49895167350769,1117,True
3,20261008_185426_scenario3_72c4df,10,coasting,1791453834.5379949,2026-10-08T19:03:54.537+09:00,291.1268528556998,188.76314572649915,upper_failure,solver_rejected,DAQP direct corridor QP infeasible: tried=1,True,6.99959921836853,1118,True
3,20261008_185426_scenario3_72c4df,10,coasting,1791453835.037963,2026-10-08T19:03:55.037+09:00,291.7475138065102,189.5907391951806,upper_failure,solver_rejected,DAQP direct corridor QP infeasible: tried=1,True,7.500870227813721,1119,True
3,20261008_185426_scenario3_72c4df,10,coasting,1791453835.5379505,2026-10-08T19:03:55.537+09:00,292.358401397756,190.38563562745753,upper_failure,solver_rejected,DAQP direct corridor QP infeasible: tried=1,True,7.999460220336914,1120,True
3,20261008_185426_scenario3_72c4df,10,coasting,1791453836.037934,2026-10-08T19:03:56.037+09:00,292.9246583345285,191.13881468392142,upper_failure,solver_rejected,DAQP direct corridor QP infeasible: tried=1,True,8.499772787094116,1121,True
3,20261008_185426_scenario3_72c4df,10,coasting,1791453836.5380638,2026-10-08T19:03:56.538+09:00,293.44614475670136,191.8145605350511,upper_failure,solver_rejected,DAQP direct corridor QP infeasible: tried=1,True,8.999667167663574,1122,True
3,20261008_185426_scenario3_72c4df,10,coasting,1791453837.0381465,2026-10-08T19:03:57.038+09:00,293.9611842203934,192.49729729491685,upper_failure,solver_rejected,DAQP direct corridor QP infeasible: tried=1,True,9.499757051467896,1123,True
3,20261008_185426_scenario3_72c4df,10,coasting,1791453837.5380678,2026-10-08T19:03:57.538+09:00,294.43332364706663,193.10663637386043,upper_failure,solver_rejected,DAQP direct corridor QP infeasible: tried=1,True,9.999565362930298,1124,True
3,20261008_185426_scenario3_72c4df,10,coasting,1791453838.0380614,2026-10-08T19:03:58.038+09:00,294.87599743805305,193.69652629648505,upper_failure,solver_rejected,DAQP direct corridor QP infeasible: tried=1,True,10.499725818634033,1125,True
3,20261008_185426_scenario3_72c4df,10,coasting,1791453838.538089,2026-10-08T19:03:58.538+09:00,295.2896691593694,194.23139199768718,upper_failure,solver_rejected,DAQP direct corridor QP infeasible: tried=1,True,10.999480962753296,1126,True
3,20261008_185426_scenario3_72c4df,10,coasting,1791453839.0382352,2026-10-08T19:03:59.038+09:00,295.67804764086924,194.74884371260723,upper_failure,solver_rejected,DAQP direct corridor QP infeasible: tried=1,True,11.499991178512573,1127,True
3,20261008_185426_scenario3_72c4df,10,coasting,1791453839.538081,2026-10-08T19:03:59.538+09:00,296.02948824310295,195.2011165332629,upper_failure,solver_rejected,DAQP direct corridor QP infeasible: tried=1,True,12.000616788864136,1128,True
3,20261008_185426_scenario3_72c4df,10,coasting,1791453840.0380914,2026-10-08T19:04:00.038+09:00,296.36975457024243,195.65656730155376,upper_failure,solver_rejected,DAQP direct corridor QP infeasible: tried=1,True,12.499674081802368,1129,True
3,20261008_185426_scenario3_72c4df,10,coasting,1791453840.538823,2026-10-08T19:04:00.538+09:00,296.67490895847226,196.04903693542482,upper_failure,solver_rejected,DAQP direct corridor QP infeasible: tried=1,True,13.000340223312378,1130,True
3,20261008_185426_scenario3_72c4df,10,coasting,1791453841.0381966,2026-10-08T19:04:01.038+09:00,296.9485695169441,196.42000385283916,upper_failure,solver_rejected,DAQP direct corridor QP infeasible: tried=1,True,13.500701904296875,1131,True
3,20261008_185426_scenario3_72c4df,10,coasting,1791453841.538208,2026-10-08T19:04:01.538+09:00,297.20990914633654,196.75335795354687,upper_failure,solver_rejected,DAQP direct corridor QP infeasible: tried=1,True,13.999807596206665,1132,True
3,20261008_185426_scenario3_72c4df,10,coasting,1791453842.0383449,2026-10-08T19:04:02.038+09:00,297.442665187518,197.07032701825696,upper_failure,solver_rejected,DAQP direct corridor QP infeasible: tried=1,True,14.500046491622925,1133,True
3,20261008_185426_scenario3_72c4df,10,coasting,1791453842.5382092,2026-10-08T19:04:02.538+09:00,297.64694410683194,197.3316627514937,upper_failure,solver_rejected,DAQP direct corridor QP infeasible: tried=1,True,14.998871088027954,1134,True
3,20261008_185426_scenario3_72c4df,10,coasting,1791453843.0382469,2026-10-08T19:04:03.038+09:00,297.8260878410797,197.6014700838577,upper_failure,solver_rejected,DAQP direct corridor QP infeasible: tried=1,True,15.498888492584229,1135,True
3,20261008_185426_scenario3_72c4df,10,coasting,1791453843.5381796,2026-10-08T19:04:03.538+09:00,297.9659387135177,197.83062618224562,upper_failure,solver_rejected,DAQP direct corridor QP infeasible: tried=1,True,15.9990713596344,1136,True
3,20261008_185426_scenario3_72c4df,10,coasting,1791453844.0391545,2026-10-08T19:04:04.039+09:00,298.08807155193034,198.0354893255173,upper_failure,solver_rejected,DAQP direct corridor QP infeasible: tried=1,True,16.501421451568604,1137,True
3,20261008_185426_scenario3_72c4df,10,coasting,1791453844.538241,2026-10-08T19:04:04.538+09:00,298.1862977554678,198.20851329727734,upper_failure,solver_rejected,DAQP direct corridor QP infeasible: tried=1,True,16.99966549873352,1138,True
3,20261008_185426_scenario3_72c4df,10,coasting,1791453845.0383155,2026-10-08T19:04:05.038+09:00,298.2654279316336,198.35427131609097,upper_failure,solver_rejected,DAQP direct corridor QP infeasible: tried=1,True,17.499836921691895,1139,True
3,20261008_185426_scenario3_72c4df,10,coasting,1791453845.5384073,2026-10-08T19:04:05.538+09:00,298.31902744844774,198.46004188749103,upper_failure,solver_rejected,DAQP direct corridor QP infeasible: tried=1,True,18.00008273124695,1140,True
3,20261008_185426_scenario3_72c4df,10,coasting,1791453846.0383167,2026-10-08T19:04:06.038+09:00,298.3602940895863,198.54617118878213,upper_failure,solver_rejected,DAQP direct corridor QP infeasible: tried=1,True,18.499722003936768,1141,True
3,20261008_185426_scenario3_72c4df,10,coasting,1791453846.5384853,2026-10-08T19:04:06.538+09:00,298.3736457486375,198.5894911408242,upper_failure,solver_rejected,DAQP direct corridor QP infeasible: tried=1,True,18.999946355819702,1142,True
3,20261008_185426_scenario3_72c4df,0,setup_or_other,1791453847.0383646,2026-10-08T19:04:07.038+09:00,298.3719292730668,198.60784910561446,upper_failure,solver_rejected,DAQP direct corridor QP infeasible: tried=1,True,19.500155448913574,1143,True
3,20261008_185426_scenario3_72c4df,0,setup_or_other,1791453847.5383549,2026-10-08T19:04:07.538+09:00,298.3603881465652,198.6079133424208,upper_failure,solver_rejected,DAQP direct corridor QP infeasible: tried=1,True,19.999853372573853,1144,True
3,20261008_185426_scenario3_72c4df,0,setup_or_other,1791453848.03834,2026-10-08T19:04:08.038+09:00,298.3568924206548,198.61604645783567,upper_failure,solver_rejected,DAQP direct corridor QP infeasible: tried=1,True,20.49877381324768,1145,True
