[INFO] [launch]: All log files can be found below /home/imac/ros2_ws/drive_batches/20261008_062606_scenario3_5cea23/ros_logs/2026-10-08-06-26-07-960684-imac-desktop-45991
[INFO] [launch]: Default logging verbosity is set to INFO
[INFO] [px4_ekf_bridge.py-1]: process started with pid [46024]
[INFO] [px4_odom_map_bridge-2]: process started with pid [46026]
[INFO] [upper_planner_node-3]: process started with pid [46028]
[INFO] [lower_tracking_mpc_node-4]: process started with pid [46030]
[INFO] [knu_batch_runner.py-5]: process started with pid [46032]
[upper_planner_node-3] [INFO] [1791408368.303533485] [upper_planner_node]: planner state input: Odometry topic=/motive/vehicle/odom_map yaw=orientation.z scalar
[px4_odom_map_bridge-2] [INFO] [1791408368.304740306] [px4_odom_map_bridge]: PX4 odom map bridge ready: input=/px4/sih/odom (yaw scalar z) odom=/motive/vehicle/odom_map pose=/motive/vehicle/pose route=scenario3 target=(187.000, 220.000, 0.000) target_yaw=-1.570796 rad odom_yaw=orientation.z scalar
[lower_tracking_mpc_node-4] [INFO] [1791408368.328741804] [lower_tracking_mpc_node]: MAVLink UDP bound at 0.0.0.0:14540; waiting for MAVProxy --out peer
[lower_tracking_mpc_node-4] [INFO] [1791408368.331033714] [lower_tracking_mpc_node]: LowerTrackingMpcNode ready: rate=10.00Hz dt=0.100s N=30 path=/planner/lower_reference_path scale=fullscale wheelbase=2.80m rear_offset=1.40m command_scale=0.350rad actuator_model=1 delay=0.00s tau=0.74s backend=mavlink_udp virtual=/cmd_control
[upper_planner_node-3] [INFO] [1791408368.356476632] [upper_planner_node]: k1 lane constraint trial: skip_front_clipped_k1_lane_constraints=false
[upper_planner_node-3] [INFO] [1791408368.361153991] [upper_planner_node]: Egocentric MIQP planner ready: rate=2.00Hz pred_dt=0.750s Nmax=6 lower_dt=0.100s target_v=6.000m/s scale=fullscale wheelbase=2.80m length=4.70m bev=40.00m margin=2.00m state=odom grid=/bev/occupancy_grid sparse=/planner/upper_path_sparse dense=/planner/lower_reference_path
[upper_planner_node-3] [INFO] [1791408368.361310476] [upper_planner_node]: upper branch model: cumulative_increment=1 turn_window_at_split=1 turn_target_absolute=1 split_continuity=6.75m r_dpsi=3.000 lambda_turn=0.600
[lower_tracking_mpc_node-4] [WARN] [1791408368.381378062] [lower_tracking_mpc_node]: MAVLink peer unknown; check MAVProxy --out=127.0.0.1:14540
[lower_tracking_mpc_node-4] [INFO] [1791408368.431760588] [lower_tracking_mpc_node]: goal stop applied: steer=0 throttle=0 brake=0.700 MAVLink neutral
[px4_odom_map_bridge-2] [WARN] [1791408368.604942499] [px4_odom_map_bridge]: Waiting for valid PX4 source pose on /px4/sih/odom
[lower_tracking_mpc_node-4] [INFO] [1791408368.681391226] [lower_tracking_mpc_node]: MAVLink peer detected: 127.0.0.1:57295
[lower_tracking_mpc_node-4] [INFO] [1791408368.731389707] [lower_tracking_mpc_node]: MAVLink COMMAND_ACK command=187 result=0
[upper_planner_node-3] [WARN] [1791408368.861489507] [upper_planner_node]: planner waiting for pose
[lower_tracking_mpc_node-4] [INFO] [1791408369.432106267] [lower_tracking_mpc_node]: goal stop applied: steer=0 throttle=0 brake=0.700 MAVLink neutral
[px4_ekf_bridge.py-1] [INFO] [1791408369.570276680] [px4_ekf_bridge]: PX4 EKF bridge configured: input=disabled odom=/px4/ekf_odom yaw_scalar_pose=/px4/sih/odom connection=udpin:0.0.0.0:14541 @ 921600, EV=50.0 Hz (vision_position_estimate), ENU(+X east,+Y north,+Z up) <-> NED/FRD
[px4_ekf_bridge.py-1] [WARN] [1791408369.571621649] [px4_ekf_bridge]: Start with the vehicle disarmed and stationary. PX4 EKF parameter changes marked as reboot-required need a Pixhawk reboot before fusion is tested.
[knu_batch_runner.py-5] [INFO] [1791408369.597440739] [knu_batch_runner]: 10 SIH routes; results: /home/imac/ros2_ws/drive_batches/20261008_062606_scenario3_5cea23/results/20261008_062609_273af99685
[px4_ekf_bridge.py-1] [INFO] [1791408369.777841462] [px4_ekf_bridge]: Opening MAVLink connection udpin:0.0.0.0:14541 (baud=921600)
[lower_tracking_mpc_node-4] [INFO] [1791408369.781357537] [lower_tracking_mpc_node]: MAVLink COMMAND_ACK command=187 result=0
[px4_ekf_bridge.py-1] [WARN] [1791408369.863369921] [px4_ekf_bridge]: SIH heading check: settling (EKF-SIH=-0.16328245267296979 deg); pose output blocked
[lower_tracking_mpc_node-4] [INFO] [1791408370.432706193] [lower_tracking_mpc_node]: goal stop applied: steer=0 throttle=0 brake=0.700 MAVLink neutral
[px4_ekf_bridge.py-1] [INFO] [1791408370.669534586] [px4_ekf_bridge]: PX4 heartbeat detected: target=1:1
[px4_odom_map_bridge-2] [WARN] [1791408370.705250329] [px4_odom_map_bridge]: Waiting for valid PX4 source pose on /px4/sih/odom
[px4_ekf_bridge.py-1] [INFO] [1791408370.779467691] [px4_ekf_bridge]: Requested PX4 LOCAL_POSITION_NED at 30.0 Hz
[px4_ekf_bridge.py-1] [INFO] [1791408370.781181120] [px4_ekf_bridge]: Requested PX4 ATTITUDE at 30.0 Hz
[lower_tracking_mpc_node-4] [INFO] [1791408370.781378310] [lower_tracking_mpc_node]: MAVLink COMMAND_ACK command=187 result=0
[px4_ekf_bridge.py-1] [INFO] [1791408370.782598955] [px4_ekf_bridge]: Requested PX4 HIL_STATE_QUATERNION at 30.0 Hz
[upper_planner_node-3] [WARN] [1791408371.361498686] [upper_planner_node]: planner waiting for pose
[lower_tracking_mpc_node-4] [INFO] [1791408371.532424177] [lower_tracking_mpc_node]: goal stop applied: steer=0 throttle=0 brake=0.700 MAVLink neutral
[lower_tracking_mpc_node-4] [INFO] [1791408371.781527694] [lower_tracking_mpc_node]: MAVLink COMMAND_ACK command=187 result=0
[px4_ekf_bridge.py-1] [WARN] [1791408371.864915640] [px4_ekf_bridge]: SIH heading check: ok (EKF-SIH=-0.12824358223080437 deg); pose output enabled
[px4_odom_map_bridge-2] [INFO] [1791408371.874148145] [px4_odom_map_bridge]: Map alignment initialized once: source=(402.024780, 167.574890, -0.152740, yaw=-1.504887) yaw_delta=-0.065909 input_frame='map' (treated as PX4 local)
[knu_batch_runner.py-5] [INFO] [1791408371.955828903] [knu_batch_runner]: [1/10] scenario3
[upper_planner_node-3] [WARN] [1791408372.361459425] [upper_planner_node]: planner waiting for global path
[lower_tracking_mpc_node-4] [INFO] [1791408372.632322549] [lower_tracking_mpc_node]: goal stop applied: steer=0 throttle=0 brake=0.700 MAVLink neutral
[lower_tracking_mpc_node-4] [INFO] [1791408372.831897232] [lower_tracking_mpc_node]: MAVLink COMMAND_ACK command=187 result=0
[px4_odom_map_bridge-2] [INFO] [1791408373.361393603] [px4_odom_map_bridge]: Map alignment initialized once: source=(402.026611, 167.565491, -0.156036, yaw=-1.504987) yaw_delta=-0.065809 input_frame='map' (treated as PX4 local)
[lower_tracking_mpc_node-4] [INFO] [1791408373.731983411] [lower_tracking_mpc_node]: goal stop applied: steer=0 throttle=0 brake=0.700 MAVLink neutral
[lower_tracking_mpc_node-4] [INFO] [1791408373.881729600] [lower_tracking_mpc_node]: MAVLink COMMAND_ACK command=187 result=0
[upper_planner_node-3] [WARN] [1791408374.361547884] [upper_planner_node]: planner waiting for global path
[upper_planner_node-3] [INFO] [1791408374.755503746] [upper_planner_node]: mission cleared; awaiting path; revision=1
[lower_tracking_mpc_node-4] [WARN] [1791408374.756339868] [lower_tracking_mpc_node]: Rejected lower path: fewer than two distinct path points
[lower_tracking_mpc_node-4] [WARN] [1791408374.831613519] [lower_tracking_mpc_node]: lower MPC state reset: path/mission/pose/reset event
[lower_tracking_mpc_node-4] [INFO] [1791408374.832138879] [lower_tracking_mpc_node]: goal stop applied: steer=0 throttle=0 brake=0.700 MAVLink neutral
[knu_batch_runner.py-5] [INFO] [1791408374.855534983] [knu_batch_runner]: 273af99685:0:scenario3: mission cleared; awaiting path; revision=1
[upper_planner_node-3] [INFO] [1791408374.863372085] [upper_planner_node]: reference path loaded from /navigation/global_path: 8 points frame=map waypoint_bias=disabled
[lower_tracking_mpc_node-4] [INFO] [1791408374.932427691] [lower_tracking_mpc_node]: MAVLink COMMAND_ACK command=187 result=0
[lower_tracking_mpc_node-4] [WARN] [1791408374.933361768] [lower_tracking_mpc_node]: lower MPC state reset: path/mission/pose/reset event
[upper_planner_node-3] [INFO] [1791408375.361756182] [upper_planner_node]: waypoint pair advanced: [0,1] -> [1,2]; previous reference retained
[lower_tracking_mpc_node-4] [WARN] [1791408375.432132308] [lower_tracking_mpc_node]: lower MPC state reset: path/mission/pose/reset event
[lower_tracking_mpc_node-4] [INFO] [1791408375.832720948] [lower_tracking_mpc_node]: goal stop applied: steer=0 throttle=0 brake=0.700 MAVLink neutral
[lower_tracking_mpc_node-4] [INFO] [1791408375.981802606] [lower_tracking_mpc_node]: MAVLink COMMAND_ACK command=187 result=0
[lower_tracking_mpc_node-4] [WARN] [1791408376.032057575] [lower_tracking_mpc_node]: lower MPC state reset: path/mission/pose/reset event
[lower_tracking_mpc_node-4] [INFO] [1791408377.031548572] [lower_tracking_mpc_node]: MAVLink COMMAND_ACK command=187 result=0
[lower_tracking_mpc_node-4] [INFO] [1791408378.031857097] [lower_tracking_mpc_node]: MAVLink COMMAND_ACK command=187 result=0
[lower_tracking_mpc_node-4] [INFO] [1791408379.032366268] [lower_tracking_mpc_node]: MAVLink COMMAND_ACK command=187 result=0
[lower_tracking_mpc_node-4] [INFO] [1791408380.081768831] [lower_tracking_mpc_node]: MAVLink COMMAND_ACK command=187 result=0
[lower_tracking_mpc_node-4] [INFO] [1791408381.131615536] [lower_tracking_mpc_node]: MAVLink COMMAND_ACK command=187 result=0
[lower_tracking_mpc_node-4] [INFO] [1791408382.131706070] [lower_tracking_mpc_node]: MAVLink COMMAND_ACK command=187 result=0
[upper_planner_node-3] [INFO] [1791408382.862295889] [upper_planner_node]: waypoint pair advanced: [1,2] -> [2,3]; previous reference retained
[lower_tracking_mpc_node-4] [WARN] [1791408382.931797045] [lower_tracking_mpc_node]: lower MPC state reset: path/mission/pose/reset event
[lower_tracking_mpc_node-4] [INFO] [1791408383.131767291] [lower_tracking_mpc_node]: MAVLink COMMAND_ACK command=187 result=0
[lower_tracking_mpc_node-4] [WARN] [1791408383.432309430] [lower_tracking_mpc_node]: lower MPC state reset: path/mission/pose/reset event
[lower_tracking_mpc_node-4] [INFO] [1791408384.131931555] [lower_tracking_mpc_node]: MAVLink COMMAND_ACK command=187 result=0
[lower_tracking_mpc_node-4] [WARN] [1791408384.432118259] [lower_tracking_mpc_node]: lower MPC state reset: path/mission/pose/reset event
[lower_tracking_mpc_node-4] [INFO] [1791408385.181887094] [lower_tracking_mpc_node]: MAVLink COMMAND_ACK command=187 result=0
[lower_tracking_mpc_node-4] [WARN] [1791408385.432169944] [lower_tracking_mpc_node]: lower MPC state reset: path/mission/pose/reset event
[lower_tracking_mpc_node-4] [INFO] [1791408386.181970300] [lower_tracking_mpc_node]: MAVLink COMMAND_ACK command=187 result=0
[lower_tracking_mpc_node-4] [INFO] [1791408387.181976415] [lower_tracking_mpc_node]: MAVLink COMMAND_ACK command=187 result=0
[upper_planner_node-3] [INFO] [1791408387.362288687] [upper_planner_node]: waypoint pair advanced: [2,3] -> [3,4]; previous reference retained
[lower_tracking_mpc_node-4] [INFO] [1791408388.181979778] [lower_tracking_mpc_node]: MAVLink COMMAND_ACK command=187 result=0
[lower_tracking_mpc_node-4] [INFO] [1791408389.231997111] [lower_tracking_mpc_node]: MAVLink COMMAND_ACK command=187 result=0
[lower_tracking_mpc_node-4] [INFO] [1791408390.232154174] [lower_tracking_mpc_node]: MAVLink COMMAND_ACK command=187 result=0
[lower_tracking_mpc_node-4] [INFO] [1791408391.282136818] [lower_tracking_mpc_node]: MAVLink COMMAND_ACK command=187 result=0
[upper_planner_node-3] [INFO] [1791408391.862584755] [upper_planner_node]: waypoint pair advanced: [3,4] -> [4,5]; previous reference retained
[lower_tracking_mpc_node-4] [WARN] [1791408391.932298429] [lower_tracking_mpc_node]: lower MPC state reset: path/mission/pose/reset event
[lower_tracking_mpc_node-4] [INFO] [1791408392.282137684] [lower_tracking_mpc_node]: MAVLink COMMAND_ACK command=187 result=0
[lower_tracking_mpc_node-4] [INFO] [1791408393.282134614] [lower_tracking_mpc_node]: MAVLink COMMAND_ACK command=187 result=0
[lower_tracking_mpc_node-4] [INFO] [1791408394.282565798] [lower_tracking_mpc_node]: MAVLink COMMAND_ACK command=187 result=0
[lower_tracking_mpc_node-4] [INFO] [1791408395.332132428] [lower_tracking_mpc_node]: MAVLink COMMAND_ACK command=187 result=0
[lower_tracking_mpc_node-4] [INFO] [1791408396.332426679] [lower_tracking_mpc_node]: MAVLink COMMAND_ACK command=187 result=0
[lower_tracking_mpc_node-4] [WARN] [1791408396.432579135] [lower_tracking_mpc_node]: lower MPC state reset: path/mission/pose/reset event
[upper_planner_node-3] [INFO] [1791408396.862863846] [upper_planner_node]: waypoint pair advanced: [4,5] -> [5,6]; previous reference retained
[lower_tracking_mpc_node-4] [INFO] [1791408397.382301127] [lower_tracking_mpc_node]: MAVLink COMMAND_ACK command=187 result=0
[lower_tracking_mpc_node-4] [WARN] [1791408397.932512400] [lower_tracking_mpc_node]: lower MPC state reset: path/mission/pose/reset event
[lower_tracking_mpc_node-4] [INFO] [1791408398.382338314] [lower_tracking_mpc_node]: MAVLink COMMAND_ACK command=187 result=0
[lower_tracking_mpc_node-4] [INFO] [1791408399.382354636] [lower_tracking_mpc_node]: MAVLink COMMAND_ACK command=187 result=0
[lower_tracking_mpc_node-4] [WARN] [1791408399.932849886] [lower_tracking_mpc_node]: lower MPC state reset: path/mission/pose/reset event
[lower_tracking_mpc_node-4] [INFO] [1791408400.382433232] [lower_tracking_mpc_node]: MAVLink COMMAND_ACK command=187 result=0
[lower_tracking_mpc_node-4] [WARN] [1791408400.432598183] [lower_tracking_mpc_node]: lower MPC state reset: path/mission/pose/reset event
[lower_tracking_mpc_node-4] [WARN] [1791408400.932582263] [lower_tracking_mpc_node]: lower MPC state reset: path/mission/pose/reset event
[upper_planner_node-3] [INFO] [1791408401.362500499] [upper_planner_node]: waypoint pair advanced: [5,6] -> [6,7]; previous reference retained
[lower_tracking_mpc_node-4] [INFO] [1791408401.433650889] [lower_tracking_mpc_node]: MAVLink COMMAND_ACK command=187 result=0
[lower_tracking_mpc_node-4] [WARN] [1791408401.434695657] [lower_tracking_mpc_node]: lower MPC state reset: path/mission/pose/reset event
[lower_tracking_mpc_node-4] [WARN] [1791408401.932626746] [lower_tracking_mpc_node]: lower MPC state reset: path/mission/pose/reset event
[lower_tracking_mpc_node-4] [INFO] [1791408402.482267154] [lower_tracking_mpc_node]: MAVLink COMMAND_ACK command=187 result=0
[lower_tracking_mpc_node-4] [WARN] [1791408402.932511640] [lower_tracking_mpc_node]: lower MPC state reset: path/mission/pose/reset event
[lower_tracking_mpc_node-4] [WARN] [1791408403.432758001] [lower_tracking_mpc_node]: lower MPC state reset: path/mission/pose/reset event
[lower_tracking_mpc_node-4] [INFO] [1791408403.482365910] [lower_tracking_mpc_node]: MAVLink COMMAND_ACK command=187 result=0
[lower_tracking_mpc_node-4] [INFO] [1791408404.482442746] [lower_tracking_mpc_node]: MAVLink COMMAND_ACK command=187 result=0
[lower_tracking_mpc_node-4] [INFO] [1791408405.482502077] [lower_tracking_mpc_node]: MAVLink COMMAND_ACK command=187 result=0
[lower_tracking_mpc_node-4] [INFO] [1791408406.483021070] [lower_tracking_mpc_node]: MAVLink COMMAND_ACK command=187 result=0
[upper_planner_node-3] [WARN] [1791408407.363755970] [upper_planner_node]: interval_diag step=6 reason=3 ref_body=(26.919,2.008) heading_deg=4.62 center_cell=(86,70) center_value=100 line_free=0 blocked=402 unknown=0 outside=1 longest_run=0 min_run=2 grid_free=2245 zero=2245 positive=14139 unknown=0 topic=/bev/occupancy_grid frame=Vehicle origin=(0.000,-20.000) origin_yaw_deg=0.00 size=128x128 res=0.3125 positive_is_drivable=0 threshold=1 waypoint_bias=0 previous=1
[upper_planner_node-3] [WARN] [1791408407.364306738] [upper_planner_node]: no valid preview interval at step=6; usable horizon=5 reason=3
[upper_planner_node-3] [WARN] [1791408407.364422102] [upper_planner_node]: horizon_diag configured=6 extent_limit=6 requested=6 usable=5 reserve=1 restore=1 step_m=4.500 previous=1
[lower_tracking_mpc_node-4] [INFO] [1791408407.532452623] [lower_tracking_mpc_node]: MAVLink COMMAND_ACK command=187 result=0
[upper_planner_node-3] [WARN] [1791408407.863532203] [upper_planner_node]: no valid preview interval at step=6; usable horizon=5 reason=3
[upper_planner_node-3] [WARN] [1791408408.363297333] [upper_planner_node]: no valid preview interval at step=5; usable horizon=4 reason=3
[upper_planner_node-3] [WARN] [1791408408.363929064] [upper_planner_node]: no valid preview interval at step=6; usable horizon=4 reason=3
[lower_tracking_mpc_node-4] [INFO] [1791408408.532553332] [lower_tracking_mpc_node]: MAVLink COMMAND_ACK command=187 result=0
[upper_planner_node-3] [WARN] [1791408408.865938677] [upper_planner_node]: no valid preview interval at step=5; usable horizon=4 reason=3
[upper_planner_node-3] [WARN] [1791408408.866703021] [upper_planner_node]: no valid preview interval at step=6; usable horizon=4 reason=3
[upper_planner_node-3] [WARN] [1791408409.365116237] [upper_planner_node]: interval_diag step=4 reason=3 ref_body=(18.000,-0.120) heading_deg=-0.38 center_cell=(57,63) center_value=100 line_free=0 blocked=401 unknown=0 outside=1 longest_run=0 min_run=2 grid_free=1367 zero=1367 positive=15017 unknown=0 topic=/bev/occupancy_grid frame=Vehicle origin=(0.000,-20.000) origin_yaw_deg=0.00 size=128x128 res=0.3125 positive_is_drivable=0 threshold=1 waypoint_bias=0 previous=0
[upper_planner_node-3] [WARN] [1791408409.365737792] [upper_planner_node]: no valid preview interval at step=4; usable horizon=3 reason=3
[upper_planner_node-3] [WARN] [1791408409.365967687] [upper_planner_node]: no valid preview interval at step=5; usable horizon=3 reason=3
[upper_planner_node-3] [WARN] [1791408409.366246191] [upper_planner_node]: no valid preview interval at step=6; usable horizon=3 reason=3
[upper_planner_node-3] [WARN] [1791408409.366350514] [upper_planner_node]: horizon_diag configured=6 extent_limit=6 requested=6 usable=3 reserve=1 restore=1 step_m=4.500 previous=0
[lower_tracking_mpc_node-4] [INFO] [1791408409.582651401] [lower_tracking_mpc_node]: MAVLink COMMAND_ACK command=187 result=0
[knu_batch_runner.py-5] [INFO] [1791408409.757578421] [knu_batch_runner]: scenario3: completed 
[lower_tracking_mpc_node-4] [INFO] [1791408409.833014572] [lower_tracking_mpc_node]: goal stop applied: steer=0 throttle=0 brake=0.700 MAVLink neutral
[upper_planner_node-3] [WARN] [1791408409.863854199] [upper_planner_node]: no valid preview interval at step=4; usable horizon=3 reason=3
[upper_planner_node-3] [WARN] [1791408409.864404776] [upper_planner_node]: no valid preview interval at step=5; usable horizon=3 reason=3
[upper_planner_node-3] [WARN] [1791408409.864626798] [upper_planner_node]: no valid preview interval at step=6; usable horizon=3 reason=3
[upper_planner_node-3] [WARN] [1791408410.363549886] [upper_planner_node]: no valid preview interval at step=3; usable horizon=2 reason=3
[upper_planner_node-3] [WARN] [1791408410.364178001] [upper_planner_node]: no valid preview interval at step=4; usable horizon=2 reason=3
[upper_planner_node-3] [WARN] [1791408410.364509179] [upper_planner_node]: no valid preview interval at step=5; usable horizon=2 reason=3
[upper_planner_node-3] [WARN] [1791408410.364723042] [upper_planner_node]: no valid preview interval at step=6; usable horizon=2 reason=3
[lower_tracking_mpc_node-4] [WARN] [1791408410.433626195] [lower_tracking_mpc_node]: lower MPC state reset: path/mission/pose/reset event
[lower_tracking_mpc_node-4] [INFO] [1791408410.582773966] [lower_tracking_mpc_node]: MAVLink COMMAND_ACK command=187 result=0
[lower_tracking_mpc_node-4] [INFO] [1791408410.834281044] [lower_tracking_mpc_node]: goal stop applied: steer=0 throttle=0 brake=0.700 MAVLink neutral
[upper_planner_node-3] [WARN] [1791408410.863063840] [upper_planner_node]: no valid preview interval at step=3; usable horizon=2 reason=3
[upper_planner_node-3] [WARN] [1791408410.863354537] [upper_planner_node]: no valid preview interval at step=4; usable horizon=2 reason=3
[upper_planner_node-3] [WARN] [1791408410.863486317] [upper_planner_node]: no valid preview interval at step=5; usable horizon=2 reason=3
[upper_planner_node-3] [WARN] [1791408410.863607344] [upper_planner_node]: no valid preview interval at step=6; usable horizon=2 reason=3
[lower_tracking_mpc_node-4] [WARN] [1791408410.932893165] [lower_tracking_mpc_node]: lower MPC state reset: path/mission/pose/reset event
[upper_planner_node-3] [WARN] [1791408411.364647360] [upper_planner_node]: egocentric MIQP failed: status=DAQP direct corridor QP infeasible: tried=1 solve_ms=0.298; retaining last published path
[lower_tracking_mpc_node-4] [INFO] [1791408411.632620571] [lower_tracking_mpc_node]: MAVLink COMMAND_ACK command=187 result=0
[lower_tracking_mpc_node-4] [INFO] [1791408411.933065043] [lower_tracking_mpc_node]: goal stop applied: steer=0 throttle=0 brake=0.700 MAVLink neutral
[upper_planner_node-3] [WARN] [1791408412.363286968] [upper_planner_node]: no valid interval at the measured k=0 state; retaining future horizon=6 reason=3
[upper_planner_node-3] [WARN] [1791408412.365807684] [upper_planner_node]: egocentric MIQP failed: status=DAQP direct corridor QP infeasible: tried=1 solve_ms=0.338; retaining last published path
[lower_tracking_mpc_node-4] [INFO] [1791408412.632711775] [lower_tracking_mpc_node]: MAVLink COMMAND_ACK command=187 result=0
[upper_planner_node-3] [WARN] [1791408412.862950046] [upper_planner_node]: no valid interval at the measured k=0 state; retaining future horizon=6 reason=3
[lower_tracking_mpc_node-4] [INFO] [1791408413.033470627] [lower_tracking_mpc_node]: goal stop applied: steer=0 throttle=0 brake=0.700 MAVLink neutral
[upper_planner_node-3] [WARN] [1791408413.363849193] [upper_planner_node]: no valid interval at the measured k=0 state; retaining future horizon=6 reason=3
[lower_tracking_mpc_node-4] [INFO] [1791408413.632749921] [lower_tracking_mpc_node]: MAVLink COMMAND_ACK command=187 result=0
[upper_planner_node-3] [WARN] [1791408413.863347530] [upper_planner_node]: no valid interval at the measured k=0 state; retaining future horizon=6 reason=3
[upper_planner_node-3] [WARN] [1791408413.864922522] [upper_planner_node]: egocentric MIQP failed: status=DAQP direct corridor QP infeasible: tried=1 solve_ms=0.305; retaining last published path
[lower_tracking_mpc_node-4] [INFO] [1791408414.133619243] [lower_tracking_mpc_node]: goal stop applied: steer=0 throttle=0 brake=0.700 MAVLink neutral
[upper_planner_node-3] [WARN] [1791408414.364380538] [upper_planner_node]: no valid interval at the measured k=0 state; retaining future horizon=6 reason=3
[lower_tracking_mpc_node-4] [INFO] [1791408414.633867043] [lower_tracking_mpc_node]: MAVLink COMMAND_ACK command=187 result=0
[upper_planner_node-3] [WARN] [1791408414.862996544] [upper_planner_node]: no valid interval at the measured k=0 state; retaining future horizon=6 reason=3
[lower_tracking_mpc_node-4] [INFO] [1791408415.233550797] [lower_tracking_mpc_node]: goal stop applied: steer=0 throttle=0 brake=0.700 MAVLink neutral
[upper_planner_node-3] [WARN] [1791408415.363156117] [upper_planner_node]: no valid interval at the measured k=0 state; retaining future horizon=6 reason=3
[upper_planner_node-3] [WARN] [1791408415.364926923] [upper_planner_node]: egocentric MIQP failed: status=DAQP direct corridor QP infeasible: tried=1 solve_ms=0.285; retaining last published path
[lower_tracking_mpc_node-4] [INFO] [1791408415.682800021] [lower_tracking_mpc_node]: MAVLink COMMAND_ACK command=187 result=0
[upper_planner_node-3] [WARN] [1791408415.863815097] [upper_planner_node]: no valid interval at the measured k=0 state; retaining future horizon=6 reason=3
[lower_tracking_mpc_node-4] [INFO] [1791408416.333538448] [lower_tracking_mpc_node]: goal stop applied: steer=0 throttle=0 brake=0.700 MAVLink neutral
[upper_planner_node-3] [WARN] [1791408416.363331579] [upper_planner_node]: no valid interval at the measured k=0 state; retaining future horizon=6 reason=3
[upper_planner_node-3] [WARN] [1791408416.365886153] [upper_planner_node]: egocentric MIQP failed: status=DAQP direct corridor QP infeasible: tried=1 solve_ms=0.307; retaining last published path
[lower_tracking_mpc_node-4] [INFO] [1791408416.682862039] [lower_tracking_mpc_node]: MAVLink COMMAND_ACK command=187 result=0
[upper_planner_node-3] [WARN] [1791408416.863502416] [upper_planner_node]: no valid interval at the measured k=0 state; retaining future horizon=6 reason=3
[lower_tracking_mpc_node-4] [INFO] [1791408417.333671092] [lower_tracking_mpc_node]: goal stop applied: steer=0 throttle=0 brake=0.700 MAVLink neutral
[upper_planner_node-3] [WARN] [1791408417.363513313] [upper_planner_node]: no valid interval at the measured k=0 state; retaining future horizon=6 reason=3
[upper_planner_node-3] [WARN] [1791408417.367399927] [upper_planner_node]: egocentric MIQP failed: status=DAQP direct corridor QP infeasible: tried=1 solve_ms=0.353; retaining last published path
[lower_tracking_mpc_node-4] [INFO] [1791408417.732759942] [lower_tracking_mpc_node]: MAVLink COMMAND_ACK command=187 result=0
[upper_planner_node-3] [WARN] [1791408417.863525617] [upper_planner_node]: no valid interval at the measured k=0 state; retaining future horizon=6 reason=3
[lower_tracking_mpc_node-4] [INFO] [1791408418.333873595] [lower_tracking_mpc_node]: goal stop applied: steer=0 throttle=0 brake=0.700 MAVLink neutral
[upper_planner_node-3] [WARN] [1791408418.363274554] [upper_planner_node]: no valid interval at the measured k=0 state; retaining future horizon=6 reason=3
[lower_tracking_mpc_node-4] [INFO] [1791408418.732897290] [lower_tracking_mpc_node]: MAVLink COMMAND_ACK command=187 result=0
[upper_planner_node-3] [WARN] [1791408418.863586963] [upper_planner_node]: no valid interval at the measured k=0 state; retaining future horizon=6 reason=3
[upper_planner_node-3] [WARN] [1791408418.865571568] [upper_planner_node]: egocentric MIQP failed: status=DAQP direct corridor QP infeasible: tried=1 solve_ms=0.734; retaining last published path
[upper_planner_node-3] [WARN] [1791408419.363584835] [upper_planner_node]: no valid interval at the measured k=0 state; retaining future horizon=6 reason=3
[lower_tracking_mpc_node-4] [INFO] [1791408419.434947455] [lower_tracking_mpc_node]: goal stop applied: steer=0 throttle=0 brake=0.700 MAVLink neutral
[lower_tracking_mpc_node-4] [INFO] [1791408419.733279158] [lower_tracking_mpc_node]: MAVLink COMMAND_ACK command=187 result=0
[upper_planner_node-3] [WARN] [1791408419.863902749] [upper_planner_node]: no valid interval at the measured k=0 state; retaining future horizon=6 reason=3
[upper_planner_node-3] [WARN] [1791408419.865856344] [upper_planner_node]: egocentric MIQP failed: status=DAQP direct corridor QP infeasible: tried=1 solve_ms=0.448; retaining last published path
[upper_planner_node-3] [WARN] [1791408420.363689702] [upper_planner_node]: no valid interval at the measured k=0 state; retaining future horizon=6 reason=3
[lower_tracking_mpc_node-4] [INFO] [1791408420.533707964] [lower_tracking_mpc_node]: goal stop applied: steer=0 throttle=0 brake=0.700 MAVLink neutral
[lower_tracking_mpc_node-4] [INFO] [1791408420.782954525] [lower_tracking_mpc_node]: MAVLink COMMAND_ACK command=187 result=0
[upper_planner_node-3] [WARN] [1791408420.865179620] [upper_planner_node]: no valid interval at the measured k=0 state; retaining future horizon=6 reason=3
[upper_planner_node-3] [WARN] [1791408420.866873367] [upper_planner_node]: egocentric MIQP failed: status=DAQP direct corridor QP infeasible: tried=1 solve_ms=0.349; retaining last published path
[upper_planner_node-3] [WARN] [1791408421.363574371] [upper_planner_node]: no valid interval at the measured k=0 state; retaining future horizon=6 reason=3
[lower_tracking_mpc_node-4] [INFO] [1791408421.534353104] [lower_tracking_mpc_node]: goal stop applied: steer=0 throttle=0 brake=0.700 MAVLink neutral
[lower_tracking_mpc_node-4] [INFO] [1791408421.782982110] [lower_tracking_mpc_node]: MAVLink COMMAND_ACK command=187 result=0
[upper_planner_node-3] [WARN] [1791408421.863521745] [upper_planner_node]: no valid interval at the measured k=0 state; retaining future horizon=6 reason=3
[upper_planner_node-3] [WARN] [1791408422.364295641] [upper_planner_node]: no valid interval at the measured k=0 state; retaining future horizon=6 reason=3
[upper_planner_node-3] [WARN] [1791408422.366756035] [upper_planner_node]: egocentric MIQP failed: status=DAQP direct corridor QP infeasible: tried=1 solve_ms=0.342; retaining last published path
[lower_tracking_mpc_node-4] [INFO] [1791408422.634744095] [lower_tracking_mpc_node]: goal stop applied: steer=0 throttle=0 brake=0.700 MAVLink neutral
[lower_tracking_mpc_node-4] [INFO] [1791408422.832952143] [lower_tracking_mpc_node]: MAVLink COMMAND_ACK command=187 result=0
[upper_planner_node-3] [WARN] [1791408422.863705975] [upper_planner_node]: no valid interval at the measured k=0 state; retaining future horizon=6 reason=3
[upper_planner_node-3] [WARN] [1791408423.363488416] [upper_planner_node]: no valid interval at the measured k=0 state; retaining future horizon=6 reason=3
[lower_tracking_mpc_node-4] [INFO] [1791408423.733876359] [lower_tracking_mpc_node]: goal stop applied: steer=0 throttle=0 brake=0.700 MAVLink neutral
[lower_tracking_mpc_node-4] [INFO] [1791408423.833025969] [lower_tracking_mpc_node]: MAVLink COMMAND_ACK command=187 result=0
[upper_planner_node-3] [WARN] [1791408423.863624372] [upper_planner_node]: no valid interval at the measured k=0 state; retaining future horizon=6 reason=3
[upper_planner_node-3] [WARN] [1791408423.865352936] [upper_planner_node]: egocentric MIQP failed: status=DAQP direct corridor QP infeasible: tried=1 solve_ms=0.350; retaining last published path
[upper_planner_node-3] [WARN] [1791408424.363853803] [upper_planner_node]: no valid interval at the measured k=0 state; retaining future horizon=6 reason=3
[lower_tracking_mpc_node-4] [INFO] [1791408424.833393531] [lower_tracking_mpc_node]: goal stop applied: steer=0 throttle=0 brake=0.700 MAVLink neutral
[upper_planner_node-3] [WARN] [1791408424.865353352] [upper_planner_node]: no valid interval at the measured k=0 state; retaining future horizon=6 reason=3
[upper_planner_node-3] [WARN] [1791408424.866304837] [upper_planner_node]: egocentric MIQP failed: status=DAQP direct corridor QP infeasible: tried=1 solve_ms=0.151; retaining last published path
[lower_tracking_mpc_node-4] [INFO] [1791408424.883051139] [lower_tracking_mpc_node]: MAVLink COMMAND_ACK command=187 result=0
[upper_planner_node-3] [WARN] [1791408425.363675973] [upper_planner_node]: no valid interval at the measured k=0 state; retaining future horizon=6 reason=3
[lower_tracking_mpc_node-4] [INFO] [1791408425.834287382] [lower_tracking_mpc_node]: goal stop applied: steer=0 throttle=0 brake=0.700 MAVLink neutral
[upper_planner_node-3] [WARN] [1791408425.864045728] [upper_planner_node]: no valid interval at the measured k=0 state; retaining future horizon=6 reason=3
[upper_planner_node-3] [WARN] [1791408425.867496105] [upper_planner_node]: egocentric MIQP failed: status=DAQP direct corridor QP infeasible: tried=1 solve_ms=0.332; retaining last published path
[lower_tracking_mpc_node-4] [INFO] [1791408425.883141605] [lower_tracking_mpc_node]: MAVLink COMMAND_ACK command=187 result=0
[upper_planner_node-3] [WARN] [1791408426.363904043] [upper_planner_node]: no valid interval at the measured k=0 state; retaining future horizon=6 reason=3
[upper_planner_node-3] [WARN] [1791408426.863660916] [upper_planner_node]: no valid interval at the measured k=0 state; retaining future horizon=6 reason=3
[lower_tracking_mpc_node-4] [INFO] [1791408426.933025810] [lower_tracking_mpc_node]: MAVLink COMMAND_ACK command=187 result=0
[lower_tracking_mpc_node-4] [INFO] [1791408426.933937646] [lower_tracking_mpc_node]: goal stop applied: steer=0 throttle=0 brake=0.700 MAVLink neutral
[upper_planner_node-3] [WARN] [1791408427.363722469] [upper_planner_node]: no valid interval at the measured k=0 state; retaining future horizon=6 reason=3
[upper_planner_node-3] [WARN] [1791408427.365492827] [upper_planner_node]: egocentric MIQP failed: status=DAQP direct corridor QP infeasible: tried=1 solve_ms=0.317; retaining last published path
[upper_planner_node-3] [WARN] [1791408427.863971932] [upper_planner_node]: no valid interval at the measured k=0 state; retaining future horizon=6 reason=3
[lower_tracking_mpc_node-4] [INFO] [1791408427.933142101] [lower_tracking_mpc_node]: MAVLink COMMAND_ACK command=187 result=0
[lower_tracking_mpc_node-4] [INFO] [1791408427.933970351] [lower_tracking_mpc_node]: goal stop applied: steer=0 throttle=0 brake=0.700 MAVLink neutral
[upper_planner_node-3] [WARN] [1791408428.363887946] [upper_planner_node]: no valid interval at the measured k=0 state; retaining future horizon=6 reason=3
[upper_planner_node-3] [WARN] [1791408428.365519835] [upper_planner_node]: egocentric MIQP failed: status=DAQP direct corridor QP infeasible: tried=1 solve_ms=0.301; retaining last published path
[upper_planner_node-3] [WARN] [1791408428.864475819] [upper_planner_node]: no valid interval at the measured k=0 state; retaining future horizon=6 reason=3
[lower_tracking_mpc_node-4] [INFO] [1791408428.933965390] [lower_tracking_mpc_node]: MAVLink COMMAND_ACK command=187 result=0
[lower_tracking_mpc_node-4] [INFO] [1791408428.936130320] [lower_tracking_mpc_node]: goal stop applied: steer=0 throttle=0 brake=0.700 MAVLink neutral
[upper_planner_node-3] [WARN] [1791408429.364257268] [upper_planner_node]: no valid interval at the measured k=0 state; retaining future horizon=6 reason=3
[upper_planner_node-3] [WARN] [1791408429.366063691] [upper_planner_node]: egocentric MIQP failed: status=DAQP direct corridor QP infeasible: tried=1 solve_ms=0.331; retaining last published path
[upper_planner_node-3] [WARN] [1791408429.864216131] [upper_planner_node]: no valid interval at the measured k=0 state; retaining future horizon=6 reason=3
[lower_tracking_mpc_node-4] [INFO] [1791408429.983141030] [lower_tracking_mpc_node]: MAVLink COMMAND_ACK command=187 result=0
[lower_tracking_mpc_node-4] [INFO] [1791408430.033892718] [lower_tracking_mpc_node]: goal stop applied: steer=0 throttle=0 brake=0.700 MAVLink neutral
[upper_planner_node-3] [WARN] [1791408430.364237651] [upper_planner_node]: no valid interval at the measured k=0 state; retaining future horizon=6 reason=3
[upper_planner_node-3] [WARN] [1791408430.366328850] [upper_planner_node]: egocentric MIQP failed: status=DAQP direct corridor QP infeasible: tried=1 solve_ms=0.317; retaining last published path
[upper_planner_node-3] [WARN] [1791408430.863776084] [upper_planner_node]: no valid interval at the measured k=0 state; retaining future horizon=6 reason=3
[knu_batch_runner.py-5] [INFO] [1791408430.967009306] [knu_batch_runner]: [2/10] scenario3
[lower_tracking_mpc_node-4] [INFO] [1791408430.983365036] [lower_tracking_mpc_node]: MAVLink COMMAND_ACK command=187 result=0
[lower_tracking_mpc_node-4] [INFO] [1791408431.034114996] [lower_tracking_mpc_node]: goal stop applied: steer=0 throttle=0 brake=0.700 MAVLink neutral
[upper_planner_node-3] [WARN] [1791408431.363436025] [upper_planner_node]: no valid interval at the measured k=0 state; retaining future horizon=6 reason=3
[upper_planner_node-3] [WARN] [1791408431.863881911] [upper_planner_node]: no valid interval at the measured k=0 state; retaining future horizon=6 reason=3
[upper_planner_node-3] [WARN] [1791408431.864621197] [upper_planner_node]: egocentric MIQP failed: status=DAQP direct corridor QP infeasible: tried=1 solve_ms=0.138; retaining last published path
[lower_tracking_mpc_node-4] [INFO] [1791408432.033143413] [lower_tracking_mpc_node]: MAVLink COMMAND_ACK command=187 result=0
[lower_tracking_mpc_node-4] [INFO] [1791408432.134364094] [lower_tracking_mpc_node]: goal stop applied: steer=0 throttle=0 brake=0.700 MAVLink neutral
[px4_odom_map_bridge-2] [INFO] [1791408432.260596255] [px4_odom_map_bridge]: Map alignment initialized once: source=(514.408569, 154.656754, 0.610077, yaw=0.988898) yaw_delta=-2.559695 input_frame='map' (treated as PX4 local)
[lower_tracking_mpc_node-4] [WARN] [1791408432.333661358] [lower_tracking_mpc_node]: lower MPC state reset: path/mission/pose/reset event
[upper_planner_node-3] [WARN] [1791408432.364357397] [upper_planner_node]: interval_diag step=3 reason=3 ref_body=(6.296,11.942) heading_deg=62.20 center_cell=(20,102) center_value=100 line_free=0 blocked=453 unknown=0 outside=1 longest_run=0 min_run=2 grid_free=294 zero=294 positive=16090 unknown=0 topic=/bev/occupancy_grid frame=Vehicle origin=(0.000,-20.000) origin_yaw_deg=0.00 size=128x128 res=0.3125 positive_is_drivable=0 threshold=1 waypoint_bias=0 previous=0
[upper_planner_node-3] [WARN] [1791408432.364890149] [upper_planner_node]: no valid preview interval at step=3; usable horizon=2 reason=3
[upper_planner_node-3] [WARN] [1791408432.365089579] [upper_planner_node]: no valid preview interval at step=4; usable horizon=2 reason=3
[upper_planner_node-3] [WARN] [1791408432.365248976] [upper_planner_node]: no valid preview interval at step=5; usable horizon=2 reason=3
[upper_planner_node-3] [WARN] [1791408432.365368915] [upper_planner_node]: horizon_diag configured=6 extent_limit=6 requested=6 usable=2 reserve=1 restore=1 step_m=4.500 previous=0
[lower_tracking_mpc_node-4] [INFO] [1791408433.033413117] [lower_tracking_mpc_node]: MAVLink COMMAND_ACK command=187 result=0
[lower_tracking_mpc_node-4] [INFO] [1791408433.233976724] [lower_tracking_mpc_node]: goal stop applied: steer=0 throttle=0 brake=0.700 MAVLink neutral
[upper_planner_node-3] [WARN] [1791408433.366364625] [upper_planner_node]: egocentric MIQP failed: status=DAQP direct corridor QP infeasible: tried=9 solve_ms=0.723; retaining last published path
[upper_planner_node-3] [INFO] [1791408433.660904820] [upper_planner_node]: mission cleared; awaiting path; revision=3
[lower_tracking_mpc_node-4] [WARN] [1791408433.661218397] [lower_tracking_mpc_node]: Rejected lower path: fewer than two distinct path points
[lower_tracking_mpc_node-4] [WARN] [1791408433.733622553] [lower_tracking_mpc_node]: lower MPC state reset: path/mission/pose/reset event
[knu_batch_runner.py-5] [INFO] [1791408433.755266379] [knu_batch_runner]: 273af99685:1:scenario3: mission cleared; awaiting path; revision=3
[upper_planner_node-3] [INFO] [1791408433.757841210] [upper_planner_node]: reference path loaded from /navigation/global_path: 8 points frame=map waypoint_bias=disabled
[lower_tracking_mpc_node-4] [WARN] [1791408433.833539897] [lower_tracking_mpc_node]: lower MPC state reset: path/mission/pose/reset event
[upper_planner_node-3] [INFO] [1791408433.863642477] [upper_planner_node]: waypoint pair advanced: [0,1] -> [1,2]; previous reference retained
[lower_tracking_mpc_node-4] [WARN] [1791408433.933407576] [lower_tracking_mpc_node]: lower MPC state reset: path/mission/pose/reset event
[lower_tracking_mpc_node-4] [INFO] [1791408434.083365228] [lower_tracking_mpc_node]: MAVLink COMMAND_ACK command=187 result=0
[lower_tracking_mpc_node-4] [INFO] [1791408434.334238110] [lower_tracking_mpc_node]: goal stop applied: steer=0 throttle=0 brake=0.700 MAVLink neutral
[lower_tracking_mpc_node-4] [WARN] [1791408434.933672767] [lower_tracking_mpc_node]: lower MPC state reset: path/mission/pose/reset event
[lower_tracking_mpc_node-4] [INFO] [1791408435.083431244] [lower_tracking_mpc_node]: MAVLink COMMAND_ACK command=187 result=0
[lower_tracking_mpc_node-4] [INFO] [1791408436.133389083] [lower_tracking_mpc_node]: MAVLink COMMAND_ACK command=187 result=0
[lower_tracking_mpc_node-4] [INFO] [1791408437.134270261] [lower_tracking_mpc_node]: MAVLink COMMAND_ACK command=187 result=0
[lower_tracking_mpc_node-4] [INFO] [1791408438.183378314] [lower_tracking_mpc_node]: MAVLink COMMAND_ACK command=187 result=0
[lower_tracking_mpc_node-4] [INFO] [1791408439.183396297] [lower_tracking_mpc_node]: MAVLink COMMAND_ACK command=187 result=0
[lower_tracking_mpc_node-4] [INFO] [1791408440.183547404] [lower_tracking_mpc_node]: MAVLink COMMAND_ACK command=187 result=0
[lower_tracking_mpc_node-4] [INFO] [1791408441.183948919] [lower_tracking_mpc_node]: MAVLink COMMAND_ACK command=187 result=0
[upper_planner_node-3] [INFO] [1791408441.864096496] [upper_planner_node]: waypoint pair advanced: [1,2] -> [2,3]; previous reference retained
[lower_tracking_mpc_node-4] [INFO] [1791408442.233572699] [lower_tracking_mpc_node]: MAVLink COMMAND_ACK command=187 result=0
[lower_tracking_mpc_node-4] [WARN] [1791408442.433839721] [lower_tracking_mpc_node]: lower MPC state reset: path/mission/pose/reset event
[lower_tracking_mpc_node-4] [WARN] [1791408442.933651474] [lower_tracking_mpc_node]: lower MPC state reset: path/mission/pose/reset event
[lower_tracking_mpc_node-4] [INFO] [1791408443.233615002] [lower_tracking_mpc_node]: MAVLink COMMAND_ACK command=187 result=0
[lower_tracking_mpc_node-4] [INFO] [1791408444.233659130] [lower_tracking_mpc_node]: MAVLink COMMAND_ACK command=187 result=0
[lower_tracking_mpc_node-4] [INFO] [1791408445.283732876] [lower_tracking_mpc_node]: MAVLink COMMAND_ACK command=187 result=0
[lower_tracking_mpc_node-4] [INFO] [1791408446.284359293] [lower_tracking_mpc_node]: MAVLink COMMAND_ACK command=187 result=0
[upper_planner_node-3] [INFO] [1791408446.363844111] [upper_planner_node]: waypoint pair advanced: [2,3] -> [3,4]; previous reference retained
[lower_tracking_mpc_node-4] [INFO] [1791408447.333832348] [lower_tracking_mpc_node]: MAVLink COMMAND_ACK command=187 result=0
[lower_tracking_mpc_node-4] [INFO] [1791408448.383736904] [lower_tracking_mpc_node]: MAVLink COMMAND_ACK command=187 result=0
[lower_tracking_mpc_node-4] [INFO] [1791408449.383958797] [lower_tracking_mpc_node]: MAVLink COMMAND_ACK command=187 result=0
[lower_tracking_mpc_node-4] [INFO] [1791408450.433849369] [lower_tracking_mpc_node]: MAVLink COMMAND_ACK command=187 result=0
[upper_planner_node-3] [INFO] [1791408450.864577419] [upper_planner_node]: waypoint pair advanced: [3,4] -> [4,5]; previous reference retained
[lower_tracking_mpc_node-4] [WARN] [1791408450.933967435] [lower_tracking_mpc_node]: lower MPC state reset: path/mission/pose/reset event
[lower_tracking_mpc_node-4] [INFO] [1791408451.483892105] [lower_tracking_mpc_node]: MAVLink COMMAND_ACK command=187 result=0
[lower_tracking_mpc_node-4] [INFO] [1791408452.483942088] [lower_tracking_mpc_node]: MAVLink COMMAND_ACK command=187 result=0
[lower_tracking_mpc_node-4] [INFO] [1791408453.484238414] [lower_tracking_mpc_node]: MAVLink COMMAND_ACK command=187 result=0
[lower_tracking_mpc_node-4] [INFO] [1791408454.533889586] [lower_tracking_mpc_node]: MAVLink COMMAND_ACK command=187 result=0
[lower_tracking_mpc_node-4] [WARN] [1791408454.934570611] [lower_tracking_mpc_node]: lower MPC state reset: path/mission/pose/reset event
[lower_tracking_mpc_node-4] [INFO] [1791408455.584061638] [lower_tracking_mpc_node]: MAVLink COMMAND_ACK command=187 result=0
[upper_planner_node-3] [INFO] [1791408455.866114797] [upper_planner_node]: waypoint pair advanced: [4,5] -> [5,6]; previous reference retained
[lower_tracking_mpc_node-4] [WARN] [1791408456.435059662] [lower_tracking_mpc_node]: lower MPC state reset: path/mission/pose/reset event
[lower_tracking_mpc_node-4] [INFO] [1791408456.584082116] [lower_tracking_mpc_node]: MAVLink COMMAND_ACK command=187 result=0
[lower_tracking_mpc_node-4] [WARN] [1791408456.934666704] [lower_tracking_mpc_node]: lower MPC state reset: path/mission/pose/reset event
[lower_tracking_mpc_node-4] [WARN] [1791408457.434297043] [lower_tracking_mpc_node]: lower MPC state reset: path/mission/pose/reset event
[lower_tracking_mpc_node-4] [INFO] [1791408457.584124259] [lower_tracking_mpc_node]: MAVLink COMMAND_ACK command=187 result=0
[lower_tracking_mpc_node-4] [WARN] [1791408457.934800817] [lower_tracking_mpc_node]: lower MPC state reset: path/mission/pose/reset event
[lower_tracking_mpc_node-4] [WARN] [1791408458.434587097] [lower_tracking_mpc_node]: lower MPC state reset: path/mission/pose/reset event
[lower_tracking_mpc_node-4] [INFO] [1791408458.634180147] [lower_tracking_mpc_node]: MAVLink COMMAND_ACK command=187 result=0
[lower_tracking_mpc_node-4] [INFO] [1791408459.634181360] [lower_tracking_mpc_node]: MAVLink COMMAND_ACK command=187 result=0
[upper_planner_node-3] [INFO] [1791408460.364488798] [upper_planner_node]: waypoint pair advanced: [5,6] -> [6,7]; previous reference retained
[lower_tracking_mpc_node-4] [WARN] [1791408460.434467919] [lower_tracking_mpc_node]: lower MPC state reset: path/mission/pose/reset event
[lower_tracking_mpc_node-4] [INFO] [1791408460.634219598] [lower_tracking_mpc_node]: MAVLink COMMAND_ACK command=187 result=0
[lower_tracking_mpc_node-4] [WARN] [1791408461.434588304] [lower_tracking_mpc_node]: lower MPC state reset: path/mission/pose/reset event
[lower_tracking_mpc_node-4] [INFO] [1791408461.634236907] [lower_tracking_mpc_node]: MAVLink COMMAND_ACK command=187 result=0
[lower_tracking_mpc_node-4] [INFO] [1791408462.684216376] [lower_tracking_mpc_node]: MAVLink COMMAND_ACK command=187 result=0
[lower_tracking_mpc_node-4] [INFO] [1791408463.684224277] [lower_tracking_mpc_node]: MAVLink COMMAND_ACK command=187 result=0
[lower_tracking_mpc_node-4] [INFO] [1791408464.684244018] [lower_tracking_mpc_node]: MAVLink COMMAND_ACK command=187 result=0
[lower_tracking_mpc_node-4] [INFO] [1791408465.684468982] [lower_tracking_mpc_node]: MAVLink COMMAND_ACK command=187 result=0
[upper_planner_node-3] [WARN] [1791408466.365540618] [upper_planner_node]: interval_diag step=6 reason=3 ref_body=(26.968,1.349) heading_deg=2.73 center_cell=(86,68) center_value=100 line_free=0 blocked=401 unknown=0 outside=1 longest_run=0 min_run=2 grid_free=2256 zero=2256 positive=14128 unknown=0 topic=/bev/occupancy_grid frame=Vehicle origin=(0.000,-20.000) origin_yaw_deg=0.00 size=128x128 res=0.3125 positive_is_drivable=0 threshold=1 waypoint_bias=0 previous=1
[upper_planner_node-3] [WARN] [1791408466.366157821] [upper_planner_node]: no valid preview interval at step=6; usable horizon=5 reason=3
[upper_planner_node-3] [WARN] [1791408466.366296129] [upper_planner_node]: horizon_diag configured=6 extent_limit=6 requested=6 usable=5 reserve=1 restore=1 step_m=4.500 previous=1
[lower_tracking_mpc_node-4] [INFO] [1791408466.734255773] [lower_tracking_mpc_node]: MAVLink COMMAND_ACK command=187 result=0
[upper_planner_node-3] [WARN] [1791408466.865308081] [upper_planner_node]: no valid preview interval at step=6; usable horizon=5 reason=3
[upper_planner_node-3] [WARN] [1791408467.365503909] [upper_planner_node]: no valid preview interval at step=5; usable horizon=4 reason=3
[upper_planner_node-3] [WARN] [1791408467.366197946] [upper_planner_node]: no valid preview interval at step=6; usable horizon=4 reason=3
[lower_tracking_mpc_node-4] [INFO] [1791408467.734358237] [lower_tracking_mpc_node]: MAVLink COMMAND_ACK command=187 result=0
[upper_planner_node-3] [WARN] [1791408467.867169478] [upper_planner_node]: no valid preview interval at step=5; usable horizon=4 reason=3
[upper_planner_node-3] [WARN] [1791408467.867735831] [upper_planner_node]: no valid preview interval at step=6; usable horizon=4 reason=3
[upper_planner_node-3] [WARN] [1791408468.364919119] [upper_planner_node]: no valid preview interval at step=4; usable horizon=3 reason=3
[upper_planner_node-3] [WARN] [1791408468.365562819] [upper_planner_node]: no valid preview interval at step=5; usable horizon=3 reason=3
[upper_planner_node-3] [WARN] [1791408468.365800490] [upper_planner_node]: interval_diag step=6 reason=3 ref_body=(27.000,-0.009) heading_deg=-0.02 center_cell=(86,63) center_value=100 line_free=0 blocked=401 unknown=0 outside=1 longest_run=0 min_run=2 grid_free=1350 zero=1350 positive=15034 unknown=0 topic=/bev/occupancy_grid frame=Vehicle origin=(0.000,-20.000) origin_yaw_deg=0.00 size=128x128 res=0.3125 positive_is_drivable=0 threshold=1 waypoint_bias=0 previous=0
[upper_planner_node-3] [WARN] [1791408468.365966607] [upper_planner_node]: no valid preview interval at step=6; usable horizon=3 reason=3
[lower_tracking_mpc_node-4] [WARN] [1791408468.434689914] [lower_tracking_mpc_node]: lower MPC state reset: path/mission/pose/reset event
[lower_tracking_mpc_node-4] [INFO] [1791408468.734387514] [lower_tracking_mpc_node]: MAVLink COMMAND_ACK command=187 result=0
[knu_batch_runner.py-5] [INFO] [1791408468.757548218] [knu_batch_runner]: scenario3: completed 
[lower_tracking_mpc_node-4] [INFO] [1791408468.835341498] [lower_tracking_mpc_node]: goal stop applied: steer=0 throttle=0 brake=0.700 MAVLink neutral
[upper_planner_node-3] [WARN] [1791408468.865331914] [upper_planner_node]: no valid preview interval at step=4; usable horizon=3 reason=3
[upper_planner_node-3] [WARN] [1791408468.866004063] [upper_planner_node]: no valid preview interval at step=5; usable horizon=3 reason=3
[upper_planner_node-3] [WARN] [1791408468.867073215] [upper_planner_node]: no valid preview interval at step=6; usable horizon=3 reason=3
[upper_planner_node-3] [WARN] [1791408468.867816662] [upper_planner_node]: horizon_diag configured=6 extent_limit=6 requested=6 usable=3 reserve=1 restore=1 step_m=4.500 previous=0
[lower_tracking_mpc_node-4] [WARN] [1791408468.934378623] [lower_tracking_mpc_node]: lower MPC state reset: path/mission/pose/reset event
[upper_planner_node-3] [WARN] [1791408469.365395226] [upper_planner_node]: no valid preview interval at step=3; usable horizon=2 reason=3
[upper_planner_node-3] [WARN] [1791408469.365985132] [upper_planner_node]: no valid preview interval at step=4; usable horizon=2 reason=3
[upper_planner_node-3] [WARN] [1791408469.366244340] [upper_planner_node]: no valid preview interval at step=5; usable horizon=2 reason=3
[upper_planner_node-3] [WARN] [1791408469.366427514] [upper_planner_node]: no valid preview interval at step=6; usable horizon=2 reason=3
[lower_tracking_mpc_node-4] [WARN] [1791408469.434796250] [lower_tracking_mpc_node]: lower MPC state reset: path/mission/pose/reset event
[lower_tracking_mpc_node-4] [INFO] [1791408469.734409655] [lower_tracking_mpc_node]: MAVLink COMMAND_ACK command=187 result=0
[upper_planner_node-3] [WARN] [1791408469.865022365] [upper_planner_node]: no valid preview interval at step=2; usable horizon=1 reason=3
[upper_planner_node-3] [WARN] [1791408469.865408969] [upper_planner_node]: no valid preview interval at step=3; usable horizon=1 reason=3
[upper_planner_node-3] [WARN] [1791408469.865606255] [upper_planner_node]: no valid preview interval at step=4; usable horizon=1 reason=3
[upper_planner_node-3] [WARN] [1791408469.865794644] [upper_planner_node]: no valid preview interval at step=5; usable horizon=1 reason=3
[upper_planner_node-3] [WARN] [1791408469.865978650] [upper_planner_node]: no valid preview interval at step=6; usable horizon=1 reason=3
[lower_tracking_mpc_node-4] [WARN] [1791408469.934866058] [lower_tracking_mpc_node]: lower MPC state reset: path/mission/pose/reset event
[lower_tracking_mpc_node-4] [INFO] [1791408469.935878825] [lower_tracking_mpc_node]: goal stop applied: steer=0 throttle=0 brake=0.700 MAVLink neutral
[upper_planner_node-3] [WARN] [1791408470.366501368] [upper_planner_node]: egocentric MIQP failed: status=DAQP direct corridor QP infeasible: tried=1 solve_ms=0.295; retaining last published path
[lower_tracking_mpc_node-4] [INFO] [1791408470.734519926] [lower_tracking_mpc_node]: MAVLink COMMAND_ACK command=187 result=0
[lower_tracking_mpc_node-4] [INFO] [1791408471.035544638] [lower_tracking_mpc_node]: goal stop applied: steer=0 throttle=0 brake=0.700 MAVLink neutral
[upper_planner_node-3] [WARN] [1791408471.365168075] [upper_planner_node]: no valid interval at the measured k=0 state; retaining future horizon=6 reason=3
[upper_planner_node-3] [WARN] [1791408471.367047109] [upper_planner_node]: egocentric MIQP failed: status=DAQP direct corridor QP infeasible: tried=1 solve_ms=0.322; retaining last published path
[lower_tracking_mpc_node-4] [INFO] [1791408471.734550515] [lower_tracking_mpc_node]: MAVLink COMMAND_ACK command=187 result=0
[upper_planner_node-3] [WARN] [1791408471.865149177] [upper_planner_node]: no valid interval at the measured k=0 state; retaining future horizon=6 reason=3
[lower_tracking_mpc_node-4] [INFO] [1791408472.135522428] [lower_tracking_mpc_node]: goal stop applied: steer=0 throttle=0 brake=0.700 MAVLink neutral
[upper_planner_node-3] [WARN] [1791408472.365485969] [upper_planner_node]: no valid interval at the measured k=0 state; retaining future horizon=6 reason=3
[upper_planner_node-3] [WARN] [1791408472.367302792] [upper_planner_node]: egocentric MIQP failed: status=DAQP direct corridor QP infeasible: tried=1 solve_ms=0.318; retaining last published path
[lower_tracking_mpc_node-4] [INFO] [1791408472.784406076] [lower_tracking_mpc_node]: MAVLink COMMAND_ACK command=187 result=0
[upper_planner_node-3] [WARN] [1791408472.865086163] [upper_planner_node]: no valid interval at the measured k=0 state; retaining future horizon=6 reason=3
[lower_tracking_mpc_node-4] [INFO] [1791408473.235444088] [lower_tracking_mpc_node]: goal stop applied: steer=0 throttle=0 brake=0.700 MAVLink neutral
[upper_planner_node-3] [WARN] [1791408473.365203780] [upper_planner_node]: no valid interval at the measured k=0 state; retaining future horizon=6 reason=3
[lower_tracking_mpc_node-4] [INFO] [1791408473.784632735] [lower_tracking_mpc_node]: MAVLink COMMAND_ACK command=187 result=0
[upper_planner_node-3] [WARN] [1791408473.865033613] [upper_planner_node]: no valid interval at the measured k=0 state; retaining future horizon=6 reason=3
[upper_planner_node-3] [WARN] [1791408473.866857989] [upper_planner_node]: egocentric MIQP failed: status=DAQP direct corridor QP infeasible: tried=1 solve_ms=0.360; retaining last published path
[lower_tracking_mpc_node-4] [INFO] [1791408474.335414966] [lower_tracking_mpc_node]: goal stop applied: steer=0 throttle=0 brake=0.700 MAVLink neutral
[upper_planner_node-3] [WARN] [1791408474.365229697] [upper_planner_node]: no valid interval at the measured k=0 state; retaining future horizon=6 reason=3
[lower_tracking_mpc_node-4] [INFO] [1791408474.784901315] [lower_tracking_mpc_node]: MAVLink COMMAND_ACK command=187 result=0
[upper_planner_node-3] [WARN] [1791408474.866466676] [upper_planner_node]: no valid interval at the measured k=0 state; retaining future horizon=6 reason=3
[upper_planner_node-3] [WARN] [1791408474.868230474] [upper_planner_node]: egocentric MIQP failed: status=DAQP direct corridor QP infeasible: tried=1 solve_ms=0.328; retaining last published path
[lower_tracking_mpc_node-4] [INFO] [1791408475.335572854] [lower_tracking_mpc_node]: goal stop applied: steer=0 throttle=0 brake=0.700 MAVLink neutral
[upper_planner_node-3] [WARN] [1791408475.365447747] [upper_planner_node]: no valid interval at the measured k=0 state; retaining future horizon=6 reason=3
[lower_tracking_mpc_node-4] [INFO] [1791408475.834581414] [lower_tracking_mpc_node]: MAVLink COMMAND_ACK command=187 result=0
[upper_planner_node-3] [WARN] [1791408475.865443153] [upper_planner_node]: no valid interval at the measured k=0 state; retaining future horizon=6 reason=3
[upper_planner_node-3] [WARN] [1791408476.365191703] [upper_planner_node]: no valid interval at the measured k=0 state; retaining future horizon=6 reason=3
[upper_planner_node-3] [WARN] [1791408476.367062448] [upper_planner_node]: egocentric MIQP failed: status=DAQP direct corridor QP infeasible: tried=1 solve_ms=0.369; retaining last published path
[lower_tracking_mpc_node-4] [INFO] [1791408476.435428272] [lower_tracking_mpc_node]: goal stop applied: steer=0 throttle=0 brake=0.700 MAVLink neutral
[lower_tracking_mpc_node-4] [INFO] [1791408476.834684261] [lower_tracking_mpc_node]: MAVLink COMMAND_ACK command=187 result=0
[upper_planner_node-3] [WARN] [1791408476.865436684] [upper_planner_node]: no valid interval at the measured k=0 state; retaining future horizon=6 reason=3
[upper_planner_node-3] [WARN] [1791408477.365394585] [upper_planner_node]: no valid interval at the measured k=0 state; retaining future horizon=6 reason=3
[upper_planner_node-3] [WARN] [1791408477.367136462] [upper_planner_node]: egocentric MIQP failed: status=DAQP direct corridor QP infeasible: tried=1 solve_ms=0.315; retaining last published path
[lower_tracking_mpc_node-4] [INFO] [1791408477.435501326] [lower_tracking_mpc_node]: goal stop applied: steer=0 throttle=0 brake=0.700 MAVLink neutral
[upper_planner_node-3] [WARN] [1791408477.864919448] [upper_planner_node]: no valid interval at the measured k=0 state; retaining future horizon=6 reason=3
[lower_tracking_mpc_node-4] [INFO] [1791408477.884605199] [lower_tracking_mpc_node]: MAVLink COMMAND_ACK command=187 result=0
[upper_planner_node-3] [WARN] [1791408478.365435830] [upper_planner_node]: no valid interval at the measured k=0 state; retaining future horizon=6 reason=3
[upper_planner_node-3] [WARN] [1791408478.367186379] [upper_planner_node]: egocentric MIQP failed: status=DAQP direct corridor QP infeasible: tried=1 solve_ms=0.321; retaining last published path
[lower_tracking_mpc_node-4] [INFO] [1791408478.435660398] [lower_tracking_mpc_node]: goal stop applied: steer=0 throttle=0 brake=0.700 MAVLink neutral
[upper_planner_node-3] [WARN] [1791408478.865451972] [upper_planner_node]: no valid interval at the measured k=0 state; retaining future horizon=6 reason=3
[lower_tracking_mpc_node-4] [INFO] [1791408478.884800401] [lower_tracking_mpc_node]: MAVLink COMMAND_ACK command=187 result=0
[upper_planner_node-3] [WARN] [1791408479.365391120] [upper_planner_node]: no valid interval at the measured k=0 state; retaining future horizon=6 reason=3
[lower_tracking_mpc_node-4] [INFO] [1791408479.536162716] [lower_tracking_mpc_node]: goal stop applied: steer=0 throttle=0 brake=0.700 MAVLink neutral
[upper_planner_node-3] [WARN] [1791408479.864984465] [upper_planner_node]: no valid interval at the measured k=0 state; retaining future horizon=6 reason=3
[upper_planner_node-3] [WARN] [1791408479.865835435] [upper_planner_node]: egocentric MIQP failed: status=DAQP direct corridor QP infeasible: tried=1 solve_ms=0.144; retaining last published path
[lower_tracking_mpc_node-4] [INFO] [1791408479.934753692] [lower_tracking_mpc_node]: MAVLink COMMAND_ACK command=187 result=0
[upper_planner_node-3] [WARN] [1791408480.365206214] [upper_planner_node]: no valid interval at the measured k=0 state; retaining future horizon=6 reason=3
[lower_tracking_mpc_node-4] [INFO] [1791408480.536320860] [lower_tracking_mpc_node]: goal stop applied: steer=0 throttle=0 brake=0.700 MAVLink neutral
[upper_planner_node-3] [WARN] [1791408480.865814118] [upper_planner_node]: no valid interval at the measured k=0 state; retaining future horizon=6 reason=3
[upper_planner_node-3] [WARN] [1791408480.875916793] [upper_planner_node]: egocentric MIQP failed: status=DAQP direct corridor QP infeasible: tried=1 solve_ms=1.348; retaining last published path
[lower_tracking_mpc_node-4] [INFO] [1791408480.934819353] [lower_tracking_mpc_node]: MAVLink COMMAND_ACK command=187 result=0
[upper_planner_node-3] [WARN] [1791408481.365470025] [upper_planner_node]: no valid interval at the measured k=0 state; retaining future horizon=6 reason=3
[lower_tracking_mpc_node-4] [INFO] [1791408481.536445115] [lower_tracking_mpc_node]: goal stop applied: steer=0 throttle=0 brake=0.700 MAVLink neutral
[upper_planner_node-3] [WARN] [1791408481.865603675] [upper_planner_node]: no valid interval at the measured k=0 state; retaining future horizon=6 reason=3
[lower_tracking_mpc_node-4] [INFO] [1791408481.984766340] [lower_tracking_mpc_node]: MAVLink COMMAND_ACK command=187 result=0
[upper_planner_node-3] [WARN] [1791408482.365583368] [upper_planner_node]: no valid interval at the measured k=0 state; retaining future horizon=6 reason=3
[upper_planner_node-3] [WARN] [1791408482.367192281] [upper_planner_node]: egocentric MIQP failed: status=DAQP direct corridor QP infeasible: tried=1 solve_ms=0.294; retaining last published path
[lower_tracking_mpc_node-4] [INFO] [1791408482.635732835] [lower_tracking_mpc_node]: goal stop applied: steer=0 throttle=0 brake=0.700 MAVLink neutral
[upper_planner_node-3] [WARN] [1791408482.865416464] [upper_planner_node]: no valid interval at the measured k=0 state; retaining future horizon=6 reason=3
[lower_tracking_mpc_node-4] [INFO] [1791408482.984767968] [lower_tracking_mpc_node]: MAVLink COMMAND_ACK command=187 result=0
[upper_planner_node-3] [WARN] [1791408483.365848363] [upper_planner_node]: no valid interval at the measured k=0 state; retaining future horizon=6 reason=3
[upper_planner_node-3] [WARN] [1791408483.371183373] [upper_planner_node]: egocentric MIQP failed: status=DAQP direct corridor QP infeasible: tried=1 solve_ms=0.358; retaining last published path
[lower_tracking_mpc_node-4] [INFO] [1791408483.635823361] [lower_tracking_mpc_node]: goal stop applied: steer=0 throttle=0 brake=0.700 MAVLink neutral
[upper_planner_node-3] [WARN] [1791408483.865592593] [upper_planner_node]: no valid interval at the measured k=0 state; retaining future horizon=6 reason=3
[lower_tracking_mpc_node-4] [INFO] [1791408483.984927104] [lower_tracking_mpc_node]: MAVLink COMMAND_ACK command=187 result=0
[upper_planner_node-3] [WARN] [1791408484.365164209] [upper_planner_node]: no valid interval at the measured k=0 state; retaining future horizon=6 reason=3
[lower_tracking_mpc_node-4] [INFO] [1791408484.635831645] [lower_tracking_mpc_node]: goal stop applied: steer=0 throttle=0 brake=0.700 MAVLink neutral
[upper_planner_node-3] [WARN] [1791408484.865597484] [upper_planner_node]: no valid interval at the measured k=0 state; retaining future horizon=6 reason=3
[upper_planner_node-3] [WARN] [1791408484.869370975] [upper_planner_node]: egocentric MIQP failed: status=DAQP direct corridor QP infeasible: tried=1 solve_ms=0.291; retaining last published path
[lower_tracking_mpc_node-4] [INFO] [1791408485.034943948] [lower_tracking_mpc_node]: MAVLink COMMAND_ACK command=187 result=0
[upper_planner_node-3] [WARN] [1791408485.365773375] [upper_planner_node]: no valid interval at the measured k=0 state; retaining future horizon=6 reason=3
[lower_tracking_mpc_node-4] [INFO] [1791408485.735857051] [lower_tracking_mpc_node]: goal stop applied: steer=0 throttle=0 brake=0.700 MAVLink neutral
[upper_planner_node-3] [WARN] [1791408485.865195899] [upper_planner_node]: no valid interval at the measured k=0 state; retaining future horizon=6 reason=3
[lower_tracking_mpc_node-4] [INFO] [1791408486.035107916] [lower_tracking_mpc_node]: MAVLink COMMAND_ACK command=187 result=0
[upper_planner_node-3] [WARN] [1791408486.365887901] [upper_planner_node]: no valid interval at the measured k=0 state; retaining future horizon=6 reason=3
[upper_planner_node-3] [WARN] [1791408486.366941789] [upper_planner_node]: egocentric MIQP failed: status=DAQP direct corridor QP infeasible: tried=1 solve_ms=0.168; retaining last published path
[lower_tracking_mpc_node-4] [INFO] [1791408486.736486089] [lower_tracking_mpc_node]: goal stop applied: steer=0 throttle=0 brake=0.700 MAVLink neutral
[upper_planner_node-3] [WARN] [1791408486.865626723] [upper_planner_node]: no valid interval at the measured k=0 state; retaining future horizon=6 reason=3
[lower_tracking_mpc_node-4] [INFO] [1791408487.085000277] [lower_tracking_mpc_node]: MAVLink COMMAND_ACK command=187 result=0
[upper_planner_node-3] [WARN] [1791408487.365220804] [upper_planner_node]: no valid interval at the measured k=0 state; retaining future horizon=6 reason=3
[lower_tracking_mpc_node-4] [INFO] [1791408487.837035319] [lower_tracking_mpc_node]: goal stop applied: steer=0 throttle=0 brake=0.700 MAVLink neutral
[upper_planner_node-3] [WARN] [1791408487.865633630] [upper_planner_node]: no valid interval at the measured k=0 state; retaining future horizon=6 reason=3
[upper_planner_node-3] [WARN] [1791408487.867370194] [upper_planner_node]: egocentric MIQP failed: status=DAQP direct corridor QP infeasible: tried=1 solve_ms=0.321; retaining last published path
[lower_tracking_mpc_node-4] [INFO] [1791408488.085043538] [lower_tracking_mpc_node]: MAVLink COMMAND_ACK command=187 result=0
[upper_planner_node-3] [WARN] [1791408488.365746926] [upper_planner_node]: no valid interval at the measured k=0 state; retaining future horizon=6 reason=3
[upper_planner_node-3] [WARN] [1791408488.865437522] [upper_planner_node]: no valid interval at the measured k=0 state; retaining future horizon=6 reason=3
[upper_planner_node-3] [WARN] [1791408488.868626963] [upper_planner_node]: egocentric MIQP failed: status=DAQP direct corridor QP infeasible: tried=1 solve_ms=0.333; retaining last published path
[lower_tracking_mpc_node-4] [INFO] [1791408488.935381603] [lower_tracking_mpc_node]: goal stop applied: steer=0 throttle=0 brake=0.700 MAVLink neutral
[lower_tracking_mpc_node-4] [INFO] [1791408489.085159568] [lower_tracking_mpc_node]: MAVLink COMMAND_ACK command=187 result=0
[upper_planner_node-3] [WARN] [1791408489.365695240] [upper_planner_node]: no valid interval at the measured k=0 state; retaining future horizon=6 reason=3
[knu_batch_runner.py-5] [INFO] [1791408489.662856345] [knu_batch_runner]: [3/10] scenario3
[upper_planner_node-3] [WARN] [1791408489.865634963] [upper_planner_node]: no valid interval at the measured k=0 state; retaining future horizon=6 reason=3
[upper_planner_node-3] [WARN] [1791408489.870704365] [upper_planner_node]: egocentric MIQP failed: status=DAQP direct corridor QP infeasible: tried=1 solve_ms=1.163; retaining last published path
[lower_tracking_mpc_node-4] [INFO] [1791408489.935417054] [lower_tracking_mpc_node]: goal stop applied: steer=0 throttle=0 brake=0.700 MAVLink neutral
[lower_tracking_mpc_node-4] [INFO] [1791408490.134953046] [lower_tracking_mpc_node]: MAVLink COMMAND_ACK command=187 result=0
[upper_planner_node-3] [WARN] [1791408490.365785957] [upper_planner_node]: no valid interval at the measured k=0 state; retaining future horizon=6 reason=3
[upper_planner_node-3] [WARN] [1791408490.865911478] [upper_planner_node]: no valid interval at the measured k=0 state; retaining future horizon=6 reason=3
[lower_tracking_mpc_node-4] [INFO] [1791408490.935781796] [lower_tracking_mpc_node]: goal stop applied: steer=0 throttle=0 brake=0.700 MAVLink neutral
[px4_odom_map_bridge-2] [INFO] [1791408490.965231044] [px4_odom_map_bridge]: Map alignment initialized once: source=(432.646332, 232.158661, 0.331177, yaw=-2.766833) yaw_delta=1.196037 input_frame='map' (treated as PX4 local)
[lower_tracking_mpc_node-4] [WARN] [1791408491.035316537] [lower_tracking_mpc_node]: lower MPC state reset: path/mission/pose/reset event
[lower_tracking_mpc_node-4] [INFO] [1791408491.135576323] [lower_tracking_mpc_node]: MAVLink COMMAND_ACK command=187 result=0
[upper_planner_node-3] [WARN] [1791408491.366889889] [upper_planner_node]: egocentric MIQP failed: status=DAQP direct corridor QP infeasible: tried=9 solve_ms=0.564; retaining last published path
[lower_tracking_mpc_node-4] [INFO] [1791408491.935927107] [lower_tracking_mpc_node]: goal stop applied: steer=0 throttle=0 brake=0.700 MAVLink neutral
[lower_tracking_mpc_node-4] [INFO] [1791408492.185122593] [lower_tracking_mpc_node]: MAVLink COMMAND_ACK command=187 result=0
[upper_planner_node-3] [INFO] [1791408492.357179028] [upper_planner_node]: mission cleared; awaiting path; revision=5
[lower_tracking_mpc_node-4] [WARN] [1791408492.359042733] [lower_tracking_mpc_node]: Rejected lower path: fewer than two distinct path points
[upper_planner_node-3] [WARN] [1791408492.365007266] [upper_planner_node]: planner waiting for global path
[lower_tracking_mpc_node-4] [WARN] [1791408492.435484323] [lower_tracking_mpc_node]: lower MPC state reset: path/mission/pose/reset event
[knu_batch_runner.py-5] [INFO] [1791408492.455801549] [knu_batch_runner]: 273af99685:2:scenario3: mission cleared; awaiting path; revision=5
[upper_planner_node-3] [INFO] [1791408492.459749285] [upper_planner_node]: reference path loaded from /navigation/global_path: 8 points frame=map waypoint_bias=disabled
[lower_tracking_mpc_node-4] [WARN] [1791408492.535331105] [lower_tracking_mpc_node]: lower MPC state reset: path/mission/pose/reset event
[upper_planner_node-3] [INFO] [1791408492.865535296] [upper_planner_node]: waypoint pair advanced: [0,1] -> [1,2]; previous reference retained
[lower_tracking_mpc_node-4] [WARN] [1791408492.935408750] [lower_tracking_mpc_node]: lower MPC state reset: path/mission/pose/reset event
[lower_tracking_mpc_node-4] [INFO] [1791408492.937269382] [lower_tracking_mpc_node]: goal stop applied: steer=0 throttle=0 brake=0.700 MAVLink neutral
[lower_tracking_mpc_node-4] [INFO] [1791408493.185185598] [lower_tracking_mpc_node]: MAVLink COMMAND_ACK command=187 result=0
[lower_tracking_mpc_node-4] [WARN] [1791408493.635466146] [lower_tracking_mpc_node]: lower MPC state reset: path/mission/pose/reset event
[lower_tracking_mpc_node-4] [INFO] [1791408494.185216825] [lower_tracking_mpc_node]: MAVLink COMMAND_ACK command=187 result=0
[lower_tracking_mpc_node-4] [INFO] [1791408495.185277493] [lower_tracking_mpc_node]: MAVLink COMMAND_ACK command=187 result=0
[lower_tracking_mpc_node-4] [INFO] [1791408496.185317008] [lower_tracking_mpc_node]: MAVLink COMMAND_ACK command=187 result=0
[lower_tracking_mpc_node-4] [INFO] [1791408497.185349100] [lower_tracking_mpc_node]: MAVLink COMMAND_ACK command=187 result=0
[lower_tracking_mpc_node-4] [INFO] [1791408498.185384775] [lower_tracking_mpc_node]: MAVLink COMMAND_ACK command=187 result=0
[lower_tracking_mpc_node-4] [INFO] [1791408499.185427682] [lower_tracking_mpc_node]: MAVLink COMMAND_ACK command=187 result=0
[lower_tracking_mpc_node-4] [INFO] [1791408500.235370860] [lower_tracking_mpc_node]: MAVLink COMMAND_ACK command=187 result=0
[upper_planner_node-3] [INFO] [1791408500.365583046] [upper_planner_node]: waypoint pair advanced: [1,2] -> [2,3]; previous reference retained
[lower_tracking_mpc_node-4] [WARN] [1791408500.935677639] [lower_tracking_mpc_node]: lower MPC state reset: path/mission/pose/reset event
[lower_tracking_mpc_node-4] [INFO] [1791408501.285444761] [lower_tracking_mpc_node]: MAVLink COMMAND_ACK command=187 result=0
[lower_tracking_mpc_node-4] [WARN] [1791408501.935754627] [lower_tracking_mpc_node]: lower MPC state reset: path/mission/pose/reset event
[lower_tracking_mpc_node-4] [INFO] [1791408502.285563575] [lower_tracking_mpc_node]: MAVLink COMMAND_ACK command=187 result=0
[lower_tracking_mpc_node-4] [INFO] [1791408503.335529729] [lower_tracking_mpc_node]: MAVLink COMMAND_ACK command=187 result=0
[lower_tracking_mpc_node-4] [INFO] [1791408504.386880021] [lower_tracking_mpc_node]: MAVLink COMMAND_ACK command=187 result=0
[upper_planner_node-3] [INFO] [1791408504.865977669] [upper_planner_node]: waypoint pair advanced: [2,3] -> [3,4]; previous reference retained
[lower_tracking_mpc_node-4] [INFO] [1791408505.435553687] [lower_tracking_mpc_node]: MAVLink COMMAND_ACK command=187 result=0
[lower_tracking_mpc_node-4] [WARN] [1791408505.436907392] [lower_tracking_mpc_node]: lower MPC state reset: path/mission/pose/reset event
[lower_tracking_mpc_node-4] [INFO] [1791408506.435770711] [lower_tracking_mpc_node]: MAVLink COMMAND_ACK command=187 result=0
[lower_tracking_mpc_node-4] [WARN] [1791408507.435902613] [lower_tracking_mpc_node]: lower MPC state reset: path/mission/pose/reset event
[lower_tracking_mpc_node-4] [INFO] [1791408507.485710912] [lower_tracking_mpc_node]: MAVLink COMMAND_ACK command=187 result=0
[lower_tracking_mpc_node-4] [INFO] [1791408508.535552966] [lower_tracking_mpc_node]: MAVLink COMMAND_ACK command=187 result=0
[upper_planner_node-3] [INFO] [1791408509.365837908] [upper_planner_node]: waypoint pair advanced: [3,4] -> [4,5]; previous reference retained
[lower_tracking_mpc_node-4] [WARN] [1791408509.435954569] [lower_tracking_mpc_node]: lower MPC state reset: path/mission/pose/reset event
[lower_tracking_mpc_node-4] [INFO] [1791408509.535750885] [lower_tracking_mpc_node]: MAVLink COMMAND_ACK command=187 result=0
[lower_tracking_mpc_node-4] [INFO] [1791408510.585546346] [lower_tracking_mpc_node]: MAVLink COMMAND_ACK command=187 result=0
[lower_tracking_mpc_node-4] [INFO] [1791408511.585915182] [lower_tracking_mpc_node]: MAVLink COMMAND_ACK command=187 result=0
[lower_tracking_mpc_node-4] [INFO] [1791408512.635824117] [lower_tracking_mpc_node]: MAVLink COMMAND_ACK command=187 result=0
[lower_tracking_mpc_node-4] [INFO] [1791408513.685838368] [lower_tracking_mpc_node]: MAVLink COMMAND_ACK command=187 result=0
[lower_tracking_mpc_node-4] [WARN] [1791408513.936133728] [lower_tracking_mpc_node]: lower MPC state reset: path/mission/pose/reset event
[upper_planner_node-3] [INFO] [1791408514.366142330] [upper_planner_node]: waypoint pair advanced: [4,5] -> [5,6]; previous reference retained
[lower_tracking_mpc_node-4] [INFO] [1791408514.735795465] [lower_tracking_mpc_node]: MAVLink COMMAND_ACK command=187 result=0
[lower_tracking_mpc_node-4] [WARN] [1791408515.436029282] [lower_tracking_mpc_node]: lower MPC state reset: path/mission/pose/reset event
[lower_tracking_mpc_node-4] [INFO] [1791408515.735895653] [lower_tracking_mpc_node]: MAVLink COMMAND_ACK command=187 result=0
[lower_tracking_mpc_node-4] [WARN] [1791408515.936035342] [lower_tracking_mpc_node]: lower MPC state reset: path/mission/pose/reset event
[lower_tracking_mpc_node-4] [INFO] [1791408516.785727210] [lower_tracking_mpc_node]: MAVLink COMMAND_ACK command=187 result=0
[lower_tracking_mpc_node-4] [WARN] [1791408516.937098599] [lower_tracking_mpc_node]: lower MPC state reset: path/mission/pose/reset event
[lower_tracking_mpc_node-4] [WARN] [1791408517.436029299] [lower_tracking_mpc_node]: lower MPC state reset: path/mission/pose/reset event
[lower_tracking_mpc_node-4] [INFO] [1791408517.786150352] [lower_tracking_mpc_node]: MAVLink COMMAND_ACK command=187 result=0
[lower_tracking_mpc_node-4] [INFO] [1791408518.835907826] [lower_tracking_mpc_node]: MAVLink COMMAND_ACK command=187 result=0
[upper_planner_node-3] [INFO] [1791408518.866918690] [upper_planner_node]: waypoint pair advanced: [5,6] -> [6,7]; previous reference retained
[lower_tracking_mpc_node-4] [WARN] [1791408518.936161372] [lower_tracking_mpc_node]: lower MPC state reset: path/mission/pose/reset event
[lower_tracking_mpc_node-4] [INFO] [1791408519.885932669] [lower_tracking_mpc_node]: MAVLink COMMAND_ACK command=187 result=0
[lower_tracking_mpc_node-4] [WARN] [1791408520.436306982] [lower_tracking_mpc_node]: lower MPC state reset: path/mission/pose/reset event
[lower_tracking_mpc_node-4] [INFO] [1791408520.885931061] [lower_tracking_mpc_node]: MAVLink COMMAND_ACK command=187 result=0
[lower_tracking_mpc_node-4] [WARN] [1791408520.936088171] [lower_tracking_mpc_node]: lower MPC state reset: path/mission/pose/reset event
[lower_tracking_mpc_node-4] [INFO] [1791408521.886222359] [lower_tracking_mpc_node]: MAVLink COMMAND_ACK command=187 result=0
[lower_tracking_mpc_node-4] [INFO] [1791408522.886237327] [lower_tracking_mpc_node]: MAVLink COMMAND_ACK command=187 result=0
[lower_tracking_mpc_node-4] [INFO] [1791408523.936937806] [lower_tracking_mpc_node]: MAVLink COMMAND_ACK command=187 result=0
[upper_planner_node-3] [WARN] [1791408524.867435972] [upper_planner_node]: interval_diag step=6 reason=3 ref_body=(26.944,-0.748) heading_deg=-2.18 center_cell=(86,61) center_value=100 line_free=0 blocked=401 unknown=0 outside=1 longest_run=0 min_run=2 grid_free=2165 zero=2165 positive=14219 unknown=0 topic=/bev/occupancy_grid frame=Vehicle origin=(0.000,-20.000) origin_yaw_deg=0.00 size=128x128 res=0.3125 positive_is_drivable=0 threshold=1 waypoint_bias=0 previous=1
[upper_planner_node-3] [WARN] [1791408524.868021302] [upper_planner_node]: no valid preview interval at step=6; usable horizon=5 reason=3
[upper_planner_node-3] [WARN] [1791408524.868145082] [upper_planner_node]: horizon_diag configured=6 extent_limit=6 requested=6 usable=5 reserve=1 restore=1 step_m=4.500 previous=1
[lower_tracking_mpc_node-4] [WARN] [1791408524.936457016] [lower_tracking_mpc_node]: lower MPC state reset: path/mission/pose/reset event
[lower_tracking_mpc_node-4] [INFO] [1791408524.985992987] [lower_tracking_mpc_node]: MAVLink COMMAND_ACK command=187 result=0
[upper_planner_node-3] [WARN] [1791408525.367142503] [upper_planner_node]: no valid preview interval at step=6; usable horizon=5 reason=3
[lower_tracking_mpc_node-4] [WARN] [1791408525.436640426] [lower_tracking_mpc_node]: lower MPC state reset: path/mission/pose/reset event
[upper_planner_node-3] [WARN] [1791408525.866674949] [upper_planner_node]: no valid preview interval at step=5; usable horizon=4 reason=3
[upper_planner_node-3] [WARN] [1791408525.866976270] [upper_planner_node]: no valid preview interval at step=6; usable horizon=4 reason=3
[lower_tracking_mpc_node-4] [INFO] [1791408525.986229722] [lower_tracking_mpc_node]: MAVLink COMMAND_ACK command=187 result=0
[upper_planner_node-3] [WARN] [1791408526.366715570] [upper_planner_node]: no valid preview interval at step=5; usable horizon=4 reason=3
[upper_planner_node-3] [WARN] [1791408526.367036988] [upper_planner_node]: no valid preview interval at step=6; usable horizon=4 reason=3
[upper_planner_node-3] [WARN] [1791408526.867413684] [upper_planner_node]: no valid preview interval at step=4; usable horizon=3 reason=3
[upper_planner_node-3] [WARN] [1791408526.867929827] [upper_planner_node]: interval_diag step=5 reason=3 ref_body=(22.435,-1.715) heading_deg=-4.37 center_cell=(71,58) center_value=100 line_free=0 blocked=402 unknown=0 outside=1 longest_run=0 min_run=2 grid_free=1265 zero=1265 positive=15119 unknown=0 topic=/bev/occupancy_grid frame=Vehicle origin=(0.000,-20.000) origin_yaw_deg=0.00 size=128x128 res=0.3125 positive_is_drivable=0 threshold=1 waypoint_bias=0 previous=0
[upper_planner_node-3] [WARN] [1791408526.868080904] [upper_planner_node]: no valid preview interval at step=5; usable horizon=3 reason=3
[upper_planner_node-3] [WARN] [1791408526.868229869] [upper_planner_node]: no valid preview interval at step=6; usable horizon=3 reason=3
[upper_planner_node-3] [WARN] [1791408526.868327055] [upper_planner_node]: horizon_diag configured=6 extent_limit=6 requested=6 usable=3 reserve=1 restore=1 step_m=4.500 previous=0
[lower_tracking_mpc_node-4] [INFO] [1791408526.986231795] [lower_tracking_mpc_node]: MAVLink COMMAND_ACK command=187 result=0
[knu_batch_runner.py-5] [INFO] [1791408527.163253468] [knu_batch_runner]: scenario3: completed 
[lower_tracking_mpc_node-4] [INFO] [1791408527.236692151] [lower_tracking_mpc_node]: goal stop applied: steer=0 throttle=0 brake=0.700 MAVLink neutral
[upper_planner_node-3] [WARN] [1791408527.366799853] [upper_planner_node]: no valid preview interval at step=3; usable horizon=2 reason=3
[upper_planner_node-3] [WARN] [1791408527.367154520] [upper_planner_node]: no valid preview interval at step=4; usable horizon=2 reason=3
[upper_planner_node-3] [WARN] [1791408527.367338749] [upper_planner_node]: no valid preview interval at step=5; usable horizon=2 reason=3
[upper_planner_node-3] [WARN] [1791408527.367504994] [upper_planner_node]: no valid preview interval at step=6; usable horizon=2 reason=3
[upper_planner_node-3] [WARN] [1791408527.867104418] [upper_planner_node]: no valid preview interval at step=3; usable horizon=2 reason=3
[upper_planner_node-3] [WARN] [1791408527.867637683] [upper_planner_node]: no valid preview interval at step=4; usable horizon=2 reason=3
[upper_planner_node-3] [WARN] [1791408527.867851193] [upper_planner_node]: no valid preview interval at step=5; usable horizon=2 reason=3
[upper_planner_node-3] [WARN] [1791408527.868047231] [upper_planner_node]: no valid preview interval at step=6; usable horizon=2 reason=3
[lower_tracking_mpc_node-4] [INFO] [1791408527.986418960] [lower_tracking_mpc_node]: MAVLink COMMAND_ACK command=187 result=0
[lower_tracking_mpc_node-4] [INFO] [1791408528.336493547] [lower_tracking_mpc_node]: goal stop applied: steer=0 throttle=0 brake=0.700 MAVLink neutral
[upper_planner_node-3] [WARN] [1791408528.366735683] [upper_planner_node]: no valid preview interval at step=2; usable horizon=1 reason=3
[upper_planner_node-3] [WARN] [1791408528.367159376] [upper_planner_node]: no valid preview interval at step=3; usable horizon=1 reason=3
[upper_planner_node-3] [WARN] [1791408528.367361750] [upper_planner_node]: no valid preview interval at step=4; usable horizon=1 reason=3
[upper_planner_node-3] [WARN] [1791408528.367530555] [upper_planner_node]: no valid preview interval at step=5; usable horizon=1 reason=3
[upper_planner_node-3] [WARN] [1791408528.367679072] [upper_planner_node]: no valid preview interval at step=6; usable horizon=1 reason=3
[lower_tracking_mpc_node-4] [WARN] [1791408528.436442508] [lower_tracking_mpc_node]: lower MPC state reset: path/mission/pose/reset event
[upper_planner_node-3] [WARN] [1791408528.868411426] [upper_planner_node]: egocentric MIQP failed: status=DAQP direct corridor QP infeasible: tried=1 solve_ms=0.313; retaining last published path
[lower_tracking_mpc_node-4] [INFO] [1791408529.036178994] [lower_tracking_mpc_node]: MAVLink COMMAND_ACK command=187 result=0
[lower_tracking_mpc_node-4] [INFO] [1791408529.336671912] [lower_tracking_mpc_node]: goal stop applied: steer=0 throttle=0 brake=0.700 MAVLink neutral
[upper_planner_node-3] [WARN] [1791408529.866890732] [upper_planner_node]: no valid interval at the measured k=0 state; retaining future horizon=6 reason=3
[upper_planner_node-3] [WARN] [1791408529.868607424] [upper_planner_node]: egocentric MIQP failed: status=DAQP direct corridor QP infeasible: tried=1 solve_ms=0.310; retaining last published path
[lower_tracking_mpc_node-4] [INFO] [1791408530.036332335] [lower_tracking_mpc_node]: MAVLink COMMAND_ACK command=187 result=0
[lower_tracking_mpc_node-4] [INFO] [1791408530.336690753] [lower_tracking_mpc_node]: goal stop applied: steer=0 throttle=0 brake=0.700 MAVLink neutral
[upper_planner_node-3] [WARN] [1791408530.367009499] [upper_planner_node]: no valid interval at the measured k=0 state; retaining future horizon=6 reason=3
[upper_planner_node-3] [WARN] [1791408530.866765824] [upper_planner_node]: no valid interval at the measured k=0 state; retaining future horizon=6 reason=3
[lower_tracking_mpc_node-4] [INFO] [1791408531.036354055] [lower_tracking_mpc_node]: MAVLink COMMAND_ACK command=187 result=0
[lower_tracking_mpc_node-4] [INFO] [1791408531.337248586] [lower_tracking_mpc_node]: goal stop applied: steer=0 throttle=0 brake=0.700 MAVLink neutral
[upper_planner_node-3] [WARN] [1791408531.367152152] [upper_planner_node]: no valid interval at the measured k=0 state; retaining future horizon=6 reason=3
[upper_planner_node-3] [WARN] [1791408531.368978735] [upper_planner_node]: egocentric MIQP failed: status=DAQP direct corridor QP infeasible: tried=1 solve_ms=0.358; retaining last published path
[upper_planner_node-3] [WARN] [1791408531.867236326] [upper_planner_node]: no valid interval at the measured k=0 state; retaining future horizon=6 reason=3
[lower_tracking_mpc_node-4] [INFO] [1791408532.036390144] [lower_tracking_mpc_node]: MAVLink COMMAND_ACK command=187 result=0
[upper_planner_node-3] [WARN] [1791408532.367101934] [upper_planner_node]: no valid interval at the measured k=0 state; retaining future horizon=6 reason=3
[upper_planner_node-3] [WARN] [1791408532.369715357] [upper_planner_node]: egocentric MIQP failed: status=DAQP direct corridor QP infeasible: tried=1 solve_ms=0.337; retaining last published path
[lower_tracking_mpc_node-4] [INFO] [1791408532.437188226] [lower_tracking_mpc_node]: goal stop applied: steer=0 throttle=0 brake=0.700 MAVLink neutral
[upper_planner_node-3] [WARN] [1791408532.866662252] [upper_planner_node]: no valid interval at the measured k=0 state; retaining future horizon=6 reason=3
[lower_tracking_mpc_node-4] [INFO] [1791408533.086341640] [lower_tracking_mpc_node]: MAVLink COMMAND_ACK command=187 result=0
[upper_planner_node-3] [WARN] [1791408533.367151751] [upper_planner_node]: no valid interval at the measured k=0 state; retaining future horizon=6 reason=3
[lower_tracking_mpc_node-4] [INFO] [1791408533.437441505] [lower_tracking_mpc_node]: goal stop applied: steer=0 throttle=0 brake=0.700 MAVLink neutral
[upper_planner_node-3] [WARN] [1791408533.867040751] [upper_planner_node]: no valid interval at the measured k=0 state; retaining future horizon=6 reason=3
[upper_planner_node-3] [WARN] [1791408533.869476250] [upper_planner_node]: egocentric MIQP failed: status=DAQP direct corridor QP infeasible: tried=1 solve_ms=0.321; retaining last published path
[lower_tracking_mpc_node-4] [INFO] [1791408534.086745676] [lower_tracking_mpc_node]: MAVLink COMMAND_ACK command=187 result=0
[upper_planner_node-3] [WARN] [1791408534.367097629] [upper_planner_node]: no valid interval at the measured k=0 state; retaining future horizon=6 reason=3
[lower_tracking_mpc_node-4] [INFO] [1791408534.537242421] [lower_tracking_mpc_node]: goal stop applied: steer=0 throttle=0 brake=0.700 MAVLink neutral
[upper_planner_node-3] [WARN] [1791408534.866772351] [upper_planner_node]: no valid interval at the measured k=0 state; retaining future horizon=6 reason=3
[lower_tracking_mpc_node-4] [INFO] [1791408535.136347912] [lower_tracking_mpc_node]: MAVLink COMMAND_ACK command=187 result=0
[upper_planner_node-3] [WARN] [1791408535.367060307] [upper_planner_node]: no valid interval at the measured k=0 state; retaining future horizon=6 reason=3
[upper_planner_node-3] [WARN] [1791408535.368975022] [upper_planner_node]: egocentric MIQP failed: status=DAQP direct corridor QP infeasible: tried=1 solve_ms=0.396; retaining last published path
[lower_tracking_mpc_node-4] [INFO] [1791408535.537520917] [lower_tracking_mpc_node]: goal stop applied: steer=0 throttle=0 brake=0.700 MAVLink neutral
[upper_planner_node-3] [WARN] [1791408535.868063294] [upper_planner_node]: no valid interval at the measured k=0 state; retaining future horizon=6 reason=3
[lower_tracking_mpc_node-4] [INFO] [1791408536.136475364] [lower_tracking_mpc_node]: MAVLink COMMAND_ACK command=187 result=0
[upper_planner_node-3] [WARN] [1791408536.367523449] [upper_planner_node]: no valid interval at the measured k=0 state; retaining future horizon=6 reason=3
[upper_planner_node-3] [WARN] [1791408536.369298319] [upper_planner_node]: egocentric MIQP failed: status=DAQP direct corridor QP infeasible: tried=1 solve_ms=0.338; retaining last published path
[lower_tracking_mpc_node-4] [INFO] [1791408536.637209894] [lower_tracking_mpc_node]: goal stop applied: steer=0 throttle=0 brake=0.700 MAVLink neutral
[upper_planner_node-3] [WARN] [1791408536.867935057] [upper_planner_node]: no valid interval at the measured k=0 state; retaining future horizon=6 reason=3
[lower_tracking_mpc_node-4] [INFO] [1791408537.136518204] [lower_tracking_mpc_node]: MAVLink COMMAND_ACK command=187 result=0
[upper_planner_node-3] [WARN] [1791408537.367187494] [upper_planner_node]: no valid interval at the measured k=0 state; retaining future horizon=6 reason=3
[lower_tracking_mpc_node-4] [INFO] [1791408537.637532071] [lower_tracking_mpc_node]: goal stop applied: steer=0 throttle=0 brake=0.700 MAVLink neutral
[upper_planner_node-3] [WARN] [1791408537.866957611] [upper_planner_node]: no valid interval at the measured k=0 state; retaining future horizon=6 reason=3
[upper_planner_node-3] [WARN] [1791408537.868592509] [upper_planner_node]: egocentric MIQP failed: status=DAQP direct corridor QP infeasible: tried=1 solve_ms=0.330; retaining last published path
[lower_tracking_mpc_node-4] [INFO] [1791408538.186643881] [lower_tracking_mpc_node]: MAVLink COMMAND_ACK command=187 result=0
[upper_planner_node-3] [WARN] [1791408538.367204382] [upper_planner_node]: no valid interval at the measured k=0 state; retaining future horizon=6 reason=3
[lower_tracking_mpc_node-4] [INFO] [1791408538.737463071] [lower_tracking_mpc_node]: goal stop applied: steer=0 throttle=0 brake=0.700 MAVLink neutral
[upper_planner_node-3] [WARN] [1791408538.866772701] [upper_planner_node]: no valid interval at the measured k=0 state; retaining future horizon=6 reason=3
[lower_tracking_mpc_node-4] [INFO] [1791408539.186688706] [lower_tracking_mpc_node]: MAVLink COMMAND_ACK command=187 result=0
[upper_planner_node-3] [WARN] [1791408539.367223894] [upper_planner_node]: no valid interval at the measured k=0 state; retaining future horizon=6 reason=3
[upper_planner_node-3] [WARN] [1791408539.368973579] [upper_planner_node]: egocentric MIQP failed: status=DAQP direct corridor QP infeasible: tried=1 solve_ms=0.319; retaining last published path
[lower_tracking_mpc_node-4] [INFO] [1791408539.837649726] [lower_tracking_mpc_node]: goal stop applied: steer=0 throttle=0 brake=0.700 MAVLink neutral
[upper_planner_node-3] [WARN] [1791408539.867253859] [upper_planner_node]: no valid interval at the measured k=0 state; retaining future horizon=6 reason=3
[lower_tracking_mpc_node-4] [INFO] [1791408540.186693657] [lower_tracking_mpc_node]: MAVLink COMMAND_ACK command=187 result=0
[upper_planner_node-3] [WARN] [1791408540.367360785] [upper_planner_node]: no valid interval at the measured k=0 state; retaining future horizon=6 reason=3
[upper_planner_node-3] [WARN] [1791408540.370538162] [upper_planner_node]: egocentric MIQP failed: status=DAQP direct corridor QP infeasible: tried=1 solve_ms=0.521; retaining last published path
[upper_planner_node-3] [WARN] [1791408540.867261658] [upper_planner_node]: no valid interval at the measured k=0 state; retaining future horizon=6 reason=3
[lower_tracking_mpc_node-4] [INFO] [1791408540.937404368] [lower_tracking_mpc_node]: goal stop applied: steer=0 throttle=0 brake=0.700 MAVLink neutral
[lower_tracking_mpc_node-4] [INFO] [1791408541.236702626] [lower_tracking_mpc_node]: MAVLink COMMAND_ACK command=187 result=0
[upper_planner_node-3] [WARN] [1791408541.367425611] [upper_planner_node]: no valid interval at the measured k=0 state; retaining future horizon=6 reason=3
[upper_planner_node-3] [WARN] [1791408541.866932039] [upper_planner_node]: no valid interval at the measured k=0 state; retaining future horizon=6 reason=3
[upper_planner_node-3] [WARN] [1791408541.867962214] [upper_planner_node]: egocentric MIQP failed: status=DAQP direct corridor QP infeasible: tried=1 solve_ms=0.177; retaining last published path
[lower_tracking_mpc_node-4] [INFO] [1791408541.937650479] [lower_tracking_mpc_node]: goal stop applied: steer=0 throttle=0 brake=0.700 MAVLink neutral
[lower_tracking_mpc_node-4] [INFO] [1791408542.286727115] [lower_tracking_mpc_node]: MAVLink COMMAND_ACK command=187 result=0
[upper_planner_node-3] [WARN] [1791408542.367268957] [upper_planner_node]: no valid interval at the measured k=0 state; retaining future horizon=6 reason=3
[upper_planner_node-3] [WARN] [1791408542.867375340] [upper_planner_node]: no valid interval at the measured k=0 state; retaining future horizon=6 reason=3
[upper_planner_node-3] [WARN] [1791408542.869021502] [upper_planner_node]: egocentric MIQP failed: status=DAQP direct corridor QP infeasible: tried=1 solve_ms=0.304; retaining last published path
[lower_tracking_mpc_node-4] [INFO] [1791408543.037896367] [lower_tracking_mpc_node]: goal stop applied: steer=0 throttle=0 brake=0.700 MAVLink neutral
[lower_tracking_mpc_node-4] [INFO] [1791408543.336699922] [lower_tracking_mpc_node]: MAVLink COMMAND_ACK command=187 result=0
[upper_planner_node-3] [WARN] [1791408543.368240274] [upper_planner_node]: no valid interval at the measured k=0 state; retaining future horizon=6 reason=3
[upper_planner_node-3] [WARN] [1791408543.867248095] [upper_planner_node]: no valid interval at the measured k=0 state; retaining future horizon=6 reason=3
[lower_tracking_mpc_node-4] [INFO] [1791408544.137931466] [lower_tracking_mpc_node]: goal stop applied: steer=0 throttle=0 brake=0.700 MAVLink neutral
[lower_tracking_mpc_node-4] [INFO] [1791408544.336726506] [lower_tracking_mpc_node]: MAVLink COMMAND_ACK command=187 result=0
[upper_planner_node-3] [WARN] [1791408544.367005795] [upper_planner_node]: no valid interval at the measured k=0 state; retaining future horizon=6 reason=3
[upper_planner_node-3] [WARN] [1791408544.367984001] [upper_planner_node]: egocentric MIQP failed: status=DAQP direct corridor QP infeasible: tried=1 solve_ms=0.161; retaining last published path
[upper_planner_node-3] [WARN] [1791408544.867355353] [upper_planner_node]: no valid interval at the measured k=0 state; retaining future horizon=6 reason=3
[lower_tracking_mpc_node-4] [INFO] [1791408545.238428658] [lower_tracking_mpc_node]: goal stop applied: steer=0 throttle=0 brake=0.700 MAVLink neutral
[upper_planner_node-3] [WARN] [1791408545.367522666] [upper_planner_node]: no valid interval at the measured k=0 state; retaining future horizon=6 reason=3
[upper_planner_node-3] [WARN] [1791408545.369251134] [upper_planner_node]: egocentric MIQP failed: status=DAQP direct corridor QP infeasible: tried=1 solve_ms=0.320; retaining last published path
[lower_tracking_mpc_node-4] [INFO] [1791408545.386788788] [lower_tracking_mpc_node]: MAVLink COMMAND_ACK command=187 result=0
[upper_planner_node-3] [WARN] [1791408545.867465779] [upper_planner_node]: no valid interval at the measured k=0 state; retaining future horizon=6 reason=3
[lower_tracking_mpc_node-4] [INFO] [1791408546.238486955] [lower_tracking_mpc_node]: goal stop applied: steer=0 throttle=0 brake=0.700 MAVLink neutral
[upper_planner_node-3] [WARN] [1791408546.367499968] [upper_planner_node]: no valid interval at the measured k=0 state; retaining future horizon=6 reason=3
[lower_tracking_mpc_node-4] [INFO] [1791408546.436723322] [lower_tracking_mpc_node]: MAVLink COMMAND_ACK command=187 result=0
[upper_planner_node-3] [WARN] [1791408546.867523596] [upper_planner_node]: no valid interval at the measured k=0 state; retaining future horizon=6 reason=3
[upper_planner_node-3] [WARN] [1791408546.869079803] [upper_planner_node]: egocentric MIQP failed: status=DAQP direct corridor QP infeasible: tried=1 solve_ms=0.312; retaining last published path
[lower_tracking_mpc_node-4] [INFO] [1791408547.337617193] [lower_tracking_mpc_node]: goal stop applied: steer=0 throttle=0 brake=0.700 MAVLink neutral
[upper_planner_node-3] [WARN] [1791408547.367832289] [upper_planner_node]: no valid interval at the measured k=0 state; retaining future horizon=6 reason=3
[lower_tracking_mpc_node-4] [INFO] [1791408547.436847572] [lower_tracking_mpc_node]: MAVLink COMMAND_ACK command=187 result=0
[knu_batch_runner.py-5] [INFO] [1791408547.661775983] [knu_batch_runner]: [4/10] scenario3
[upper_planner_node-3] [WARN] [1791408547.867194809] [upper_planner_node]: no valid interval at the measured k=0 state; retaining future horizon=6 reason=3
[lower_tracking_mpc_node-4] [INFO] [1791408548.337642977] [lower_tracking_mpc_node]: goal stop applied: steer=0 throttle=0 brake=0.700 MAVLink neutral
[upper_planner_node-3] [WARN] [1791408548.367410507] [upper_planner_node]: no valid interval at the measured k=0 state; retaining future horizon=6 reason=3
[upper_planner_node-3] [WARN] [1791408548.373124568] [upper_planner_node]: egocentric MIQP failed: status=DAQP direct corridor QP infeasible: tried=1 solve_ms=0.351; retaining last published path
[lower_tracking_mpc_node-4] [INFO] [1791408548.486829084] [lower_tracking_mpc_node]: MAVLink COMMAND_ACK command=187 result=0
[upper_planner_node-3] [WARN] [1791408548.867408182] [upper_planner_node]: no valid interval at the measured k=0 state; retaining future horizon=6 reason=3
[px4_odom_map_bridge-2] [INFO] [1791408548.961078488] [px4_odom_map_bridge]: Map alignment initialized once: source=(453.510437, 125.354240, 0.070038, yaw=-0.165811) yaw_delta=-1.404985 input_frame='map' (treated as PX4 local)
[lower_tracking_mpc_node-4] [WARN] [1791408549.037051583] [lower_tracking_mpc_node]: lower MPC state reset: path/mission/pose/reset event
[lower_tracking_mpc_node-4] [INFO] [1791408549.437144619] [lower_tracking_mpc_node]: goal stop applied: steer=0 throttle=0 brake=0.700 MAVLink neutral
[lower_tracking_mpc_node-4] [INFO] [1791408549.486951126] [lower_tracking_mpc_node]: MAVLink COMMAND_ACK command=187 result=0
[upper_planner_node-3] [WARN] [1791408549.869234756] [upper_planner_node]: egocentric MIQP failed: status=DAQP direct corridor QP infeasible: tried=8 solve_ms=0.534; retaining last published path
[upper_planner_node-3] [INFO] [1791408550.357811924] [upper_planner_node]: mission cleared; awaiting path; revision=7
[lower_tracking_mpc_node-4] [WARN] [1791408550.358267426] [lower_tracking_mpc_node]: Rejected lower path: fewer than two distinct path points
[upper_planner_node-3] [WARN] [1791408550.367123087] [upper_planner_node]: planner waiting for global path
[lower_tracking_mpc_node-4] [WARN] [1791408550.437110880] [lower_tracking_mpc_node]: lower MPC state reset: path/mission/pose/reset event
[lower_tracking_mpc_node-4] [INFO] [1791408550.438265987] [lower_tracking_mpc_node]: goal stop applied: steer=0 throttle=0 brake=0.700 MAVLink neutral
[knu_batch_runner.py-5] [INFO] [1791408550.459487881] [knu_batch_runner]: 273af99685:3:scenario3: mission cleared; awaiting path; revision=7
[upper_planner_node-3] [INFO] [1791408550.467622465] [upper_planner_node]: reference path loaded from /navigation/global_path: 8 points frame=map waypoint_bias=disabled
[lower_tracking_mpc_node-4] [INFO] [1791408550.486975085] [lower_tracking_mpc_node]: MAVLink COMMAND_ACK command=187 result=0
[lower_tracking_mpc_node-4] [WARN] [1791408550.537474606] [lower_tracking_mpc_node]: lower MPC state reset: path/mission/pose/reset event
[upper_planner_node-3] [INFO] [1791408550.867476517] [upper_planner_node]: waypoint pair advanced: [0,1] -> [1,2]; previous reference retained
[lower_tracking_mpc_node-4] [WARN] [1791408550.937166509] [lower_tracking_mpc_node]: lower MPC state reset: path/mission/pose/reset event
[lower_tracking_mpc_node-4] [INFO] [1791408551.536980885] [lower_tracking_mpc_node]: MAVLink COMMAND_ACK command=187 result=0
[lower_tracking_mpc_node-4] [INFO] [1791408551.538549061] [lower_tracking_mpc_node]: goal stop applied: steer=0 throttle=0 brake=0.700 MAVLink neutral
[lower_tracking_mpc_node-4] [WARN] [1791408551.637230591] [lower_tracking_mpc_node]: lower MPC state reset: path/mission/pose/reset event
[lower_tracking_mpc_node-4] [INFO] [1791408552.586978621] [lower_tracking_mpc_node]: MAVLink COMMAND_ACK command=187 result=0
[lower_tracking_mpc_node-4] [INFO] [1791408553.587077526] [lower_tracking_mpc_node]: MAVLink COMMAND_ACK command=187 result=0
[lower_tracking_mpc_node-4] [INFO] [1791408554.637025404] [lower_tracking_mpc_node]: MAVLink COMMAND_ACK command=187 result=0
[lower_tracking_mpc_node-4] [INFO] [1791408555.687058052] [lower_tracking_mpc_node]: MAVLink COMMAND_ACK command=187 result=0
[lower_tracking_mpc_node-4] [INFO] [1791408556.687182878] [lower_tracking_mpc_node]: MAVLink COMMAND_ACK command=187 result=0
[lower_tracking_mpc_node-4] [INFO] [1791408557.687191829] [lower_tracking_mpc_node]: MAVLink COMMAND_ACK command=187 result=0
[upper_planner_node-3] [INFO] [1791408558.368132768] [upper_planner_node]: waypoint pair advanced: [1,2] -> [2,3]; previous reference retained
[lower_tracking_mpc_node-4] [INFO] [1791408558.687268557] [lower_tracking_mpc_node]: MAVLink COMMAND_ACK command=187 result=0
[lower_tracking_mpc_node-4] [WARN] [1791408558.937468969] [lower_tracking_mpc_node]: lower MPC state reset: path/mission/pose/reset event
[lower_tracking_mpc_node-4] [INFO] [1791408559.737120272] [lower_tracking_mpc_node]: MAVLink COMMAND_ACK command=187 result=0
[lower_tracking_mpc_node-4] [WARN] [1791408559.937504192] [lower_tracking_mpc_node]: lower MPC state reset: path/mission/pose/reset event
[lower_tracking_mpc_node-4] [INFO] [1791408560.737201352] [lower_tracking_mpc_node]: MAVLink COMMAND_ACK command=187 result=0
[lower_tracking_mpc_node-4] [INFO] [1791408561.737323874] [lower_tracking_mpc_node]: MAVLink COMMAND_ACK command=187 result=0
[lower_tracking_mpc_node-4] [INFO] [1791408562.737372313] [lower_tracking_mpc_node]: MAVLink COMMAND_ACK command=187 result=0
[upper_planner_node-3] [INFO] [1791408562.867944125] [upper_planner_node]: waypoint pair advanced: [2,3] -> [3,4]; previous reference retained
[lower_tracking_mpc_node-4] [INFO] [1791408563.737389551] [lower_tracking_mpc_node]: MAVLink COMMAND_ACK command=187 result=0
[lower_tracking_mpc_node-4] [INFO] [1791408564.787271699] [lower_tracking_mpc_node]: MAVLink COMMAND_ACK command=187 result=0
[lower_tracking_mpc_node-4] [INFO] [1791408565.787414253] [lower_tracking_mpc_node]: MAVLink COMMAND_ACK command=187 result=0
[lower_tracking_mpc_node-4] [WARN] [1791408565.937648135] [lower_tracking_mpc_node]: lower MPC state reset: path/mission/pose/reset event
[lower_tracking_mpc_node-4] [INFO] [1791408566.837385266] [lower_tracking_mpc_node]: MAVLink COMMAND_ACK command=187 result=0
[upper_planner_node-3] [INFO] [1791408567.367929982] [upper_planner_node]: waypoint pair advanced: [3,4] -> [4,5]; previous reference retained
[lower_tracking_mpc_node-4] [WARN] [1791408567.437800588] [lower_tracking_mpc_node]: lower MPC state reset: path/mission/pose/reset event
[lower_tracking_mpc_node-4] [INFO] [1791408567.887389593] [lower_tracking_mpc_node]: MAVLink COMMAND_ACK command=187 result=0
[lower_tracking_mpc_node-4] [INFO] [1791408568.887431664] [lower_tracking_mpc_node]: MAVLink COMMAND_ACK command=187 result=0
[lower_tracking_mpc_node-4] [INFO] [1791408569.887491655] [lower_tracking_mpc_node]: MAVLink COMMAND_ACK command=187 result=0
[lower_tracking_mpc_node-4] [INFO] [1791408570.887572991] [lower_tracking_mpc_node]: MAVLink COMMAND_ACK command=187 result=0
[lower_tracking_mpc_node-4] [INFO] [1791408571.887721145] [lower_tracking_mpc_node]: MAVLink COMMAND_ACK command=187 result=0
[lower_tracking_mpc_node-4] [WARN] [1791408571.937616262] [lower_tracking_mpc_node]: lower MPC state reset: path/mission/pose/reset event
[upper_planner_node-3] [INFO] [1791408572.367988651] [upper_planner_node]: waypoint pair advanced: [4,5] -> [5,6]; previous reference retained
[lower_tracking_mpc_node-4] [INFO] [1791408572.937451799] [lower_tracking_mpc_node]: MAVLink COMMAND_ACK command=187 result=0
[lower_tracking_mpc_node-4] [WARN] [1791408573.437890927] [lower_tracking_mpc_node]: lower MPC state reset: path/mission/pose/reset event
[lower_tracking_mpc_node-4] [INFO] [1791408573.937642418] [lower_tracking_mpc_node]: MAVLink COMMAND_ACK command=187 result=0
[lower_tracking_mpc_node-4] [WARN] [1791408573.938908600] [lower_tracking_mpc_node]: lower MPC state reset: path/mission/pose/reset event
[lower_tracking_mpc_node-4] [INFO] [1791408574.937849453] [lower_tracking_mpc_node]: MAVLink COMMAND_ACK command=187 result=0
[lower_tracking_mpc_node-4] [WARN] [1791408574.939059154] [lower_tracking_mpc_node]: lower MPC state reset: path/mission/pose/reset event
[lower_tracking_mpc_node-4] [WARN] [1791408575.937904644] [lower_tracking_mpc_node]: lower MPC state reset: path/mission/pose/reset event
[lower_tracking_mpc_node-4] [INFO] [1791408575.987678862] [lower_tracking_mpc_node]: MAVLink COMMAND_ACK command=187 result=0
[upper_planner_node-3] [INFO] [1791408576.868101901] [upper_planner_node]: waypoint pair advanced: [5,6] -> [6,7]; previous reference retained
[lower_tracking_mpc_node-4] [WARN] [1791408576.938757459] [lower_tracking_mpc_node]: lower MPC state reset: path/mission/pose/reset event
[lower_tracking_mpc_node-4] [INFO] [1791408576.987844104] [lower_tracking_mpc_node]: MAVLink COMMAND_ACK command=187 result=0
[lower_tracking_mpc_node-4] [WARN] [1791408577.938068338] [lower_tracking_mpc_node]: lower MPC state reset: path/mission/pose/reset event
[lower_tracking_mpc_node-4] [INFO] [1791408577.987992385] [lower_tracking_mpc_node]: MAVLink COMMAND_ACK command=187 result=0
[lower_tracking_mpc_node-4] [INFO] [1791408579.037753824] [lower_tracking_mpc_node]: MAVLink COMMAND_ACK command=187 result=0
[lower_tracking_mpc_node-4] [INFO] [1791408580.037960955] [lower_tracking_mpc_node]: MAVLink COMMAND_ACK command=187 result=0
[lower_tracking_mpc_node-4] [INFO] [1791408581.087852989] [lower_tracking_mpc_node]: MAVLink COMMAND_ACK command=187 result=0
[lower_tracking_mpc_node-4] [INFO] [1791408582.087923924] [lower_tracking_mpc_node]: MAVLink COMMAND_ACK command=187 result=0
[upper_planner_node-3] [WARN] [1791408582.368941625] [upper_planner_node]: interval_diag step=6 reason=3 ref_body=(26.981,1.006) heading_deg=1.92 center_cell=(86,67) center_value=100 line_free=0 blocked=401 unknown=0 outside=1 longest_run=0 min_run=2 grid_free=2233 zero=2233 positive=14151 unknown=0 topic=/bev/occupancy_grid frame=Vehicle origin=(0.000,-20.000) origin_yaw_deg=0.00 size=128x128 res=0.3125 positive_is_drivable=0 threshold=1 waypoint_bias=0 previous=1
[upper_planner_node-3] [WARN] [1791408582.369492714] [upper_planner_node]: no valid preview interval at step=6; usable horizon=5 reason=3
[upper_planner_node-3] [WARN] [1791408582.369614605] [upper_planner_node]: horizon_diag configured=6 extent_limit=6 requested=6 usable=5 reserve=1 restore=1 step_m=4.500 previous=1
[upper_planner_node-3] [WARN] [1791408582.869172554] [upper_planner_node]: no valid preview interval at step=6; usable horizon=5 reason=3
[lower_tracking_mpc_node-4] [INFO] [1791408583.087970986] [lower_tracking_mpc_node]: MAVLink COMMAND_ACK command=187 result=0
[upper_planner_node-3] [WARN] [1791408583.368479711] [upper_planner_node]: no valid preview interval at step=5; usable horizon=4 reason=3
[upper_planner_node-3] [WARN] [1791408583.369646787] [upper_planner_node]: no valid preview interval at step=6; usable horizon=4 reason=3
[upper_planner_node-3] [WARN] [1791408583.869141950] [upper_planner_node]: no valid preview interval at step=5; usable horizon=4 reason=3
[upper_planner_node-3] [WARN] [1791408583.869732624] [upper_planner_node]: no valid preview interval at step=6; usable horizon=4 reason=3
[lower_tracking_mpc_node-4] [WARN] [1791408583.938373496] [lower_tracking_mpc_node]: lower MPC state reset: path/mission/pose/reset event
[lower_tracking_mpc_node-4] [INFO] [1791408584.087985631] [lower_tracking_mpc_node]: MAVLink COMMAND_ACK command=187 result=0
[upper_planner_node-3] [WARN] [1791408584.368530005] [upper_planner_node]: no valid preview interval at step=4; usable horizon=3 reason=3
[upper_planner_node-3] [WARN] [1791408584.368928098] [upper_planner_node]: no valid preview interval at step=5; usable horizon=3 reason=3
[upper_planner_node-3] [WARN] [1791408584.369151176] [upper_planner_node]: interval_diag step=6 reason=3 ref_body=(26.999,0.206) heading_deg=0.44 center_cell=(86,64) center_value=100 line_free=0 blocked=401 unknown=0 outside=1 longest_run=0 min_run=2 grid_free=1298 zero=1298 positive=15086 unknown=0 topic=/bev/occupancy_grid frame=Vehicle origin=(0.000,-20.000) origin_yaw_deg=0.00 size=128x128 res=0.3125 positive_is_drivable=0 threshold=1 waypoint_bias=0 previous=0
[upper_planner_node-3] [WARN] [1791408584.369288653] [upper_planner_node]: no valid preview interval at step=6; usable horizon=3 reason=3
[lower_tracking_mpc_node-4] [WARN] [1791408584.438247614] [lower_tracking_mpc_node]: lower MPC state reset: path/mission/pose/reset event
[knu_batch_runner.py-5] [INFO] [1791408584.663898543] [knu_batch_runner]: scenario3: completed 
[lower_tracking_mpc_node-4] [INFO] [1791408584.738343239] [lower_tracking_mpc_node]: goal stop applied: steer=0 throttle=0 brake=0.700 MAVLink neutral
[upper_planner_node-3] [WARN] [1791408584.868798472] [upper_planner_node]: no valid preview interval at step=4; usable horizon=3 reason=3
[upper_planner_node-3] [WARN] [1791408584.869079248] [upper_planner_node]: no valid preview interval at step=5; usable horizon=3 reason=3
[upper_planner_node-3] [WARN] [1791408584.869209204] [upper_planner_node]: no valid preview interval at step=6; usable horizon=3 reason=3
[upper_planner_node-3] [WARN] [1791408584.869252214] [upper_planner_node]: horizon_diag configured=6 extent_limit=6 requested=6 usable=3 reserve=1 restore=1 step_m=4.500 previous=0
[lower_tracking_mpc_node-4] [WARN] [1791408584.938367500] [lower_tracking_mpc_node]: lower MPC state reset: path/mission/pose/reset event
[lower_tracking_mpc_node-4] [INFO] [1791408585.088032949] [lower_tracking_mpc_node]: MAVLink COMMAND_ACK command=187 result=0
[upper_planner_node-3] [WARN] [1791408585.368946775] [upper_planner_node]: no valid preview interval at step=3; usable horizon=2 reason=3
[upper_planner_node-3] [WARN] [1791408585.369580554] [upper_planner_node]: no valid preview interval at step=4; usable horizon=2 reason=3
[upper_planner_node-3] [WARN] [1791408585.369780272] [upper_planner_node]: no valid preview interval at step=5; usable horizon=2 reason=3
[upper_planner_node-3] [WARN] [1791408585.369950389] [upper_planner_node]: no valid preview interval at step=6; usable horizon=2 reason=3
[lower_tracking_mpc_node-4] [WARN] [1791408585.438385047] [lower_tracking_mpc_node]: lower MPC state reset: path/mission/pose/reset event
[lower_tracking_mpc_node-4] [INFO] [1791408585.738551714] [lower_tracking_mpc_node]: goal stop applied: steer=0 throttle=0 brake=0.700 MAVLink neutral
[upper_planner_node-3] [WARN] [1791408585.868390288] [upper_planner_node]: no valid preview interval at step=2; usable horizon=1 reason=3
[upper_planner_node-3] [WARN] [1791408585.868743419] [upper_planner_node]: no valid preview interval at step=3; usable horizon=1 reason=3
[upper_planner_node-3] [WARN] [1791408585.868934688] [upper_planner_node]: no valid preview interval at step=4; usable horizon=1 reason=3
[upper_planner_node-3] [WARN] [1791408585.869146119] [upper_planner_node]: no valid preview interval at step=5; usable horizon=1 reason=3
[upper_planner_node-3] [WARN] [1791408585.869329164] [upper_planner_node]: no valid preview interval at step=6; usable horizon=1 reason=3
[lower_tracking_mpc_node-4] [WARN] [1791408585.938286046] [lower_tracking_mpc_node]: lower MPC state reset: path/mission/pose/reset event
[lower_tracking_mpc_node-4] [INFO] [1791408586.138055771] [lower_tracking_mpc_node]: MAVLink COMMAND_ACK command=187 result=0
[upper_planner_node-3] [WARN] [1791408586.370108846] [upper_planner_node]: egocentric MIQP failed: status=DAQP direct corridor QP infeasible: tried=1 solve_ms=0.345; retaining last published path
[lower_tracking_mpc_node-4] [INFO] [1791408586.739278989] [lower_tracking_mpc_node]: goal stop applied: steer=0 throttle=0 brake=0.700 MAVLink neutral
[upper_planner_node-3] [WARN] [1791408586.868830802] [upper_planner_node]: no valid interval at the measured k=0 state; retaining future horizon=6 reason=3
[lower_tracking_mpc_node-4] [INFO] [1791408587.188040992] [lower_tracking_mpc_node]: MAVLink COMMAND_ACK command=187 result=0
[upper_planner_node-3] [WARN] [1791408587.368595989] [upper_planner_node]: no valid interval at the measured k=0 state; retaining future horizon=6 reason=3
[upper_planner_node-3] [WARN] [1791408587.370440109] [upper_planner_node]: egocentric MIQP failed: status=DAQP direct corridor QP infeasible: tried=1 solve_ms=0.323; retaining last published path
[lower_tracking_mpc_node-4] [INFO] [1791408587.838999674] [lower_tracking_mpc_node]: goal stop applied: steer=0 throttle=0 brake=0.700 MAVLink neutral
[upper_planner_node-3] [WARN] [1791408587.868338775] [upper_planner_node]: no valid interval at the measured k=0 state; retaining future horizon=6 reason=3
[lower_tracking_mpc_node-4] [INFO] [1791408588.188055477] [lower_tracking_mpc_node]: MAVLink COMMAND_ACK command=187 result=0
[upper_planner_node-3] [WARN] [1791408588.368668299] [upper_planner_node]: no valid interval at the measured k=0 state; retaining future horizon=6 reason=3
[upper_planner_node-3] [WARN] [1791408588.370500323] [upper_planner_node]: egocentric MIQP failed: status=DAQP direct corridor QP infeasible: tried=1 solve_ms=0.328; retaining last published path
[lower_tracking_mpc_node-4] [INFO] [1791408588.839512190] [lower_tracking_mpc_node]: goal stop applied: steer=0 throttle=0 brake=0.700 MAVLink neutral
[upper_planner_node-3] [WARN] [1791408588.868798905] [upper_planner_node]: no valid interval at the measured k=0 state; retaining future horizon=6 reason=3
[lower_tracking_mpc_node-4] [INFO] [1791408589.237938774] [lower_tracking_mpc_node]: MAVLink COMMAND_ACK command=187 result=0
[upper_planner_node-3] [WARN] [1791408589.368763874] [upper_planner_node]: no valid interval at the measured k=0 state; retaining future horizon=6 reason=3
[upper_planner_node-3] [WARN] [1791408589.370538552] [upper_planner_node]: egocentric MIQP failed: status=DAQP direct corridor QP infeasible: tried=1 solve_ms=0.322; retaining last published path
[upper_planner_node-3] [WARN] [1791408589.868706507] [upper_planner_node]: no valid interval at the measured k=0 state; retaining future horizon=6 reason=3
[lower_tracking_mpc_node-4] [INFO] [1791408589.939283758] [lower_tracking_mpc_node]: goal stop applied: steer=0 throttle=0 brake=0.700 MAVLink neutral
[lower_tracking_mpc_node-4] [INFO] [1791408590.238089103] [lower_tracking_mpc_node]: MAVLink COMMAND_ACK command=187 result=0
[upper_planner_node-3] [WARN] [1791408590.368841721] [upper_planner_node]: no valid interval at the measured k=0 state; retaining future horizon=6 reason=3
[upper_planner_node-3] [WARN] [1791408590.370715570] [upper_planner_node]: egocentric MIQP failed: status=DAQP direct corridor QP infeasible: tried=1 solve_ms=0.371; retaining last published path
[upper_planner_node-3] [WARN] [1791408590.868554138] [upper_planner_node]: no valid interval at the measured k=0 state; retaining future horizon=6 reason=3
[lower_tracking_mpc_node-4] [INFO] [1791408591.038913688] [lower_tracking_mpc_node]: goal stop applied: steer=0 throttle=0 brake=0.700 MAVLink neutral
[lower_tracking_mpc_node-4] [INFO] [1791408591.238181190] [lower_tracking_mpc_node]: MAVLink COMMAND_ACK command=187 result=0
[upper_planner_node-3] [WARN] [1791408591.368904079] [upper_planner_node]: no valid interval at the measured k=0 state; retaining future horizon=6 reason=3
[upper_planner_node-3] [WARN] [1791408591.868810998] [upper_planner_node]: no valid interval at the measured k=0 state; retaining future horizon=6 reason=3
[upper_planner_node-3] [WARN] [1791408591.870765393] [upper_planner_node]: egocentric MIQP failed: status=DAQP direct corridor QP infeasible: tried=1 solve_ms=0.331; retaining last published path
[lower_tracking_mpc_node-4] [INFO] [1791408592.038955406] [lower_tracking_mpc_node]: goal stop applied: steer=0 throttle=0 brake=0.700 MAVLink neutral
[lower_tracking_mpc_node-4] [INFO] [1791408592.238199675] [lower_tracking_mpc_node]: MAVLink COMMAND_ACK command=187 result=0
[upper_planner_node-3] [WARN] [1791408592.369603608] [upper_planner_node]: no valid interval at the measured k=0 state; retaining future horizon=6 reason=3
[upper_planner_node-3] [WARN] [1791408592.868878828] [upper_planner_node]: no valid interval at the measured k=0 state; retaining future horizon=6 reason=3
[lower_tracking_mpc_node-4] [INFO] [1791408593.139372368] [lower_tracking_mpc_node]: goal stop applied: steer=0 throttle=0 brake=0.700 MAVLink neutral
[lower_tracking_mpc_node-4] [INFO] [1791408593.238254672] [lower_tracking_mpc_node]: MAVLink COMMAND_ACK command=187 result=0
[upper_planner_node-3] [WARN] [1791408593.368830388] [upper_planner_node]: no valid interval at the measured k=0 state; retaining future horizon=6 reason=3
[upper_planner_node-3] [WARN] [1791408593.370528872] [upper_planner_node]: egocentric MIQP failed: status=DAQP direct corridor QP infeasible: tried=1 solve_ms=0.307; retaining last published path
[upper_planner_node-3] [WARN] [1791408593.868802110] [upper_planner_node]: no valid interval at the measured k=0 state; retaining future horizon=6 reason=3
[lower_tracking_mpc_node-4] [INFO] [1791408594.239065149] [lower_tracking_mpc_node]: MAVLink COMMAND_ACK command=187 result=0
[lower_tracking_mpc_node-4] [INFO] [1791408594.240702095] [lower_tracking_mpc_node]: goal stop applied: steer=0 throttle=0 brake=0.700 MAVLink neutral
[upper_planner_node-3] [WARN] [1791408594.368907339] [upper_planner_node]: no valid interval at the measured k=0 state; retaining future horizon=6 reason=3
[upper_planner_node-3] [WARN] [1791408594.370599646] [upper_planner_node]: egocentric MIQP failed: status=DAQP direct corridor QP infeasible: tried=1 solve_ms=0.291; retaining last published path
[upper_planner_node-3] [WARN] [1791408594.868597931] [upper_planner_node]: no valid interval at the measured k=0 state; retaining future horizon=6 reason=3
[lower_tracking_mpc_node-4] [INFO] [1791408595.288314379] [lower_tracking_mpc_node]: MAVLink COMMAND_ACK command=187 result=0
[lower_tracking_mpc_node-4] [INFO] [1791408595.338664519] [lower_tracking_mpc_node]: goal stop applied: steer=0 throttle=0 brake=0.700 MAVLink neutral
[upper_planner_node-3] [WARN] [1791408595.368490930] [upper_planner_node]: no valid interval at the measured k=0 state; retaining future horizon=6 reason=3
[upper_planner_node-3] [WARN] [1791408595.869207762] [upper_planner_node]: no valid interval at the measured k=0 state; retaining future horizon=6 reason=3
[upper_planner_node-3] [WARN] [1791408595.870862596] [upper_planner_node]: egocentric MIQP failed: status=DAQP direct corridor QP infeasible: tried=1 solve_ms=0.370; retaining last published path
[lower_tracking_mpc_node-4] [INFO] [1791408596.288384769] [lower_tracking_mpc_node]: MAVLink COMMAND_ACK command=187 result=0
[lower_tracking_mpc_node-4] [INFO] [1791408596.339604983] [lower_tracking_mpc_node]: goal stop applied: steer=0 throttle=0 brake=0.700 MAVLink neutral
[upper_planner_node-3] [WARN] [1791408596.368935795] [upper_planner_node]: no valid interval at the measured k=0 state; retaining future horizon=6 reason=3
[upper_planner_node-3] [WARN] [1791408596.868954142] [upper_planner_node]: no valid interval at the measured k=0 state; retaining future horizon=6 reason=3
[upper_planner_node-3] [WARN] [1791408596.871448010] [upper_planner_node]: egocentric MIQP failed: status=DAQP direct corridor QP infeasible: tried=1 solve_ms=0.330; retaining last published path
[lower_tracking_mpc_node-4] [INFO] [1791408597.288511097] [lower_tracking_mpc_node]: MAVLink COMMAND_ACK command=187 result=0
[upper_planner_node-3] [WARN] [1791408597.368913222] [upper_planner_node]: no valid interval at the measured k=0 state; retaining future horizon=6 reason=3
[lower_tracking_mpc_node-4] [INFO] [1791408597.439436456] [lower_tracking_mpc_node]: goal stop applied: steer=0 throttle=0 brake=0.700 MAVLink neutral
[upper_planner_node-3] [WARN] [1791408597.869040180] [upper_planner_node]: no valid interval at the measured k=0 state; retaining future horizon=6 reason=3
[lower_tracking_mpc_node-4] [INFO] [1791408598.338358457] [lower_tracking_mpc_node]: MAVLink COMMAND_ACK command=187 result=0
[upper_planner_node-3] [WARN] [1791408598.368643570] [upper_planner_node]: no valid interval at the measured k=0 state; retaining future horizon=6 reason=3
[upper_planner_node-3] [WARN] [1791408598.369438186] [upper_planner_node]: egocentric MIQP failed: status=DAQP direct corridor QP infeasible: tried=1 solve_ms=0.143; retaining last published path
[lower_tracking_mpc_node-4] [INFO] [1791408598.539344538] [lower_tracking_mpc_node]: goal stop applied: steer=0 throttle=0 brake=0.700 MAVLink neutral
[upper_planner_node-3] [WARN] [1791408598.869077705] [upper_planner_node]: no valid interval at the measured k=0 state; retaining future horizon=6 reason=3
[lower_tracking_mpc_node-4] [INFO] [1791408599.338531121] [lower_tracking_mpc_node]: MAVLink COMMAND_ACK command=187 result=0
[upper_planner_node-3] [WARN] [1791408599.369235863] [upper_planner_node]: no valid interval at the measured k=0 state; retaining future horizon=6 reason=3
[upper_planner_node-3] [WARN] [1791408599.372085390] [upper_planner_node]: egocentric MIQP failed: status=DAQP direct corridor QP infeasible: tried=1 solve_ms=0.328; retaining last published path
[lower_tracking_mpc_node-4] [INFO] [1791408599.539467890] [lower_tracking_mpc_node]: goal stop applied: steer=0 throttle=0 brake=0.700 MAVLink neutral
[upper_planner_node-3] [WARN] [1791408599.868981274] [upper_planner_node]: no valid interval at the measured k=0 state; retaining future horizon=6 reason=3
[upper_planner_node-3] [WARN] [1791408600.369012292] [upper_planner_node]: no valid interval at the measured k=0 state; retaining future horizon=6 reason=3
[lower_tracking_mpc_node-4] [INFO] [1791408600.388293999] [lower_tracking_mpc_node]: MAVLink COMMAND_ACK command=187 result=0
[lower_tracking_mpc_node-4] [INFO] [1791408600.639488520] [lower_tracking_mpc_node]: goal stop applied: steer=0 throttle=0 brake=0.700 MAVLink neutral
[upper_planner_node-3] [WARN] [1791408600.869524702] [upper_planner_node]: no valid interval at the measured k=0 state; retaining future horizon=6 reason=3
[upper_planner_node-3] [WARN] [1791408600.871221073] [upper_planner_node]: egocentric MIQP failed: status=DAQP direct corridor QP infeasible: tried=1 solve_ms=0.340; retaining last published path
[upper_planner_node-3] [WARN] [1791408601.369838129] [upper_planner_node]: no valid interval at the measured k=0 state; retaining future horizon=6 reason=3
[lower_tracking_mpc_node-4] [INFO] [1791408601.389078010] [lower_tracking_mpc_node]: MAVLink COMMAND_ACK command=187 result=0
[lower_tracking_mpc_node-4] [INFO] [1791408601.639619647] [lower_tracking_mpc_node]: goal stop applied: steer=0 throttle=0 brake=0.700 MAVLink neutral
[upper_planner_node-3] [WARN] [1791408601.869121861] [upper_planner_node]: no valid interval at the measured k=0 state; retaining future horizon=6 reason=3
[upper_planner_node-3] [WARN] [1791408602.369204849] [upper_planner_node]: no valid interval at the measured k=0 state; retaining future horizon=6 reason=3
[upper_planner_node-3] [WARN] [1791408602.371100715] [upper_planner_node]: egocentric MIQP failed: status=DAQP direct corridor QP infeasible: tried=1 solve_ms=0.411; retaining last published path
[lower_tracking_mpc_node-4] [INFO] [1791408602.390188879] [lower_tracking_mpc_node]: MAVLink COMMAND_ACK command=187 result=0
[lower_tracking_mpc_node-4] [INFO] [1791408602.739827899] [lower_tracking_mpc_node]: goal stop applied: steer=0 throttle=0 brake=0.700 MAVLink neutral
[upper_planner_node-3] [WARN] [1791408602.869179610] [upper_planner_node]: no valid interval at the measured k=0 state; retaining future horizon=6 reason=3
[upper_planner_node-3] [WARN] [1791408603.369001118] [upper_planner_node]: no valid interval at the measured k=0 state; retaining future horizon=6 reason=3
[lower_tracking_mpc_node-4] [INFO] [1791408603.438590211] [lower_tracking_mpc_node]: MAVLink COMMAND_ACK command=187 result=0
[lower_tracking_mpc_node-4] [INFO] [1791408603.839429540] [lower_tracking_mpc_node]: goal stop applied: steer=0 throttle=0 brake=0.700 MAVLink neutral
[upper_planner_node-3] [WARN] [1791408603.869076778] [upper_planner_node]: no valid interval at the measured k=0 state; retaining future horizon=6 reason=3
[upper_planner_node-3] [WARN] [1791408603.870737277] [upper_planner_node]: egocentric MIQP failed: status=DAQP direct corridor QP infeasible: tried=1 solve_ms=0.396; retaining last published path
[upper_planner_node-3] [WARN] [1791408604.368776907] [upper_planner_node]: no valid interval at the measured k=0 state; retaining future horizon=6 reason=3
[lower_tracking_mpc_node-4] [INFO] [1791408604.488423682] [lower_tracking_mpc_node]: MAVLink COMMAND_ACK command=187 result=0
[upper_planner_node-3] [WARN] [1791408604.869286116] [upper_planner_node]: no valid interval at the measured k=0 state; retaining future horizon=6 reason=3
[upper_planner_node-3] [WARN] [1791408604.870846355] [upper_planner_node]: egocentric MIQP failed: status=DAQP direct corridor QP infeasible: tried=1 solve_ms=0.335; retaining last published path
[lower_tracking_mpc_node-4] [INFO] [1791408604.939561278] [lower_tracking_mpc_node]: goal stop applied: steer=0 throttle=0 brake=0.700 MAVLink neutral
[upper_planner_node-3] [WARN] [1791408605.369142377] [upper_planner_node]: no valid interval at the measured k=0 state; retaining future horizon=6 reason=3
[knu_batch_runner.py-5] [INFO] [1791408605.399929426] [knu_batch_runner]: [5/10] scenario3
[lower_tracking_mpc_node-4] [INFO] [1791408605.488785505] [lower_tracking_mpc_node]: MAVLink COMMAND_ACK command=187 result=0
[upper_planner_node-3] [WARN] [1791408605.869303992] [upper_planner_node]: no valid interval at the measured k=0 state; retaining future horizon=6 reason=3
[upper_planner_node-3] [WARN] [1791408605.871136431] [upper_planner_node]: egocentric MIQP failed: status=DAQP direct corridor QP infeasible: tried=1 solve_ms=0.336; retaining last published path
[lower_tracking_mpc_node-4] [INFO] [1791408606.039404366] [lower_tracking_mpc_node]: goal stop applied: steer=0 throttle=0 brake=0.700 MAVLink neutral
[upper_planner_node-3] [WARN] [1791408606.369271744] [upper_planner_node]: no valid interval at the measured k=0 state; retaining future horizon=6 reason=3
[lower_tracking_mpc_node-4] [INFO] [1791408606.538672705] [lower_tracking_mpc_node]: MAVLink COMMAND_ACK command=187 result=0
[px4_odom_map_bridge-2] [INFO] [1791408606.758851531] [px4_odom_map_bridge]: Map alignment initialized once: source=(493.181030, 232.242188, -0.170319, yaw=2.320527) yaw_delta=2.391862 input_frame='map' (treated as PX4 local)
[lower_tracking_mpc_node-4] [WARN] [1791408606.839034418] [lower_tracking_mpc_node]: lower MPC state reset: path/mission/pose/reset event
[upper_planner_node-3] [WARN] [1791408606.869340268] [upper_planner_node]: no valid interval at the measured k=0 state; retaining future horizon=6 reason=3
[upper_planner_node-3] [WARN] [1791408606.870125540] [upper_planner_node]: interval_diag step=4 reason=3 ref_body=(8.396,15.922) heading_deg=62.20 center_cell=(26,114) center_value=100 line_free=0 blocked=444 unknown=0 outside=2 longest_run=0 min_run=2 grid_free=292 zero=292 positive=16092 unknown=0 topic=/bev/occupancy_grid frame=Vehicle origin=(0.000,-20.000) origin_yaw_deg=0.00 size=128x128 res=0.3125 positive_is_drivable=0 threshold=1 waypoint_bias=0 previous=0
[upper_planner_node-3] [WARN] [1791408606.870341963] [upper_planner_node]: no valid preview interval at step=4; usable horizon=3 reason=3
[upper_planner_node-3] [WARN] [1791408606.870555665] [upper_planner_node]: no valid preview interval at step=5; usable horizon=3 reason=3
[upper_planner_node-3] [WARN] [1791408606.870679925] [upper_planner_node]: horizon_diag configured=6 extent_limit=6 requested=6 usable=3 reserve=1 restore=1 step_m=4.500 previous=0
[upper_planner_node-3] [WARN] [1791408606.873003355] [upper_planner_node]: egocentric MIQP failed: status=DAQP direct corridor QP infeasible: tried=1 solve_ms=0.290; retaining last published path
[lower_tracking_mpc_node-4] [INFO] [1791408607.039648777] [lower_tracking_mpc_node]: goal stop applied: steer=0 throttle=0 brake=0.700 MAVLink neutral
[lower_tracking_mpc_node-4] [INFO] [1791408607.588597027] [lower_tracking_mpc_node]: MAVLink COMMAND_ACK command=187 result=0
[lower_tracking_mpc_node-4] [INFO] [1791408608.139033547] [lower_tracking_mpc_node]: goal stop applied: steer=0 throttle=0 brake=0.700 MAVLink neutral
[upper_planner_node-3] [INFO] [1791408608.155605827] [upper_planner_node]: mission cleared; awaiting path; revision=9
[lower_tracking_mpc_node-4] [WARN] [1791408608.155841322] [lower_tracking_mpc_node]: Rejected lower path: fewer than two distinct path points
[lower_tracking_mpc_node-4] [WARN] [1791408608.238820550] [lower_tracking_mpc_node]: lower MPC state reset: path/mission/pose/reset event
[knu_batch_runner.py-5] [INFO] [1791408608.258276310] [knu_batch_runner]: 273af99685:4:scenario3: mission cleared; awaiting path; revision=9
[upper_planner_node-3] [INFO] [1791408608.265263147] [upper_planner_node]: reference path loaded from /navigation/global_path: 8 points frame=map waypoint_bias=disabled
[lower_tracking_mpc_node-4] [WARN] [1791408608.339015502] [lower_tracking_mpc_node]: lower MPC state reset: path/mission/pose/reset event
[upper_planner_node-3] [INFO] [1791408608.369153891] [upper_planner_node]: waypoint pair advanced: [0,1] -> [1,2]; previous reference retained
[lower_tracking_mpc_node-4] [WARN] [1791408608.438782185] [lower_tracking_mpc_node]: lower MPC state reset: path/mission/pose/reset event
[lower_tracking_mpc_node-4] [INFO] [1791408608.588804285] [lower_tracking_mpc_node]: MAVLink COMMAND_ACK command=187 result=0
[lower_tracking_mpc_node-4] [INFO] [1791408609.139675474] [lower_tracking_mpc_node]: goal stop applied: steer=0 throttle=0 brake=0.700 MAVLink neutral
[lower_tracking_mpc_node-4] [WARN] [1791408609.438941793] [lower_tracking_mpc_node]: lower MPC state reset: path/mission/pose/reset event
[lower_tracking_mpc_node-4] [INFO] [1791408609.638978342] [lower_tracking_mpc_node]: MAVLink COMMAND_ACK command=187 result=0
[lower_tracking_mpc_node-4] [INFO] [1791408610.688664960] [lower_tracking_mpc_node]: MAVLink COMMAND_ACK command=187 result=0
[lower_tracking_mpc_node-4] [INFO] [1791408611.688994141] [lower_tracking_mpc_node]: MAVLink COMMAND_ACK command=187 result=0
[lower_tracking_mpc_node-4] [INFO] [1791408612.738850365] [lower_tracking_mpc_node]: MAVLink COMMAND_ACK command=187 result=0
[lower_tracking_mpc_node-4] [INFO] [1791408613.788910242] [lower_tracking_mpc_node]: MAVLink COMMAND_ACK command=187 result=0
[lower_tracking_mpc_node-4] [INFO] [1791408614.838746017] [lower_tracking_mpc_node]: MAVLink COMMAND_ACK command=187 result=0
[lower_tracking_mpc_node-4] [INFO] [1791408615.838979355] [lower_tracking_mpc_node]: MAVLink COMMAND_ACK command=187 result=0
[upper_planner_node-3] [INFO] [1791408616.369515813] [upper_planner_node]: waypoint pair advanced: [1,2] -> [2,3]; previous reference retained
[lower_tracking_mpc_node-4] [WARN] [1791408616.439478645] [lower_tracking_mpc_node]: lower MPC state reset: path/mission/pose/reset event
[lower_tracking_mpc_node-4] [INFO] [1791408616.888826234] [lower_tracking_mpc_node]: MAVLink COMMAND_ACK command=187 result=0
[lower_tracking_mpc_node-4] [WARN] [1791408616.939228247] [lower_tracking_mpc_node]: lower MPC state reset: path/mission/pose/reset event
[lower_tracking_mpc_node-4] [INFO] [1791408617.889025586] [lower_tracking_mpc_node]: MAVLink COMMAND_ACK command=187 result=0
[lower_tracking_mpc_node-4] [INFO] [1791408618.938915762] [lower_tracking_mpc_node]: MAVLink COMMAND_ACK command=187 result=0
[lower_tracking_mpc_node-4] [INFO] [1791408619.989016249] [lower_tracking_mpc_node]: MAVLink COMMAND_ACK command=187 result=0
[upper_planner_node-3] [INFO] [1791408620.869262257] [upper_planner_node]: waypoint pair advanced: [2,3] -> [3,4]; previous reference retained
[lower_tracking_mpc_node-4] [INFO] [1791408620.989097998] [lower_tracking_mpc_node]: MAVLink COMMAND_ACK command=187 result=0
[lower_tracking_mpc_node-4] [INFO] [1791408622.039073456] [lower_tracking_mpc_node]: MAVLink COMMAND_ACK command=187 result=0
[lower_tracking_mpc_node-4] [INFO] [1791408623.089100820] [lower_tracking_mpc_node]: MAVLink COMMAND_ACK command=187 result=0
[lower_tracking_mpc_node-4] [INFO] [1791408624.139161465] [lower_tracking_mpc_node]: MAVLink COMMAND_ACK command=187 result=0
[lower_tracking_mpc_node-4] [INFO] [1791408625.189231198] [lower_tracking_mpc_node]: MAVLink COMMAND_ACK command=187 result=0
[upper_planner_node-3] [INFO] [1791408625.369731569] [upper_planner_node]: waypoint pair advanced: [3,4] -> [4,5]; previous reference retained
[lower_tracking_mpc_node-4] [WARN] [1791408625.439599262] [lower_tracking_mpc_node]: lower MPC state reset: path/mission/pose/reset event
[lower_tracking_mpc_node-4] [INFO] [1791408626.189276466] [lower_tracking_mpc_node]: MAVLink COMMAND_ACK command=187 result=0
[lower_tracking_mpc_node-4] [INFO] [1791408627.239208275] [lower_tracking_mpc_node]: MAVLink COMMAND_ACK command=187 result=0
[lower_tracking_mpc_node-4] [INFO] [1791408628.289502175] [lower_tracking_mpc_node]: MAVLink COMMAND_ACK command=187 result=0
[lower_tracking_mpc_node-4] [INFO] [1791408629.339295995] [lower_tracking_mpc_node]: MAVLink COMMAND_ACK command=187 result=0
[lower_tracking_mpc_node-4] [WARN] [1791408629.439868334] [lower_tracking_mpc_node]: lower MPC state reset: path/mission/pose/reset event
[upper_planner_node-3] [INFO] [1791408629.869999690] [upper_planner_node]: waypoint pair advanced: [4,5] -> [5,6]; previous reference retained
[lower_tracking_mpc_node-4] [WARN] [1791408629.939783829] [lower_tracking_mpc_node]: lower MPC state reset: path/mission/pose/reset event
[lower_tracking_mpc_node-4] [INFO] [1791408630.339390512] [lower_tracking_mpc_node]: MAVLink COMMAND_ACK command=187 result=0
[lower_tracking_mpc_node-4] [WARN] [1791408630.439367441] [lower_tracking_mpc_node]: lower MPC state reset: path/mission/pose/reset event
[lower_tracking_mpc_node-4] [WARN] [1791408630.939722501] [lower_tracking_mpc_node]: lower MPC state reset: path/mission/pose/reset event
[lower_tracking_mpc_node-4] [INFO] [1791408631.389346225] [lower_tracking_mpc_node]: MAVLink COMMAND_ACK command=187 result=0
[lower_tracking_mpc_node-4] [WARN] [1791408631.439434277] [lower_tracking_mpc_node]: lower MPC state reset: path/mission/pose/reset event
[upper_planner_node-3] [WARN] [1791408632.371561958] [upper_planner_node]: egocentric MIQP failed: status=DAQP direct corridor QP infeasible: tried=1 solve_ms=0.296; retaining last published path
[lower_tracking_mpc_node-4] [INFO] [1791408632.439534330] [lower_tracking_mpc_node]: MAVLink COMMAND_ACK command=187 result=0
[lower_tracking_mpc_node-4] [WARN] [1791408632.939706088] [lower_tracking_mpc_node]: lower MPC state reset: path/mission/pose/reset event
[lower_tracking_mpc_node-4] [WARN] [1791408633.439750162] [lower_tracking_mpc_node]: lower MPC state reset: path/mission/pose/reset event
[lower_tracking_mpc_node-4] [INFO] [1791408633.489493563] [lower_tracking_mpc_node]: MAVLink COMMAND_ACK command=187 result=0
[lower_tracking_mpc_node-4] [WARN] [1791408633.939855710] [lower_tracking_mpc_node]: lower MPC state reset: path/mission/pose/reset event
[upper_planner_node-3] [INFO] [1791408634.370223169] [upper_planner_node]: waypoint pair advanced: [5,6] -> [6,7]; previous reference retained
[lower_tracking_mpc_node-4] [INFO] [1791408634.489521870] [lower_tracking_mpc_node]: MAVLink COMMAND_ACK command=187 result=0
[lower_tracking_mpc_node-4] [WARN] [1791408634.939823759] [lower_tracking_mpc_node]: lower MPC state reset: path/mission/pose/reset event
[lower_tracking_mpc_node-4] [INFO] [1791408635.539370412] [lower_tracking_mpc_node]: MAVLink COMMAND_ACK command=187 result=0
[lower_tracking_mpc_node-4] [INFO] [1791408636.539579364] [lower_tracking_mpc_node]: MAVLink COMMAND_ACK command=187 result=0
[lower_tracking_mpc_node-4] [INFO] [1791408637.589684009] [lower_tracking_mpc_node]: MAVLink COMMAND_ACK command=187 result=0
[lower_tracking_mpc_node-4] [INFO] [1791408638.589686139] [lower_tracking_mpc_node]: MAVLink COMMAND_ACK command=187 result=0
[lower_tracking_mpc_node-4] [INFO] [1791408639.639592986] [lower_tracking_mpc_node]: MAVLink COMMAND_ACK command=187 result=0
[lower_tracking_mpc_node-4] [INFO] [1791408640.639655853] [lower_tracking_mpc_node]: MAVLink COMMAND_ACK command=187 result=0
[lower_tracking_mpc_node-4] [INFO] [1791408641.689725714] [lower_tracking_mpc_node]: MAVLink COMMAND_ACK command=187 result=0
[lower_tracking_mpc_node-4] [INFO] [1791408642.739743476] [lower_tracking_mpc_node]: MAVLink COMMAND_ACK command=187 result=0
[knu_batch_runner.py-5] [INFO] [1791408642.759150819] [knu_batch_runner]: scenario3: off_route 
[lower_tracking_mpc_node-4] [INFO] [1791408642.840737044] [lower_tracking_mpc_node]: goal stop applied: steer=0 throttle=0 brake=0.700 MAVLink neutral
[upper_planner_node-3] [WARN] [1791408642.870857352] [upper_planner_node]: interval_diag step=6 reason=3 ref_body=(26.995,0.323) heading_deg=0.95 center_cell=(86,65) center_value=100 line_free=0 blocked=401 unknown=0 outside=1 longest_run=0 min_run=2 grid_free=1411 zero=1411 positive=14973 unknown=0 topic=/bev/occupancy_grid frame=Vehicle origin=(0.000,-20.000) origin_yaw_deg=0.00 size=128x128 res=0.3125 positive_is_drivable=0 threshold=1 waypoint_bias=0 previous=1
[upper_planner_node-3] [WARN] [1791408642.872611934] [upper_planner_node]: no valid preview interval at step=6; usable horizon=5 reason=3
[upper_planner_node-3] [WARN] [1791408642.872754370] [upper_planner_node]: horizon_diag configured=6 extent_limit=6 requested=6 usable=5 reserve=1 restore=1 step_m=4.500 previous=1
[upper_planner_node-3] [WARN] [1791408643.372428673] [upper_planner_node]: egocentric MIQP failed: status=DAQP direct corridor QP infeasible: tried=1 solve_ms=0.318; retaining last published path
[lower_tracking_mpc_node-4] [INFO] [1791408643.739794055] [lower_tracking_mpc_node]: MAVLink COMMAND_ACK command=187 result=0
[lower_tracking_mpc_node-4] [INFO] [1791408643.840984109] [lower_tracking_mpc_node]: goal stop applied: steer=0 throttle=0 brake=0.700 MAVLink neutral
[upper_planner_node-3] [WARN] [1791408644.373152264] [upper_planner_node]: egocentric MIQP failed: status=DAQP direct corridor QP infeasible: tried=1 solve_ms=0.309; retaining last published path
[lower_tracking_mpc_node-4] [INFO] [1791408644.739994366] [lower_tracking_mpc_node]: MAVLink COMMAND_ACK command=187 result=0
[lower_tracking_mpc_node-4] [INFO] [1791408644.940689623] [lower_tracking_mpc_node]: goal stop applied: steer=0 throttle=0 brake=0.700 MAVLink neutral
[lower_tracking_mpc_node-4] [INFO] [1791408645.789829947] [lower_tracking_mpc_node]: MAVLink COMMAND_ACK command=187 result=0
[upper_planner_node-3] [WARN] [1791408645.872123106] [upper_planner_node]: egocentric MIQP failed: status=DAQP direct corridor QP infeasible: tried=1 solve_ms=0.353; retaining last published path
[lower_tracking_mpc_node-4] [INFO] [1791408645.940852685] [lower_tracking_mpc_node]: goal stop applied: steer=0 throttle=0 brake=0.700 MAVLink neutral
[lower_tracking_mpc_node-4] [INFO] [1791408646.790112725] [lower_tracking_mpc_node]: MAVLink COMMAND_ACK command=187 result=0
[lower_tracking_mpc_node-4] [INFO] [1791408647.040793662] [lower_tracking_mpc_node]: goal stop applied: steer=0 throttle=0 brake=0.700 MAVLink neutral
[upper_planner_node-3] [WARN] [1791408647.370661295] [upper_planner_node]: no valid interval at the measured k=0 state; retaining future horizon=6 reason=3
[upper_planner_node-3] [WARN] [1791408647.373654635] [upper_planner_node]: egocentric MIQP failed: status=DAQP direct corridor QP infeasible: tried=1 solve_ms=0.324; retaining last published path
[lower_tracking_mpc_node-4] [INFO] [1791408647.839866607] [lower_tracking_mpc_node]: MAVLink COMMAND_ACK command=187 result=0
[upper_planner_node-3] [WARN] [1791408647.871236009] [upper_planner_node]: no valid interval at the measured k=0 state; retaining future horizon=6 reason=3
[lower_tracking_mpc_node-4] [INFO] [1791408648.040966644] [lower_tracking_mpc_node]: goal stop applied: steer=0 throttle=0 brake=0.700 MAVLink neutral
[upper_planner_node-3] [WARN] [1791408648.370637760] [upper_planner_node]: no valid interval at the measured k=0 state; retaining future horizon=6 reason=3
[upper_planner_node-3] [WARN] [1791408648.870490372] [upper_planner_node]: no valid interval at the measured k=0 state; retaining future horizon=6 reason=3
[upper_planner_node-3] [WARN] [1791408648.872375421] [upper_planner_node]: egocentric MIQP failed: status=DAQP direct corridor QP infeasible: tried=1 solve_ms=0.322; retaining last published path
[lower_tracking_mpc_node-4] [INFO] [1791408648.889789455] [lower_tracking_mpc_node]: MAVLink COMMAND_ACK command=187 result=0
[lower_tracking_mpc_node-4] [INFO] [1791408649.140717023] [lower_tracking_mpc_node]: goal stop applied: steer=0 throttle=0 brake=0.700 MAVLink neutral
[upper_planner_node-3] [WARN] [1791408649.370623792] [upper_planner_node]: no valid interval at the measured k=0 state; retaining future horizon=6 reason=3
[upper_planner_node-3] [WARN] [1791408649.870717915] [upper_planner_node]: no valid interval at the measured k=0 state; retaining future horizon=6 reason=3
[upper_planner_node-3] [WARN] [1791408649.872504946] [upper_planner_node]: egocentric MIQP failed: status=DAQP direct corridor QP infeasible: tried=1 solve_ms=0.328; retaining last published path
[lower_tracking_mpc_node-4] [INFO] [1791408649.890070376] [lower_tracking_mpc_node]: MAVLink COMMAND_ACK command=187 result=0
[lower_tracking_mpc_node-4] [INFO] [1791408650.240920664] [lower_tracking_mpc_node]: goal stop applied: steer=0 throttle=0 brake=0.700 MAVLink neutral
[upper_planner_node-3] [WARN] [1791408650.371586078] [upper_planner_node]: no valid interval at the measured k=0 state; retaining future horizon=6 reason=3
[upper_planner_node-3] [WARN] [1791408650.870580616] [upper_planner_node]: no valid interval at the measured k=0 state; retaining future horizon=6 reason=3
[lower_tracking_mpc_node-4] [INFO] [1791408650.890101370] [lower_tracking_mpc_node]: MAVLink COMMAND_ACK command=187 result=0
[lower_tracking_mpc_node-4] [INFO] [1791408651.241469113] [lower_tracking_mpc_node]: goal stop applied: steer=0 throttle=0 brake=0.700 MAVLink neutral
[upper_planner_node-3] [WARN] [1791408651.370760598] [upper_planner_node]: no valid interval at the measured k=0 state; retaining future horizon=6 reason=3
[upper_planner_node-3] [WARN] [1791408651.372650735] [upper_planner_node]: egocentric MIQP failed: status=DAQP direct corridor QP infeasible: tried=1 solve_ms=0.326; retaining last published path
[upper_planner_node-3] [WARN] [1791408651.870745182] [upper_planner_node]: no valid interval at the measured k=0 state; retaining future horizon=6 reason=3
[lower_tracking_mpc_node-4] [INFO] [1791408651.890105483] [lower_tracking_mpc_node]: MAVLink COMMAND_ACK command=187 result=0
[lower_tracking_mpc_node-4] [INFO] [1791408652.341071776] [lower_tracking_mpc_node]: goal stop applied: steer=0 throttle=0 brake=0.700 MAVLink neutral
[upper_planner_node-3] [WARN] [1791408652.370406684] [upper_planner_node]: no valid interval at the measured k=0 state; retaining future horizon=6 reason=3
[upper_planner_node-3] [WARN] [1791408652.870668012] [upper_planner_node]: no valid interval at the measured k=0 state; retaining future horizon=6 reason=3
[upper_planner_node-3] [WARN] [1791408652.872374656] [upper_planner_node]: egocentric MIQP failed: status=DAQP direct corridor QP infeasible: tried=1 solve_ms=0.317; retaining last published path
[lower_tracking_mpc_node-4] [INFO] [1791408652.890213503] [lower_tracking_mpc_node]: MAVLink COMMAND_ACK command=187 result=0
[upper_planner_node-3] [WARN] [1791408653.370790392] [upper_planner_node]: no valid interval at the measured k=0 state; retaining future horizon=6 reason=3
[lower_tracking_mpc_node-4] [INFO] [1791408653.441209462] [lower_tracking_mpc_node]: goal stop applied: steer=0 throttle=0 brake=0.700 MAVLink neutral
[upper_planner_node-3] [WARN] [1791408653.870840898] [upper_planner_node]: no valid interval at the measured k=0 state; retaining future horizon=6 reason=3
[upper_planner_node-3] [WARN] [1791408653.872468212] [upper_planner_node]: egocentric MIQP failed: status=DAQP direct corridor QP infeasible: tried=1 solve_ms=0.306; retaining last published path
[lower_tracking_mpc_node-4] [INFO] [1791408653.940121437] [lower_tracking_mpc_node]: MAVLink COMMAND_ACK command=187 result=0
[upper_planner_node-3] [WARN] [1791408654.370845931] [upper_planner_node]: no valid interval at the measured k=0 state; retaining future horizon=6 reason=3
[lower_tracking_mpc_node-4] [INFO] [1791408654.541565427] [lower_tracking_mpc_node]: goal stop applied: steer=0 throttle=0 brake=0.700 MAVLink neutral
[upper_planner_node-3] [WARN] [1791408654.870632748] [upper_planner_node]: no valid interval at the measured k=0 state; retaining future horizon=6 reason=3
[lower_tracking_mpc_node-4] [INFO] [1791408654.990253027] [lower_tracking_mpc_node]: MAVLink COMMAND_ACK command=187 result=0
[upper_planner_node-3] [WARN] [1791408655.370791513] [upper_planner_node]: no valid interval at the measured k=0 state; retaining future horizon=6 reason=3
[upper_planner_node-3] [WARN] [1791408655.372543727] [upper_planner_node]: egocentric MIQP failed: status=DAQP direct corridor QP infeasible: tried=1 solve_ms=0.320; retaining last published path
[lower_tracking_mpc_node-4] [INFO] [1791408655.641056246] [lower_tracking_mpc_node]: goal stop applied: steer=0 throttle=0 brake=0.700 MAVLink neutral
[upper_planner_node-3] [WARN] [1791408655.871072010] [upper_planner_node]: no valid interval at the measured k=0 state; retaining future horizon=6 reason=3
[lower_tracking_mpc_node-4] [INFO] [1791408656.040050846] [lower_tracking_mpc_node]: MAVLink COMMAND_ACK command=187 result=0
[upper_planner_node-3] [WARN] [1791408656.370901197] [upper_planner_node]: no valid interval at the measured k=0 state; retaining future horizon=6 reason=3
[upper_planner_node-3] [WARN] [1791408656.372683811] [upper_planner_node]: egocentric MIQP failed: status=DAQP direct corridor QP infeasible: tried=1 solve_ms=0.306; retaining last published path
[lower_tracking_mpc_node-4] [INFO] [1791408656.641331727] [lower_tracking_mpc_node]: goal stop applied: steer=0 throttle=0 brake=0.700 MAVLink neutral
[upper_planner_node-3] [WARN] [1791408656.871221567] [upper_planner_node]: no valid interval at the measured k=0 state; retaining future horizon=6 reason=3
[lower_tracking_mpc_node-4] [INFO] [1791408657.040084463] [lower_tracking_mpc_node]: MAVLink COMMAND_ACK command=187 result=0
[upper_planner_node-3] [WARN] [1791408657.370947295] [upper_planner_node]: no valid interval at the measured k=0 state; retaining future horizon=6 reason=3
[upper_planner_node-3] [WARN] [1791408657.375015195] [upper_planner_node]: egocentric MIQP failed: status=DAQP direct corridor QP infeasible: tried=1 solve_ms=0.964; retaining last published path
[lower_tracking_mpc_node-4] [INFO] [1791408657.740550985] [lower_tracking_mpc_node]: goal stop applied: steer=0 throttle=0 brake=0.700 MAVLink neutral
[upper_planner_node-3] [WARN] [1791408657.871009033] [upper_planner_node]: no valid interval at the measured k=0 state; retaining future horizon=6 reason=3
[lower_tracking_mpc_node-4] [INFO] [1791408658.040120001] [lower_tracking_mpc_node]: MAVLink COMMAND_ACK command=187 result=0
[upper_planner_node-3] [WARN] [1791408658.371116149] [upper_planner_node]: no valid interval at the measured k=0 state; retaining future horizon=6 reason=3
[lower_tracking_mpc_node-4] [INFO] [1791408658.741259183] [lower_tracking_mpc_node]: goal stop applied: steer=0 throttle=0 brake=0.700 MAVLink neutral
[upper_planner_node-3] [WARN] [1791408658.870918039] [upper_planner_node]: no valid interval at the measured k=0 state; retaining future horizon=6 reason=3
[upper_planner_node-3] [WARN] [1791408658.872572873] [upper_planner_node]: egocentric MIQP failed: status=DAQP direct corridor QP infeasible: tried=1 solve_ms=0.319; retaining last published path
[lower_tracking_mpc_node-4] [INFO] [1791408659.040171763] [lower_tracking_mpc_node]: MAVLink COMMAND_ACK command=187 result=0
[upper_planner_node-3] [WARN] [1791408659.370943456] [upper_planner_node]: no valid interval at the measured k=0 state; retaining future horizon=6 reason=3
[lower_tracking_mpc_node-4] [INFO] [1791408659.741453989] [lower_tracking_mpc_node]: goal stop applied: steer=0 throttle=0 brake=0.700 MAVLink neutral
[upper_planner_node-3] [WARN] [1791408659.871051979] [upper_planner_node]: no valid interval at the measured k=0 state; retaining future horizon=6 reason=3
[upper_planner_node-3] [WARN] [1791408659.872705886] [upper_planner_node]: egocentric MIQP failed: status=DAQP direct corridor QP infeasible: tried=1 solve_ms=0.308; retaining last published path
[lower_tracking_mpc_node-4] [INFO] [1791408660.040251334] [lower_tracking_mpc_node]: MAVLink COMMAND_ACK command=187 result=0
[upper_planner_node-3] [WARN] [1791408660.370967921] [upper_planner_node]: no valid interval at the measured k=0 state; retaining future horizon=6 reason=3
[lower_tracking_mpc_node-4] [INFO] [1791408660.741465142] [lower_tracking_mpc_node]: goal stop applied: steer=0 throttle=0 brake=0.700 MAVLink neutral
[upper_planner_node-3] [WARN] [1791408660.870590509] [upper_planner_node]: no valid interval at the measured k=0 state; retaining future horizon=6 reason=3
[lower_tracking_mpc_node-4] [INFO] [1791408661.040288151] [lower_tracking_mpc_node]: MAVLink COMMAND_ACK command=187 result=0
[upper_planner_node-3] [WARN] [1791408661.371016451] [upper_planner_node]: no valid interval at the measured k=0 state; retaining future horizon=6 reason=3
[upper_planner_node-3] [WARN] [1791408661.372826522] [upper_planner_node]: egocentric MIQP failed: status=DAQP direct corridor QP infeasible: tried=1 solve_ms=0.325; retaining last published path
[lower_tracking_mpc_node-4] [INFO] [1791408661.841498729] [lower_tracking_mpc_node]: goal stop applied: steer=0 throttle=0 brake=0.700 MAVLink neutral
[upper_planner_node-3] [WARN] [1791408661.871005738] [upper_planner_node]: no valid interval at the measured k=0 state; retaining future horizon=6 reason=3
[lower_tracking_mpc_node-4] [INFO] [1791408662.040366890] [lower_tracking_mpc_node]: MAVLink COMMAND_ACK command=187 result=0
[upper_planner_node-3] [WARN] [1791408662.371022995] [upper_planner_node]: no valid interval at the measured k=0 state; retaining future horizon=6 reason=3
[upper_planner_node-3] [WARN] [1791408662.372848042] [upper_planner_node]: egocentric MIQP failed: status=DAQP direct corridor QP infeasible: tried=1 solve_ms=0.325; retaining last published path
[lower_tracking_mpc_node-4] [INFO] [1791408662.842321714] [lower_tracking_mpc_node]: goal stop applied: steer=0 throttle=0 brake=0.700 MAVLink neutral
[upper_planner_node-3] [WARN] [1791408662.871062716] [upper_planner_node]: no valid interval at the measured k=0 state; retaining future horizon=6 reason=3
[lower_tracking_mpc_node-4] [INFO] [1791408663.090339498] [lower_tracking_mpc_node]: MAVLink COMMAND_ACK command=187 result=0
[upper_planner_node-3] [WARN] [1791408663.371306540] [upper_planner_node]: no valid interval at the measured k=0 state; retaining future horizon=6 reason=3
[upper_planner_node-3] [WARN] [1791408663.373110787] [upper_planner_node]: egocentric MIQP failed: status=DAQP direct corridor QP infeasible: tried=1 solve_ms=0.313; retaining last published path
[knu_batch_runner.py-5] [INFO] [1791408663.764351903] [knu_batch_runner]: [6/10] scenario3
[upper_planner_node-3] [WARN] [1791408663.871321428] [upper_planner_node]: no valid interval at the measured k=0 state; retaining future horizon=6 reason=3
[lower_tracking_mpc_node-4] [INFO] [1791408663.941324581] [lower_tracking_mpc_node]: goal stop applied: steer=0 throttle=0 brake=0.700 MAVLink neutral
[lower_tracking_mpc_node-4] [INFO] [1791408664.090383611] [lower_tracking_mpc_node]: MAVLink COMMAND_ACK command=187 result=0
[upper_planner_node-3] [WARN] [1791408664.371180504] [upper_planner_node]: no valid interval at the measured k=0 state; retaining future horizon=6 reason=3
[upper_planner_node-3] [WARN] [1791408664.870771540] [upper_planner_node]: no valid interval at the measured k=0 state; retaining future horizon=6 reason=3
[upper_planner_node-3] [WARN] [1791408664.871569996] [upper_planner_node]: egocentric MIQP failed: status=DAQP direct corridor QP infeasible: tried=1 solve_ms=0.143; retaining last published path
[lower_tracking_mpc_node-4] [INFO] [1791408665.041731043] [lower_tracking_mpc_node]: goal stop applied: steer=0 throttle=0 brake=0.700 MAVLink neutral
[px4_odom_map_bridge-2] [INFO] [1791408665.059687686] [px4_odom_map_bridge]: Map alignment initialized once: source=(316.140778, 217.426224, -0.699768, yaw=-2.733585) yaw_delta=1.162789 input_frame='map' (treated as PX4 local)
[lower_tracking_mpc_node-4] [INFO] [1791408665.090858970] [lower_tracking_mpc_node]: MAVLink COMMAND_ACK command=187 result=0
[lower_tracking_mpc_node-4] [WARN] [1791408665.140577474] [lower_tracking_mpc_node]: lower MPC state reset: path/mission/pose/reset event
[upper_planner_node-3] [WARN] [1791408665.872230864] [upper_planner_node]: egocentric MIQP failed: status=DAQP direct corridor QP infeasible: tried=6 solve_ms=0.408; retaining last published path
[lower_tracking_mpc_node-4] [INFO] [1791408666.140404045] [lower_tracking_mpc_node]: MAVLink COMMAND_ACK command=187 result=0
[lower_tracking_mpc_node-4] [INFO] [1791408666.141756886] [lower_tracking_mpc_node]: goal stop applied: steer=0 throttle=0 brake=0.700 MAVLink neutral
[upper_planner_node-3] [INFO] [1791408666.458697854] [upper_planner_node]: mission cleared; awaiting path; revision=11
[lower_tracking_mpc_node-4] [WARN] [1791408666.459046153] [lower_tracking_mpc_node]: Rejected lower path: fewer than two distinct path points
[lower_tracking_mpc_node-4] [WARN] [1791408666.540828960] [lower_tracking_mpc_node]: lower MPC state reset: path/mission/pose/reset event
[knu_batch_runner.py-5] [INFO] [1791408666.556288214] [knu_batch_runner]: 273af99685:5:scenario3: mission cleared; awaiting path; revision=11
[upper_planner_node-3] [INFO] [1791408666.560771711] [upper_planner_node]: reference path loaded from /navigation/global_path: 8 points frame=map waypoint_bias=disabled
[lower_tracking_mpc_node-4] [WARN] [1791408666.640519864] [lower_tracking_mpc_node]: lower MPC state reset: path/mission/pose/reset event
[upper_planner_node-3] [INFO] [1791408666.870873751] [upper_planner_node]: waypoint pair advanced: [0,1] -> [1,2]; previous reference retained
[lower_tracking_mpc_node-4] [WARN] [1791408666.941017708] [lower_tracking_mpc_node]: lower MPC state reset: path/mission/pose/reset event
[lower_tracking_mpc_node-4] [INFO] [1791408667.140427133] [lower_tracking_mpc_node]: MAVLink COMMAND_ACK command=187 result=0
[lower_tracking_mpc_node-4] [INFO] [1791408667.242427356] [lower_tracking_mpc_node]: goal stop applied: steer=0 throttle=0 brake=0.700 MAVLink neutral
[lower_tracking_mpc_node-4] [WARN] [1791408667.740547371] [lower_tracking_mpc_node]: lower MPC state reset: path/mission/pose/reset event
[lower_tracking_mpc_node-4] [INFO] [1791408668.140485231] [lower_tracking_mpc_node]: MAVLink COMMAND_ACK command=187 result=0
[lower_tracking_mpc_node-4] [INFO] [1791408669.140543329] [lower_tracking_mpc_node]: MAVLink COMMAND_ACK command=187 result=0
[lower_tracking_mpc_node-4] [INFO] [1791408670.190694470] [lower_tracking_mpc_node]: MAVLink COMMAND_ACK command=187 result=0
[lower_tracking_mpc_node-4] [INFO] [1791408671.240583299] [lower_tracking_mpc_node]: MAVLink COMMAND_ACK command=187 result=0
[lower_tracking_mpc_node-4] [INFO] [1791408672.290815371] [lower_tracking_mpc_node]: MAVLink COMMAND_ACK command=187 result=0
[lower_tracking_mpc_node-4] [INFO] [1791408673.340565699] [lower_tracking_mpc_node]: MAVLink COMMAND_ACK command=187 result=0
[lower_tracking_mpc_node-4] [INFO] [1791408674.340666390] [lower_tracking_mpc_node]: MAVLink COMMAND_ACK command=187 result=0
[upper_planner_node-3] [INFO] [1791408674.371301530] [upper_planner_node]: waypoint pair advanced: [1,2] -> [2,3]; previous reference retained
[lower_tracking_mpc_node-4] [INFO] [1791408675.340693446] [lower_tracking_mpc_node]: MAVLink COMMAND_ACK command=187 result=0
[lower_tracking_mpc_node-4] [WARN] [1791408675.441123093] [lower_tracking_mpc_node]: lower MPC state reset: path/mission/pose/reset event
[lower_tracking_mpc_node-4] [INFO] [1791408676.340765240] [lower_tracking_mpc_node]: MAVLink COMMAND_ACK command=187 result=0
[lower_tracking_mpc_node-4] [INFO] [1791408677.390798265] [lower_tracking_mpc_node]: MAVLink COMMAND_ACK command=187 result=0
[lower_tracking_mpc_node-4] [INFO] [1791408678.390829002] [lower_tracking_mpc_node]: MAVLink COMMAND_ACK command=187 result=0
[upper_planner_node-3] [INFO] [1791408678.871434307] [upper_planner_node]: waypoint pair advanced: [2,3] -> [3,4]; previous reference retained
[lower_tracking_mpc_node-4] [INFO] [1791408679.390858234] [lower_tracking_mpc_node]: MAVLink COMMAND_ACK command=187 result=0
[lower_tracking_mpc_node-4] [INFO] [1791408680.390882858] [lower_tracking_mpc_node]: MAVLink COMMAND_ACK command=187 result=0
[lower_tracking_mpc_node-4] [INFO] [1791408681.440883082] [lower_tracking_mpc_node]: MAVLink COMMAND_ACK command=187 result=0
[lower_tracking_mpc_node-4] [INFO] [1791408682.440977724] [lower_tracking_mpc_node]: MAVLink COMMAND_ACK command=187 result=0
[upper_planner_node-3] [INFO] [1791408682.871527907] [upper_planner_node]: waypoint pair advanced: [3,4] -> [4,5]; previous reference retained
[lower_tracking_mpc_node-4] [INFO] [1791408683.491060510] [lower_tracking_mpc_node]: MAVLink COMMAND_ACK command=187 result=0
[lower_tracking_mpc_node-4] [INFO] [1791408684.491818021] [lower_tracking_mpc_node]: MAVLink COMMAND_ACK command=187 result=0
[lower_tracking_mpc_node-4] [INFO] [1791408685.541194481] [lower_tracking_mpc_node]: MAVLink COMMAND_ACK command=187 result=0
[lower_tracking_mpc_node-4] [INFO] [1791408686.591100590] [lower_tracking_mpc_node]: MAVLink COMMAND_ACK command=187 result=0
[lower_tracking_mpc_node-4] [WARN] [1791408686.941379948] [lower_tracking_mpc_node]: lower MPC state reset: path/mission/pose/reset event
[lower_tracking_mpc_node-4] [WARN] [1791408687.441144844] [lower_tracking_mpc_node]: lower MPC state reset: path/mission/pose/reset event
[lower_tracking_mpc_node-4] [INFO] [1791408687.641142479] [lower_tracking_mpc_node]: MAVLink COMMAND_ACK command=187 result=0
[upper_planner_node-3] [INFO] [1791408687.871260198] [upper_planner_node]: waypoint pair advanced: [4,5] -> [5,6]; previous reference retained
[lower_tracking_mpc_node-4] [WARN] [1791408687.942268054] [lower_tracking_mpc_node]: lower MPC state reset: path/mission/pose/reset event
[lower_tracking_mpc_node-4] [WARN] [1791408688.441492902] [lower_tracking_mpc_node]: lower MPC state reset: path/mission/pose/reset event
[lower_tracking_mpc_node-4] [INFO] [1791408688.691281747] [lower_tracking_mpc_node]: MAVLink COMMAND_ACK command=187 result=0
[lower_tracking_mpc_node-4] [WARN] [1791408688.941321928] [lower_tracking_mpc_node]: lower MPC state reset: path/mission/pose/reset event
[lower_tracking_mpc_node-4] [INFO] [1791408689.691332964] [lower_tracking_mpc_node]: MAVLink COMMAND_ACK command=187 result=0
[lower_tracking_mpc_node-4] [WARN] [1791408690.442263611] [lower_tracking_mpc_node]: lower MPC state reset: path/mission/pose/reset event
[lower_tracking_mpc_node-4] [INFO] [1791408690.741296578] [lower_tracking_mpc_node]: MAVLink COMMAND_ACK command=187 result=0
[lower_tracking_mpc_node-4] [WARN] [1791408690.941795732] [lower_tracking_mpc_node]: lower MPC state reset: path/mission/pose/reset event
[lower_tracking_mpc_node-4] [WARN] [1791408691.441341038] [lower_tracking_mpc_node]: lower MPC state reset: path/mission/pose/reset event
[lower_tracking_mpc_node-4] [INFO] [1791408691.791101468] [lower_tracking_mpc_node]: MAVLink COMMAND_ACK command=187 result=0
[upper_planner_node-3] [INFO] [1791408691.872031769] [upper_planner_node]: waypoint pair advanced: [5,6] -> [6,7]; previous reference retained
[lower_tracking_mpc_node-4] [WARN] [1791408692.441485857] [lower_tracking_mpc_node]: lower MPC state reset: path/mission/pose/reset event
[lower_tracking_mpc_node-4] [INFO] [1791408692.791147532] [lower_tracking_mpc_node]: MAVLink COMMAND_ACK command=187 result=0
[lower_tracking_mpc_node-4] [WARN] [1791408693.441482095] [lower_tracking_mpc_node]: lower MPC state reset: path/mission/pose/reset event
[lower_tracking_mpc_node-4] [INFO] [1791408693.791165723] [lower_tracking_mpc_node]: MAVLink COMMAND_ACK command=187 result=0
[lower_tracking_mpc_node-4] [INFO] [1791408694.791224939] [lower_tracking_mpc_node]: MAVLink COMMAND_ACK command=187 result=0
[lower_tracking_mpc_node-4] [INFO] [1791408695.791266235] [lower_tracking_mpc_node]: MAVLink COMMAND_ACK command=187 result=0
[lower_tracking_mpc_node-4] [INFO] [1791408696.791530994] [lower_tracking_mpc_node]: MAVLink COMMAND_ACK command=187 result=0
[lower_tracking_mpc_node-4] [INFO] [1791408697.841436558] [lower_tracking_mpc_node]: MAVLink COMMAND_ACK command=187 result=0
[upper_planner_node-3] [WARN] [1791408697.873250997] [upper_planner_node]: interval_diag step=6 reason=3 ref_body=(26.989,0.762) heading_deg=1.46 center_cell=(86,66) center_value=100 line_free=0 blocked=401 unknown=0 outside=1 longest_run=0 min_run=2 grid_free=2206 zero=2206 positive=14178 unknown=0 topic=/bev/occupancy_grid frame=Vehicle origin=(0.000,-20.000) origin_yaw_deg=0.00 size=128x128 res=0.3125 positive_is_drivable=0 threshold=1 waypoint_bias=0 previous=1
[upper_planner_node-3] [WARN] [1791408697.873886217] [upper_planner_node]: no valid preview interval at step=6; usable horizon=5 reason=3
[upper_planner_node-3] [WARN] [1791408697.874013165] [upper_planner_node]: horizon_diag configured=6 extent_limit=6 requested=6 usable=5 reserve=1 restore=1 step_m=4.500 previous=1
[upper_planner_node-3] [WARN] [1791408698.372098586] [upper_planner_node]: no valid preview interval at step=6; usable horizon=5 reason=3
[upper_planner_node-3] [WARN] [1791408698.872785366] [upper_planner_node]: no valid preview interval at step=5; usable horizon=4 reason=3
[upper_planner_node-3] [WARN] [1791408698.873342599] [upper_planner_node]: no valid preview interval at step=6; usable horizon=4 reason=3
[lower_tracking_mpc_node-4] [INFO] [1791408698.891287368] [lower_tracking_mpc_node]: MAVLink COMMAND_ACK command=187 result=0
[upper_planner_node-3] [WARN] [1791408699.372832062] [upper_planner_node]: no valid preview interval at step=5; usable horizon=4 reason=3
[upper_planner_node-3] [WARN] [1791408699.373493842] [upper_planner_node]: no valid preview interval at step=6; usable horizon=4 reason=3
[upper_planner_node-3] [WARN] [1791408699.872538333] [upper_planner_node]: no valid preview interval at step=4; usable horizon=3 reason=3
[upper_planner_node-3] [WARN] [1791408699.873085453] [upper_planner_node]: no valid preview interval at step=5; usable horizon=3 reason=3
[upper_planner_node-3] [WARN] [1791408699.873278323] [upper_planner_node]: no valid preview interval at step=6; usable horizon=3 reason=3
[lower_tracking_mpc_node-4] [INFO] [1791408699.891460988] [lower_tracking_mpc_node]: MAVLink COMMAND_ACK command=187 result=0
[lower_tracking_mpc_node-4] [WARN] [1791408699.941733813] [lower_tracking_mpc_node]: lower MPC state reset: path/mission/pose/reset event
[knu_batch_runner.py-5] [INFO] [1791408700.164247525] [knu_batch_runner]: scenario3: completed 
[lower_tracking_mpc_node-4] [INFO] [1791408700.242438255] [lower_tracking_mpc_node]: goal stop applied: steer=0 throttle=0 brake=0.700 MAVLink neutral
[upper_planner_node-3] [WARN] [1791408700.372465345] [upper_planner_node]: interval_diag step=3 reason=3 ref_body=(13.498,0.252) heading_deg=1.07 center_cell=(43,64) center_value=100 line_free=0 blocked=401 unknown=0 outside=1 longest_run=0 min_run=2 grid_free=1021 zero=1021 positive=15363 unknown=0 topic=/bev/occupancy_grid frame=Vehicle origin=(0.000,-20.000) origin_yaw_deg=0.00 size=128x128 res=0.3125 positive_is_drivable=0 threshold=1 waypoint_bias=0 previous=0
[upper_planner_node-3] [WARN] [1791408700.373042483] [upper_planner_node]: no valid preview interval at step=3; usable horizon=2 reason=3
[upper_planner_node-3] [WARN] [1791408700.373224473] [upper_planner_node]: no valid preview interval at step=4; usable horizon=2 reason=3
[upper_planner_node-3] [WARN] [1791408700.373361533] [upper_planner_node]: no valid preview interval at step=5; usable horizon=2 reason=3
[upper_planner_node-3] [WARN] [1791408700.373513537] [upper_planner_node]: no valid preview interval at step=6; usable horizon=2 reason=3
[upper_planner_node-3] [WARN] [1791408700.373599684] [upper_planner_node]: horizon_diag configured=6 extent_limit=6 requested=6 usable=2 reserve=1 restore=1 step_m=4.500 previous=0
[upper_planner_node-3] [WARN] [1791408700.872556811] [upper_planner_node]: no valid preview interval at step=3; usable horizon=2 reason=3
[upper_planner_node-3] [WARN] [1791408700.873123357] [upper_planner_node]: no valid preview interval at step=4; usable horizon=2 reason=3
[upper_planner_node-3] [WARN] [1791408700.873367332] [upper_planner_node]: no valid preview interval at step=5; usable horizon=2 reason=3
[upper_planner_node-3] [WARN] [1791408700.873834802] [upper_planner_node]: no valid preview interval at step=6; usable horizon=2 reason=3
[lower_tracking_mpc_node-4] [INFO] [1791408700.891485675] [lower_tracking_mpc_node]: MAVLink COMMAND_ACK command=187 result=0
[lower_tracking_mpc_node-4] [WARN] [1791408700.941791397] [lower_tracking_mpc_node]: lower MPC state reset: path/mission/pose/reset event
[lower_tracking_mpc_node-4] [INFO] [1791408701.342557826] [lower_tracking_mpc_node]: goal stop applied: steer=0 throttle=0 brake=0.700 MAVLink neutral
[upper_planner_node-3] [WARN] [1791408701.372536274] [upper_planner_node]: no valid preview interval at step=2; usable horizon=1 reason=3
[upper_planner_node-3] [WARN] [1791408701.373186086] [upper_planner_node]: no valid preview interval at step=3; usable horizon=1 reason=3
[upper_planner_node-3] [WARN] [1791408701.373435565] [upper_planner_node]: no valid preview interval at step=4; usable horizon=1 reason=3
[upper_planner_node-3] [WARN] [1791408701.373665300] [upper_planner_node]: no valid preview interval at step=5; usable horizon=1 reason=3
[upper_planner_node-3] [WARN] [1791408701.374983548] [upper_planner_node]: no valid preview interval at step=6; usable horizon=1 reason=3
[lower_tracking_mpc_node-4] [WARN] [1791408701.441797580] [lower_tracking_mpc_node]: lower MPC state reset: path/mission/pose/reset event
[upper_planner_node-3] [WARN] [1791408701.873658779] [upper_planner_node]: egocentric MIQP failed: status=DAQP direct corridor QP infeasible: tried=1 solve_ms=0.313; retaining last published path
[lower_tracking_mpc_node-4] [INFO] [1791408701.891665855] [lower_tracking_mpc_node]: MAVLink COMMAND_ACK command=187 result=0
[lower_tracking_mpc_node-4] [INFO] [1791408702.343155619] [lower_tracking_mpc_node]: goal stop applied: steer=0 throttle=0 brake=0.700 MAVLink neutral
[upper_planner_node-3] [WARN] [1791408702.372351067] [upper_planner_node]: no valid interval at the measured k=0 state; retaining future horizon=6 reason=3
[upper_planner_node-3] [WARN] [1791408702.872345953] [upper_planner_node]: no valid interval at the measured k=0 state; retaining future horizon=6 reason=3
[upper_planner_node-3] [WARN] [1791408702.874204986] [upper_planner_node]: egocentric MIQP failed: status=DAQP direct corridor QP infeasible: tried=1 solve_ms=0.334; retaining last published path
[lower_tracking_mpc_node-4] [INFO] [1791408702.941595804] [lower_tracking_mpc_node]: MAVLink COMMAND_ACK command=187 result=0
[upper_planner_node-3] [WARN] [1791408703.371843865] [upper_planner_node]: no valid interval at the measured k=0 state; retaining future horizon=6 reason=3
[lower_tracking_mpc_node-4] [INFO] [1791408703.441909388] [lower_tracking_mpc_node]: goal stop applied: steer=0 throttle=0 brake=0.700 MAVLink neutral
[upper_planner_node-3] [WARN] [1791408703.872407377] [upper_planner_node]: no valid interval at the measured k=0 state; retaining future horizon=6 reason=3
[upper_planner_node-3] [WARN] [1791408703.874281290] [upper_planner_node]: egocentric MIQP failed: status=DAQP direct corridor QP infeasible: tried=1 solve_ms=0.334; retaining last published path
[lower_tracking_mpc_node-4] [INFO] [1791408703.941614602] [lower_tracking_mpc_node]: MAVLink COMMAND_ACK command=187 result=0
[upper_planner_node-3] [WARN] [1791408704.372276853] [upper_planner_node]: no valid interval at the measured k=0 state; retaining future horizon=6 reason=3
[lower_tracking_mpc_node-4] [INFO] [1791408704.442548366] [lower_tracking_mpc_node]: goal stop applied: steer=0 throttle=0 brake=0.700 MAVLink neutral
[upper_planner_node-3] [WARN] [1791408704.872285084] [upper_planner_node]: no valid interval at the measured k=0 state; retaining future horizon=6 reason=3
[lower_tracking_mpc_node-4] [INFO] [1791408704.941902433] [lower_tracking_mpc_node]: MAVLink COMMAND_ACK command=187 result=0
[upper_planner_node-3] [WARN] [1791408705.372274019] [upper_planner_node]: no valid interval at the measured k=0 state; retaining future horizon=6 reason=3
[upper_planner_node-3] [WARN] [1791408705.374150108] [upper_planner_node]: egocentric MIQP failed: status=DAQP direct corridor QP infeasible: tried=1 solve_ms=0.320; retaining last published path
[lower_tracking_mpc_node-4] [INFO] [1791408705.542686050] [lower_tracking_mpc_node]: goal stop applied: steer=0 throttle=0 brake=0.700 MAVLink neutral
[upper_planner_node-3] [WARN] [1791408705.872341260] [upper_planner_node]: no valid interval at the measured k=0 state; retaining future horizon=6 reason=3
[lower_tracking_mpc_node-4] [INFO] [1791408705.991813085] [lower_tracking_mpc_node]: MAVLink COMMAND_ACK command=187 result=0
[upper_planner_node-3] [WARN] [1791408706.372042250] [upper_planner_node]: no valid interval at the measured k=0 state; retaining future horizon=6 reason=3
[lower_tracking_mpc_node-4] [INFO] [1791408706.542855253] [lower_tracking_mpc_node]: goal stop applied: steer=0 throttle=0 brake=0.700 MAVLink neutral
[upper_planner_node-3] [WARN] [1791408706.874534524] [upper_planner_node]: no valid interval at the measured k=0 state; retaining future horizon=6 reason=3
[upper_planner_node-3] [WARN] [1791408706.876342355] [upper_planner_node]: egocentric MIQP failed: status=DAQP direct corridor QP infeasible: tried=1 solve_ms=0.324; retaining last published path
[lower_tracking_mpc_node-4] [INFO] [1791408707.041785467] [lower_tracking_mpc_node]: MAVLink COMMAND_ACK command=187 result=0
[upper_planner_node-3] [WARN] [1791408707.372421859] [upper_planner_node]: no valid interval at the measured k=0 state; retaining future horizon=6 reason=3
[lower_tracking_mpc_node-4] [INFO] [1791408707.643402421] [lower_tracking_mpc_node]: goal stop applied: steer=0 throttle=0 brake=0.700 MAVLink neutral
[upper_planner_node-3] [WARN] [1791408707.872644561] [upper_planner_node]: no valid interval at the measured k=0 state; retaining future horizon=6 reason=3
[lower_tracking_mpc_node-4] [INFO] [1791408708.041794825] [lower_tracking_mpc_node]: MAVLink COMMAND_ACK command=187 result=0
[upper_planner_node-3] [WARN] [1791408708.372619575] [upper_planner_node]: no valid interval at the measured k=0 state; retaining future horizon=6 reason=3
[upper_planner_node-3] [WARN] [1791408708.374550898] [upper_planner_node]: egocentric MIQP failed: status=DAQP direct corridor QP infeasible: tried=1 solve_ms=0.339; retaining last published path
[lower_tracking_mpc_node-4] [INFO] [1791408708.742271778] [lower_tracking_mpc_node]: goal stop applied: steer=0 throttle=0 brake=0.700 MAVLink neutral
[upper_planner_node-3] [WARN] [1791408708.872619742] [upper_planner_node]: no valid interval at the measured k=0 state; retaining future horizon=6 reason=3
[lower_tracking_mpc_node-4] [INFO] [1791408709.091564321] [lower_tracking_mpc_node]: MAVLink COMMAND_ACK command=187 result=0
[upper_planner_node-3] [WARN] [1791408709.372081749] [upper_planner_node]: no valid interval at the measured k=0 state; retaining future horizon=6 reason=3
[lower_tracking_mpc_node-4] [INFO] [1791408709.742311377] [lower_tracking_mpc_node]: goal stop applied: steer=0 throttle=0 brake=0.700 MAVLink neutral
[upper_planner_node-3] [WARN] [1791408709.872563594] [upper_planner_node]: no valid interval at the measured k=0 state; retaining future horizon=6 reason=3
[upper_planner_node-3] [WARN] [1791408709.875834318] [upper_planner_node]: egocentric MIQP failed: status=DAQP direct corridor QP infeasible: tried=1 solve_ms=0.312; retaining last published path
[lower_tracking_mpc_node-4] [INFO] [1791408710.091950267] [lower_tracking_mpc_node]: MAVLink COMMAND_ACK command=187 result=0
[upper_planner_node-3] [WARN] [1791408710.372176133] [upper_planner_node]: no valid interval at the measured k=0 state; retaining future horizon=6 reason=3
[lower_tracking_mpc_node-4] [INFO] [1791408710.742669609] [lower_tracking_mpc_node]: goal stop applied: steer=0 throttle=0 brake=0.700 MAVLink neutral
[upper_planner_node-3] [WARN] [1791408710.872452213] [upper_planner_node]: no valid interval at the measured k=0 state; retaining future horizon=6 reason=3
[lower_tracking_mpc_node-4] [INFO] [1791408711.141856214] [lower_tracking_mpc_node]: MAVLink COMMAND_ACK command=187 result=0
[upper_planner_node-3] [WARN] [1791408711.372536798] [upper_planner_node]: no valid interval at the measured k=0 state; retaining future horizon=6 reason=3
[upper_planner_node-3] [WARN] [1791408711.374400855] [upper_planner_node]: egocentric MIQP failed: status=DAQP direct corridor QP infeasible: tried=1 solve_ms=0.323; retaining last published path
[lower_tracking_mpc_node-4] [INFO] [1791408711.743247881] [lower_tracking_mpc_node]: goal stop applied: steer=0 throttle=0 brake=0.700 MAVLink neutral
[upper_planner_node-3] [WARN] [1791408711.872145785] [upper_planner_node]: no valid interval at the measured k=0 state; retaining future horizon=6 reason=3
[lower_tracking_mpc_node-4] [INFO] [1791408712.193296449] [lower_tracking_mpc_node]: MAVLink COMMAND_ACK command=187 result=0
[upper_planner_node-3] [WARN] [1791408712.372663536] [upper_planner_node]: no valid interval at the measured k=0 state; retaining future horizon=6 reason=3
[upper_planner_node-3] [WARN] [1791408712.377215162] [upper_planner_node]: egocentric MIQP failed: status=DAQP direct corridor QP infeasible: tried=1 solve_ms=0.390; retaining last published path
[lower_tracking_mpc_node-4] [INFO] [1791408712.842845804] [lower_tracking_mpc_node]: goal stop applied: steer=0 throttle=0 brake=0.700 MAVLink neutral
[upper_planner_node-3] [WARN] [1791408712.872570580] [upper_planner_node]: no valid interval at the measured k=0 state; retaining future horizon=6 reason=3
[lower_tracking_mpc_node-4] [INFO] [1791408713.241878708] [lower_tracking_mpc_node]: MAVLink COMMAND_ACK command=187 result=0
[upper_planner_node-3] [WARN] [1791408713.372567195] [upper_planner_node]: no valid interval at the measured k=0 state; retaining future horizon=6 reason=3
[upper_planner_node-3] [WARN] [1791408713.872289849] [upper_planner_node]: no valid interval at the measured k=0 state; retaining future horizon=6 reason=3
[upper_planner_node-3] [WARN] [1791408713.873912298] [upper_planner_node]: egocentric MIQP failed: status=DAQP direct corridor QP infeasible: tried=1 solve_ms=0.287; retaining last published path
[lower_tracking_mpc_node-4] [INFO] [1791408713.942914333] [lower_tracking_mpc_node]: goal stop applied: steer=0 throttle=0 brake=0.700 MAVLink neutral
[lower_tracking_mpc_node-4] [INFO] [1791408714.241896130] [lower_tracking_mpc_node]: MAVLink COMMAND_ACK command=187 result=0
[upper_planner_node-3] [WARN] [1791408714.373104377] [upper_planner_node]: no valid interval at the measured k=0 state; retaining future horizon=6 reason=3
[upper_planner_node-3] [WARN] [1791408714.872748757] [upper_planner_node]: no valid interval at the measured k=0 state; retaining future horizon=6 reason=3
[upper_planner_node-3] [WARN] [1791408714.874453896] [upper_planner_node]: egocentric MIQP failed: status=DAQP direct corridor QP infeasible: tried=1 solve_ms=0.319; retaining last published path
[lower_tracking_mpc_node-4] [INFO] [1791408715.043010671] [lower_tracking_mpc_node]: goal stop applied: steer=0 throttle=0 brake=0.700 MAVLink neutral
[lower_tracking_mpc_node-4] [INFO] [1791408715.292109863] [lower_tracking_mpc_node]: MAVLink COMMAND_ACK command=187 result=0
[upper_planner_node-3] [WARN] [1791408715.373173320] [upper_planner_node]: no valid interval at the measured k=0 state; retaining future horizon=6 reason=3
[upper_planner_node-3] [WARN] [1791408715.872671904] [upper_planner_node]: no valid interval at the measured k=0 state; retaining future horizon=6 reason=3
[upper_planner_node-3] [WARN] [1791408715.874559417] [upper_planner_node]: egocentric MIQP failed: status=DAQP direct corridor QP infeasible: tried=1 solve_ms=0.332; retaining last published path
[lower_tracking_mpc_node-4] [INFO] [1791408716.143252613] [lower_tracking_mpc_node]: goal stop applied: steer=0 throttle=0 brake=0.700 MAVLink neutral
[lower_tracking_mpc_node-4] [INFO] [1791408716.342001378] [lower_tracking_mpc_node]: MAVLink COMMAND_ACK command=187 result=0
[upper_planner_node-3] [WARN] [1791408716.372289371] [upper_planner_node]: no valid interval at the measured k=0 state; retaining future horizon=6 reason=3
[upper_planner_node-3] [WARN] [1791408716.872654925] [upper_planner_node]: no valid interval at the measured k=0 state; retaining future horizon=6 reason=3
[upper_planner_node-3] [WARN] [1791408716.879656194] [upper_planner_node]: egocentric MIQP failed: status=DAQP direct corridor QP infeasible: tried=1 solve_ms=0.326; retaining last published path
[lower_tracking_mpc_node-4] [INFO] [1791408717.242798278] [lower_tracking_mpc_node]: goal stop applied: steer=0 throttle=0 brake=0.700 MAVLink neutral
[lower_tracking_mpc_node-4] [INFO] [1791408717.342080402] [lower_tracking_mpc_node]: MAVLink COMMAND_ACK command=187 result=0
[upper_planner_node-3] [WARN] [1791408717.373189572] [upper_planner_node]: no valid interval at the measured k=0 state; retaining future horizon=6 reason=3
[upper_planner_node-3] [WARN] [1791408717.872787518] [upper_planner_node]: no valid interval at the measured k=0 state; retaining future horizon=6 reason=3
[lower_tracking_mpc_node-4] [INFO] [1791408718.242923512] [lower_tracking_mpc_node]: goal stop applied: steer=0 throttle=0 brake=0.700 MAVLink neutral
[upper_planner_node-3] [WARN] [1791408718.372661057] [upper_planner_node]: no valid interval at the measured k=0 state; retaining future horizon=6 reason=3
[upper_planner_node-3] [WARN] [1791408718.374552763] [upper_planner_node]: egocentric MIQP failed: status=DAQP direct corridor QP infeasible: tried=1 solve_ms=0.327; retaining last published path
[lower_tracking_mpc_node-4] [INFO] [1791408718.392112497] [lower_tracking_mpc_node]: MAVLink COMMAND_ACK command=187 result=0
[upper_planner_node-3] [WARN] [1791408718.872727146] [upper_planner_node]: no valid interval at the measured k=0 state; retaining future horizon=6 reason=3
[lower_tracking_mpc_node-4] [INFO] [1791408719.242983815] [lower_tracking_mpc_node]: goal stop applied: steer=0 throttle=0 brake=0.700 MAVLink neutral
[upper_planner_node-3] [WARN] [1791408719.372778386] [upper_planner_node]: no valid interval at the measured k=0 state; retaining future horizon=6 reason=3
[upper_planner_node-3] [WARN] [1791408719.374611370] [upper_planner_node]: egocentric MIQP failed: status=DAQP direct corridor QP infeasible: tried=1 solve_ms=0.321; retaining last published path
[lower_tracking_mpc_node-4] [INFO] [1791408719.442094766] [lower_tracking_mpc_node]: MAVLink COMMAND_ACK command=187 result=0
[upper_planner_node-3] [WARN] [1791408719.872886236] [upper_planner_node]: no valid interval at the measured k=0 state; retaining future horizon=6 reason=3
[lower_tracking_mpc_node-4] [INFO] [1791408720.243067927] [lower_tracking_mpc_node]: goal stop applied: steer=0 throttle=0 brake=0.700 MAVLink neutral
[upper_planner_node-3] [WARN] [1791408720.372518168] [upper_planner_node]: no valid interval at the measured k=0 state; retaining future horizon=6 reason=3
[lower_tracking_mpc_node-4] [INFO] [1791408720.442149918] [lower_tracking_mpc_node]: MAVLink COMMAND_ACK command=187 result=0
[upper_planner_node-3] [WARN] [1791408720.873058031] [upper_planner_node]: no valid interval at the measured k=0 state; retaining future horizon=6 reason=3
[upper_planner_node-3] [WARN] [1791408720.874974633] [upper_planner_node]: egocentric MIQP failed: status=DAQP direct corridor QP infeasible: tried=1 solve_ms=0.336; retaining last published path
[knu_batch_runner.py-5] [INFO] [1791408721.063347626] [knu_batch_runner]: [7/10] scenario3
[lower_tracking_mpc_node-4] [INFO] [1791408721.245064385] [lower_tracking_mpc_node]: goal stop applied: steer=0 throttle=0 brake=0.700 MAVLink neutral
[upper_planner_node-3] [WARN] [1791408721.372812942] [upper_planner_node]: no valid interval at the measured k=0 state; retaining future horizon=6 reason=3
[lower_tracking_mpc_node-4] [INFO] [1791408721.442275823] [lower_tracking_mpc_node]: MAVLink COMMAND_ACK command=187 result=0
[upper_planner_node-3] [WARN] [1791408721.875073850] [upper_planner_node]: no valid interval at the measured k=0 state; retaining future horizon=6 reason=3
[upper_planner_node-3] [WARN] [1791408721.877201210] [upper_planner_node]: egocentric MIQP failed: status=DAQP direct corridor QP infeasible: tried=1 solve_ms=0.334; retaining last published path
[lower_tracking_mpc_node-4] [INFO] [1791408722.343454719] [lower_tracking_mpc_node]: goal stop applied: steer=0 throttle=0 brake=0.700 MAVLink neutral
[upper_planner_node-3] [WARN] [1791408722.373005217] [upper_planner_node]: no valid interval at the measured k=0 state; retaining future horizon=6 reason=3
[px4_odom_map_bridge-2] [INFO] [1791408722.461279966] [px4_odom_map_bridge]: Map alignment initialized once: source=(342.549774, 108.087730, -0.598083, yaw=-0.201902) yaw_delta=-1.368894 input_frame='map' (treated as PX4 local)
[lower_tracking_mpc_node-4] [INFO] [1791408722.492149001] [lower_tracking_mpc_node]: MAVLink COMMAND_ACK command=187 result=0
[lower_tracking_mpc_node-4] [WARN] [1791408722.542538789] [lower_tracking_mpc_node]: lower MPC state reset: path/mission/pose/reset event
[upper_planner_node-3] [WARN] [1791408723.374971882] [upper_planner_node]: egocentric MIQP failed: status=DAQP direct corridor QP infeasible: tried=6 solve_ms=0.589; retaining last published path
[lower_tracking_mpc_node-4] [INFO] [1791408723.443239623] [lower_tracking_mpc_node]: goal stop applied: steer=0 throttle=0 brake=0.700 MAVLink neutral
[lower_tracking_mpc_node-4] [INFO] [1791408723.542451280] [lower_tracking_mpc_node]: MAVLink COMMAND_ACK command=187 result=0
[upper_planner_node-3] [INFO] [1791408723.857259894] [upper_planner_node]: mission cleared; awaiting path; revision=13
[lower_tracking_mpc_node-4] [WARN] [1791408723.857503102] [lower_tracking_mpc_node]: Rejected lower path: fewer than two distinct path points
[upper_planner_node-3] [WARN] [1791408723.872200829] [upper_planner_node]: planner waiting for global path
[lower_tracking_mpc_node-4] [WARN] [1791408723.942754590] [lower_tracking_mpc_node]: lower MPC state reset: path/mission/pose/reset event
[knu_batch_runner.py-5] [INFO] [1791408723.956839819] [knu_batch_runner]: 273af99685:6:scenario3: mission cleared; awaiting path; revision=13
[upper_planner_node-3] [INFO] [1791408723.960108270] [upper_planner_node]: reference path loaded from /navigation/global_path: 8 points frame=map waypoint_bias=disabled
[lower_tracking_mpc_node-4] [WARN] [1791408724.042215823] [lower_tracking_mpc_node]: lower MPC state reset: path/mission/pose/reset event
[upper_planner_node-3] [INFO] [1791408724.372785493] [upper_planner_node]: waypoint pair advanced: [0,1] -> [1,2]; previous reference retained
[lower_tracking_mpc_node-4] [WARN] [1791408724.444156272] [lower_tracking_mpc_node]: lower MPC state reset: path/mission/pose/reset event
[lower_tracking_mpc_node-4] [INFO] [1791408724.445902277] [lower_tracking_mpc_node]: goal stop applied: steer=0 throttle=0 brake=0.700 MAVLink neutral
[lower_tracking_mpc_node-4] [INFO] [1791408724.592143556] [lower_tracking_mpc_node]: MAVLink COMMAND_ACK command=187 result=0
[lower_tracking_mpc_node-4] [WARN] [1791408725.142677036] [lower_tracking_mpc_node]: lower MPC state reset: path/mission/pose/reset event
[lower_tracking_mpc_node-4] [INFO] [1791408725.592176339] [lower_tracking_mpc_node]: MAVLink COMMAND_ACK command=187 result=0
[lower_tracking_mpc_node-4] [INFO] [1791408726.642260691] [lower_tracking_mpc_node]: MAVLink COMMAND_ACK command=187 result=0
[lower_tracking_mpc_node-4] [INFO] [1791408727.642272128] [lower_tracking_mpc_node]: MAVLink COMMAND_ACK command=187 result=0
[lower_tracking_mpc_node-4] [INFO] [1791408728.642924577] [lower_tracking_mpc_node]: MAVLink COMMAND_ACK command=187 result=0
[lower_tracking_mpc_node-4] [INFO] [1791408729.692405583] [lower_tracking_mpc_node]: MAVLink COMMAND_ACK command=187 result=0
[lower_tracking_mpc_node-4] [INFO] [1791408730.742399564] [lower_tracking_mpc_node]: MAVLink COMMAND_ACK command=187 result=0
[lower_tracking_mpc_node-4] [WARN] [1791408731.442827458] [lower_tracking_mpc_node]: lower MPC state reset: path/mission/pose/reset event
[lower_tracking_mpc_node-4] [INFO] [1791408731.742597983] [lower_tracking_mpc_node]: MAVLink COMMAND_ACK command=187 result=0
[upper_planner_node-3] [INFO] [1791408731.872999293] [upper_planner_node]: waypoint pair advanced: [1,2] -> [2,3]; previous reference retained
[lower_tracking_mpc_node-4] [WARN] [1791408731.942801384] [lower_tracking_mpc_node]: lower MPC state reset: path/mission/pose/reset event
[lower_tracking_mpc_node-4] [WARN] [1791408732.442713036] [lower_tracking_mpc_node]: lower MPC state reset: path/mission/pose/reset event
[lower_tracking_mpc_node-4] [INFO] [1791408732.792356885] [lower_tracking_mpc_node]: MAVLink COMMAND_ACK command=187 result=0
[lower_tracking_mpc_node-4] [WARN] [1791408733.442883550] [lower_tracking_mpc_node]: lower MPC state reset: path/mission/pose/reset event
[lower_tracking_mpc_node-4] [INFO] [1791408733.792453541] [lower_tracking_mpc_node]: MAVLink COMMAND_ACK command=187 result=0
[lower_tracking_mpc_node-4] [INFO] [1791408734.793111782] [lower_tracking_mpc_node]: MAVLink COMMAND_ACK command=187 result=0
[lower_tracking_mpc_node-4] [INFO] [1791408735.842449231] [lower_tracking_mpc_node]: MAVLink COMMAND_ACK command=187 result=0
[lower_tracking_mpc_node-4] [INFO] [1791408736.842571776] [lower_tracking_mpc_node]: MAVLink COMMAND_ACK command=187 result=0
[upper_planner_node-3] [INFO] [1791408736.873233252] [upper_planner_node]: waypoint pair advanced: [2,3] -> [3,4]; previous reference retained
[lower_tracking_mpc_node-4] [INFO] [1791408737.842650895] [lower_tracking_mpc_node]: MAVLink COMMAND_ACK command=187 result=0
[lower_tracking_mpc_node-4] [INFO] [1791408738.842661115] [lower_tracking_mpc_node]: MAVLink COMMAND_ACK command=187 result=0
[lower_tracking_mpc_node-4] [INFO] [1791408739.892569302] [lower_tracking_mpc_node]: MAVLink COMMAND_ACK command=187 result=0
[upper_planner_node-3] [INFO] [1791408740.873086130] [upper_planner_node]: waypoint pair advanced: [3,4] -> [4,5]; previous reference retained
[lower_tracking_mpc_node-4] [INFO] [1791408740.893136884] [lower_tracking_mpc_node]: MAVLink COMMAND_ACK command=187 result=0
[lower_tracking_mpc_node-4] [WARN] [1791408740.943111619] [lower_tracking_mpc_node]: lower MPC state reset: path/mission/pose/reset event
[lower_tracking_mpc_node-4] [INFO] [1791408741.942692547] [lower_tracking_mpc_node]: MAVLink COMMAND_ACK command=187 result=0
[lower_tracking_mpc_node-4] [INFO] [1791408742.992941320] [lower_tracking_mpc_node]: MAVLink COMMAND_ACK command=187 result=0
[lower_tracking_mpc_node-4] [INFO] [1791408743.993037655] [lower_tracking_mpc_node]: MAVLink COMMAND_ACK command=187 result=0
[lower_tracking_mpc_node-4] [WARN] [1791408744.943866796] [lower_tracking_mpc_node]: lower MPC state reset: path/mission/pose/reset event
[lower_tracking_mpc_node-4] [INFO] [1791408745.042706570] [lower_tracking_mpc_node]: MAVLink COMMAND_ACK command=187 result=0
[upper_planner_node-3] [INFO] [1791408745.873479931] [upper_planner_node]: waypoint pair advanced: [4,5] -> [5,6]; previous reference retained
[lower_tracking_mpc_node-4] [INFO] [1791408746.042784344] [lower_tracking_mpc_node]: MAVLink COMMAND_ACK command=187 result=0
[lower_tracking_mpc_node-4] [WARN] [1791408746.943237105] [lower_tracking_mpc_node]: lower MPC state reset: path/mission/pose/reset event
[lower_tracking_mpc_node-4] [INFO] [1791408747.042948746] [lower_tracking_mpc_node]: MAVLink COMMAND_ACK command=187 result=0
[lower_tracking_mpc_node-4] [WARN] [1791408747.943313952] [lower_tracking_mpc_node]: lower MPC state reset: path/mission/pose/reset event
[lower_tracking_mpc_node-4] [INFO] [1791408748.092775041] [lower_tracking_mpc_node]: MAVLink COMMAND_ACK command=187 result=0
[lower_tracking_mpc_node-4] [WARN] [1791408748.943277963] [lower_tracking_mpc_node]: lower MPC state reset: path/mission/pose/reset event
[lower_tracking_mpc_node-4] [INFO] [1791408749.092830671] [lower_tracking_mpc_node]: MAVLink COMMAND_ACK command=187 result=0
[lower_tracking_mpc_node-4] [WARN] [1791408749.443120460] [lower_tracking_mpc_node]: lower MPC state reset: path/mission/pose/reset event
[upper_planner_node-3] [INFO] [1791408749.873110721] [upper_planner_node]: waypoint pair advanced: [5,6] -> [6,7]; previous reference retained
[lower_tracking_mpc_node-4] [INFO] [1791408750.092876028] [lower_tracking_mpc_node]: MAVLink COMMAND_ACK command=187 result=0
[lower_tracking_mpc_node-4] [WARN] [1791408750.443263100] [lower_tracking_mpc_node]: lower MPC state reset: path/mission/pose/reset event
[lower_tracking_mpc_node-4] [WARN] [1791408750.943359877] [lower_tracking_mpc_node]: lower MPC state reset: path/mission/pose/reset event
[lower_tracking_mpc_node-4] [INFO] [1791408751.092959723] [lower_tracking_mpc_node]: MAVLink COMMAND_ACK command=187 result=0
[upper_planner_node-3] [WARN] [1791408751.373595266] [upper_planner_node]: interval_diag step=3 reason=3 ref_body=(8.044,10.461) heading_deg=62.04 center_cell=(25,97) center_value=100 line_free=0 blocked=454 unknown=0 outside=0 longest_run=0 min_run=2 grid_free=3322 zero=3322 positive=13062 unknown=0 topic=/bev/occupancy_grid frame=Vehicle origin=(0.000,-20.000) origin_yaw_deg=0.00 size=128x128 res=0.3125 positive_is_drivable=0 threshold=1 waypoint_bias=0 previous=1
[upper_planner_node-3] [WARN] [1791408751.373893771] [upper_planner_node]: no valid preview interval at step=3; usable horizon=2 reason=3
[upper_planner_node-3] [WARN] [1791408751.374152531] [upper_planner_node]: no valid preview interval at step=4; usable horizon=2 reason=3
[upper_planner_node-3] [WARN] [1791408751.374361273] [upper_planner_node]: no valid preview interval at step=5; usable horizon=2 reason=3
[upper_planner_node-3] [WARN] [1791408751.374471900] [upper_planner_node]: horizon_diag configured=6 extent_limit=6 requested=6 usable=2 reserve=1 restore=1 step_m=4.500 previous=1
[upper_planner_node-3] [WARN] [1791408751.375149169] [upper_planner_node]: egocentric MIQP failed: status=DAQP direct corridor QP infeasible: tried=2 solve_ms=0.136; retaining last published path
[upper_planner_node-3] [WARN] [1791408751.873924850] [upper_planner_node]: no valid interval at the measured k=0 state; retaining future horizon=6 reason=3
[upper_planner_node-3] [WARN] [1791408751.874558341] [upper_planner_node]: no valid preview interval at step=2; usable horizon=1 reason=3
[upper_planner_node-3] [WARN] [1791408751.874775340] [upper_planner_node]: no valid preview interval at step=4; usable horizon=1 reason=3
[upper_planner_node-3] [WARN] [1791408751.874946097] [upper_planner_node]: no valid preview interval at step=5; usable horizon=1 reason=3
[lower_tracking_mpc_node-4] [INFO] [1791408752.093072698] [lower_tracking_mpc_node]: MAVLink COMMAND_ACK command=187 result=0
[upper_planner_node-3] [WARN] [1791408752.373589581] [upper_planner_node]: no valid preview interval at step=4; usable horizon=3 reason=3
[upper_planner_node-3] [WARN] [1791408752.373935608] [upper_planner_node]: no valid preview interval at step=5; usable horizon=3 reason=3
[upper_planner_node-3] [WARN] [1791408752.374129118] [upper_planner_node]: no valid preview interval at step=6; usable horizon=3 reason=3
[lower_tracking_mpc_node-4] [WARN] [1791408752.443800549] [lower_tracking_mpc_node]: lower control invalid: neutral steering/throttle: stale lower path
[upper_planner_node-3] [WARN] [1791408752.873830683] [upper_planner_node]: no valid interval at the measured k=0 state; retaining future horizon=6 reason=3
[upper_planner_node-3] [WARN] [1791408752.877093054] [upper_planner_node]: egocentric MIQP failed: status=DAQP direct corridor QP infeasible: tried=1 solve_ms=0.325; retaining last published path
[lower_tracking_mpc_node-4] [INFO] [1791408753.143179066] [lower_tracking_mpc_node]: MAVLink COMMAND_ACK command=187 result=0
[lower_tracking_mpc_node-4] [WARN] [1791408753.543498729] [lower_tracking_mpc_node]: lower control invalid: neutral steering/throttle: stale lower path
[lower_tracking_mpc_node-4] [WARN] [1791408753.943565007] [lower_tracking_mpc_node]: lower MPC state reset: path/mission/pose/reset event
[lower_tracking_mpc_node-4] [INFO] [1791408754.193249849] [lower_tracking_mpc_node]: MAVLink COMMAND_ACK command=187 result=0
[upper_planner_node-3] [WARN] [1791408754.374174007] [upper_planner_node]: no valid interval at the measured k=0 state; retaining future horizon=6 reason=3
[upper_planner_node-3] [WARN] [1791408754.376368058] [upper_planner_node]: egocentric MIQP failed: status=DAQP direct corridor QP infeasible: tried=1 solve_ms=0.323; retaining last published path
[upper_planner_node-3] [WARN] [1791408754.873397573] [upper_planner_node]: no valid interval at the measured k=0 state; retaining future horizon=6 reason=3
[lower_tracking_mpc_node-4] [INFO] [1791408755.243104145] [lower_tracking_mpc_node]: MAVLink COMMAND_ACK command=187 result=0
[upper_planner_node-3] [WARN] [1791408755.373990781] [upper_planner_node]: no valid interval at the measured k=0 state; retaining future horizon=6 reason=3
[lower_tracking_mpc_node-4] [WARN] [1791408755.443412733] [lower_tracking_mpc_node]: lower control invalid: neutral steering/throttle: stale lower path
[upper_planner_node-3] [WARN] [1791408755.873879392] [upper_planner_node]: no valid interval at the measured k=0 state; retaining future horizon=6 reason=3
[upper_planner_node-3] [WARN] [1791408755.875614069] [upper_planner_node]: egocentric MIQP failed: status=DAQP direct corridor QP infeasible: tried=1 solve_ms=0.160; retaining last published path
[lower_tracking_mpc_node-4] [INFO] [1791408756.293017547] [lower_tracking_mpc_node]: MAVLink COMMAND_ACK command=187 result=0
[upper_planner_node-3] [WARN] [1791408756.374230640] [upper_planner_node]: no valid interval at the measured k=0 state; retaining future horizon=6 reason=3
[lower_tracking_mpc_node-4] [WARN] [1791408756.443346534] [lower_tracking_mpc_node]: lower MPC state reset: path/mission/pose/reset event
[upper_planner_node-3] [WARN] [1791408756.874093618] [upper_planner_node]: no valid interval at the measured k=0 state; retaining future horizon=6 reason=3
[lower_tracking_mpc_node-4] [INFO] [1791408757.293163355] [lower_tracking_mpc_node]: MAVLink COMMAND_ACK command=187 result=0
[upper_planner_node-3] [WARN] [1791408757.374351456] [upper_planner_node]: interval_diag step=6 reason=3 ref_body=(25.843,-3.787) heading_deg=-13.49 center_cell=(82,51) center_value=100 line_free=0 blocked=412 unknown=0 outside=1 longest_run=0 min_run=2 grid_free=2096 zero=2096 positive=14288 unknown=0 topic=/bev/occupancy_grid frame=Vehicle origin=(0.000,-20.000) origin_yaw_deg=0.00 size=128x128 res=0.3125 positive_is_drivable=0 threshold=1 waypoint_bias=0 previous=1
[upper_planner_node-3] [WARN] [1791408757.375894447] [upper_planner_node]: no valid preview interval at step=6; usable horizon=5 reason=3
[upper_planner_node-3] [WARN] [1791408757.377025169] [upper_planner_node]: horizon_diag configured=6 extent_limit=6 requested=6 usable=5 reserve=1 restore=1 step_m=4.500 previous=1
[upper_planner_node-3] [WARN] [1791408757.874110942] [upper_planner_node]: no valid preview interval at step=5; usable horizon=4 reason=3
[upper_planner_node-3] [WARN] [1791408757.874396039] [upper_planner_node]: no valid preview interval at step=6; usable horizon=4 reason=3
[lower_tracking_mpc_node-4] [WARN] [1791408757.943511197] [lower_tracking_mpc_node]: lower MPC state reset: path/mission/pose/reset event
[lower_tracking_mpc_node-4] [INFO] [1791408758.293177927] [lower_tracking_mpc_node]: MAVLink COMMAND_ACK command=187 result=0
[upper_planner_node-3] [WARN] [1791408758.374849147] [upper_planner_node]: no valid preview interval at step=5; usable horizon=4 reason=3
[upper_planner_node-3] [WARN] [1791408758.375521551] [upper_planner_node]: no valid preview interval at step=6; usable horizon=4 reason=3
[lower_tracking_mpc_node-4] [WARN] [1791408758.443451937] [lower_tracking_mpc_node]: lower MPC state reset: path/mission/pose/reset event
[upper_planner_node-3] [WARN] [1791408758.877554419] [upper_planner_node]: no valid preview interval at step=4; usable horizon=3 reason=3
[upper_planner_node-3] [WARN] [1791408758.878164805] [upper_planner_node]: no valid preview interval at step=5; usable horizon=3 reason=3
[upper_planner_node-3] [WARN] [1791408758.878364043] [upper_planner_node]: no valid preview interval at step=6; usable horizon=3 reason=3
[lower_tracking_mpc_node-4] [INFO] [1791408759.293202707] [lower_tracking_mpc_node]: MAVLink COMMAND_ACK command=187 result=0
[upper_planner_node-3] [WARN] [1791408759.374569214] [upper_planner_node]: interval_diag step=4 reason=3 ref_body=(16.722,-6.661) heading_deg=-21.72 center_cell=(53,42) center_value=100 line_free=0 blocked=431 unknown=0 outside=1 longest_run=0 min_run=2 grid_free=1300 zero=1300 positive=15084 unknown=0 topic=/bev/occupancy_grid frame=Vehicle origin=(0.000,-20.000) origin_yaw_deg=0.00 size=128x128 res=0.3125 positive_is_drivable=0 threshold=1 waypoint_bias=0 previous=0
[upper_planner_node-3] [WARN] [1791408759.375155568] [upper_planner_node]: no valid preview interval at step=4; usable horizon=3 reason=3
[upper_planner_node-3] [WARN] [1791408759.375410103] [upper_planner_node]: no valid preview interval at step=5; usable horizon=3 reason=3
[upper_planner_node-3] [WARN] [1791408759.375636094] [upper_planner_node]: no valid preview interval at step=6; usable horizon=3 reason=3
[knu_batch_runner.py-5] [INFO] [1791408759.663895645] [knu_batch_runner]: scenario3: completed 
[lower_tracking_mpc_node-4] [INFO] [1791408759.743934303] [lower_tracking_mpc_node]: goal stop applied: steer=0 throttle=0 brake=0.700 MAVLink neutral
[upper_planner_node-3] [WARN] [1791408759.874347421] [upper_planner_node]: no valid preview interval at step=4; usable horizon=3 reason=3
[upper_planner_node-3] [WARN] [1791408759.874849708] [upper_planner_node]: no valid preview interval at step=5; usable horizon=3 reason=3
[upper_planner_node-3] [WARN] [1791408759.875016209] [upper_planner_node]: no valid preview interval at step=6; usable horizon=3 reason=3
[upper_planner_node-3] [WARN] [1791408759.875132917] [upper_planner_node]: horizon_diag configured=6 extent_limit=6 requested=6 usable=3 reserve=1 restore=1 step_m=4.500 previous=0
[lower_tracking_mpc_node-4] [WARN] [1791408759.943950178] [lower_tracking_mpc_node]: lower MPC state reset: path/mission/pose/reset event
[lower_tracking_mpc_node-4] [INFO] [1791408760.343325171] [lower_tracking_mpc_node]: MAVLink COMMAND_ACK command=187 result=0
[upper_planner_node-3] [WARN] [1791408760.374638316] [upper_planner_node]: no valid preview interval at step=3; usable horizon=2 reason=3
[upper_planner_node-3] [WARN] [1791408760.375305344] [upper_planner_node]: no valid preview interval at step=4; usable horizon=2 reason=3
[upper_planner_node-3] [WARN] [1791408760.375555752] [upper_planner_node]: no valid preview interval at step=5; usable horizon=2 reason=3
[upper_planner_node-3] [WARN] [1791408760.375789519] [upper_planner_node]: no valid preview interval at step=6; usable horizon=2 reason=3
[lower_tracking_mpc_node-4] [WARN] [1791408760.443518362] [lower_tracking_mpc_node]: lower MPC state reset: path/mission/pose/reset event
[lower_tracking_mpc_node-4] [INFO] [1791408760.843730693] [lower_tracking_mpc_node]: goal stop applied: steer=0 throttle=0 brake=0.700 MAVLink neutral
[upper_planner_node-3] [WARN] [1791408760.874418315] [upper_planner_node]: no valid preview interval at step=3; usable horizon=2 reason=3
[upper_planner_node-3] [WARN] [1791408760.874964795] [upper_planner_node]: no valid preview interval at step=4; usable horizon=2 reason=3
[upper_planner_node-3] [WARN] [1791408760.875169698] [upper_planner_node]: no valid preview interval at step=5; usable horizon=2 reason=3
[upper_planner_node-3] [WARN] [1791408760.875342951] [upper_planner_node]: no valid preview interval at step=6; usable horizon=2 reason=3
[lower_tracking_mpc_node-4] [WARN] [1791408760.943577698] [lower_tracking_mpc_node]: lower MPC state reset: path/mission/pose/reset event
[lower_tracking_mpc_node-4] [INFO] [1791408761.343603399] [lower_tracking_mpc_node]: MAVLink COMMAND_ACK command=187 result=0
[upper_planner_node-3] [WARN] [1791408761.374232043] [upper_planner_node]: no valid preview interval at step=2; usable horizon=1 reason=3
[upper_planner_node-3] [WARN] [1791408761.374580821] [upper_planner_node]: no valid preview interval at step=3; usable horizon=1 reason=3
[upper_planner_node-3] [WARN] [1791408761.374768187] [upper_planner_node]: interval_diag step=4 reason=3 ref_body=(7.997,-16.126) heading_deg=-63.62 center_cell=(25,12) center_value=100 line_free=0 blocked=445 unknown=0 outside=1 longest_run=0 min_run=2 grid_free=438 zero=438 positive=15946 unknown=0 topic=/bev/occupancy_grid frame=Vehicle origin=(0.000,-20.000) origin_yaw_deg=0.00 size=128x128 res=0.3125 positive_is_drivable=0 threshold=1 waypoint_bias=0 previous=0
[upper_planner_node-3] [WARN] [1791408761.374867422] [upper_planner_node]: no valid preview interval at step=4; usable horizon=1 reason=3
[lower_tracking_mpc_node-4] [INFO] [1791408761.843795507] [lower_tracking_mpc_node]: goal stop applied: steer=0 throttle=0 brake=0.700 MAVLink neutral
[upper_planner_node-3] [WARN] [1791408761.878406128] [upper_planner_node]: egocentric MIQP failed: status=DAQP direct corridor QP infeasible: tried=1 solve_ms=0.336; retaining last published path
[upper_planner_node-3] [WARN] [1791408762.374149140] [upper_planner_node]: no valid interval at the measured k=0 state; retaining future horizon=6 reason=3
[lower_tracking_mpc_node-4] [INFO] [1791408762.393225784] [lower_tracking_mpc_node]: MAVLink COMMAND_ACK command=187 result=0
[lower_tracking_mpc_node-4] [INFO] [1791408762.844458259] [lower_tracking_mpc_node]: goal stop applied: steer=0 throttle=0 brake=0.700 MAVLink neutral
[upper_planner_node-3] [WARN] [1791408762.874095448] [upper_planner_node]: no valid interval at the measured k=0 state; retaining future horizon=6 reason=3
[upper_planner_node-3] [WARN] [1791408763.374288324] [upper_planner_node]: no valid interval at the measured k=0 state; retaining future horizon=6 reason=3
[upper_planner_node-3] [WARN] [1791408763.376234047] [upper_planner_node]: egocentric MIQP failed: status=DAQP direct corridor QP infeasible: tried=1 solve_ms=0.339; retaining last published path
[lower_tracking_mpc_node-4] [INFO] [1791408763.393314918] [lower_tracking_mpc_node]: MAVLink COMMAND_ACK command=187 result=0
[lower_tracking_mpc_node-4] [INFO] [1791408763.844845866] [lower_tracking_mpc_node]: goal stop applied: steer=0 throttle=0 brake=0.700 MAVLink neutral
[upper_planner_node-3] [WARN] [1791408763.874130629] [upper_planner_node]: no valid interval at the measured k=0 state; retaining future horizon=6 reason=3
[upper_planner_node-3] [WARN] [1791408764.374146347] [upper_planner_node]: no valid interval at the measured k=0 state; retaining future horizon=6 reason=3
[upper_planner_node-3] [WARN] [1791408764.376431824] [upper_planner_node]: egocentric MIQP failed: status=DAQP direct corridor QP infeasible: tried=1 solve_ms=0.325; retaining last published path
[lower_tracking_mpc_node-4] [INFO] [1791408764.393343699] [lower_tracking_mpc_node]: MAVLink COMMAND_ACK command=187 result=0
[upper_planner_node-3] [WARN] [1791408764.873554943] [upper_planner_node]: no valid interval at the measured k=0 state; retaining future horizon=6 reason=3
[lower_tracking_mpc_node-4] [INFO] [1791408764.944520173] [lower_tracking_mpc_node]: goal stop applied: steer=0 throttle=0 brake=0.700 MAVLink neutral
[upper_planner_node-3] [WARN] [1791408765.374273594] [upper_planner_node]: no valid interval at the measured k=0 state; retaining future horizon=6 reason=3
[lower_tracking_mpc_node-4] [INFO] [1791408765.393484514] [lower_tracking_mpc_node]: MAVLink COMMAND_ACK command=187 result=0
[upper_planner_node-3] [WARN] [1791408765.874352450] [upper_planner_node]: no valid interval at the measured k=0 state; retaining future horizon=6 reason=3
[upper_planner_node-3] [WARN] [1791408765.876160569] [upper_planner_node]: egocentric MIQP failed: status=DAQP direct corridor QP infeasible: tried=1 solve_ms=0.329; retaining last published path
[lower_tracking_mpc_node-4] [INFO] [1791408766.044366645] [lower_tracking_mpc_node]: goal stop applied: steer=0 throttle=0 brake=0.700 MAVLink neutral
[upper_planner_node-3] [WARN] [1791408766.374473804] [upper_planner_node]: no valid interval at the measured k=0 state; retaining future horizon=6 reason=3
[lower_tracking_mpc_node-4] [INFO] [1791408766.443463582] [lower_tracking_mpc_node]: MAVLink COMMAND_ACK command=187 result=0
[upper_planner_node-3] [WARN] [1791408766.874149607] [upper_planner_node]: no valid interval at the measured k=0 state; retaining future horizon=6 reason=3
[lower_tracking_mpc_node-4] [INFO] [1791408767.044606311] [lower_tracking_mpc_node]: goal stop applied: steer=0 throttle=0 brake=0.700 MAVLink neutral
[upper_planner_node-3] [WARN] [1791408767.374299090] [upper_planner_node]: no valid interval at the measured k=0 state; retaining future horizon=6 reason=3
[upper_planner_node-3] [WARN] [1791408767.376102952] [upper_planner_node]: egocentric MIQP failed: status=DAQP direct corridor QP infeasible: tried=1 solve_ms=0.336; retaining last published path
[lower_tracking_mpc_node-4] [INFO] [1791408767.493513339] [lower_tracking_mpc_node]: MAVLink COMMAND_ACK command=187 result=0
[upper_planner_node-3] [WARN] [1791408767.873927244] [upper_planner_node]: no valid interval at the measured k=0 state; retaining future horizon=6 reason=3
[lower_tracking_mpc_node-4] [INFO] [1791408768.044702005] [lower_tracking_mpc_node]: goal stop applied: steer=0 throttle=0 brake=0.700 MAVLink neutral
[upper_planner_node-3] [WARN] [1791408768.374635911] [upper_planner_node]: no valid interval at the measured k=0 state; retaining future horizon=6 reason=3
[upper_planner_node-3] [WARN] [1791408768.376158581] [upper_planner_node]: egocentric MIQP failed: status=DAQP direct corridor QP infeasible: tried=1 solve_ms=0.291; retaining last published path
[lower_tracking_mpc_node-4] [INFO] [1791408768.543545848] [lower_tracking_mpc_node]: MAVLink COMMAND_ACK command=187 result=0
[upper_planner_node-3] [WARN] [1791408768.874258913] [upper_planner_node]: no valid interval at the measured k=0 state; retaining future horizon=6 reason=3
[lower_tracking_mpc_node-4] [INFO] [1791408769.044705953] [lower_tracking_mpc_node]: goal stop applied: steer=0 throttle=0 brake=0.700 MAVLink neutral
[upper_planner_node-3] [WARN] [1791408769.373810873] [upper_planner_node]: no valid interval at the measured k=0 state; retaining future horizon=6 reason=3
[lower_tracking_mpc_node-4] [INFO] [1791408769.543617445] [lower_tracking_mpc_node]: MAVLink COMMAND_ACK command=187 result=0
[upper_planner_node-3] [WARN] [1791408769.873964196] [upper_planner_node]: no valid interval at the measured k=0 state; retaining future horizon=6 reason=3
[upper_planner_node-3] [WARN] [1791408769.874926305] [upper_planner_node]: egocentric MIQP failed: status=DAQP direct corridor QP infeasible: tried=1 solve_ms=0.157; retaining last published path
[lower_tracking_mpc_node-4] [INFO] [1791408770.144642475] [lower_tracking_mpc_node]: goal stop applied: steer=0 throttle=0 brake=0.700 MAVLink neutral
[upper_planner_node-3] [WARN] [1791408770.375190671] [upper_planner_node]: no valid interval at the measured k=0 state; retaining future horizon=6 reason=3
[lower_tracking_mpc_node-4] [INFO] [1791408770.543625937] [lower_tracking_mpc_node]: MAVLink COMMAND_ACK command=187 result=0
[upper_planner_node-3] [WARN] [1791408770.874402076] [upper_planner_node]: no valid interval at the measured k=0 state; retaining future horizon=6 reason=3
[upper_planner_node-3] [WARN] [1791408770.875889001] [upper_planner_node]: egocentric MIQP failed: status=DAQP direct corridor QP infeasible: tried=1 solve_ms=0.297; retaining last published path
[lower_tracking_mpc_node-4] [INFO] [1791408771.144677944] [lower_tracking_mpc_node]: goal stop applied: steer=0 throttle=0 brake=0.700 MAVLink neutral
[upper_planner_node-3] [WARN] [1791408771.373931731] [upper_planner_node]: no valid interval at the measured k=0 state; retaining future horizon=6 reason=3
[lower_tracking_mpc_node-4] [INFO] [1791408771.543635996] [lower_tracking_mpc_node]: MAVLink COMMAND_ACK command=187 result=0
[upper_planner_node-3] [WARN] [1791408771.874537547] [upper_planner_node]: no valid interval at the measured k=0 state; retaining future horizon=6 reason=3
[lower_tracking_mpc_node-4] [INFO] [1791408772.144772550] [lower_tracking_mpc_node]: goal stop applied: steer=0 throttle=0 brake=0.700 MAVLink neutral
[upper_planner_node-3] [WARN] [1791408772.375118115] [upper_planner_node]: no valid interval at the measured k=0 state; retaining future horizon=6 reason=3
[upper_planner_node-3] [WARN] [1791408772.377067422] [upper_planner_node]: egocentric MIQP failed: status=DAQP direct corridor QP infeasible: tried=1 solve_ms=0.318; retaining last published path
[lower_tracking_mpc_node-4] [INFO] [1791408772.594491410] [lower_tracking_mpc_node]: MAVLink COMMAND_ACK command=187 result=0
[upper_planner_node-3] [WARN] [1791408772.874607321] [upper_planner_node]: no valid interval at the measured k=0 state; retaining future horizon=6 reason=3
[lower_tracking_mpc_node-4] [INFO] [1791408773.245010297] [lower_tracking_mpc_node]: goal stop applied: steer=0 throttle=0 brake=0.700 MAVLink neutral
[upper_planner_node-3] [WARN] [1791408773.374429881] [upper_planner_node]: no valid interval at the measured k=0 state; retaining future horizon=6 reason=3
[lower_tracking_mpc_node-4] [INFO] [1791408773.644083105] [lower_tracking_mpc_node]: MAVLink COMMAND_ACK command=187 result=0
[upper_planner_node-3] [WARN] [1791408773.874436158] [upper_planner_node]: no valid interval at the measured k=0 state; retaining future horizon=6 reason=3
[upper_planner_node-3] [WARN] [1791408773.876311415] [upper_planner_node]: egocentric MIQP failed: status=DAQP direct corridor QP infeasible: tried=1 solve_ms=0.319; retaining last published path
[lower_tracking_mpc_node-4] [INFO] [1791408774.245150248] [lower_tracking_mpc_node]: goal stop applied: steer=0 throttle=0 brake=0.700 MAVLink neutral
[upper_planner_node-3] [WARN] [1791408774.374389634] [upper_planner_node]: no valid interval at the measured k=0 state; retaining future horizon=6 reason=3
[lower_tracking_mpc_node-4] [INFO] [1791408774.644591100] [lower_tracking_mpc_node]: MAVLink COMMAND_ACK command=187 result=0
[upper_planner_node-3] [WARN] [1791408774.874943065] [upper_planner_node]: no valid interval at the measured k=0 state; retaining future horizon=6 reason=3
[upper_planner_node-3] [WARN] [1791408774.876572330] [upper_planner_node]: egocentric MIQP failed: status=DAQP direct corridor QP infeasible: tried=1 solve_ms=0.293; retaining last published path
[lower_tracking_mpc_node-4] [INFO] [1791408775.344758376] [lower_tracking_mpc_node]: goal stop applied: steer=0 throttle=0 brake=0.700 MAVLink neutral
[upper_planner_node-3] [WARN] [1791408775.374921246] [upper_planner_node]: no valid interval at the measured k=0 state; retaining future horizon=6 reason=3
[lower_tracking_mpc_node-4] [INFO] [1791408775.693786623] [lower_tracking_mpc_node]: MAVLink COMMAND_ACK command=187 result=0
[upper_planner_node-3] [WARN] [1791408775.874571896] [upper_planner_node]: no valid interval at the measured k=0 state; retaining future horizon=6 reason=3
[upper_planner_node-3] [WARN] [1791408775.876589206] [upper_planner_node]: egocentric MIQP failed: status=DAQP direct corridor QP infeasible: tried=1 solve_ms=0.314; retaining last published path
[upper_planner_node-3] [WARN] [1791408776.374700738] [upper_planner_node]: no valid interval at the measured k=0 state; retaining future horizon=6 reason=3
[lower_tracking_mpc_node-4] [INFO] [1791408776.444589711] [lower_tracking_mpc_node]: goal stop applied: steer=0 throttle=0 brake=0.700 MAVLink neutral
[lower_tracking_mpc_node-4] [INFO] [1791408776.694468926] [lower_tracking_mpc_node]: MAVLink COMMAND_ACK command=187 result=0
[upper_planner_node-3] [WARN] [1791408776.874637637] [upper_planner_node]: no valid interval at the measured k=0 state; retaining future horizon=6 reason=3
[upper_planner_node-3] [WARN] [1791408777.374408932] [upper_planner_node]: no valid interval at the measured k=0 state; retaining future horizon=6 reason=3
[upper_planner_node-3] [WARN] [1791408777.376192826] [upper_planner_node]: egocentric MIQP failed: status=DAQP direct corridor QP infeasible: tried=1 solve_ms=0.325; retaining last published path
[lower_tracking_mpc_node-4] [INFO] [1791408777.444760831] [lower_tracking_mpc_node]: goal stop applied: steer=0 throttle=0 brake=0.700 MAVLink neutral
[lower_tracking_mpc_node-4] [INFO] [1791408777.743833158] [lower_tracking_mpc_node]: MAVLink COMMAND_ACK command=187 result=0
[upper_planner_node-3] [WARN] [1791408777.874937561] [upper_planner_node]: no valid interval at the measured k=0 state; retaining future horizon=6 reason=3
[upper_planner_node-3] [WARN] [1791408778.375032226] [upper_planner_node]: no valid interval at the measured k=0 state; retaining future horizon=6 reason=3
[upper_planner_node-3] [WARN] [1791408778.376744150] [upper_planner_node]: egocentric MIQP failed: status=DAQP direct corridor QP infeasible: tried=1 solve_ms=0.332; retaining last published path
[lower_tracking_mpc_node-4] [INFO] [1791408778.444983729] [lower_tracking_mpc_node]: goal stop applied: steer=0 throttle=0 brake=0.700 MAVLink neutral
[lower_tracking_mpc_node-4] [INFO] [1791408778.743950869] [lower_tracking_mpc_node]: MAVLink COMMAND_ACK command=187 result=0
[upper_planner_node-3] [WARN] [1791408778.874955397] [upper_planner_node]: no valid interval at the measured k=0 state; retaining future horizon=6 reason=3
[upper_planner_node-3] [WARN] [1791408779.374644865] [upper_planner_node]: no valid interval at the measured k=0 state; retaining future horizon=6 reason=3
[lower_tracking_mpc_node-4] [INFO] [1791408779.544182981] [lower_tracking_mpc_node]: goal stop applied: steer=0 throttle=0 brake=0.700 MAVLink neutral
[lower_tracking_mpc_node-4] [INFO] [1791408779.793746730] [lower_tracking_mpc_node]: MAVLink COMMAND_ACK command=187 result=0
[upper_planner_node-3] [WARN] [1791408779.874118358] [upper_planner_node]: no valid interval at the measured k=0 state; retaining future horizon=6 reason=3
[upper_planner_node-3] [WARN] [1791408779.875046482] [upper_planner_node]: egocentric MIQP failed: status=DAQP direct corridor QP infeasible: tried=1 solve_ms=0.159; retaining last published path
[knu_batch_runner.py-5] [INFO] [1791408779.963367024] [knu_batch_runner]: [8/10] scenario3
[upper_planner_node-3] [WARN] [1791408780.374627115] [upper_planner_node]: no valid interval at the measured k=0 state; retaining future horizon=6 reason=3
[lower_tracking_mpc_node-4] [INFO] [1791408780.544947367] [lower_tracking_mpc_node]: goal stop applied: steer=0 throttle=0 brake=0.700 MAVLink neutral
[lower_tracking_mpc_node-4] [INFO] [1791408780.794385640] [lower_tracking_mpc_node]: MAVLink COMMAND_ACK command=187 result=0
[upper_planner_node-3] [WARN] [1791408780.874246501] [upper_planner_node]: no valid interval at the measured k=0 state; retaining future horizon=6 reason=3
[upper_planner_node-3] [WARN] [1791408780.875330758] [upper_planner_node]: egocentric MIQP failed: status=DAQP direct corridor QP infeasible: tried=1 solve_ms=0.171; retaining last published path
[upper_planner_node-3] [WARN] [1791408781.374608821] [upper_planner_node]: no valid interval at the measured k=0 state; retaining future horizon=6 reason=3
[px4_odom_map_bridge-2] [INFO] [1791408781.389445912] [px4_odom_map_bridge]: Map alignment initialized once: source=(386.963348, 210.099838, -0.494232, yaw=2.295294) yaw_delta=2.417095 input_frame='map' (treated as PX4 local)
[lower_tracking_mpc_node-4] [WARN] [1791408781.444268764] [lower_tracking_mpc_node]: lower MPC state reset: path/mission/pose/reset event
[lower_tracking_mpc_node-4] [INFO] [1791408781.545488066] [lower_tracking_mpc_node]: goal stop applied: steer=0 throttle=0 brake=0.700 MAVLink neutral
[lower_tracking_mpc_node-4] [INFO] [1791408781.843948790] [lower_tracking_mpc_node]: MAVLink COMMAND_ACK command=187 result=0
[upper_planner_node-3] [WARN] [1791408781.876659865] [upper_planner_node]: egocentric MIQP failed: status=DAQP direct corridor QP infeasible: tried=12 solve_ms=0.655; retaining last published path
[lower_tracking_mpc_node-4] [INFO] [1791408782.645198181] [lower_tracking_mpc_node]: goal stop applied: steer=0 throttle=0 brake=0.700 MAVLink neutral
[upper_planner_node-3] [INFO] [1791408782.756071312] [upper_planner_node]: mission cleared; awaiting path; revision=15
[lower_tracking_mpc_node-4] [WARN] [1791408782.756832744] [lower_tracking_mpc_node]: Rejected lower path: fewer than two distinct path points
[lower_tracking_mpc_node-4] [INFO] [1791408782.843973410] [lower_tracking_mpc_node]: MAVLink COMMAND_ACK command=187 result=0
[lower_tracking_mpc_node-4] [WARN] [1791408782.845011233] [lower_tracking_mpc_node]: lower MPC state reset: path/mission/pose/reset event
[knu_batch_runner.py-5] [INFO] [1791408782.857002478] [knu_batch_runner]: 273af99685:7:scenario3: mission cleared; awaiting path; revision=15
[upper_planner_node-3] [INFO] [1791408782.861653819] [upper_planner_node]: reference path loaded from /navigation/global_path: 8 points frame=map waypoint_bias=disabled
[upper_planner_node-3] [INFO] [1791408782.874491170] [upper_planner_node]: waypoint pair advanced: [0,1] -> [1,2]; previous reference retained
[lower_tracking_mpc_node-4] [WARN] [1791408782.944339470] [lower_tracking_mpc_node]: lower MPC state reset: path/mission/pose/reset event
[lower_tracking_mpc_node-4] [INFO] [1791408783.745070189] [lower_tracking_mpc_node]: goal stop applied: steer=0 throttle=0 brake=0.700 MAVLink neutral
[lower_tracking_mpc_node-4] [INFO] [1791408783.845248147] [lower_tracking_mpc_node]: MAVLink COMMAND_ACK command=187 result=0
[lower_tracking_mpc_node-4] [WARN] [1791408784.044268183] [lower_tracking_mpc_node]: lower MPC state reset: path/mission/pose/reset event
[lower_tracking_mpc_node-4] [INFO] [1791408784.893851492] [lower_tracking_mpc_node]: MAVLink COMMAND_ACK command=187 result=0
[lower_tracking_mpc_node-4] [INFO] [1791408785.894216441] [lower_tracking_mpc_node]: MAVLink COMMAND_ACK command=187 result=0
[lower_tracking_mpc_node-4] [INFO] [1791408786.943966317] [lower_tracking_mpc_node]: MAVLink COMMAND_ACK command=187 result=0
[lower_tracking_mpc_node-4] [INFO] [1791408787.944076955] [lower_tracking_mpc_node]: MAVLink COMMAND_ACK command=187 result=0
[lower_tracking_mpc_node-4] [INFO] [1791408788.944084933] [lower_tracking_mpc_node]: MAVLink COMMAND_ACK command=187 result=0
[lower_tracking_mpc_node-4] [INFO] [1791408789.944350040] [lower_tracking_mpc_node]: MAVLink COMMAND_ACK command=187 result=0
[upper_planner_node-3] [INFO] [1791408790.874585977] [upper_planner_node]: waypoint pair advanced: [1,2] -> [2,3]; previous reference retained
[lower_tracking_mpc_node-4] [WARN] [1791408790.944566505] [lower_tracking_mpc_node]: lower MPC state reset: path/mission/pose/reset event
[lower_tracking_mpc_node-4] [INFO] [1791408790.994230959] [lower_tracking_mpc_node]: MAVLink COMMAND_ACK command=187 result=0
[lower_tracking_mpc_node-4] [WARN] [1791408791.944287403] [lower_tracking_mpc_node]: lower MPC state reset: path/mission/pose/reset event
[lower_tracking_mpc_node-4] [INFO] [1791408791.994481473] [lower_tracking_mpc_node]: MAVLink COMMAND_ACK command=187 result=0
[lower_tracking_mpc_node-4] [WARN] [1791408792.444365138] [lower_tracking_mpc_node]: lower MPC state reset: path/mission/pose/reset event
[lower_tracking_mpc_node-4] [WARN] [1791408792.944365944] [lower_tracking_mpc_node]: lower MPC state reset: path/mission/pose/reset event
[lower_tracking_mpc_node-4] [INFO] [1791408793.044405882] [lower_tracking_mpc_node]: MAVLink COMMAND_ACK command=187 result=0
[lower_tracking_mpc_node-4] [INFO] [1791408794.094311538] [lower_tracking_mpc_node]: MAVLink COMMAND_ACK command=187 result=0
[lower_tracking_mpc_node-4] [INFO] [1791408795.144499282] [lower_tracking_mpc_node]: MAVLink COMMAND_ACK command=187 result=0
[upper_planner_node-3] [INFO] [1791408795.374936242] [upper_planner_node]: waypoint pair advanced: [2,3] -> [3,4]; previous reference retained
[lower_tracking_mpc_node-4] [INFO] [1791408796.194185379] [lower_tracking_mpc_node]: MAVLink COMMAND_ACK command=187 result=0
[lower_tracking_mpc_node-4] [INFO] [1791408797.194277808] [lower_tracking_mpc_node]: MAVLink COMMAND_ACK command=187 result=0
[lower_tracking_mpc_node-4] [INFO] [1791408798.194391134] [lower_tracking_mpc_node]: MAVLink COMMAND_ACK command=187 result=0
[lower_tracking_mpc_node-4] [INFO] [1791408799.244575966] [lower_tracking_mpc_node]: MAVLink COMMAND_ACK command=187 result=0
[upper_planner_node-3] [INFO] [1791408799.874618454] [upper_planner_node]: waypoint pair advanced: [3,4] -> [4,5]; previous reference retained
[lower_tracking_mpc_node-4] [WARN] [1791408799.944623686] [lower_tracking_mpc_node]: lower MPC state reset: path/mission/pose/reset event
[lower_tracking_mpc_node-4] [INFO] [1791408800.294617274] [lower_tracking_mpc_node]: MAVLink COMMAND_ACK command=187 result=0
[lower_tracking_mpc_node-4] [INFO] [1791408801.295274136] [lower_tracking_mpc_node]: MAVLink COMMAND_ACK command=187 result=0
[lower_tracking_mpc_node-4] [INFO] [1791408802.344660767] [lower_tracking_mpc_node]: MAVLink COMMAND_ACK command=187 result=0
[lower_tracking_mpc_node-4] [INFO] [1791408803.344692682] [lower_tracking_mpc_node]: MAVLink COMMAND_ACK command=187 result=0
[lower_tracking_mpc_node-4] [WARN] [1791408803.944904503] [lower_tracking_mpc_node]: lower MPC state reset: path/mission/pose/reset event
[lower_tracking_mpc_node-4] [INFO] [1791408804.394790504] [lower_tracking_mpc_node]: MAVLink COMMAND_ACK command=187 result=0
[upper_planner_node-3] [INFO] [1791408804.875263803] [upper_planner_node]: waypoint pair advanced: [4,5] -> [5,6]; previous reference retained
[lower_tracking_mpc_node-4] [INFO] [1791408805.444638205] [lower_tracking_mpc_node]: MAVLink COMMAND_ACK command=187 result=0
[lower_tracking_mpc_node-4] [WARN] [1791408805.445700574] [lower_tracking_mpc_node]: lower MPC state reset: path/mission/pose/reset event
[lower_tracking_mpc_node-4] [WARN] [1791408805.945010702] [lower_tracking_mpc_node]: lower MPC state reset: path/mission/pose/reset event
[lower_tracking_mpc_node-4] [WARN] [1791408806.444905935] [lower_tracking_mpc_node]: lower MPC state reset: path/mission/pose/reset event
[lower_tracking_mpc_node-4] [INFO] [1791408806.494589750] [lower_tracking_mpc_node]: MAVLink COMMAND_ACK command=187 result=0
[lower_tracking_mpc_node-4] [WARN] [1791408807.444966843] [lower_tracking_mpc_node]: lower MPC state reset: path/mission/pose/reset event
[lower_tracking_mpc_node-4] [INFO] [1791408807.494731172] [lower_tracking_mpc_node]: MAVLink COMMAND_ACK command=187 result=0
[lower_tracking_mpc_node-4] [WARN] [1791408807.945073603] [lower_tracking_mpc_node]: lower MPC state reset: path/mission/pose/reset event
[lower_tracking_mpc_node-4] [INFO] [1791408808.494791888] [lower_tracking_mpc_node]: MAVLink COMMAND_ACK command=187 result=0
[upper_planner_node-3] [INFO] [1791408808.875922966] [upper_planner_node]: waypoint pair advanced: [5,6] -> [6,7]; previous reference retained
[lower_tracking_mpc_node-4] [WARN] [1791408809.445005583] [lower_tracking_mpc_node]: lower MPC state reset: path/mission/pose/reset event
[lower_tracking_mpc_node-4] [INFO] [1791408809.545202902] [lower_tracking_mpc_node]: MAVLink COMMAND_ACK command=187 result=0
[lower_tracking_mpc_node-4] [INFO] [1791408810.594749283] [lower_tracking_mpc_node]: MAVLink COMMAND_ACK command=187 result=0
[lower_tracking_mpc_node-4] [INFO] [1791408811.594999636] [lower_tracking_mpc_node]: MAVLink COMMAND_ACK command=187 result=0
[lower_tracking_mpc_node-4] [INFO] [1791408812.644982893] [lower_tracking_mpc_node]: MAVLink COMMAND_ACK command=187 result=0
[lower_tracking_mpc_node-4] [INFO] [1791408813.695152877] [lower_tracking_mpc_node]: MAVLink COMMAND_ACK command=187 result=0
[lower_tracking_mpc_node-4] [INFO] [1791408814.695213528] [lower_tracking_mpc_node]: MAVLink COMMAND_ACK command=187 result=0
[upper_planner_node-3] [WARN] [1791408814.875859693] [upper_planner_node]: interval_diag step=6 reason=3 ref_body=(26.998,-0.102) heading_deg=-0.12 center_cell=(86,63) center_value=100 line_free=0 blocked=401 unknown=0 outside=1 longest_run=0 min_run=2 grid_free=2179 zero=2179 positive=14205 unknown=0 topic=/bev/occupancy_grid frame=Vehicle origin=(0.000,-20.000) origin_yaw_deg=0.00 size=128x128 res=0.3125 positive_is_drivable=0 threshold=1 waypoint_bias=0 previous=1
[upper_planner_node-3] [WARN] [1791408814.876389757] [upper_planner_node]: no valid preview interval at step=6; usable horizon=5 reason=3
[upper_planner_node-3] [WARN] [1791408814.876480416] [upper_planner_node]: horizon_diag configured=6 extent_limit=6 requested=6 usable=5 reserve=1 restore=1 step_m=4.500 previous=1
[lower_tracking_mpc_node-4] [WARN] [1791408814.945196426] [lower_tracking_mpc_node]: lower MPC state reset: path/mission/pose/reset event
[upper_planner_node-3] [WARN] [1791408815.376234237] [upper_planner_node]: no valid preview interval at step=6; usable horizon=5 reason=3
[lower_tracking_mpc_node-4] [WARN] [1791408815.445057418] [lower_tracking_mpc_node]: lower MPC state reset: path/mission/pose/reset event
[lower_tracking_mpc_node-4] [INFO] [1791408815.745118287] [lower_tracking_mpc_node]: MAVLink COMMAND_ACK command=187 result=0
[upper_planner_node-3] [WARN] [1791408815.876833588] [upper_planner_node]: no valid preview interval at step=5; usable horizon=4 reason=3
[upper_planner_node-3] [WARN] [1791408815.877336580] [upper_planner_node]: no valid preview interval at step=6; usable horizon=4 reason=3
[lower_tracking_mpc_node-4] [WARN] [1791408815.945264533] [lower_tracking_mpc_node]: lower MPC state reset: path/mission/pose/reset event
[upper_planner_node-3] [WARN] [1791408816.376068322] [upper_planner_node]: no valid preview interval at step=5; usable horizon=4 reason=3
[upper_planner_node-3] [WARN] [1791408816.376713237] [upper_planner_node]: no valid preview interval at step=6; usable horizon=4 reason=3
[lower_tracking_mpc_node-4] [WARN] [1791408816.445335900] [lower_tracking_mpc_node]: lower MPC state reset: path/mission/pose/reset event
[lower_tracking_mpc_node-4] [INFO] [1791408816.794891714] [lower_tracking_mpc_node]: MAVLink COMMAND_ACK command=187 result=0
[upper_planner_node-3] [WARN] [1791408816.876216619] [upper_planner_node]: interval_diag step=4 reason=3 ref_body=(17.996,0.367) heading_deg=1.17 center_cell=(57,65) center_value=100 line_free=0 blocked=400 unknown=0 outside=2 longest_run=0 min_run=2 grid_free=1277 zero=1277 positive=15107 unknown=0 topic=/bev/occupancy_grid frame=Vehicle origin=(0.000,-20.000) origin_yaw_deg=0.00 size=128x128 res=0.3125 positive_is_drivable=0 threshold=1 waypoint_bias=0 previous=0
[upper_planner_node-3] [WARN] [1791408816.876782620] [upper_planner_node]: no valid preview interval at step=4; usable horizon=3 reason=3
[upper_planner_node-3] [WARN] [1791408816.877259659] [upper_planner_node]: no valid preview interval at step=5; usable horizon=3 reason=3
[upper_planner_node-3] [WARN] [1791408816.877524723] [upper_planner_node]: no valid preview interval at step=6; usable horizon=3 reason=3
[upper_planner_node-3] [WARN] [1791408816.877653687] [upper_planner_node]: horizon_diag configured=6 extent_limit=6 requested=6 usable=3 reserve=1 restore=1 step_m=4.500 previous=0
[lower_tracking_mpc_node-4] [WARN] [1791408816.945335649] [lower_tracking_mpc_node]: lower MPC state reset: path/mission/pose/reset event
[knu_batch_runner.py-5] [INFO] [1791408817.166026264] [knu_batch_runner]: scenario3: completed 
[lower_tracking_mpc_node-4] [INFO] [1791408817.246255423] [lower_tracking_mpc_node]: goal stop applied: steer=0 throttle=0 brake=0.700 MAVLink neutral
[upper_planner_node-3] [WARN] [1791408817.375965096] [upper_planner_node]: no valid preview interval at step=3; usable horizon=2 reason=3
[upper_planner_node-3] [WARN] [1791408817.376586395] [upper_planner_node]: no valid preview interval at step=4; usable horizon=2 reason=3
[upper_planner_node-3] [WARN] [1791408817.376804737] [upper_planner_node]: no valid preview interval at step=5; usable horizon=2 reason=3
[upper_planner_node-3] [WARN] [1791408817.377001767] [upper_planner_node]: no valid preview interval at step=6; usable horizon=2 reason=3
[lower_tracking_mpc_node-4] [INFO] [1791408817.794946797] [lower_tracking_mpc_node]: MAVLink COMMAND_ACK command=187 result=0
[upper_planner_node-3] [WARN] [1791408817.875537408] [upper_planner_node]: no valid preview interval at step=3; usable horizon=2 reason=3
[upper_planner_node-3] [WARN] [1791408817.876035791] [upper_planner_node]: no valid preview interval at step=4; usable horizon=2 reason=3
[upper_planner_node-3] [WARN] [1791408817.876250645] [upper_planner_node]: no valid preview interval at step=5; usable horizon=2 reason=3
[upper_planner_node-3] [WARN] [1791408817.876433179] [upper_planner_node]: no valid preview interval at step=6; usable horizon=2 reason=3
[lower_tracking_mpc_node-4] [INFO] [1791408818.247846841] [lower_tracking_mpc_node]: goal stop applied: steer=0 throttle=0 brake=0.700 MAVLink neutral
[upper_planner_node-3] [WARN] [1791408818.376105205] [upper_planner_node]: no valid preview interval at step=2; usable horizon=1 reason=3
[upper_planner_node-3] [WARN] [1791408818.378263959] [upper_planner_node]: no valid preview interval at step=3; usable horizon=1 reason=3
[upper_planner_node-3] [WARN] [1791408818.378462141] [upper_planner_node]: no valid preview interval at step=4; usable horizon=1 reason=3
[upper_planner_node-3] [WARN] [1791408818.378585441] [upper_planner_node]: no valid preview interval at step=5; usable horizon=1 reason=3
[upper_planner_node-3] [WARN] [1791408818.378699492] [upper_planner_node]: no valid preview interval at step=6; usable horizon=1 reason=3
[lower_tracking_mpc_node-4] [INFO] [1791408818.795066810] [lower_tracking_mpc_node]: MAVLink COMMAND_ACK command=187 result=0
[upper_planner_node-3] [WARN] [1791408818.876224862] [upper_planner_node]: egocentric MIQP failed: status=DAQP direct corridor QP infeasible: tried=1 solve_ms=0.165; retaining last published path
[lower_tracking_mpc_node-4] [INFO] [1791408819.345680994] [lower_tracking_mpc_node]: goal stop applied: steer=0 throttle=0 brake=0.700 MAVLink neutral
[lower_tracking_mpc_node-4] [INFO] [1791408819.795068035] [lower_tracking_mpc_node]: MAVLink COMMAND_ACK command=187 result=0
[upper_planner_node-3] [WARN] [1791408819.875377837] [upper_planner_node]: no valid interval at the measured k=0 state; retaining future horizon=6 reason=3
[upper_planner_node-3] [WARN] [1791408819.876244488] [upper_planner_node]: egocentric MIQP failed: status=DAQP direct corridor QP infeasible: tried=1 solve_ms=0.159; retaining last published path
[lower_tracking_mpc_node-4] [INFO] [1791408820.346957234] [lower_tracking_mpc_node]: goal stop applied: steer=0 throttle=0 brake=0.700 MAVLink neutral
[upper_planner_node-3] [WARN] [1791408820.375820543] [upper_planner_node]: no valid interval at the measured k=0 state; retaining future horizon=6 reason=3
[lower_tracking_mpc_node-4] [INFO] [1791408820.795094317] [lower_tracking_mpc_node]: MAVLink COMMAND_ACK command=187 result=0
[upper_planner_node-3] [WARN] [1791408820.875770210] [upper_planner_node]: no valid interval at the measured k=0 state; retaining future horizon=6 reason=3
[upper_planner_node-3] [WARN] [1791408820.877384596] [upper_planner_node]: egocentric MIQP failed: status=DAQP direct corridor QP infeasible: tried=1 solve_ms=0.320; retaining last published path
[upper_planner_node-3] [WARN] [1791408821.375974157] [upper_planner_node]: no valid interval at the measured k=0 state; retaining future horizon=6 reason=3
[lower_tracking_mpc_node-4] [INFO] [1791408821.446171108] [lower_tracking_mpc_node]: goal stop applied: steer=0 throttle=0 brake=0.700 MAVLink neutral
[lower_tracking_mpc_node-4] [INFO] [1791408821.795123639] [lower_tracking_mpc_node]: MAVLink COMMAND_ACK command=187 result=0
[upper_planner_node-3] [WARN] [1791408821.876006003] [upper_planner_node]: no valid interval at the measured k=0 state; retaining future horizon=6 reason=3
[upper_planner_node-3] [WARN] [1791408821.877741288] [upper_planner_node]: egocentric MIQP failed: status=DAQP direct corridor QP infeasible: tried=1 solve_ms=0.322; retaining last published path
[lower_tracking_mpc_node-4] [INFO] [1791408822.446384276] [lower_tracking_mpc_node]: goal stop applied: steer=0 throttle=0 brake=0.700 MAVLink neutral
[lower_tracking_mpc_node-4] [INFO] [1791408822.845295318] [lower_tracking_mpc_node]: MAVLink COMMAND_ACK command=187 result=0
[upper_planner_node-3] [WARN] [1791408822.876160001] [upper_planner_node]: no valid interval at the measured k=0 state; retaining future horizon=6 reason=3
[upper_planner_node-3] [WARN] [1791408822.877942519] [upper_planner_node]: egocentric MIQP failed: status=DAQP direct corridor QP infeasible: tried=1 solve_ms=0.328; retaining last published path
[upper_planner_node-3] [WARN] [1791408823.375900669] [upper_planner_node]: no valid interval at the measured k=0 state; retaining future horizon=6 reason=3
[lower_tracking_mpc_node-4] [INFO] [1791408823.546568771] [lower_tracking_mpc_node]: goal stop applied: steer=0 throttle=0 brake=0.700 MAVLink neutral
[upper_planner_node-3] [WARN] [1791408823.875571704] [upper_planner_node]: no valid interval at the measured k=0 state; retaining future horizon=6 reason=3
[lower_tracking_mpc_node-4] [INFO] [1791408823.895284175] [lower_tracking_mpc_node]: MAVLink COMMAND_ACK command=187 result=0
[upper_planner_node-3] [WARN] [1791408824.376051883] [upper_planner_node]: no valid interval at the measured k=0 state; retaining future horizon=6 reason=3
[upper_planner_node-3] [WARN] [1791408824.376939046] [upper_planner_node]: egocentric MIQP failed: status=DAQP direct corridor QP infeasible: tried=1 solve_ms=0.138; retaining last published path
[lower_tracking_mpc_node-4] [INFO] [1791408824.646558797] [lower_tracking_mpc_node]: goal stop applied: steer=0 throttle=0 brake=0.700 MAVLink neutral
[upper_planner_node-3] [WARN] [1791408824.875637283] [upper_planner_node]: no valid interval at the measured k=0 state; retaining future horizon=6 reason=3
[lower_tracking_mpc_node-4] [INFO] [1791408824.945311018] [lower_tracking_mpc_node]: MAVLink COMMAND_ACK command=187 result=0
[upper_planner_node-3] [WARN] [1791408825.375971506] [upper_planner_node]: no valid interval at the measured k=0 state; retaining future horizon=6 reason=3
[upper_planner_node-3] [WARN] [1791408825.377717319] [upper_planner_node]: egocentric MIQP failed: status=DAQP direct corridor QP infeasible: tried=1 solve_ms=0.316; retaining last published path
[lower_tracking_mpc_node-4] [INFO] [1791408825.746397554] [lower_tracking_mpc_node]: goal stop applied: steer=0 throttle=0 brake=0.700 MAVLink neutral
[upper_planner_node-3] [WARN] [1791408825.875684781] [upper_planner_node]: no valid interval at the measured k=0 state; retaining future horizon=6 reason=3
[lower_tracking_mpc_node-4] [INFO] [1791408825.945323283] [lower_tracking_mpc_node]: MAVLink COMMAND_ACK command=187 result=0
[upper_planner_node-3] [WARN] [1791408826.376156256] [upper_planner_node]: no valid interval at the measured k=0 state; retaining future horizon=6 reason=3
[upper_planner_node-3] [WARN] [1791408826.378173086] [upper_planner_node]: egocentric MIQP failed: status=DAQP direct corridor QP infeasible: tried=1 solve_ms=0.321; retaining last published path
[lower_tracking_mpc_node-4] [INFO] [1791408826.746611521] [lower_tracking_mpc_node]: goal stop applied: steer=0 throttle=0 brake=0.700 MAVLink neutral
[upper_planner_node-3] [WARN] [1791408826.876010880] [upper_planner_node]: no valid interval at the measured k=0 state; retaining future horizon=6 reason=3
[lower_tracking_mpc_node-4] [INFO] [1791408826.995180648] [lower_tracking_mpc_node]: MAVLink COMMAND_ACK command=187 result=0
[upper_planner_node-3] [WARN] [1791408827.376176778] [upper_planner_node]: no valid interval at the measured k=0 state; retaining future horizon=6 reason=3
[lower_tracking_mpc_node-4] [INFO] [1791408827.847577769] [lower_tracking_mpc_node]: goal stop applied: steer=0 throttle=0 brake=0.700 MAVLink neutral
[upper_planner_node-3] [WARN] [1791408827.876313587] [upper_planner_node]: no valid interval at the measured k=0 state; retaining future horizon=6 reason=3
[upper_planner_node-3] [WARN] [1791408827.877964997] [upper_planner_node]: egocentric MIQP failed: status=DAQP direct corridor QP infeasible: tried=1 solve_ms=0.331; retaining last published path
[lower_tracking_mpc_node-4] [INFO] [1791408827.995206962] [lower_tracking_mpc_node]: MAVLink COMMAND_ACK command=187 result=0
[upper_planner_node-3] [WARN] [1791408828.376026030] [upper_planner_node]: no valid interval at the measured k=0 state; retaining future horizon=6 reason=3
[upper_planner_node-3] [WARN] [1791408828.876158263] [upper_planner_node]: no valid interval at the measured k=0 state; retaining future horizon=6 reason=3
[upper_planner_node-3] [WARN] [1791408828.877987246] [upper_planner_node]: egocentric MIQP failed: status=DAQP direct corridor QP infeasible: tried=1 solve_ms=0.330; retaining last published path
[lower_tracking_mpc_node-4] [INFO] [1791408828.946884061] [lower_tracking_mpc_node]: goal stop applied: steer=0 throttle=0 brake=0.700 MAVLink neutral
[lower_tracking_mpc_node-4] [INFO] [1791408828.995226619] [lower_tracking_mpc_node]: MAVLink COMMAND_ACK command=187 result=0
[upper_planner_node-3] [WARN] [1791408829.376025015] [upper_planner_node]: no valid interval at the measured k=0 state; retaining future horizon=6 reason=3
[upper_planner_node-3] [WARN] [1791408829.875933881] [upper_planner_node]: no valid interval at the measured k=0 state; retaining future horizon=6 reason=3
[lower_tracking_mpc_node-4] [INFO] [1791408829.947154127] [lower_tracking_mpc_node]: goal stop applied: steer=0 throttle=0 brake=0.700 MAVLink neutral
[lower_tracking_mpc_node-4] [INFO] [1791408829.995395434] [lower_tracking_mpc_node]: MAVLink COMMAND_ACK command=187 result=0
[upper_planner_node-3] [WARN] [1791408830.376330217] [upper_planner_node]: no valid interval at the measured k=0 state; retaining future horizon=6 reason=3
[upper_planner_node-3] [WARN] [1791408830.378013084] [upper_planner_node]: egocentric MIQP failed: status=DAQP direct corridor QP infeasible: tried=1 solve_ms=0.318; retaining last published path
[upper_planner_node-3] [WARN] [1791408830.876483154] [upper_planner_node]: no valid interval at the measured k=0 state; retaining future horizon=6 reason=3
[lower_tracking_mpc_node-4] [INFO] [1791408830.996266125] [lower_tracking_mpc_node]: MAVLink COMMAND_ACK command=187 result=0
[lower_tracking_mpc_node-4] [INFO] [1791408831.046399041] [lower_tracking_mpc_node]: goal stop applied: steer=0 throttle=0 brake=0.700 MAVLink neutral
[upper_planner_node-3] [WARN] [1791408831.376429141] [upper_planner_node]: no valid interval at the measured k=0 state; retaining future horizon=6 reason=3
[upper_planner_node-3] [WARN] [1791408831.378341519] [upper_planner_node]: egocentric MIQP failed: status=DAQP direct corridor QP infeasible: tried=1 solve_ms=0.335; retaining last published path
[upper_planner_node-3] [WARN] [1791408831.876446874] [upper_planner_node]: no valid interval at the measured k=0 state; retaining future horizon=6 reason=3
[lower_tracking_mpc_node-4] [INFO] [1791408832.045885595] [lower_tracking_mpc_node]: MAVLink COMMAND_ACK command=187 result=0
[lower_tracking_mpc_node-4] [INFO] [1791408832.047508332] [lower_tracking_mpc_node]: goal stop applied: steer=0 throttle=0 brake=0.700 MAVLink neutral
[upper_planner_node-3] [WARN] [1791408832.376315418] [upper_planner_node]: no valid interval at the measured k=0 state; retaining future horizon=6 reason=3
[upper_planner_node-3] [WARN] [1791408832.876174235] [upper_planner_node]: no valid interval at the measured k=0 state; retaining future horizon=6 reason=3
[upper_planner_node-3] [WARN] [1791408832.877999058] [upper_planner_node]: egocentric MIQP failed: status=DAQP direct corridor QP infeasible: tried=1 solve_ms=0.354; retaining last published path
[lower_tracking_mpc_node-4] [INFO] [1791408833.095373508] [lower_tracking_mpc_node]: MAVLink COMMAND_ACK command=187 result=0
[lower_tracking_mpc_node-4] [INFO] [1791408833.146700765] [lower_tracking_mpc_node]: goal stop applied: steer=0 throttle=0 brake=0.700 MAVLink neutral
[upper_planner_node-3] [WARN] [1791408833.376491785] [upper_planner_node]: no valid interval at the measured k=0 state; retaining future horizon=6 reason=3
[upper_planner_node-3] [WARN] [1791408833.876393098] [upper_planner_node]: no valid interval at the measured k=0 state; retaining future horizon=6 reason=3
[upper_planner_node-3] [WARN] [1791408833.878487274] [upper_planner_node]: egocentric MIQP failed: status=DAQP direct corridor QP infeasible: tried=1 solve_ms=0.329; retaining last published path
[lower_tracking_mpc_node-4] [INFO] [1791408834.095453551] [lower_tracking_mpc_node]: MAVLink COMMAND_ACK command=187 result=0
[lower_tracking_mpc_node-4] [INFO] [1791408834.246878700] [lower_tracking_mpc_node]: goal stop applied: steer=0 throttle=0 brake=0.700 MAVLink neutral
[upper_planner_node-3] [WARN] [1791408834.376204105] [upper_planner_node]: no valid interval at the measured k=0 state; retaining future horizon=6 reason=3
[upper_planner_node-3] [WARN] [1791408834.876577240] [upper_planner_node]: no valid interval at the measured k=0 state; retaining future horizon=6 reason=3
[upper_planner_node-3] [WARN] [1791408834.878199914] [upper_planner_node]: egocentric MIQP failed: status=DAQP direct corridor QP infeasible: tried=1 solve_ms=0.320; retaining last published path
[lower_tracking_mpc_node-4] [INFO] [1791408835.095514394] [lower_tracking_mpc_node]: MAVLink COMMAND_ACK command=187 result=0
[lower_tracking_mpc_node-4] [INFO] [1791408835.346580748] [lower_tracking_mpc_node]: goal stop applied: steer=0 throttle=0 brake=0.700 MAVLink neutral
[upper_planner_node-3] [WARN] [1791408835.376519483] [upper_planner_node]: no valid interval at the measured k=0 state; retaining future horizon=6 reason=3
[upper_planner_node-3] [WARN] [1791408835.875986255] [upper_planner_node]: no valid interval at the measured k=0 state; retaining future horizon=6 reason=3
[lower_tracking_mpc_node-4] [INFO] [1791408836.095694696] [lower_tracking_mpc_node]: MAVLink COMMAND_ACK command=187 result=0
[lower_tracking_mpc_node-4] [INFO] [1791408836.346716089] [lower_tracking_mpc_node]: goal stop applied: steer=0 throttle=0 brake=0.700 MAVLink neutral
[upper_planner_node-3] [WARN] [1791408836.376394208] [upper_planner_node]: no valid interval at the measured k=0 state; retaining future horizon=6 reason=3
[upper_planner_node-3] [WARN] [1791408836.379807464] [upper_planner_node]: egocentric MIQP failed: status=DAQP direct corridor QP infeasible: tried=1 solve_ms=0.335; retaining last published path
[upper_planner_node-3] [WARN] [1791408836.876638219] [upper_planner_node]: no valid interval at the measured k=0 state; retaining future horizon=6 reason=3
[lower_tracking_mpc_node-4] [INFO] [1791408837.145748451] [lower_tracking_mpc_node]: MAVLink COMMAND_ACK command=187 result=0
[upper_planner_node-3] [WARN] [1791408837.376556717] [upper_planner_node]: no valid interval at the measured k=0 state; retaining future horizon=6 reason=3
[lower_tracking_mpc_node-4] [INFO] [1791408837.446837510] [lower_tracking_mpc_node]: goal stop applied: steer=0 throttle=0 brake=0.700 MAVLink neutral
[knu_batch_runner.py-5] [INFO] [1791408837.563536963] [knu_batch_runner]: [9/10] scenario3
[upper_planner_node-3] [WARN] [1791408837.876452782] [upper_planner_node]: no valid interval at the measured k=0 state; retaining future horizon=6 reason=3
[upper_planner_node-3] [WARN] [1791408837.877828728] [upper_planner_node]: egocentric MIQP failed: status=DAQP direct corridor QP infeasible: tried=1 solve_ms=0.283; retaining last published path
[lower_tracking_mpc_node-4] [INFO] [1791408838.195610488] [lower_tracking_mpc_node]: MAVLink COMMAND_ACK command=187 result=0
[upper_planner_node-3] [WARN] [1791408838.376472499] [upper_planner_node]: no valid interval at the measured k=0 state; retaining future horizon=6 reason=3
[lower_tracking_mpc_node-4] [INFO] [1791408838.546844400] [lower_tracking_mpc_node]: goal stop applied: steer=0 throttle=0 brake=0.700 MAVLink neutral
[upper_planner_node-3] [WARN] [1791408838.876086956] [upper_planner_node]: no valid interval at the measured k=0 state; retaining future horizon=6 reason=3
[px4_odom_map_bridge-2] [INFO] [1791408838.991221177] [px4_odom_map_bridge]: Map alignment initialized once: source=(291.971039, 154.128830, -0.561798, yaw=-1.427728) yaw_delta=-0.143069 input_frame='map' (treated as PX4 local)
[lower_tracking_mpc_node-4] [WARN] [1791408839.045769620] [lower_tracking_mpc_node]: lower MPC state reset: path/mission/pose/reset event
[lower_tracking_mpc_node-4] [INFO] [1791408839.195740068] [lower_tracking_mpc_node]: MAVLink COMMAND_ACK command=187 result=0
[upper_planner_node-3] [WARN] [1791408839.377373719] [upper_planner_node]: egocentric MIQP failed: status=DAQP direct corridor QP infeasible: tried=9 solve_ms=0.457; retaining last published path
[lower_tracking_mpc_node-4] [INFO] [1791408839.546968892] [lower_tracking_mpc_node]: goal stop applied: steer=0 throttle=0 brake=0.700 MAVLink neutral
[lower_tracking_mpc_node-4] [INFO] [1791408840.245779422] [lower_tracking_mpc_node]: MAVLink COMMAND_ACK command=187 result=0
[upper_planner_node-3] [INFO] [1791408840.355345122] [upper_planner_node]: mission cleared; awaiting path; revision=17
[lower_tracking_mpc_node-4] [WARN] [1791408840.355425444] [lower_tracking_mpc_node]: Rejected lower path: fewer than two distinct path points
[upper_planner_node-3] [WARN] [1791408840.375839345] [upper_planner_node]: planner waiting for global path
[lower_tracking_mpc_node-4] [WARN] [1791408840.446370002] [lower_tracking_mpc_node]: lower MPC state reset: path/mission/pose/reset event
[knu_batch_runner.py-5] [INFO] [1791408840.459333372] [knu_batch_runner]: 273af99685:8:scenario3: mission cleared; awaiting path; revision=17
[upper_planner_node-3] [INFO] [1791408840.465023145] [upper_planner_node]: reference path loaded from /navigation/global_path: 8 points frame=map waypoint_bias=disabled
[lower_tracking_mpc_node-4] [WARN] [1791408840.545982311] [lower_tracking_mpc_node]: lower MPC state reset: path/mission/pose/reset event
[lower_tracking_mpc_node-4] [INFO] [1791408840.547074312] [lower_tracking_mpc_node]: goal stop applied: steer=0 throttle=0 brake=0.700 MAVLink neutral
[upper_planner_node-3] [INFO] [1791408840.876391206] [upper_planner_node]: waypoint pair advanced: [0,1] -> [1,2]; previous reference retained
[lower_tracking_mpc_node-4] [WARN] [1791408840.946200465] [lower_tracking_mpc_node]: lower MPC state reset: path/mission/pose/reset event
[lower_tracking_mpc_node-4] [INFO] [1791408841.245848777] [lower_tracking_mpc_node]: MAVLink COMMAND_ACK command=187 result=0
[lower_tracking_mpc_node-4] [WARN] [1791408841.646150069] [lower_tracking_mpc_node]: lower MPC state reset: path/mission/pose/reset event
[lower_tracking_mpc_node-4] [INFO] [1791408841.647226902] [lower_tracking_mpc_node]: goal stop applied: steer=0 throttle=0 brake=0.700 MAVLink neutral
[lower_tracking_mpc_node-4] [INFO] [1791408842.245858450] [lower_tracking_mpc_node]: MAVLink COMMAND_ACK command=187 result=0
[lower_tracking_mpc_node-4] [INFO] [1791408843.245919388] [lower_tracking_mpc_node]: MAVLink COMMAND_ACK command=187 result=0
[lower_tracking_mpc_node-4] [INFO] [1791408844.245925220] [lower_tracking_mpc_node]: MAVLink COMMAND_ACK command=187 result=0
[lower_tracking_mpc_node-4] [INFO] [1791408845.295808922] [lower_tracking_mpc_node]: MAVLink COMMAND_ACK command=187 result=0
[lower_tracking_mpc_node-4] [INFO] [1791408846.295920901] [lower_tracking_mpc_node]: MAVLink COMMAND_ACK command=187 result=0
[lower_tracking_mpc_node-4] [INFO] [1791408847.295955247] [lower_tracking_mpc_node]: MAVLink COMMAND_ACK command=187 result=0
[lower_tracking_mpc_node-4] [WARN] [1791408847.946326447] [lower_tracking_mpc_node]: lower MPC state reset: path/mission/pose/reset event
[lower_tracking_mpc_node-4] [INFO] [1791408848.296108859] [lower_tracking_mpc_node]: MAVLink COMMAND_ACK command=187 result=0
[upper_planner_node-3] [INFO] [1791408848.376604139] [upper_planner_node]: waypoint pair advanced: [1,2] -> [2,3]; previous reference retained
[lower_tracking_mpc_node-4] [WARN] [1791408848.946196627] [lower_tracking_mpc_node]: lower MPC state reset: path/mission/pose/reset event
[lower_tracking_mpc_node-4] [INFO] [1791408849.346052786] [lower_tracking_mpc_node]: MAVLink COMMAND_ACK command=187 result=0
[lower_tracking_mpc_node-4] [WARN] [1791408849.446200216] [lower_tracking_mpc_node]: lower MPC state reset: path/mission/pose/reset event
[lower_tracking_mpc_node-4] [WARN] [1791408849.946249917] [lower_tracking_mpc_node]: lower MPC state reset: path/mission/pose/reset event
[lower_tracking_mpc_node-4] [INFO] [1791408850.346152446] [lower_tracking_mpc_node]: MAVLink COMMAND_ACK command=187 result=0
[lower_tracking_mpc_node-4] [INFO] [1791408851.396579907] [lower_tracking_mpc_node]: MAVLink COMMAND_ACK command=187 result=0
[lower_tracking_mpc_node-4] [INFO] [1791408852.446723424] [lower_tracking_mpc_node]: MAVLink COMMAND_ACK command=187 result=0
[upper_planner_node-3] [INFO] [1791408853.376313035] [upper_planner_node]: waypoint pair advanced: [2,3] -> [3,4]; previous reference retained
[lower_tracking_mpc_node-4] [INFO] [1791408853.496145543] [lower_tracking_mpc_node]: MAVLink COMMAND_ACK command=187 result=0
[lower_tracking_mpc_node-4] [INFO] [1791408854.496163535] [lower_tracking_mpc_node]: MAVLink COMMAND_ACK command=187 result=0
[lower_tracking_mpc_node-4] [INFO] [1791408855.546371278] [lower_tracking_mpc_node]: MAVLink COMMAND_ACK command=187 result=0
[lower_tracking_mpc_node-4] [INFO] [1791408856.596120671] [lower_tracking_mpc_node]: MAVLink COMMAND_ACK command=187 result=0
[lower_tracking_mpc_node-4] [INFO] [1791408857.596135559] [lower_tracking_mpc_node]: MAVLink COMMAND_ACK command=187 result=0
[upper_planner_node-3] [INFO] [1791408857.877092006] [upper_planner_node]: waypoint pair advanced: [3,4] -> [4,5]; previous reference retained
[lower_tracking_mpc_node-4] [WARN] [1791408857.946728556] [lower_tracking_mpc_node]: lower MPC state reset: path/mission/pose/reset event
[lower_tracking_mpc_node-4] [INFO] [1791408858.596226130] [lower_tracking_mpc_node]: MAVLink COMMAND_ACK command=187 result=0
[lower_tracking_mpc_node-4] [INFO] [1791408859.596242778] [lower_tracking_mpc_node]: MAVLink COMMAND_ACK command=187 result=0
[lower_tracking_mpc_node-4] [INFO] [1791408860.596318212] [lower_tracking_mpc_node]: MAVLink COMMAND_ACK command=187 result=0
[lower_tracking_mpc_node-4] [INFO] [1791408861.596333772] [lower_tracking_mpc_node]: MAVLink COMMAND_ACK command=187 result=0
[lower_tracking_mpc_node-4] [WARN] [1791408861.946686122] [lower_tracking_mpc_node]: lower MPC state reset: path/mission/pose/reset event
[lower_tracking_mpc_node-4] [INFO] [1791408862.596420375] [lower_tracking_mpc_node]: MAVLink COMMAND_ACK command=187 result=0
[upper_planner_node-3] [INFO] [1791408862.876924136] [upper_planner_node]: waypoint pair advanced: [4,5] -> [5,6]; previous reference retained
[lower_tracking_mpc_node-4] [WARN] [1791408863.446642900] [lower_tracking_mpc_node]: lower MPC state reset: path/mission/pose/reset event
[lower_tracking_mpc_node-4] [INFO] [1791408863.596548130] [lower_tracking_mpc_node]: MAVLink COMMAND_ACK command=187 result=0
[lower_tracking_mpc_node-4] [WARN] [1791408863.946776252] [lower_tracking_mpc_node]: lower MPC state reset: path/mission/pose/reset event
[lower_tracking_mpc_node-4] [INFO] [1791408864.646394774] [lower_tracking_mpc_node]: MAVLink COMMAND_ACK command=187 result=0
[lower_tracking_mpc_node-4] [WARN] [1791408865.446827945] [lower_tracking_mpc_node]: lower MPC state reset: path/mission/pose/reset event
[lower_tracking_mpc_node-4] [INFO] [1791408865.646495296] [lower_tracking_mpc_node]: MAVLink COMMAND_ACK command=187 result=0
[lower_tracking_mpc_node-4] [WARN] [1791408865.946762763] [lower_tracking_mpc_node]: lower MPC state reset: path/mission/pose/reset event
[lower_tracking_mpc_node-4] [INFO] [1791408866.646565706] [lower_tracking_mpc_node]: MAVLink COMMAND_ACK command=187 result=0
[upper_planner_node-3] [INFO] [1791408866.877417558] [upper_planner_node]: waypoint pair advanced: [5,6] -> [6,7]; previous reference retained
[lower_tracking_mpc_node-4] [WARN] [1791408867.446815960] [lower_tracking_mpc_node]: lower MPC state reset: path/mission/pose/reset event
[lower_tracking_mpc_node-4] [INFO] [1791408867.646648980] [lower_tracking_mpc_node]: MAVLink COMMAND_ACK command=187 result=0
[lower_tracking_mpc_node-4] [WARN] [1791408868.446956836] [lower_tracking_mpc_node]: lower MPC state reset: path/mission/pose/reset event
[lower_tracking_mpc_node-4] [INFO] [1791408868.646789600] [lower_tracking_mpc_node]: MAVLink COMMAND_ACK command=187 result=0
[lower_tracking_mpc_node-4] [INFO] [1791408869.696818617] [lower_tracking_mpc_node]: MAVLink COMMAND_ACK command=187 result=0
[lower_tracking_mpc_node-4] [INFO] [1791408870.696892258] [lower_tracking_mpc_node]: MAVLink COMMAND_ACK command=187 result=0
[lower_tracking_mpc_node-4] [INFO] [1791408871.697183507] [lower_tracking_mpc_node]: MAVLink COMMAND_ACK command=187 result=0
[lower_tracking_mpc_node-4] [INFO] [1791408872.746648058] [lower_tracking_mpc_node]: MAVLink COMMAND_ACK command=187 result=0
[upper_planner_node-3] [WARN] [1791408872.877831983] [upper_planner_node]: interval_diag step=6 reason=3 ref_body=(26.886,2.495) heading_deg=5.40 center_cell=(86,71) center_value=100 line_free=0 blocked=402 unknown=0 outside=1 longest_run=0 min_run=2 grid_free=2272 zero=2272 positive=14112 unknown=0 topic=/bev/occupancy_grid frame=Vehicle origin=(0.000,-20.000) origin_yaw_deg=0.00 size=128x128 res=0.3125 positive_is_drivable=0 threshold=1 waypoint_bias=0 previous=1
[upper_planner_node-3] [WARN] [1791408872.878431233] [upper_planner_node]: no valid preview interval at step=6; usable horizon=5 reason=3
[upper_planner_node-3] [WARN] [1791408872.878562085] [upper_planner_node]: horizon_diag configured=6 extent_limit=6 requested=6 usable=5 reserve=1 restore=1 step_m=4.500 previous=1
[upper_planner_node-3] [WARN] [1791408873.377639885] [upper_planner_node]: no valid preview interval at step=6; usable horizon=5 reason=3
[lower_tracking_mpc_node-4] [INFO] [1791408873.746860648] [lower_tracking_mpc_node]: MAVLink COMMAND_ACK command=187 result=0
[upper_planner_node-3] [WARN] [1791408873.877820150] [upper_planner_node]: no valid preview interval at step=5; usable horizon=4 reason=3
[upper_planner_node-3] [WARN] [1791408873.878337478] [upper_planner_node]: no valid preview interval at step=6; usable horizon=4 reason=3
[upper_planner_node-3] [WARN] [1791408874.377819610] [upper_planner_node]: no valid preview interval at step=5; usable horizon=4 reason=3
[upper_planner_node-3] [WARN] [1791408874.378708373] [upper_planner_node]: no valid preview interval at step=6; usable horizon=4 reason=3
[lower_tracking_mpc_node-4] [INFO] [1791408874.796660218] [lower_tracking_mpc_node]: MAVLink COMMAND_ACK command=187 result=0
[upper_planner_node-3] [WARN] [1791408874.879673526] [upper_planner_node]: interval_diag step=4 reason=3 ref_body=(18.000,-0.113) heading_deg=-0.36 center_cell=(57,63) center_value=100 line_free=0 blocked=401 unknown=0 outside=1 longest_run=0 min_run=2 grid_free=1363 zero=1363 positive=15021 unknown=0 topic=/bev/occupancy_grid frame=Vehicle origin=(0.000,-20.000) origin_yaw_deg=0.00 size=128x128 res=0.3125 positive_is_drivable=0 threshold=1 waypoint_bias=0 previous=0
[upper_planner_node-3] [WARN] [1791408874.880321865] [upper_planner_node]: no valid preview interval at step=4; usable horizon=3 reason=3
[upper_planner_node-3] [WARN] [1791408874.880533296] [upper_planner_node]: no valid preview interval at step=5; usable horizon=3 reason=3
[upper_planner_node-3] [WARN] [1791408874.880685941] [upper_planner_node]: no valid preview interval at step=6; usable horizon=3 reason=3
[upper_planner_node-3] [WARN] [1791408874.880780215] [upper_planner_node]: horizon_diag configured=6 extent_limit=6 requested=6 usable=3 reserve=1 restore=1 step_m=4.500 previous=0
[knu_batch_runner.py-5] [INFO] [1791408875.365494378] [knu_batch_runner]: scenario3: completed 
[upper_planner_node-3] [WARN] [1791408875.378099626] [upper_planner_node]: no valid preview interval at step=4; usable horizon=3 reason=3
[upper_planner_node-3] [WARN] [1791408875.378690812] [upper_planner_node]: no valid preview interval at step=5; usable horizon=3 reason=3
[upper_planner_node-3] [WARN] [1791408875.378864001] [upper_planner_node]: no valid preview interval at step=6; usable horizon=3 reason=3
[lower_tracking_mpc_node-4] [INFO] [1791408875.447600523] [lower_tracking_mpc_node]: goal stop applied: steer=0 throttle=0 brake=0.700 MAVLink neutral
[lower_tracking_mpc_node-4] [INFO] [1791408875.796769540] [lower_tracking_mpc_node]: MAVLink COMMAND_ACK command=187 result=0
[upper_planner_node-3] [WARN] [1791408875.877817733] [upper_planner_node]: no valid preview interval at step=3; usable horizon=2 reason=3
[upper_planner_node-3] [WARN] [1791408875.878446328] [upper_planner_node]: no valid preview interval at step=4; usable horizon=2 reason=3
[upper_planner_node-3] [WARN] [1791408875.878706176] [upper_planner_node]: no valid preview interval at step=5; usable horizon=2 reason=3
[upper_planner_node-3] [WARN] [1791408875.878913958] [upper_planner_node]: no valid preview interval at step=6; usable horizon=2 reason=3
[lower_tracking_mpc_node-4] [WARN] [1791408875.946846552] [lower_tracking_mpc_node]: lower MPC state reset: path/mission/pose/reset event
[upper_planner_node-3] [WARN] [1791408876.377277080] [upper_planner_node]: no valid preview interval at step=2; usable horizon=1 reason=3
[upper_planner_node-3] [WARN] [1791408876.377620706] [upper_planner_node]: no valid preview interval at step=3; usable horizon=1 reason=3
[upper_planner_node-3] [WARN] [1791408876.377795400] [upper_planner_node]: no valid preview interval at step=4; usable horizon=1 reason=3
[upper_planner_node-3] [WARN] [1791408876.377952940] [upper_planner_node]: no valid preview interval at step=5; usable horizon=1 reason=3
[upper_planner_node-3] [WARN] [1791408876.378182963] [upper_planner_node]: no valid preview interval at step=6; usable horizon=1 reason=3
[lower_tracking_mpc_node-4] [INFO] [1791408876.548163428] [lower_tracking_mpc_node]: goal stop applied: steer=0 throttle=0 brake=0.700 MAVLink neutral
[lower_tracking_mpc_node-4] [INFO] [1791408876.796880399] [lower_tracking_mpc_node]: MAVLink COMMAND_ACK command=187 result=0
[upper_planner_node-3] [WARN] [1791408876.877947888] [upper_planner_node]: no valid preview interval at step=2; usable horizon=1 reason=3
[upper_planner_node-3] [WARN] [1791408876.878603268] [upper_planner_node]: no valid preview interval at step=3; usable horizon=1 reason=3
[upper_planner_node-3] [WARN] [1791408876.878838123] [upper_planner_node]: no valid preview interval at step=4; usable horizon=1 reason=3
[upper_planner_node-3] [WARN] [1791408876.879007280] [upper_planner_node]: no valid preview interval at step=5; usable horizon=1 reason=3
[upper_planner_node-3] [WARN] [1791408876.879165621] [upper_planner_node]: no valid preview interval at step=6; usable horizon=1 reason=3
[lower_tracking_mpc_node-4] [WARN] [1791408876.947373967] [lower_tracking_mpc_node]: lower MPC state reset: path/mission/pose/reset event
[upper_planner_node-3] [WARN] [1791408877.378800589] [upper_planner_node]: egocentric MIQP failed: status=DAQP direct corridor QP infeasible: tried=1 solve_ms=0.336; retaining last published path
[lower_tracking_mpc_node-4] [INFO] [1791408877.548332944] [lower_tracking_mpc_node]: goal stop applied: steer=0 throttle=0 brake=0.700 MAVLink neutral
[lower_tracking_mpc_node-4] [INFO] [1791408877.796917175] [lower_tracking_mpc_node]: MAVLink COMMAND_ACK command=187 result=0
[upper_planner_node-3] [WARN] [1791408877.877238273] [upper_planner_node]: no valid interval at the measured k=0 state; retaining future horizon=6 reason=3
[upper_planner_node-3] [WARN] [1791408878.377722836] [upper_planner_node]: no valid interval at the measured k=0 state; retaining future horizon=6 reason=3
[upper_planner_node-3] [WARN] [1791408878.379048764] [upper_planner_node]: egocentric MIQP failed: status=DAQP direct corridor QP infeasible: tried=1 solve_ms=0.210; retaining last published path
[lower_tracking_mpc_node-4] [INFO] [1791408878.549470682] [lower_tracking_mpc_node]: goal stop applied: steer=0 throttle=0 brake=0.700 MAVLink neutral
[lower_tracking_mpc_node-4] [INFO] [1791408878.796928895] [lower_tracking_mpc_node]: MAVLink COMMAND_ACK command=187 result=0
[upper_planner_node-3] [WARN] [1791408878.877256585] [upper_planner_node]: no valid interval at the measured k=0 state; retaining future horizon=6 reason=3
[upper_planner_node-3] [WARN] [1791408879.377635064] [upper_planner_node]: no valid interval at the measured k=0 state; retaining future horizon=6 reason=3
[upper_planner_node-3] [WARN] [1791408879.379249097] [upper_planner_node]: egocentric MIQP failed: status=DAQP direct corridor QP infeasible: tried=1 solve_ms=0.284; retaining last published path
[lower_tracking_mpc_node-4] [INFO] [1791408879.648213180] [lower_tracking_mpc_node]: goal stop applied: steer=0 throttle=0 brake=0.700 MAVLink neutral
[lower_tracking_mpc_node-4] [INFO] [1791408879.846802930] [lower_tracking_mpc_node]: MAVLink COMMAND_ACK command=187 result=0
[upper_planner_node-3] [WARN] [1791408879.878227406] [upper_planner_node]: no valid interval at the measured k=0 state; retaining future horizon=6 reason=3
[upper_planner_node-3] [WARN] [1791408880.378664735] [upper_planner_node]: no valid interval at the measured k=0 state; retaining future horizon=6 reason=3
[upper_planner_node-3] [WARN] [1791408880.382716122] [upper_planner_node]: egocentric MIQP failed: status=DAQP direct corridor QP infeasible: tried=1 solve_ms=0.307; retaining last published path
[lower_tracking_mpc_node-4] [INFO] [1791408880.747714164] [lower_tracking_mpc_node]: goal stop applied: steer=0 throttle=0 brake=0.700 MAVLink neutral
[lower_tracking_mpc_node-4] [INFO] [1791408880.847789271] [lower_tracking_mpc_node]: MAVLink COMMAND_ACK command=187 result=0
[upper_planner_node-3] [WARN] [1791408880.877621507] [upper_planner_node]: no valid interval at the measured k=0 state; retaining future horizon=6 reason=3
[upper_planner_node-3] [WARN] [1791408881.377964912] [upper_planner_node]: no valid interval at the measured k=0 state; retaining future horizon=6 reason=3
[lower_tracking_mpc_node-4] [INFO] [1791408881.847910594] [lower_tracking_mpc_node]: goal stop applied: steer=0 throttle=0 brake=0.700 MAVLink neutral
[upper_planner_node-3] [WARN] [1791408881.879215706] [upper_planner_node]: no valid interval at the measured k=0 state; retaining future horizon=6 reason=3
[upper_planner_node-3] [WARN] [1791408881.880785930] [upper_planner_node]: egocentric MIQP failed: status=DAQP direct corridor QP infeasible: tried=1 solve_ms=0.311; retaining last published path
[lower_tracking_mpc_node-4] [INFO] [1791408881.896826642] [lower_tracking_mpc_node]: MAVLink COMMAND_ACK command=187 result=0
[upper_planner_node-3] [WARN] [1791408882.377269218] [upper_planner_node]: no valid interval at the measured k=0 state; retaining future horizon=6 reason=3
[lower_tracking_mpc_node-4] [INFO] [1791408882.848149168] [lower_tracking_mpc_node]: goal stop applied: steer=0 throttle=0 brake=0.700 MAVLink neutral
[upper_planner_node-3] [WARN] [1791408882.877468460] [upper_planner_node]: no valid interval at the measured k=0 state; retaining future horizon=6 reason=3
[lower_tracking_mpc_node-4] [INFO] [1791408882.897045375] [lower_tracking_mpc_node]: MAVLink COMMAND_ACK command=187 result=0
[upper_planner_node-3] [WARN] [1791408883.379609073] [upper_planner_node]: no valid interval at the measured k=0 state; retaining future horizon=6 reason=3
[upper_planner_node-3] [WARN] [1791408883.381271203] [upper_planner_node]: egocentric MIQP failed: status=DAQP direct corridor QP infeasible: tried=1 solve_ms=0.314; retaining last published path
[upper_planner_node-3] [WARN] [1791408883.877785373] [upper_planner_node]: no valid interval at the measured k=0 state; retaining future horizon=6 reason=3
[lower_tracking_mpc_node-4] [INFO] [1791408883.947163130] [lower_tracking_mpc_node]: MAVLink COMMAND_ACK command=187 result=0
[lower_tracking_mpc_node-4] [INFO] [1791408883.948824461] [lower_tracking_mpc_node]: goal stop applied: steer=0 throttle=0 brake=0.700 MAVLink neutral
[upper_planner_node-3] [WARN] [1791408884.377318674] [upper_planner_node]: no valid interval at the measured k=0 state; retaining future horizon=6 reason=3
[upper_planner_node-3] [WARN] [1791408884.878599676] [upper_planner_node]: no valid interval at the measured k=0 state; retaining future horizon=6 reason=3
[upper_planner_node-3] [WARN] [1791408884.879501336] [upper_planner_node]: egocentric MIQP failed: status=DAQP direct corridor QP infeasible: tried=1 solve_ms=0.151; retaining last published path
[lower_tracking_mpc_node-4] [INFO] [1791408884.948034972] [lower_tracking_mpc_node]: MAVLink COMMAND_ACK command=187 result=0
[lower_tracking_mpc_node-4] [INFO] [1791408884.950681740] [lower_tracking_mpc_node]: goal stop applied: steer=0 throttle=0 brake=0.700 MAVLink neutral
[upper_planner_node-3] [WARN] [1791408885.377932012] [upper_planner_node]: no valid interval at the measured k=0 state; retaining future horizon=6 reason=3
[upper_planner_node-3] [WARN] [1791408885.877460737] [upper_planner_node]: no valid interval at the measured k=0 state; retaining future horizon=6 reason=3
[lower_tracking_mpc_node-4] [INFO] [1791408885.997142328] [lower_tracking_mpc_node]: MAVLink COMMAND_ACK command=187 result=0
[lower_tracking_mpc_node-4] [INFO] [1791408886.048112070] [lower_tracking_mpc_node]: goal stop applied: steer=0 throttle=0 brake=0.700 MAVLink neutral
[upper_planner_node-3] [WARN] [1791408886.377998548] [upper_planner_node]: no valid interval at the measured k=0 state; retaining future horizon=6 reason=3
[upper_planner_node-3] [WARN] [1791408886.379657671] [upper_planner_node]: egocentric MIQP failed: status=DAQP direct corridor QP infeasible: tried=1 solve_ms=0.321; retaining last published path
[upper_planner_node-3] [WARN] [1791408886.877497801] [upper_planner_node]: no valid interval at the measured k=0 state; retaining future horizon=6 reason=3
[lower_tracking_mpc_node-4] [INFO] [1791408886.998088987] [lower_tracking_mpc_node]: MAVLink COMMAND_ACK command=187 result=0
[lower_tracking_mpc_node-4] [INFO] [1791408887.148322836] [lower_tracking_mpc_node]: goal stop applied: steer=0 throttle=0 brake=0.700 MAVLink neutral
[upper_planner_node-3] [WARN] [1791408887.379036827] [upper_planner_node]: no valid interval at the measured k=0 state; retaining future horizon=6 reason=3
[upper_planner_node-3] [WARN] [1791408887.380913108] [upper_planner_node]: egocentric MIQP failed: status=DAQP direct corridor QP infeasible: tried=1 solve_ms=0.345; retaining last published path
[upper_planner_node-3] [WARN] [1791408887.877891452] [upper_planner_node]: no valid interval at the measured k=0 state; retaining future horizon=6 reason=3
[lower_tracking_mpc_node-4] [INFO] [1791408888.047272442] [lower_tracking_mpc_node]: MAVLink COMMAND_ACK command=187 result=0
[lower_tracking_mpc_node-4] [INFO] [1791408888.148616387] [lower_tracking_mpc_node]: goal stop applied: steer=0 throttle=0 brake=0.700 MAVLink neutral
[upper_planner_node-3] [WARN] [1791408888.377899775] [upper_planner_node]: no valid interval at the measured k=0 state; retaining future horizon=6 reason=3
[upper_planner_node-3] [WARN] [1791408888.877952900] [upper_planner_node]: no valid interval at the measured k=0 state; retaining future horizon=6 reason=3
[upper_planner_node-3] [WARN] [1791408888.881095140] [upper_planner_node]: egocentric MIQP failed: status=DAQP direct corridor QP infeasible: tried=1 solve_ms=0.320; retaining last published path
[lower_tracking_mpc_node-4] [INFO] [1791408889.097200687] [lower_tracking_mpc_node]: MAVLink COMMAND_ACK command=187 result=0
[lower_tracking_mpc_node-4] [INFO] [1791408889.248226847] [lower_tracking_mpc_node]: goal stop applied: steer=0 throttle=0 brake=0.700 MAVLink neutral
[upper_planner_node-3] [WARN] [1791408889.377532155] [upper_planner_node]: no valid interval at the measured k=0 state; retaining future horizon=6 reason=3
[upper_planner_node-3] [WARN] [1791408889.877596992] [upper_planner_node]: no valid interval at the measured k=0 state; retaining future horizon=6 reason=3
[lower_tracking_mpc_node-4] [INFO] [1791408890.147359467] [lower_tracking_mpc_node]: MAVLink COMMAND_ACK command=187 result=0
[lower_tracking_mpc_node-4] [INFO] [1791408890.348223622] [lower_tracking_mpc_node]: goal stop applied: steer=0 throttle=0 brake=0.700 MAVLink neutral
[upper_planner_node-3] [WARN] [1791408890.377637829] [upper_planner_node]: no valid interval at the measured k=0 state; retaining future horizon=6 reason=3
[upper_planner_node-3] [WARN] [1791408890.378652036] [upper_planner_node]: egocentric MIQP failed: status=DAQP direct corridor QP infeasible: tried=1 solve_ms=0.162; retaining last published path
[upper_planner_node-3] [WARN] [1791408890.878512483] [upper_planner_node]: no valid interval at the measured k=0 state; retaining future horizon=6 reason=3
[lower_tracking_mpc_node-4] [INFO] [1791408891.197177276] [lower_tracking_mpc_node]: MAVLink COMMAND_ACK command=187 result=0
[lower_tracking_mpc_node-4] [INFO] [1791408891.348343953] [lower_tracking_mpc_node]: goal stop applied: steer=0 throttle=0 brake=0.700 MAVLink neutral
[upper_planner_node-3] [WARN] [1791408891.378331265] [upper_planner_node]: no valid interval at the measured k=0 state; retaining future horizon=6 reason=3
[upper_planner_node-3] [WARN] [1791408891.380074678] [upper_planner_node]: egocentric MIQP failed: status=DAQP direct corridor QP infeasible: tried=1 solve_ms=0.324; retaining last published path
[upper_planner_node-3] [WARN] [1791408891.878313348] [upper_planner_node]: no valid interval at the measured k=0 state; retaining future horizon=6 reason=3
[lower_tracking_mpc_node-4] [INFO] [1791408892.197365321] [lower_tracking_mpc_node]: MAVLink COMMAND_ACK command=187 result=0
[lower_tracking_mpc_node-4] [INFO] [1791408892.348412538] [lower_tracking_mpc_node]: goal stop applied: steer=0 throttle=0 brake=0.700 MAVLink neutral
[upper_planner_node-3] [WARN] [1791408892.378125025] [upper_planner_node]: no valid interval at the measured k=0 state; retaining future horizon=6 reason=3
[upper_planner_node-3] [WARN] [1791408892.382823088] [upper_planner_node]: egocentric MIQP failed: status=DAQP direct corridor QP infeasible: tried=1 solve_ms=0.316; retaining last published path
[upper_planner_node-3] [WARN] [1791408892.878232552] [upper_planner_node]: no valid interval at the measured k=0 state; retaining future horizon=6 reason=3
[lower_tracking_mpc_node-4] [INFO] [1791408893.247353312] [lower_tracking_mpc_node]: MAVLink COMMAND_ACK command=187 result=0
[lower_tracking_mpc_node-4] [INFO] [1791408893.348509187] [lower_tracking_mpc_node]: goal stop applied: steer=0 throttle=0 brake=0.700 MAVLink neutral
[upper_planner_node-3] [WARN] [1791408893.378133864] [upper_planner_node]: no valid interval at the measured k=0 state; retaining future horizon=6 reason=3
[upper_planner_node-3] [WARN] [1791408893.878735038] [upper_planner_node]: no valid interval at the measured k=0 state; retaining future horizon=6 reason=3
[upper_planner_node-3] [WARN] [1791408893.879916834] [upper_planner_node]: egocentric MIQP failed: status=DAQP direct corridor QP infeasible: tried=1 solve_ms=0.167; retaining last published path
[lower_tracking_mpc_node-4] [INFO] [1791408894.247484330] [lower_tracking_mpc_node]: MAVLink COMMAND_ACK command=187 result=0
[upper_planner_node-3] [WARN] [1791408894.378297780] [upper_planner_node]: no valid interval at the measured k=0 state; retaining future horizon=6 reason=3
[lower_tracking_mpc_node-4] [INFO] [1791408894.448572941] [lower_tracking_mpc_node]: goal stop applied: steer=0 throttle=0 brake=0.700 MAVLink neutral
[upper_planner_node-3] [WARN] [1791408894.878164851] [upper_planner_node]: no valid interval at the measured k=0 state; retaining future horizon=6 reason=3
[lower_tracking_mpc_node-4] [INFO] [1791408895.297250906] [lower_tracking_mpc_node]: MAVLink COMMAND_ACK command=187 result=0
[upper_planner_node-3] [WARN] [1791408895.378467520] [upper_planner_node]: no valid interval at the measured k=0 state; retaining future horizon=6 reason=3
[upper_planner_node-3] [WARN] [1791408895.382825220] [upper_planner_node]: egocentric MIQP failed: status=DAQP direct corridor QP infeasible: tried=1 solve_ms=0.730; retaining last published path
[lower_tracking_mpc_node-4] [INFO] [1791408895.547777596] [lower_tracking_mpc_node]: goal stop applied: steer=0 throttle=0 brake=0.700 MAVLink neutral
[upper_planner_node-3] [WARN] [1791408895.877692395] [upper_planner_node]: no valid interval at the measured k=0 state; retaining future horizon=6 reason=3
[knu_batch_runner.py-5] [INFO] [1791408896.165392023] [knu_batch_runner]: [10/10] scenario3
[lower_tracking_mpc_node-4] [INFO] [1791408896.297688686] [lower_tracking_mpc_node]: MAVLink COMMAND_ACK command=187 result=0
[upper_planner_node-3] [WARN] [1791408896.378428229] [upper_planner_node]: no valid interval at the measured k=0 state; retaining future horizon=6 reason=3
[lower_tracking_mpc_node-4] [INFO] [1791408896.548538585] [lower_tracking_mpc_node]: goal stop applied: steer=0 throttle=0 brake=0.700 MAVLink neutral
[upper_planner_node-3] [WARN] [1791408896.878861813] [upper_planner_node]: no valid interval at the measured k=0 state; retaining future horizon=6 reason=3
[upper_planner_node-3] [WARN] [1791408896.881998197] [upper_planner_node]: egocentric MIQP failed: status=DAQP direct corridor QP infeasible: tried=1 solve_ms=0.314; retaining last published path
[lower_tracking_mpc_node-4] [INFO] [1791408897.347396476] [lower_tracking_mpc_node]: MAVLink COMMAND_ACK command=187 result=0
[upper_planner_node-3] [WARN] [1791408897.378543471] [upper_planner_node]: no valid interval at the measured k=0 state; retaining future horizon=6 reason=3
[px4_odom_map_bridge-2] [INFO] [1791408897.487983087] [px4_odom_map_bridge]: Map alignment initialized once: source=(403.969757, 150.599625, -0.778931, yaw=1.111102) yaw_delta=-2.681898 input_frame='map' (treated as PX4 local)
[lower_tracking_mpc_node-4] [WARN] [1791408897.547690086] [lower_tracking_mpc_node]: lower MPC state reset: path/mission/pose/reset event
[lower_tracking_mpc_node-4] [INFO] [1791408897.548847401] [lower_tracking_mpc_node]: goal stop applied: steer=0 throttle=0 brake=0.700 MAVLink neutral
[lower_tracking_mpc_node-4] [INFO] [1791408898.347688107] [lower_tracking_mpc_node]: MAVLink COMMAND_ACK command=187 result=0
[upper_planner_node-3] [WARN] [1791408898.379196073] [upper_planner_node]: egocentric MIQP failed: status=DAQP direct corridor QP infeasible: tried=9 solve_ms=0.455; retaining last published path
[lower_tracking_mpc_node-4] [INFO] [1791408898.647963862] [lower_tracking_mpc_node]: goal stop applied: steer=0 throttle=0 brake=0.700 MAVLink neutral
[upper_planner_node-3] [INFO] [1791408898.858312210] [upper_planner_node]: mission cleared; awaiting path; revision=19
[lower_tracking_mpc_node-4] [WARN] [1791408898.859728093] [lower_tracking_mpc_node]: Rejected lower path: fewer than two distinct path points
[upper_planner_node-3] [WARN] [1791408898.877730848] [upper_planner_node]: planner waiting for global path
[lower_tracking_mpc_node-4] [WARN] [1791408898.948005817] [lower_tracking_mpc_node]: lower MPC state reset: path/mission/pose/reset event
[knu_batch_runner.py-5] [INFO] [1791408898.956744803] [knu_batch_runner]: 273af99685:9:scenario3: mission cleared; awaiting path; revision=19
[upper_planner_node-3] [INFO] [1791408898.959396211] [upper_planner_node]: reference path loaded from /navigation/global_path: 8 points frame=map waypoint_bias=disabled
[lower_tracking_mpc_node-4] [WARN] [1791408899.047775251] [lower_tracking_mpc_node]: lower MPC state reset: path/mission/pose/reset event
[upper_planner_node-3] [INFO] [1791408899.378404312] [upper_planner_node]: waypoint pair advanced: [0,1] -> [1,2]; previous reference retained
[lower_tracking_mpc_node-4] [INFO] [1791408899.397494076] [lower_tracking_mpc_node]: MAVLink COMMAND_ACK command=187 result=0
[lower_tracking_mpc_node-4] [WARN] [1791408899.447803318] [lower_tracking_mpc_node]: lower MPC state reset: path/mission/pose/reset event
[lower_tracking_mpc_node-4] [INFO] [1791408899.648577871] [lower_tracking_mpc_node]: goal stop applied: steer=0 throttle=0 brake=0.700 MAVLink neutral
[lower_tracking_mpc_node-4] [WARN] [1791408900.147972032] [lower_tracking_mpc_node]: lower MPC state reset: path/mission/pose/reset event
[lower_tracking_mpc_node-4] [INFO] [1791408900.397550628] [lower_tracking_mpc_node]: MAVLink COMMAND_ACK command=187 result=0
[lower_tracking_mpc_node-4] [INFO] [1791408901.447578460] [lower_tracking_mpc_node]: MAVLink COMMAND_ACK command=187 result=0
[lower_tracking_mpc_node-4] [INFO] [1791408902.497583379] [lower_tracking_mpc_node]: MAVLink COMMAND_ACK command=187 result=0
[lower_tracking_mpc_node-4] [INFO] [1791408903.497587769] [lower_tracking_mpc_node]: MAVLink COMMAND_ACK command=187 result=0
[lower_tracking_mpc_node-4] [INFO] [1791408904.497829671] [lower_tracking_mpc_node]: MAVLink COMMAND_ACK command=187 result=0
[lower_tracking_mpc_node-4] [INFO] [1791408905.547804669] [lower_tracking_mpc_node]: MAVLink COMMAND_ACK command=187 result=0
[lower_tracking_mpc_node-4] [WARN] [1791408906.449048361] [lower_tracking_mpc_node]: lower MPC state reset: path/mission/pose/reset event
[lower_tracking_mpc_node-4] [INFO] [1791408906.547875110] [lower_tracking_mpc_node]: MAVLink COMMAND_ACK command=187 result=0
[upper_planner_node-3] [INFO] [1791408906.879269410] [upper_planner_node]: waypoint pair advanced: [1,2] -> [2,3]; previous reference retained
[lower_tracking_mpc_node-4] [WARN] [1791408907.448037936] [lower_tracking_mpc_node]: lower MPC state reset: path/mission/pose/reset event
[lower_tracking_mpc_node-4] [INFO] [1791408907.597798906] [lower_tracking_mpc_node]: MAVLink COMMAND_ACK command=187 result=0
[lower_tracking_mpc_node-4] [WARN] [1791408907.948336732] [lower_tracking_mpc_node]: lower MPC state reset: path/mission/pose/reset event
[lower_tracking_mpc_node-4] [WARN] [1791408908.447933779] [lower_tracking_mpc_node]: lower MPC state reset: path/mission/pose/reset event
[lower_tracking_mpc_node-4] [INFO] [1791408908.647685869] [lower_tracking_mpc_node]: MAVLink COMMAND_ACK command=187 result=0
[lower_tracking_mpc_node-4] [INFO] [1791408909.647759573] [lower_tracking_mpc_node]: MAVLink COMMAND_ACK command=187 result=0
[lower_tracking_mpc_node-4] [INFO] [1791408910.647950305] [lower_tracking_mpc_node]: MAVLink COMMAND_ACK command=187 result=0
[lower_tracking_mpc_node-4] [INFO] [1791408911.648883652] [lower_tracking_mpc_node]: MAVLink COMMAND_ACK command=187 result=0
[upper_planner_node-3] [INFO] [1791408911.878455464] [upper_planner_node]: waypoint pair advanced: [2,3] -> [3,4]; previous reference retained
[lower_tracking_mpc_node-4] [INFO] [1791408912.697930237] [lower_tracking_mpc_node]: MAVLink COMMAND_ACK command=187 result=0
[lower_tracking_mpc_node-4] [INFO] [1791408913.698751964] [lower_tracking_mpc_node]: MAVLink COMMAND_ACK command=187 result=0
[lower_tracking_mpc_node-4] [INFO] [1791408914.747950842] [lower_tracking_mpc_node]: MAVLink COMMAND_ACK command=187 result=0
[lower_tracking_mpc_node-4] [INFO] [1791408915.748179911] [lower_tracking_mpc_node]: MAVLink COMMAND_ACK command=187 result=0
[upper_planner_node-3] [INFO] [1791408915.879286778] [upper_planner_node]: waypoint pair advanced: [3,4] -> [4,5]; previous reference retained
[lower_tracking_mpc_node-4] [INFO] [1791408916.798189950] [lower_tracking_mpc_node]: MAVLink COMMAND_ACK command=187 result=0
[lower_tracking_mpc_node-4] [INFO] [1791408917.848144979] [lower_tracking_mpc_node]: MAVLink COMMAND_ACK command=187 result=0
[lower_tracking_mpc_node-4] [INFO] [1791408918.898139817] [lower_tracking_mpc_node]: MAVLink COMMAND_ACK command=187 result=0
[lower_tracking_mpc_node-4] [INFO] [1791408919.898344309] [lower_tracking_mpc_node]: MAVLink COMMAND_ACK command=187 result=0
[lower_tracking_mpc_node-4] [WARN] [1791408919.948651150] [lower_tracking_mpc_node]: lower MPC state reset: path/mission/pose/reset event
[upper_planner_node-3] [INFO] [1791408920.879053072] [upper_planner_node]: waypoint pair advanced: [4,5] -> [5,6]; previous reference retained
[lower_tracking_mpc_node-4] [INFO] [1791408920.948183686] [lower_tracking_mpc_node]: MAVLink COMMAND_ACK command=187 result=0
[lower_tracking_mpc_node-4] [WARN] [1791408921.448388783] [lower_tracking_mpc_node]: lower MPC state reset: path/mission/pose/reset event
[lower_tracking_mpc_node-4] [INFO] [1791408921.949103208] [lower_tracking_mpc_node]: MAVLink COMMAND_ACK command=187 result=0
[lower_tracking_mpc_node-4] [WARN] [1791408921.950137671] [lower_tracking_mpc_node]: lower MPC state reset: path/mission/pose/reset event
[lower_tracking_mpc_node-4] [WARN] [1791408922.448632764] [lower_tracking_mpc_node]: lower MPC state reset: path/mission/pose/reset event
[lower_tracking_mpc_node-4] [WARN] [1791408922.948373943] [lower_tracking_mpc_node]: lower MPC state reset: path/mission/pose/reset event
[lower_tracking_mpc_node-4] [INFO] [1791408922.998248580] [lower_tracking_mpc_node]: MAVLink COMMAND_ACK command=187 result=0
[lower_tracking_mpc_node-4] [WARN] [1791408923.449233556] [lower_tracking_mpc_node]: lower MPC state reset: path/mission/pose/reset event
[lower_tracking_mpc_node-4] [INFO] [1791408923.998423439] [lower_tracking_mpc_node]: MAVLink COMMAND_ACK command=187 result=0
[upper_planner_node-3] [INFO] [1791408924.879303215] [upper_planner_node]: waypoint pair advanced: [5,6] -> [6,7]; previous reference retained
[lower_tracking_mpc_node-4] [INFO] [1791408925.048443461] [lower_tracking_mpc_node]: MAVLink COMMAND_ACK command=187 result=0
[lower_tracking_mpc_node-4] [WARN] [1791408925.448738833] [lower_tracking_mpc_node]: lower MPC state reset: path/mission/pose/reset event
[lower_tracking_mpc_node-4] [INFO] [1791408926.048547182] [lower_tracking_mpc_node]: MAVLink COMMAND_ACK command=187 result=0
[lower_tracking_mpc_node-4] [WARN] [1791408926.448743574] [lower_tracking_mpc_node]: lower MPC state reset: path/mission/pose/reset event
[lower_tracking_mpc_node-4] [INFO] [1791408927.098453249] [lower_tracking_mpc_node]: MAVLink COMMAND_ACK command=187 result=0
[lower_tracking_mpc_node-4] [INFO] [1791408928.148311859] [lower_tracking_mpc_node]: MAVLink COMMAND_ACK command=187 result=0
[lower_tracking_mpc_node-4] [INFO] [1791408929.148427356] [lower_tracking_mpc_node]: MAVLink COMMAND_ACK command=187 result=0
[lower_tracking_mpc_node-4] [INFO] [1791408930.148466659] [lower_tracking_mpc_node]: MAVLink COMMAND_ACK command=187 result=0
[upper_planner_node-3] [WARN] [1791408930.879958244] [upper_planner_node]: interval_diag step=6 reason=3 ref_body=(26.959,1.511) heading_deg=3.13 center_cell=(86,68) center_value=100 line_free=0 blocked=401 unknown=0 outside=1 longest_run=0 min_run=2 grid_free=2233 zero=2233 positive=14151 unknown=0 topic=/bev/occupancy_grid frame=Vehicle origin=(0.000,-20.000) origin_yaw_deg=0.00 size=128x128 res=0.3125 positive_is_drivable=0 threshold=1 waypoint_bias=0 previous=1
[upper_planner_node-3] [WARN] [1791408930.880509333] [upper_planner_node]: no valid preview interval at step=6; usable horizon=5 reason=3
[upper_planner_node-3] [WARN] [1791408930.880613976] [upper_planner_node]: horizon_diag configured=6 extent_limit=6 requested=6 usable=5 reserve=1 restore=1 step_m=4.500 previous=1
[lower_tracking_mpc_node-4] [INFO] [1791408931.148626253] [lower_tracking_mpc_node]: MAVLink COMMAND_ACK command=187 result=0
[upper_planner_node-3] [WARN] [1791408931.379678462] [upper_planner_node]: no valid preview interval at step=6; usable horizon=5 reason=3
[upper_planner_node-3] [WARN] [1791408931.879517020] [upper_planner_node]: no valid preview interval at step=5; usable horizon=4 reason=3
[upper_planner_node-3] [WARN] [1791408931.880312308] [upper_planner_node]: no valid preview interval at step=6; usable horizon=4 reason=3
[lower_tracking_mpc_node-4] [INFO] [1791408932.148969661] [lower_tracking_mpc_node]: MAVLink COMMAND_ACK command=187 result=0
[upper_planner_node-3] [WARN] [1791408932.379730021] [upper_planner_node]: no valid preview interval at step=5; usable horizon=4 reason=3
[upper_planner_node-3] [WARN] [1791408932.380329528] [upper_planner_node]: no valid preview interval at step=6; usable horizon=4 reason=3
[upper_planner_node-3] [WARN] [1791408932.880525664] [upper_planner_node]: interval_diag step=4 reason=3 ref_body=(18.000,-0.110) heading_deg=-0.35 center_cell=(57,63) center_value=100 line_free=0 blocked=401 unknown=0 outside=1 longest_run=0 min_run=2 grid_free=1314 zero=1314 positive=15070 unknown=0 topic=/bev/occupancy_grid frame=Vehicle origin=(0.000,-20.000) origin_yaw_deg=0.00 size=128x128 res=0.3125 positive_is_drivable=0 threshold=1 waypoint_bias=0 previous=0
[upper_planner_node-3] [WARN] [1791408932.881069393] [upper_planner_node]: no valid preview interval at step=4; usable horizon=3 reason=3
[upper_planner_node-3] [WARN] [1791408932.882164274] [upper_planner_node]: no valid preview interval at step=5; usable horizon=3 reason=3
[upper_planner_node-3] [WARN] [1791408932.884413111] [upper_planner_node]: no valid preview interval at step=6; usable horizon=3 reason=3
[upper_planner_node-3] [WARN] [1791408932.884688319] [upper_planner_node]: horizon_diag configured=6 extent_limit=6 requested=6 usable=3 reserve=1 restore=1 step_m=4.500 previous=0
[lower_tracking_mpc_node-4] [WARN] [1791408932.949407023] [lower_tracking_mpc_node]: lower MPC state reset: path/mission/pose/reset event
[lower_tracking_mpc_node-4] [INFO] [1791408933.198541318] [lower_tracking_mpc_node]: MAVLink COMMAND_ACK command=187 result=0
[knu_batch_runner.py-5] [INFO] [1791408933.262669188] [knu_batch_runner]: scenario3: completed 
[lower_tracking_mpc_node-4] [INFO] [1791408933.349565782] [lower_tracking_mpc_node]: goal stop applied: steer=0 throttle=0 brake=0.700 MAVLink neutral
[upper_planner_node-3] [WARN] [1791408933.379089815] [upper_planner_node]: no valid preview interval at step=4; usable horizon=3 reason=3
[upper_planner_node-3] [WARN] [1791408933.379469091] [upper_planner_node]: no valid preview interval at step=5; usable horizon=3 reason=3
[upper_planner_node-3] [WARN] [1791408933.379675657] [upper_planner_node]: no valid preview interval at step=6; usable horizon=3 reason=3
[lower_tracking_mpc_node-4] [WARN] [1791408933.448875617] [lower_tracking_mpc_node]: lower MPC state reset: path/mission/pose/reset event
[upper_planner_node-3] [WARN] [1791408933.879789391] [upper_planner_node]: no valid preview interval at step=3; usable horizon=2 reason=3
[upper_planner_node-3] [WARN] [1791408933.880342080] [upper_planner_node]: no valid preview interval at step=4; usable horizon=2 reason=3
[upper_planner_node-3] [WARN] [1791408933.880563847] [upper_planner_node]: no valid preview interval at step=5; usable horizon=2 reason=3
[upper_planner_node-3] [WARN] [1791408933.880754253] [upper_planner_node]: no valid preview interval at step=6; usable horizon=2 reason=3
[lower_tracking_mpc_node-4] [WARN] [1791408933.949087466] [lower_tracking_mpc_node]: lower MPC state reset: path/mission/pose/reset event
[lower_tracking_mpc_node-4] [INFO] [1791408934.198652751] [lower_tracking_mpc_node]: MAVLink COMMAND_ACK command=187 result=0
[lower_tracking_mpc_node-4] [INFO] [1791408934.349638205] [lower_tracking_mpc_node]: goal stop applied: steer=0 throttle=0 brake=0.700 MAVLink neutral
[upper_planner_node-3] [WARN] [1791408934.379919926] [upper_planner_node]: no valid preview interval at step=2; usable horizon=1 reason=3
[upper_planner_node-3] [WARN] [1791408934.380313122] [upper_planner_node]: no valid preview interval at step=3; usable horizon=1 reason=3
[upper_planner_node-3] [WARN] [1791408934.380433926] [upper_planner_node]: no valid preview interval at step=4; usable horizon=1 reason=3
[upper_planner_node-3] [WARN] [1791408934.380537257] [upper_planner_node]: no valid preview interval at step=5; usable horizon=1 reason=3
[upper_planner_node-3] [WARN] [1791408934.380639852] [upper_planner_node]: no valid preview interval at step=6; usable horizon=1 reason=3
[upper_planner_node-3] [WARN] [1791408934.881995448] [upper_planner_node]: egocentric MIQP failed: status=DAQP direct corridor QP infeasible: tried=1 solve_ms=0.305; retaining last published path
[lower_tracking_mpc_node-4] [INFO] [1791408935.198724534] [lower_tracking_mpc_node]: MAVLink COMMAND_ACK command=187 result=0
[upper_planner_node-3] [WARN] [1791408935.379581649] [upper_planner_node]: no valid interval at the measured k=0 state; retaining future horizon=6 reason=3
[lower_tracking_mpc_node-4] [INFO] [1791408935.449077074] [lower_tracking_mpc_node]: goal stop applied: steer=0 throttle=0 brake=0.700 MAVLink neutral
[upper_planner_node-3] [WARN] [1791408935.879331532] [upper_planner_node]: no valid interval at the measured k=0 state; retaining future horizon=6 reason=3
[lower_tracking_mpc_node-4] [INFO] [1791408936.248730732] [lower_tracking_mpc_node]: MAVLink COMMAND_ACK command=187 result=0
[upper_planner_node-3] [WARN] [1791408936.379371760] [upper_planner_node]: no valid interval at the measured k=0 state; retaining future horizon=6 reason=3
[upper_planner_node-3] [WARN] [1791408936.382100067] [upper_planner_node]: egocentric MIQP failed: status=DAQP direct corridor QP infeasible: tried=1 solve_ms=0.320; retaining last published path
[lower_tracking_mpc_node-4] [INFO] [1791408936.449636168] [lower_tracking_mpc_node]: goal stop applied: steer=0 throttle=0 brake=0.700 MAVLink neutral
[upper_planner_node-3] [WARN] [1791408936.878990823] [upper_planner_node]: no valid interval at the measured k=0 state; retaining future horizon=6 reason=3
[lower_tracking_mpc_node-4] [INFO] [1791408937.298559452] [lower_tracking_mpc_node]: MAVLink COMMAND_ACK command=187 result=0
[upper_planner_node-3] [WARN] [1791408937.379043051] [upper_planner_node]: no valid interval at the measured k=0 state; retaining future horizon=6 reason=3
[lower_tracking_mpc_node-4] [INFO] [1791408937.449726673] [lower_tracking_mpc_node]: goal stop applied: steer=0 throttle=0 brake=0.700 MAVLink neutral
[upper_planner_node-3] [WARN] [1791408937.879508988] [upper_planner_node]: no valid interval at the measured k=0 state; retaining future horizon=6 reason=3
[upper_planner_node-3] [WARN] [1791408937.881852547] [upper_planner_node]: egocentric MIQP failed: status=DAQP direct corridor QP infeasible: tried=1 solve_ms=0.353; retaining last published path
[lower_tracking_mpc_node-4] [INFO] [1791408938.298625412] [lower_tracking_mpc_node]: MAVLink COMMAND_ACK command=187 result=0
[upper_planner_node-3] [WARN] [1791408938.378971151] [upper_planner_node]: no valid interval at the measured k=0 state; retaining future horizon=6 reason=3
[lower_tracking_mpc_node-4] [INFO] [1791408938.449738326] [lower_tracking_mpc_node]: goal stop applied: steer=0 throttle=0 brake=0.700 MAVLink neutral
[upper_planner_node-3] [WARN] [1791408938.879641990] [upper_planner_node]: no valid interval at the measured k=0 state; retaining future horizon=6 reason=3
[lower_tracking_mpc_node-4] [INFO] [1791408939.298774669] [lower_tracking_mpc_node]: MAVLink COMMAND_ACK command=187 result=0
[upper_planner_node-3] [WARN] [1791408939.379116696] [upper_planner_node]: no valid interval at the measured k=0 state; retaining future horizon=6 reason=3
[upper_planner_node-3] [WARN] [1791408939.380720361] [upper_planner_node]: egocentric MIQP failed: status=DAQP direct corridor QP infeasible: tried=1 solve_ms=0.576; retaining last published path
[lower_tracking_mpc_node-4] [INFO] [1791408939.450130535] [lower_tracking_mpc_node]: goal stop applied: steer=0 throttle=0 brake=0.700 MAVLink neutral
[upper_planner_node-3] [WARN] [1791408939.879068153] [upper_planner_node]: no valid interval at the measured k=0 state; retaining future horizon=6 reason=3
[lower_tracking_mpc_node-4] [INFO] [1791408940.298781843] [lower_tracking_mpc_node]: MAVLink COMMAND_ACK command=187 result=0
[upper_planner_node-3] [WARN] [1791408940.380031353] [upper_planner_node]: no valid interval at the measured k=0 state; retaining future horizon=6 reason=3
[upper_planner_node-3] [WARN] [1791408940.380980566] [upper_planner_node]: egocentric MIQP failed: status=DAQP direct corridor QP infeasible: tried=1 solve_ms=0.160; retaining last published path
[lower_tracking_mpc_node-4] [INFO] [1791408940.551323825] [lower_tracking_mpc_node]: goal stop applied: steer=0 throttle=0 brake=0.700 MAVLink neutral
[upper_planner_node-3] [WARN] [1791408940.879145569] [upper_planner_node]: no valid interval at the measured k=0 state; retaining future horizon=6 reason=3
[lower_tracking_mpc_node-4] [INFO] [1791408941.348734439] [lower_tracking_mpc_node]: MAVLink COMMAND_ACK command=187 result=0
[upper_planner_node-3] [WARN] [1791408941.379823928] [upper_planner_node]: no valid interval at the measured k=0 state; retaining future horizon=6 reason=3
[upper_planner_node-3] [WARN] [1791408941.381598894] [upper_planner_node]: egocentric MIQP failed: status=DAQP direct corridor QP infeasible: tried=1 solve_ms=0.327; retaining last published path
[lower_tracking_mpc_node-4] [INFO] [1791408941.649842474] [lower_tracking_mpc_node]: goal stop applied: steer=0 throttle=0 brake=0.700 MAVLink neutral
[upper_planner_node-3] [WARN] [1791408941.879920830] [upper_planner_node]: no valid interval at the measured k=0 state; retaining future horizon=6 reason=3
[lower_tracking_mpc_node-4] [INFO] [1791408942.349020181] [lower_tracking_mpc_node]: MAVLink COMMAND_ACK command=187 result=0
[upper_planner_node-3] [WARN] [1791408942.381974015] [upper_planner_node]: no valid interval at the measured k=0 state; retaining future horizon=6 reason=3
[upper_planner_node-3] [WARN] [1791408942.384436426] [upper_planner_node]: egocentric MIQP failed: status=DAQP direct corridor QP infeasible: tried=1 solve_ms=0.290; retaining last published path
[lower_tracking_mpc_node-4] [INFO] [1791408942.650105079] [lower_tracking_mpc_node]: goal stop applied: steer=0 throttle=0 brake=0.700 MAVLink neutral
[upper_planner_node-3] [WARN] [1791408942.879607513] [upper_planner_node]: no valid interval at the measured k=0 state; retaining future horizon=6 reason=3
[upper_planner_node-3] [WARN] [1791408943.379274962] [upper_planner_node]: no valid interval at the measured k=0 state; retaining future horizon=6 reason=3
[lower_tracking_mpc_node-4] [INFO] [1791408943.399099181] [lower_tracking_mpc_node]: MAVLink COMMAND_ACK command=187 result=0
[lower_tracking_mpc_node-4] [INFO] [1791408943.750122461] [lower_tracking_mpc_node]: goal stop applied: steer=0 throttle=0 brake=0.700 MAVLink neutral
[upper_planner_node-3] [WARN] [1791408943.880001674] [upper_planner_node]: no valid interval at the measured k=0 state; retaining future horizon=6 reason=3
[upper_planner_node-3] [WARN] [1791408943.881545625] [upper_planner_node]: egocentric MIQP failed: status=DAQP direct corridor QP infeasible: tried=1 solve_ms=0.320; retaining last published path
[upper_planner_node-3] [WARN] [1791408944.379579104] [upper_planner_node]: no valid interval at the measured k=0 state; retaining future horizon=6 reason=3
[lower_tracking_mpc_node-4] [INFO] [1791408944.449016159] [lower_tracking_mpc_node]: MAVLink COMMAND_ACK command=187 result=0
[lower_tracking_mpc_node-4] [INFO] [1791408944.851214180] [lower_tracking_mpc_node]: goal stop applied: steer=0 throttle=0 brake=0.700 MAVLink neutral
[upper_planner_node-3] [WARN] [1791408944.879342043] [upper_planner_node]: no valid interval at the measured k=0 state; retaining future horizon=6 reason=3
[upper_planner_node-3] [WARN] [1791408945.379580133] [upper_planner_node]: no valid interval at the measured k=0 state; retaining future horizon=6 reason=3
[upper_planner_node-3] [WARN] [1791408945.381417501] [upper_planner_node]: egocentric MIQP failed: status=DAQP direct corridor QP infeasible: tried=1 solve_ms=0.325; retaining last published path
[lower_tracking_mpc_node-4] [INFO] [1791408945.498978004] [lower_tracking_mpc_node]: MAVLink COMMAND_ACK command=187 result=0
[upper_planner_node-3] [WARN] [1791408945.879293471] [upper_planner_node]: no valid interval at the measured k=0 state; retaining future horizon=6 reason=3
[lower_tracking_mpc_node-4] [INFO] [1791408945.950189899] [lower_tracking_mpc_node]: goal stop applied: steer=0 throttle=0 brake=0.700 MAVLink neutral
[upper_planner_node-3] [WARN] [1791408946.380036568] [upper_planner_node]: no valid interval at the measured k=0 state; retaining future horizon=6 reason=3
[upper_planner_node-3] [WARN] [1791408946.381864464] [upper_planner_node]: egocentric MIQP failed: status=DAQP direct corridor QP infeasible: tried=1 solve_ms=0.339; retaining last published path
[lower_tracking_mpc_node-4] [INFO] [1791408946.499194303] [lower_tracking_mpc_node]: MAVLink COMMAND_ACK command=187 result=0
[upper_planner_node-3] [WARN] [1791408946.879733489] [upper_planner_node]: no valid interval at the measured k=0 state; retaining future horizon=6 reason=3
[lower_tracking_mpc_node-4] [INFO] [1791408947.050269363] [lower_tracking_mpc_node]: goal stop applied: steer=0 throttle=0 brake=0.700 MAVLink neutral
[upper_planner_node-3] [WARN] [1791408947.379898553] [upper_planner_node]: no valid interval at the measured k=0 state; retaining future horizon=6 reason=3
[upper_planner_node-3] [WARN] [1791408947.381982104] [upper_planner_node]: egocentric MIQP failed: status=DAQP direct corridor QP infeasible: tried=1 solve_ms=0.331; retaining last published path
[lower_tracking_mpc_node-4] [INFO] [1791408947.549072753] [lower_tracking_mpc_node]: MAVLink COMMAND_ACK command=187 result=0
[upper_planner_node-3] [WARN] [1791408947.879856122] [upper_planner_node]: no valid interval at the measured k=0 state; retaining future horizon=6 reason=3
[lower_tracking_mpc_node-4] [INFO] [1791408948.150021137] [lower_tracking_mpc_node]: goal stop applied: steer=0 throttle=0 brake=0.700 MAVLink neutral
[upper_planner_node-3] [WARN] [1791408948.380101284] [upper_planner_node]: no valid interval at the measured k=0 state; retaining future horizon=6 reason=3
[lower_tracking_mpc_node-4] [INFO] [1791408948.549227674] [lower_tracking_mpc_node]: MAVLink COMMAND_ACK command=187 result=0
[upper_planner_node-3] [WARN] [1791408948.879975683] [upper_planner_node]: no valid interval at the measured k=0 state; retaining future horizon=6 reason=3
[upper_planner_node-3] [WARN] [1791408948.881595124] [upper_planner_node]: egocentric MIQP failed: status=DAQP direct corridor QP infeasible: tried=1 solve_ms=0.318; retaining last published path
[lower_tracking_mpc_node-4] [INFO] [1791408949.249521511] [lower_tracking_mpc_node]: goal stop applied: steer=0 throttle=0 brake=0.700 MAVLink neutral
[upper_planner_node-3] [WARN] [1791408949.379366771] [upper_planner_node]: no valid interval at the measured k=0 state; retaining future horizon=6 reason=3
[lower_tracking_mpc_node-4] [INFO] [1791408949.598997545] [lower_tracking_mpc_node]: MAVLink COMMAND_ACK command=187 result=0
[upper_planner_node-3] [WARN] [1791408949.879343605] [upper_planner_node]: no valid interval at the measured k=0 state; retaining future horizon=6 reason=3
[lower_tracking_mpc_node-4] [INFO] [1791408950.249807413] [lower_tracking_mpc_node]: goal stop applied: steer=0 throttle=0 brake=0.700 MAVLink neutral
[upper_planner_node-3] [WARN] [1791408950.379507516] [upper_planner_node]: no valid interval at the measured k=0 state; retaining future horizon=6 reason=3
[upper_planner_node-3] [WARN] [1791408950.380451897] [upper_planner_node]: egocentric MIQP failed: status=DAQP direct corridor QP infeasible: tried=1 solve_ms=0.160; retaining last published path
[lower_tracking_mpc_node-4] [INFO] [1791408950.649009214] [lower_tracking_mpc_node]: MAVLink COMMAND_ACK command=187 result=0
[upper_planner_node-3] [WARN] [1791408950.879422588] [upper_planner_node]: no valid interval at the measured k=0 state; retaining future horizon=6 reason=3
[lower_tracking_mpc_node-4] [INFO] [1791408951.250156228] [lower_tracking_mpc_node]: goal stop applied: steer=0 throttle=0 brake=0.700 MAVLink neutral
[upper_planner_node-3] [WARN] [1791408951.379425054] [upper_planner_node]: no valid interval at the measured k=0 state; retaining future horizon=6 reason=3
[upper_planner_node-3] [WARN] [1791408951.381115442] [upper_planner_node]: egocentric MIQP failed: status=DAQP direct corridor QP infeasible: tried=1 solve_ms=0.330; retaining last published path
[lower_tracking_mpc_node-4] [INFO] [1791408951.649185832] [lower_tracking_mpc_node]: MAVLink COMMAND_ACK command=187 result=0
[upper_planner_node-3] [WARN] [1791408951.880317436] [upper_planner_node]: no valid interval at the measured k=0 state; retaining future horizon=6 reason=3
[lower_tracking_mpc_node-4] [INFO] [1791408952.350277421] [lower_tracking_mpc_node]: goal stop applied: steer=0 throttle=0 brake=0.700 MAVLink neutral
[upper_planner_node-3] [WARN] [1791408952.379890641] [upper_planner_node]: no valid interval at the measured k=0 state; retaining future horizon=6 reason=3
[upper_planner_node-3] [WARN] [1791408952.381522531] [upper_planner_node]: egocentric MIQP failed: status=DAQP direct corridor QP infeasible: tried=1 solve_ms=0.321; retaining last published path
[lower_tracking_mpc_node-4] [INFO] [1791408952.649314193] [lower_tracking_mpc_node]: MAVLink COMMAND_ACK command=187 result=0
[upper_planner_node-3] [WARN] [1791408952.879886900] [upper_planner_node]: no valid interval at the measured k=0 state; retaining future horizon=6 reason=3
[upper_planner_node-3] [WARN] [1791408953.380898901] [upper_planner_node]: no valid interval at the measured k=0 state; retaining future horizon=6 reason=3
[upper_planner_node-3] [WARN] [1791408953.383005749] [upper_planner_node]: egocentric MIQP failed: status=DAQP direct corridor QP infeasible: tried=1 solve_ms=0.365; retaining last published path
[lower_tracking_mpc_node-4] [INFO] [1791408953.450197680] [lower_tracking_mpc_node]: goal stop applied: steer=0 throttle=0 brake=0.700 MAVLink neutral
[lower_tracking_mpc_node-4] [INFO] [1791408953.649707522] [lower_tracking_mpc_node]: MAVLink COMMAND_ACK command=187 result=0
[upper_planner_node-3] [WARN] [1791408953.879968219] [upper_planner_node]: no valid interval at the measured k=0 state; retaining future horizon=6 reason=3
[knu_batch_runner.py-5] [INFO] [1791408954.069462557] [knu_batch_runner]: Batch finished; results: /home/imac/ros2_ws/drive_batches/20261008_062606_scenario3_5cea23/results/20261008_062609_273af99685/summary.csv
[upper_planner_node-3] [WARN] [1791408954.380365098] [upper_planner_node]: no valid interval at the measured k=0 state; retaining future horizon=6 reason=3
[upper_planner_node-3] [WARN] [1791408954.383628109] [upper_planner_node]: egocentric MIQP failed: status=DAQP direct corridor QP infeasible: tried=1 solve_ms=0.342; retaining last published path
[lower_tracking_mpc_node-4] [INFO] [1791408954.450228214] [lower_tracking_mpc_node]: goal stop applied: steer=0 throttle=0 brake=0.700 MAVLink neutral
[lower_tracking_mpc_node-4] [INFO] [1791408954.699349676] [lower_tracking_mpc_node]: MAVLink COMMAND_ACK command=187 result=0
[upper_planner_node-3] [WARN] [1791408954.880113572] [upper_planner_node]: no valid interval at the measured k=0 state; retaining future horizon=6 reason=3
[WARNING] [launch]: user interrupted with ctrl-c (SIGINT)
[px4_odom_map_bridge-2] [INFO] [1791408955.363534191] [rclcpp]: signal_handler(SIGINT/SIGTERM)
[upper_planner_node-3] [INFO] [1791408955.363713908] [rclcpp]: signal_handler(SIGINT/SIGTERM)
[lower_tracking_mpc_node-4] [INFO] [1791408955.363742549] [rclcpp]: signal_handler(SIGINT/SIGTERM)
[lower_tracking_mpc_node-4] [WARN] [1791408955.367903027] [lower_tracking_mpc_node]: MAVLink DISARM force=0 sent=1
[INFO] [px4_odom_map_bridge-2]: process has finished cleanly [pid 46026]
[INFO] [launch]: process[px4_odom_map_bridge-2] was required: shutting down launched system
[INFO] [lower_tracking_mpc_node-4]: process has finished cleanly [pid 46030]
[INFO] [launch]: process[lower_tracking_mpc_node-4] was required: shutting down launched system
[INFO] [upper_planner_node-3]: process has finished cleanly [pid 46028]
[INFO] [launch]: process[upper_planner_node-3] was required: shutting down launched system
[INFO] [knu_batch_runner.py-5]: process has finished cleanly [pid 46032]
[INFO] [launch]: process[knu_batch_runner.py-5] was required: shutting down launched system
[INFO] [px4_ekf_bridge.py-1]: process has finished cleanly [pid 46024]
[INFO] [launch]: process[px4_ekf_bridge.py-1] was required: shutting down launched system
