[INFO] [launch]: All log files can be found below /home/imac/ros2_ws/drive_batches/20261008_055617_scenario3_73cb2c/ros_logs/2026-10-08-05-56-18-500126-imac-desktop-39761
[INFO] [launch]: Default logging verbosity is set to INFO
[INFO] [px4_ekf_bridge.py-1]: process started with pid [39788]
[INFO] [px4_odom_map_bridge-2]: process started with pid [39790]
[INFO] [upper_planner_node-3]: process started with pid [39792]
[INFO] [lower_tracking_mpc_node-4]: process started with pid [39794]
[INFO] [knu_batch_runner.py-5]: process started with pid [39796]
[px4_odom_map_bridge-2] [INFO] [1791406578.731206305] [px4_odom_map_bridge]: PX4 odom map bridge ready: input=/px4/sih/odom (yaw scalar z) odom=/motive/vehicle/odom_map pose=/motive/vehicle/pose route=scenario3 target=(187.000, 220.000, 0.000) target_yaw=-1.570796 rad odom_yaw=orientation.z scalar
[lower_tracking_mpc_node-4] [INFO] [1791406578.900781186] [lower_tracking_mpc_node]: MAVLink UDP bound at 0.0.0.0:14540; waiting for MAVProxy --out peer
[lower_tracking_mpc_node-4] [INFO] [1791406578.901284625] [lower_tracking_mpc_node]: LowerTrackingMpcNode ready: rate=10.00Hz dt=0.100s N=30 path=/planner/lower_reference_path scale=fullscale wheelbase=2.80m rear_offset=1.40m command_scale=0.350rad actuator_model=1 delay=0.00s tau=0.74s backend=mavlink_udp virtual=/cmd_control
[upper_planner_node-3] [INFO] [1791406578.910546505] [upper_planner_node]: planner state input: Odometry topic=/motive/vehicle/odom_map yaw=orientation.z scalar
[upper_planner_node-3] [INFO] [1791406578.946894706] [upper_planner_node]: k1 lane constraint trial: skip_front_clipped_k1_lane_constraints=false
[upper_planner_node-3] [INFO] [1791406578.947546790] [upper_planner_node]: Egocentric MIQP planner ready: rate=2.00Hz pred_dt=0.750s Nmax=6 lower_dt=0.100s target_v=6.000m/s scale=fullscale wheelbase=2.80m length=4.70m bev=40.00m margin=2.00m state=odom grid=/bev/occupancy_grid sparse=/planner/upper_path_sparse dense=/planner/lower_reference_path
[upper_planner_node-3] [INFO] [1791406578.947701707] [upper_planner_node]: upper branch model: cumulative_increment=1 turn_window_at_split=1 turn_target_absolute=1 split_continuity=6.75m r_dpsi=3.000 lambda_turn=0.600
[lower_tracking_mpc_node-4] [WARN] [1791406578.951575456] [lower_tracking_mpc_node]: MAVLink peer unknown; check MAVProxy --out=127.0.0.1:14540
[lower_tracking_mpc_node-4] [INFO] [1791406579.001959921] [lower_tracking_mpc_node]: goal stop applied: steer=0 throttle=0 brake=0.700 MAVLink neutral
[px4_odom_map_bridge-2] [WARN] [1791406579.031431947] [px4_odom_map_bridge]: Waiting for valid PX4 source pose on /px4/sih/odom
[upper_planner_node-3] [WARN] [1791406579.447876235] [upper_planner_node]: planner waiting for pose
[lower_tracking_mpc_node-4] [INFO] [1791406579.701639738] [lower_tracking_mpc_node]: MAVLink peer detected: 127.0.0.1:57295
[knu_batch_runner.py-5] [INFO] [1791406579.722926717] [knu_batch_runner]: 10 SIH routes; results: /home/imac/ros2_ws/drive_batches/20261008_055617_scenario3_73cb2c/results/20261008_055619_515fea9d78
[lower_tracking_mpc_node-4] [INFO] [1791406579.751707970] [lower_tracking_mpc_node]: MAVLink COMMAND_ACK command=187 result=0
[lower_tracking_mpc_node-4] [INFO] [1791406580.003060360] [lower_tracking_mpc_node]: goal stop applied: steer=0 throttle=0 brake=0.700 MAVLink neutral
[px4_ekf_bridge.py-1] [INFO] [1791406580.382991129] [px4_ekf_bridge]: PX4 EKF bridge configured: input=disabled odom=/px4/ekf_odom yaw_scalar_pose=/px4/sih/odom connection=udpin:0.0.0.0:14541 @ 921600, EV=50.0 Hz (vision_position_estimate), ENU(+X east,+Y north,+Z up) <-> NED/FRD
[px4_ekf_bridge.py-1] [WARN] [1791406580.384433477] [px4_ekf_bridge]: Start with the vehicle disarmed and stationary. PX4 EKF parameter changes marked as reboot-required need a Pixhawk reboot before fusion is tested.
[px4_ekf_bridge.py-1] [INFO] [1791406580.594987803] [px4_ekf_bridge]: Opening MAVLink connection udpin:0.0.0.0:14541 (baud=921600)
[px4_ekf_bridge.py-1] [WARN] [1791406580.654895308] [px4_ekf_bridge]: SIH heading check: missing_or_stale_sih (EKF-SIH=None deg); pose output blocked
[px4_ekf_bridge.py-1] [INFO] [1791406580.680341261] [px4_ekf_bridge]: PX4 heartbeat detected: target=1:1
[px4_ekf_bridge.py-1] [WARN] [1791406580.700276071] [px4_ekf_bridge]: SIH heading check: settling (EKF-SIH=0.31488649972291877 deg); pose output blocked
[lower_tracking_mpc_node-4] [INFO] [1791406580.801625403] [lower_tracking_mpc_node]: MAVLink COMMAND_ACK command=187 result=0
[px4_ekf_bridge.py-1] [INFO] [1791406580.843968442] [px4_ekf_bridge]: Requested PX4 LOCAL_POSITION_NED at 30.0 Hz
[px4_ekf_bridge.py-1] [INFO] [1791406580.845780977] [px4_ekf_bridge]: Requested PX4 ATTITUDE at 30.0 Hz
[px4_ekf_bridge.py-1] [INFO] [1791406580.847513029] [px4_ekf_bridge]: Requested PX4 HIL_STATE_QUATERNION at 30.0 Hz
[lower_tracking_mpc_node-4] [INFO] [1791406581.103247856] [lower_tracking_mpc_node]: goal stop applied: steer=0 throttle=0 brake=0.700 MAVLink neutral
[px4_odom_map_bridge-2] [WARN] [1791406581.132287965] [px4_odom_map_bridge]: Waiting for valid PX4 source pose on /px4/sih/odom
[upper_planner_node-3] [WARN] [1791406581.447928824] [upper_planner_node]: planner waiting for pose
[lower_tracking_mpc_node-4] [INFO] [1791406581.801803191] [lower_tracking_mpc_node]: MAVLink COMMAND_ACK command=187 result=0
[lower_tracking_mpc_node-4] [INFO] [1791406582.202748867] [lower_tracking_mpc_node]: goal stop applied: steer=0 throttle=0 brake=0.700 MAVLink neutral
[px4_ekf_bridge.py-1] [WARN] [1791406582.725610192] [px4_ekf_bridge]: SIH heading check: ok (EKF-SIH=0.3180796131598998 deg); pose output enabled
[px4_odom_map_bridge-2] [INFO] [1791406582.734780133] [px4_odom_map_bridge]: Map alignment initialized once: source=(501.850525, 210.744293, -0.155151, yaw=2.181721) yaw_delta=2.530668 input_frame='map' (treated as PX4 local)
[knu_batch_runner.py-5] [INFO] [1791406582.792747356] [knu_batch_runner]: [1/10] scenario3
[lower_tracking_mpc_node-4] [INFO] [1791406582.851821300] [lower_tracking_mpc_node]: MAVLink COMMAND_ACK command=187 result=0
[upper_planner_node-3] [WARN] [1791406582.947931242] [upper_planner_node]: planner waiting for global path
[lower_tracking_mpc_node-4] [INFO] [1791406583.302743333] [lower_tracking_mpc_node]: goal stop applied: steer=0 throttle=0 brake=0.700 MAVLink neutral
[lower_tracking_mpc_node-4] [INFO] [1791406583.902959475] [lower_tracking_mpc_node]: MAVLink COMMAND_ACK command=187 result=0
[px4_odom_map_bridge-2] [INFO] [1791406584.190850633] [px4_odom_map_bridge]: Map alignment initialized once: source=(501.855499, 210.738739, -0.153656, yaw=2.182209) yaw_delta=2.530180 input_frame='map' (treated as PX4 local)
[lower_tracking_mpc_node-4] [INFO] [1791406584.402886892] [lower_tracking_mpc_node]: goal stop applied: steer=0 throttle=0 brake=0.700 MAVLink neutral
[lower_tracking_mpc_node-4] [INFO] [1791406584.904552698] [lower_tracking_mpc_node]: MAVLink COMMAND_ACK command=187 result=0
[lower_tracking_mpc_node-4] [INFO] [1791406585.402973638] [lower_tracking_mpc_node]: goal stop applied: steer=0 throttle=0 brake=0.700 MAVLink neutral
[upper_planner_node-3] [WARN] [1791406585.448008502] [upper_planner_node]: planner waiting for global path
[upper_planner_node-3] [INFO] [1791406585.493756124] [upper_planner_node]: reference path loaded from /navigation/global_path: 8 points frame=map waypoint_bias=disabled
[lower_tracking_mpc_node-4] [WARN] [1791406585.502256829] [lower_tracking_mpc_node]: lower MPC state reset: path/mission/pose/reset event
[upper_planner_node-3] [INFO] [1791406585.948553026] [upper_planner_node]: waypoint pair advanced: [0,1] -> [1,2]; previous reference retained
[lower_tracking_mpc_node-4] [INFO] [1791406585.951741603] [lower_tracking_mpc_node]: MAVLink COMMAND_ACK command=187 result=0
[lower_tracking_mpc_node-4] [WARN] [1791406586.001998448] [lower_tracking_mpc_node]: lower MPC state reset: path/mission/pose/reset event
[lower_tracking_mpc_node-4] [INFO] [1791406586.502786084] [lower_tracking_mpc_node]: goal stop applied: steer=0 throttle=0 brake=0.700 MAVLink neutral
[lower_tracking_mpc_node-4] [WARN] [1791406586.602259104] [lower_tracking_mpc_node]: lower MPC state reset: path/mission/pose/reset event
[lower_tracking_mpc_node-4] [INFO] [1791406587.001910565] [lower_tracking_mpc_node]: MAVLink COMMAND_ACK command=187 result=0
[lower_tracking_mpc_node-4] [INFO] [1791406588.051981894] [lower_tracking_mpc_node]: MAVLink COMMAND_ACK command=187 result=0
[lower_tracking_mpc_node-4] [INFO] [1791406589.052085857] [lower_tracking_mpc_node]: MAVLink COMMAND_ACK command=187 result=0
[lower_tracking_mpc_node-4] [INFO] [1791406590.101934491] [lower_tracking_mpc_node]: MAVLink COMMAND_ACK command=187 result=0
[lower_tracking_mpc_node-4] [INFO] [1791406591.102233085] [lower_tracking_mpc_node]: MAVLink COMMAND_ACK command=187 result=0
[lower_tracking_mpc_node-4] [INFO] [1791406592.152117944] [lower_tracking_mpc_node]: MAVLink COMMAND_ACK command=187 result=0
[lower_tracking_mpc_node-4] [WARN] [1791406593.002184321] [lower_tracking_mpc_node]: lower MPC state reset: path/mission/pose/reset event
[lower_tracking_mpc_node-4] [INFO] [1791406593.201966387] [lower_tracking_mpc_node]: MAVLink COMMAND_ACK command=187 result=0
[upper_planner_node-3] [INFO] [1791406593.449079290] [upper_planner_node]: waypoint pair advanced: [1,2] -> [2,3]; previous reference retained
[lower_tracking_mpc_node-4] [WARN] [1791406593.502210879] [lower_tracking_mpc_node]: lower MPC state reset: path/mission/pose/reset event
[lower_tracking_mpc_node-4] [WARN] [1791406594.002223996] [lower_tracking_mpc_node]: lower MPC state reset: path/mission/pose/reset event
[lower_tracking_mpc_node-4] [INFO] [1791406594.202450971] [lower_tracking_mpc_node]: MAVLink COMMAND_ACK command=187 result=0
[lower_tracking_mpc_node-4] [WARN] [1791406595.002496670] [lower_tracking_mpc_node]: lower MPC state reset: path/mission/pose/reset event
[lower_tracking_mpc_node-4] [INFO] [1791406595.252161139] [lower_tracking_mpc_node]: MAVLink COMMAND_ACK command=187 result=0
[lower_tracking_mpc_node-4] [INFO] [1791406596.252449109] [lower_tracking_mpc_node]: MAVLink COMMAND_ACK command=187 result=0
[lower_tracking_mpc_node-4] [INFO] [1791406597.302261648] [lower_tracking_mpc_node]: MAVLink COMMAND_ACK command=187 result=0
[lower_tracking_mpc_node-4] [INFO] [1791406598.302377998] [lower_tracking_mpc_node]: MAVLink COMMAND_ACK command=187 result=0
[upper_planner_node-3] [INFO] [1791406598.448489579] [upper_planner_node]: waypoint pair advanced: [2,3] -> [3,4]; previous reference retained
[lower_tracking_mpc_node-4] [INFO] [1791406599.352239339] [lower_tracking_mpc_node]: MAVLink COMMAND_ACK command=187 result=0
[lower_tracking_mpc_node-4] [INFO] [1791406600.352478286] [lower_tracking_mpc_node]: MAVLink COMMAND_ACK command=187 result=0
[lower_tracking_mpc_node-4] [INFO] [1791406601.402359852] [lower_tracking_mpc_node]: MAVLink COMMAND_ACK command=187 result=0
[lower_tracking_mpc_node-4] [INFO] [1791406602.402373992] [lower_tracking_mpc_node]: MAVLink COMMAND_ACK command=187 result=0
[upper_planner_node-3] [INFO] [1791406602.948615002] [upper_planner_node]: waypoint pair advanced: [3,4] -> [4,5]; previous reference retained
[lower_tracking_mpc_node-4] [WARN] [1791406603.002481781] [lower_tracking_mpc_node]: lower MPC state reset: path/mission/pose/reset event
[lower_tracking_mpc_node-4] [INFO] [1791406603.403117754] [lower_tracking_mpc_node]: MAVLink COMMAND_ACK command=187 result=0
[lower_tracking_mpc_node-4] [INFO] [1791406604.403238650] [lower_tracking_mpc_node]: MAVLink COMMAND_ACK command=187 result=0
[lower_tracking_mpc_node-4] [INFO] [1791406605.452284096] [lower_tracking_mpc_node]: MAVLink COMMAND_ACK command=187 result=0
[lower_tracking_mpc_node-4] [INFO] [1791406606.502305060] [lower_tracking_mpc_node]: MAVLink COMMAND_ACK command=187 result=0
[lower_tracking_mpc_node-4] [WARN] [1791406607.002584587] [lower_tracking_mpc_node]: lower MPC state reset: path/mission/pose/reset event
[lower_tracking_mpc_node-4] [INFO] [1791406607.502344642] [lower_tracking_mpc_node]: MAVLink COMMAND_ACK command=187 result=0
[upper_planner_node-3] [INFO] [1791406607.949253597] [upper_planner_node]: waypoint pair advanced: [4,5] -> [5,6]; previous reference retained
[lower_tracking_mpc_node-4] [INFO] [1791406608.502484899] [lower_tracking_mpc_node]: MAVLink COMMAND_ACK command=187 result=0
[lower_tracking_mpc_node-4] [WARN] [1791406609.002603814] [lower_tracking_mpc_node]: lower MPC state reset: path/mission/pose/reset event
[lower_tracking_mpc_node-4] [INFO] [1791406609.502539747] [lower_tracking_mpc_node]: MAVLink COMMAND_ACK command=187 result=0
[lower_tracking_mpc_node-4] [WARN] [1791406609.503400669] [lower_tracking_mpc_node]: lower MPC state reset: path/mission/pose/reset event
[lower_tracking_mpc_node-4] [WARN] [1791406610.002871147] [lower_tracking_mpc_node]: lower MPC state reset: path/mission/pose/reset event
[lower_tracking_mpc_node-4] [INFO] [1791406610.502589186] [lower_tracking_mpc_node]: MAVLink COMMAND_ACK command=187 result=0
[lower_tracking_mpc_node-4] [WARN] [1791406611.002831624] [lower_tracking_mpc_node]: lower MPC state reset: path/mission/pose/reset event
[lower_tracking_mpc_node-4] [INFO] [1791406611.552801325] [lower_tracking_mpc_node]: MAVLink COMMAND_ACK command=187 result=0
[upper_planner_node-3] [INFO] [1791406612.449176369] [upper_planner_node]: waypoint pair advanced: [5,6] -> [6,7]; previous reference retained
[lower_tracking_mpc_node-4] [WARN] [1791406612.503770210] [lower_tracking_mpc_node]: lower MPC state reset: path/mission/pose/reset event
[lower_tracking_mpc_node-4] [INFO] [1791406612.552812523] [lower_tracking_mpc_node]: MAVLink COMMAND_ACK command=187 result=0
[lower_tracking_mpc_node-4] [WARN] [1791406613.003057356] [lower_tracking_mpc_node]: lower MPC state reset: path/mission/pose/reset event
[upper_planner_node-3] [WARN] [1791406613.450191726] [upper_planner_node]: egocentric MIQP failed: status=DAQP direct corridor QP infeasible: tried=2 solve_ms=0.209; retaining last published path
[lower_tracking_mpc_node-4] [INFO] [1791406613.602647051] [lower_tracking_mpc_node]: MAVLink COMMAND_ACK command=187 result=0
[upper_planner_node-3] [WARN] [1791406613.949752736] [upper_planner_node]: no valid interval at the measured k=0 state; retaining future horizon=6 reason=3
[upper_planner_node-3] [WARN] [1791406613.950594170] [upper_planner_node]: interval_diag step=4 reason=3 ref_body=(11.811,13.515) heading_deg=52.40 center_cell=(37,107) center_value=100 line_free=0 blocked=462 unknown=0 outside=2 longest_run=0 min_run=2 grid_free=1151 zero=1151 positive=15233 unknown=0 topic=/bev/occupancy_grid frame=Vehicle origin=(0.000,-20.000) origin_yaw_deg=0.00 size=128x128 res=0.3125 positive_is_drivable=0 threshold=1 waypoint_bias=0 previous=1
[upper_planner_node-3] [WARN] [1791406613.950887170] [upper_planner_node]: no valid preview interval at step=4; usable horizon=3 reason=3
[upper_planner_node-3] [WARN] [1791406613.951132650] [upper_planner_node]: no valid preview interval at step=5; usable horizon=3 reason=3
[upper_planner_node-3] [WARN] [1791406613.951258318] [upper_planner_node]: horizon_diag configured=6 extent_limit=6 requested=6 usable=3 reserve=1 restore=1 step_m=4.500 previous=1
[upper_planner_node-3] [WARN] [1791406614.449696190] [upper_planner_node]: no valid preview interval at step=2; usable horizon=1 reason=3
[upper_planner_node-3] [WARN] [1791406614.450433524] [upper_planner_node]: no valid preview interval at step=3; usable horizon=1 reason=3
[upper_planner_node-3] [WARN] [1791406614.450675195] [upper_planner_node]: no valid preview interval at step=4; usable horizon=1 reason=3
[upper_planner_node-3] [WARN] [1791406614.450875809] [upper_planner_node]: no valid preview interval at step=5; usable horizon=1 reason=3
[upper_planner_node-3] [WARN] [1791406614.451060807] [upper_planner_node]: no valid preview interval at step=6; usable horizon=1 reason=3
[upper_planner_node-3] [WARN] [1791406614.452198249] [upper_planner_node]: egocentric MIQP failed: status=DAQP direct corridor QP infeasible: tried=2 solve_ms=0.253; retaining last published path
[lower_tracking_mpc_node-4] [WARN] [1791406614.503062762] [lower_tracking_mpc_node]: lower control invalid: neutral steering/throttle: stale lower path
[lower_tracking_mpc_node-4] [INFO] [1791406614.604125719] [lower_tracking_mpc_node]: MAVLink COMMAND_ACK command=187 result=0
[lower_tracking_mpc_node-4] [WARN] [1791406615.003149324] [lower_tracking_mpc_node]: lower MPC state reset: path/mission/pose/reset event
[upper_planner_node-3] [WARN] [1791406615.452258186] [upper_planner_node]: egocentric MIQP failed: status=DAQP direct corridor QP infeasible: tried=1 solve_ms=0.503; retaining last published path
[lower_tracking_mpc_node-4] [INFO] [1791406615.652905047] [lower_tracking_mpc_node]: MAVLink COMMAND_ACK command=187 result=0
[lower_tracking_mpc_node-4] [WARN] [1791406616.502889411] [lower_tracking_mpc_node]: lower MPC state reset: path/mission/pose/reset event
[lower_tracking_mpc_node-4] [INFO] [1791406616.703106403] [lower_tracking_mpc_node]: MAVLink COMMAND_ACK command=187 result=0
[lower_tracking_mpc_node-4] [INFO] [1791406617.752887970] [lower_tracking_mpc_node]: MAVLink COMMAND_ACK command=187 result=0
[lower_tracking_mpc_node-4] [INFO] [1791406618.752944420] [lower_tracking_mpc_node]: MAVLink COMMAND_ACK command=187 result=0
[upper_planner_node-3] [WARN] [1791406618.950332879] [upper_planner_node]: interval_diag step=6 reason=3 ref_body=(26.416,-4.837) heading_deg=-11.02 center_cell=(84,48) center_value=100 line_free=0 blocked=408 unknown=0 outside=1 longest_run=0 min_run=2 grid_free=2096 zero=2096 positive=14288 unknown=0 topic=/bev/occupancy_grid frame=Vehicle origin=(0.000,-20.000) origin_yaw_deg=0.00 size=128x128 res=0.3125 positive_is_drivable=0 threshold=1 waypoint_bias=0 previous=1
[upper_planner_node-3] [WARN] [1791406618.950935841] [upper_planner_node]: no valid preview interval at step=6; usable horizon=5 reason=3
[upper_planner_node-3] [WARN] [1791406618.951058021] [upper_planner_node]: horizon_diag configured=6 extent_limit=6 requested=6 usable=5 reserve=1 restore=1 step_m=4.500 previous=1
[lower_tracking_mpc_node-4] [WARN] [1791406619.003128330] [lower_tracking_mpc_node]: lower MPC state reset: path/mission/pose/reset event
[upper_planner_node-3] [WARN] [1791406619.450939457] [upper_planner_node]: no valid preview interval at step=6; usable horizon=5 reason=3
[lower_tracking_mpc_node-4] [WARN] [1791406619.503241037] [lower_tracking_mpc_node]: lower MPC state reset: path/mission/pose/reset event
[lower_tracking_mpc_node-4] [INFO] [1791406619.802838663] [lower_tracking_mpc_node]: MAVLink COMMAND_ACK command=187 result=0
[upper_planner_node-3] [WARN] [1791406619.950601271] [upper_planner_node]: no valid preview interval at step=5; usable horizon=4 reason=3
[upper_planner_node-3] [WARN] [1791406619.951188873] [upper_planner_node]: no valid preview interval at step=6; usable horizon=4 reason=3
[lower_tracking_mpc_node-4] [WARN] [1791406620.003107081] [lower_tracking_mpc_node]: lower MPC state reset: path/mission/pose/reset event
[upper_planner_node-3] [WARN] [1791406620.449475093] [upper_planner_node]: no valid preview interval at step=4; usable horizon=3 reason=3
[upper_planner_node-3] [WARN] [1791406620.449866369] [upper_planner_node]: no valid preview interval at step=5; usable horizon=3 reason=3
[upper_planner_node-3] [WARN] [1791406620.450104360] [upper_planner_node]: no valid preview interval at step=6; usable horizon=3 reason=3
[lower_tracking_mpc_node-4] [INFO] [1791406620.852775788] [lower_tracking_mpc_node]: MAVLink COMMAND_ACK command=187 result=0
[upper_planner_node-3] [WARN] [1791406620.951040933] [upper_planner_node]: interval_diag step=4 reason=3 ref_body=(17.998,0.293) heading_deg=0.93 center_cell=(57,64) center_value=100 line_free=0 blocked=401 unknown=0 outside=1 longest_run=0 min_run=2 grid_free=1222 zero=1222 positive=15162 unknown=0 topic=/bev/occupancy_grid frame=Vehicle origin=(0.000,-20.000) origin_yaw_deg=0.00 size=128x128 res=0.3125 positive_is_drivable=0 threshold=1 waypoint_bias=0 previous=0
[upper_planner_node-3] [WARN] [1791406620.951597910] [upper_planner_node]: no valid preview interval at step=4; usable horizon=3 reason=3
[upper_planner_node-3] [WARN] [1791406620.951838557] [upper_planner_node]: no valid preview interval at step=5; usable horizon=3 reason=3
[upper_planner_node-3] [WARN] [1791406620.952040195] [upper_planner_node]: no valid preview interval at step=6; usable horizon=3 reason=3
[upper_planner_node-3] [WARN] [1791406620.952148134] [upper_planner_node]: horizon_diag configured=6 extent_limit=6 requested=6 usable=3 reserve=1 restore=1 step_m=4.500 previous=0
[lower_tracking_mpc_node-4] [INFO] [1791406621.203865754] [lower_tracking_mpc_node]: goal stop applied: steer=0 throttle=0 brake=0.700 MAVLink neutral
[upper_planner_node-3] [WARN] [1791406621.450820094] [upper_planner_node]: no valid preview interval at step=3; usable horizon=2 reason=3
[upper_planner_node-3] [WARN] [1791406621.451509075] [upper_planner_node]: no valid preview interval at step=4; usable horizon=2 reason=3
[upper_planner_node-3] [WARN] [1791406621.451727034] [upper_planner_node]: no valid preview interval at step=5; usable horizon=2 reason=3
[upper_planner_node-3] [WARN] [1791406621.451922816] [upper_planner_node]: no valid preview interval at step=6; usable horizon=2 reason=3
[knu_batch_runner.py-5] [INFO] [1791406621.677419868] [knu_batch_runner]: scenario3: completed 
[lower_tracking_mpc_node-4] [INFO] [1791406621.853030005] [lower_tracking_mpc_node]: MAVLink COMMAND_ACK command=187 result=0
[upper_planner_node-3] [WARN] [1791406621.950376945] [upper_planner_node]: no valid preview interval at step=3; usable horizon=2 reason=3
[upper_planner_node-3] [WARN] [1791406621.950855808] [upper_planner_node]: no valid preview interval at step=4; usable horizon=2 reason=3
[upper_planner_node-3] [WARN] [1791406621.950991172] [upper_planner_node]: no valid preview interval at step=5; usable horizon=2 reason=3
[upper_planner_node-3] [WARN] [1791406621.951112039] [upper_planner_node]: no valid preview interval at step=6; usable horizon=2 reason=3
[lower_tracking_mpc_node-4] [INFO] [1791406622.204159684] [lower_tracking_mpc_node]: goal stop applied: steer=0 throttle=0 brake=0.700 MAVLink neutral
[upper_planner_node-3] [WARN] [1791406622.449519032] [upper_planner_node]: no valid preview interval at step=2; usable horizon=1 reason=3
[upper_planner_node-3] [WARN] [1791406622.449843330] [upper_planner_node]: no valid preview interval at step=3; usable horizon=1 reason=3
[upper_planner_node-3] [WARN] [1791406622.450004742] [upper_planner_node]: no valid preview interval at step=4; usable horizon=1 reason=3
[upper_planner_node-3] [WARN] [1791406622.450189036] [upper_planner_node]: no valid preview interval at step=5; usable horizon=1 reason=3
[upper_planner_node-3] [WARN] [1791406622.450338769] [upper_planner_node]: no valid preview interval at step=6; usable horizon=1 reason=3
[lower_tracking_mpc_node-4] [WARN] [1791406622.503792063] [lower_tracking_mpc_node]: lower MPC state reset: path/mission/pose/reset event
[lower_tracking_mpc_node-4] [INFO] [1791406622.902943673] [lower_tracking_mpc_node]: MAVLink COMMAND_ACK command=187 result=0
[upper_planner_node-3] [WARN] [1791406622.951120713] [upper_planner_node]: egocentric MIQP failed: status=DAQP direct corridor QP infeasible: tried=1 solve_ms=0.367; retaining last published path
[lower_tracking_mpc_node-4] [INFO] [1791406623.303318168] [lower_tracking_mpc_node]: goal stop applied: steer=0 throttle=0 brake=0.700 MAVLink neutral
[lower_tracking_mpc_node-4] [INFO] [1791406623.902996828] [lower_tracking_mpc_node]: MAVLink COMMAND_ACK command=187 result=0
[upper_planner_node-3] [WARN] [1791406623.949406102] [upper_planner_node]: no valid interval at the measured k=0 state; retaining future horizon=6 reason=3
[lower_tracking_mpc_node-4] [INFO] [1791406624.304293495] [lower_tracking_mpc_node]: goal stop applied: steer=0 throttle=0 brake=0.700 MAVLink neutral
[upper_planner_node-3] [WARN] [1791406624.449960103] [upper_planner_node]: no valid interval at the measured k=0 state; retaining future horizon=6 reason=3
[upper_planner_node-3] [WARN] [1791406624.451725789] [upper_planner_node]: egocentric MIQP failed: status=DAQP direct corridor QP infeasible: tried=1 solve_ms=0.317; retaining last published path
[lower_tracking_mpc_node-4] [INFO] [1791406624.903092320] [lower_tracking_mpc_node]: MAVLink COMMAND_ACK command=187 result=0
[upper_planner_node-3] [WARN] [1791406624.950985447] [upper_planner_node]: no valid interval at the measured k=0 state; retaining future horizon=6 reason=3
[lower_tracking_mpc_node-4] [INFO] [1791406625.403365321] [lower_tracking_mpc_node]: goal stop applied: steer=0 throttle=0 brake=0.700 MAVLink neutral
[upper_planner_node-3] [WARN] [1791406625.449944777] [upper_planner_node]: no valid interval at the measured k=0 state; retaining future horizon=6 reason=3
[upper_planner_node-3] [WARN] [1791406625.451837826] [upper_planner_node]: egocentric MIQP failed: status=DAQP direct corridor QP infeasible: tried=1 solve_ms=0.312; retaining last published path
[upper_planner_node-3] [WARN] [1791406625.949811909] [upper_planner_node]: no valid interval at the measured k=0 state; retaining future horizon=6 reason=3
[lower_tracking_mpc_node-4] [INFO] [1791406625.952866114] [lower_tracking_mpc_node]: MAVLink COMMAND_ACK command=187 result=0
[lower_tracking_mpc_node-4] [INFO] [1791406626.404085505] [lower_tracking_mpc_node]: goal stop applied: steer=0 throttle=0 brake=0.700 MAVLink neutral
[upper_planner_node-3] [WARN] [1791406626.450159057] [upper_planner_node]: no valid interval at the measured k=0 state; retaining future horizon=6 reason=3
[upper_planner_node-3] [WARN] [1791406626.452056202] [upper_planner_node]: egocentric MIQP failed: status=DAQP direct corridor QP infeasible: tried=1 solve_ms=0.319; retaining last published path
[upper_planner_node-3] [WARN] [1791406626.950004045] [upper_planner_node]: no valid interval at the measured k=0 state; retaining future horizon=6 reason=3
[lower_tracking_mpc_node-4] [INFO] [1791406626.953045129] [lower_tracking_mpc_node]: MAVLink COMMAND_ACK command=187 result=0
[upper_planner_node-3] [WARN] [1791406627.450284727] [upper_planner_node]: no valid interval at the measured k=0 state; retaining future horizon=6 reason=3
[upper_planner_node-3] [WARN] [1791406627.452680895] [upper_planner_node]: egocentric MIQP failed: status=DAQP direct corridor QP infeasible: tried=1 solve_ms=0.850; retaining last published path
[lower_tracking_mpc_node-4] [INFO] [1791406627.504094800] [lower_tracking_mpc_node]: goal stop applied: steer=0 throttle=0 brake=0.700 MAVLink neutral
[upper_planner_node-3] [WARN] [1791406627.949899852] [upper_planner_node]: no valid interval at the measured k=0 state; retaining future horizon=6 reason=3
[lower_tracking_mpc_node-4] [INFO] [1791406628.003104595] [lower_tracking_mpc_node]: MAVLink COMMAND_ACK command=187 result=0
[upper_planner_node-3] [WARN] [1791406628.450183830] [upper_planner_node]: no valid interval at the measured k=0 state; retaining future horizon=6 reason=3
[lower_tracking_mpc_node-4] [INFO] [1791406628.604363848] [lower_tracking_mpc_node]: goal stop applied: steer=0 throttle=0 brake=0.700 MAVLink neutral
[upper_planner_node-3] [WARN] [1791406628.949893710] [upper_planner_node]: no valid interval at the measured k=0 state; retaining future horizon=6 reason=3
[upper_planner_node-3] [WARN] [1791406628.951774503] [upper_planner_node]: egocentric MIQP failed: status=DAQP direct corridor QP infeasible: tried=1 solve_ms=0.310; retaining last published path
[lower_tracking_mpc_node-4] [INFO] [1791406629.003107606] [lower_tracking_mpc_node]: MAVLink COMMAND_ACK command=187 result=0
[upper_planner_node-3] [WARN] [1791406629.450651526] [upper_planner_node]: no valid interval at the measured k=0 state; retaining future horizon=6 reason=3
[lower_tracking_mpc_node-4] [INFO] [1791406629.703664866] [lower_tracking_mpc_node]: goal stop applied: steer=0 throttle=0 brake=0.700 MAVLink neutral
[upper_planner_node-3] [WARN] [1791406629.950237243] [upper_planner_node]: no valid interval at the measured k=0 state; retaining future horizon=6 reason=3
[upper_planner_node-3] [WARN] [1791406629.951963311] [upper_planner_node]: egocentric MIQP failed: status=DAQP direct corridor QP infeasible: tried=1 solve_ms=0.317; retaining last published path
[lower_tracking_mpc_node-4] [INFO] [1791406630.003129273] [lower_tracking_mpc_node]: MAVLink COMMAND_ACK command=187 result=0
[upper_planner_node-3] [WARN] [1791406630.449649163] [upper_planner_node]: no valid interval at the measured k=0 state; retaining future horizon=6 reason=3
[lower_tracking_mpc_node-4] [INFO] [1791406630.703948494] [lower_tracking_mpc_node]: goal stop applied: steer=0 throttle=0 brake=0.700 MAVLink neutral
[upper_planner_node-3] [WARN] [1791406630.950462789] [upper_planner_node]: no valid interval at the measured k=0 state; retaining future horizon=6 reason=3
[upper_planner_node-3] [WARN] [1791406630.952226810] [upper_planner_node]: egocentric MIQP failed: status=DAQP direct corridor QP infeasible: tried=1 solve_ms=0.317; retaining last published path
[lower_tracking_mpc_node-4] [INFO] [1791406631.003334242] [lower_tracking_mpc_node]: MAVLink COMMAND_ACK command=187 result=0
[upper_planner_node-3] [WARN] [1791406631.450231904] [upper_planner_node]: no valid interval at the measured k=0 state; retaining future horizon=6 reason=3
[lower_tracking_mpc_node-4] [INFO] [1791406631.704347805] [lower_tracking_mpc_node]: goal stop applied: steer=0 throttle=0 brake=0.700 MAVLink neutral
[upper_planner_node-3] [WARN] [1791406631.950225409] [upper_planner_node]: no valid interval at the measured k=0 state; retaining future horizon=6 reason=3
[lower_tracking_mpc_node-4] [INFO] [1791406632.053281290] [lower_tracking_mpc_node]: MAVLink COMMAND_ACK command=187 result=0
[upper_planner_node-3] [WARN] [1791406632.449781909] [upper_planner_node]: no valid interval at the measured k=0 state; retaining future horizon=6 reason=3
[upper_planner_node-3] [WARN] [1791406632.450771795] [upper_planner_node]: egocentric MIQP failed: status=DAQP direct corridor QP infeasible: tried=1 solve_ms=0.140; retaining last published path
[lower_tracking_mpc_node-4] [INFO] [1791406632.804045284] [lower_tracking_mpc_node]: goal stop applied: steer=0 throttle=0 brake=0.700 MAVLink neutral
[upper_planner_node-3] [WARN] [1791406632.950417514] [upper_planner_node]: no valid interval at the measured k=0 state; retaining future horizon=6 reason=3
[lower_tracking_mpc_node-4] [INFO] [1791406633.053468915] [lower_tracking_mpc_node]: MAVLink COMMAND_ACK command=187 result=0
[upper_planner_node-3] [WARN] [1791406633.449647413] [upper_planner_node]: no valid interval at the measured k=0 state; retaining future horizon=6 reason=3
[lower_tracking_mpc_node-4] [INFO] [1791406633.804584152] [lower_tracking_mpc_node]: goal stop applied: steer=0 throttle=0 brake=0.700 MAVLink neutral
[upper_planner_node-3] [WARN] [1791406633.951608882] [upper_planner_node]: no valid interval at the measured k=0 state; retaining future horizon=6 reason=3
[upper_planner_node-3] [WARN] [1791406633.953907831] [upper_planner_node]: egocentric MIQP failed: status=DAQP direct corridor QP infeasible: tried=1 solve_ms=0.225; retaining last published path
[lower_tracking_mpc_node-4] [INFO] [1791406634.103226998] [lower_tracking_mpc_node]: MAVLink COMMAND_ACK command=187 result=0
[upper_planner_node-3] [WARN] [1791406634.449899168] [upper_planner_node]: no valid interval at the measured k=0 state; retaining future horizon=6 reason=3
[lower_tracking_mpc_node-4] [INFO] [1791406634.905009750] [lower_tracking_mpc_node]: goal stop applied: steer=0 throttle=0 brake=0.700 MAVLink neutral
[upper_planner_node-3] [WARN] [1791406634.949734749] [upper_planner_node]: no valid interval at the measured k=0 state; retaining future horizon=6 reason=3
[lower_tracking_mpc_node-4] [INFO] [1791406635.103465185] [lower_tracking_mpc_node]: MAVLink COMMAND_ACK command=187 result=0
[upper_planner_node-3] [WARN] [1791406635.450505878] [upper_planner_node]: no valid interval at the measured k=0 state; retaining future horizon=6 reason=3
[upper_planner_node-3] [WARN] [1791406635.452302604] [upper_planner_node]: egocentric MIQP failed: status=DAQP direct corridor QP infeasible: tried=1 solve_ms=0.306; retaining last published path
[upper_planner_node-3] [WARN] [1791406635.950251345] [upper_planner_node]: no valid interval at the measured k=0 state; retaining future horizon=6 reason=3
[lower_tracking_mpc_node-4] [INFO] [1791406636.004253040] [lower_tracking_mpc_node]: goal stop applied: steer=0 throttle=0 brake=0.700 MAVLink neutral
[lower_tracking_mpc_node-4] [INFO] [1791406636.153318408] [lower_tracking_mpc_node]: MAVLink COMMAND_ACK command=187 result=0
[upper_planner_node-3] [WARN] [1791406636.450239026] [upper_planner_node]: no valid interval at the measured k=0 state; retaining future horizon=6 reason=3
[upper_planner_node-3] [WARN] [1791406636.950436186] [upper_planner_node]: no valid interval at the measured k=0 state; retaining future horizon=6 reason=3
[upper_planner_node-3] [WARN] [1791406636.952085996] [upper_planner_node]: egocentric MIQP failed: status=DAQP direct corridor QP infeasible: tried=1 solve_ms=0.314; retaining last published path
[lower_tracking_mpc_node-4] [INFO] [1791406637.004264341] [lower_tracking_mpc_node]: goal stop applied: steer=0 throttle=0 brake=0.700 MAVLink neutral
[lower_tracking_mpc_node-4] [INFO] [1791406637.153383950] [lower_tracking_mpc_node]: MAVLink COMMAND_ACK command=187 result=0
[upper_planner_node-3] [WARN] [1791406637.450112435] [upper_planner_node]: no valid interval at the measured k=0 state; retaining future horizon=6 reason=3
[upper_planner_node-3] [WARN] [1791406637.950935886] [upper_planner_node]: no valid interval at the measured k=0 state; retaining future horizon=6 reason=3
[upper_planner_node-3] [WARN] [1791406637.953190578] [upper_planner_node]: egocentric MIQP failed: status=DAQP direct corridor QP infeasible: tried=1 solve_ms=0.518; retaining last published path
[lower_tracking_mpc_node-4] [INFO] [1791406638.004372285] [lower_tracking_mpc_node]: goal stop applied: steer=0 throttle=0 brake=0.700 MAVLink neutral
[lower_tracking_mpc_node-4] [INFO] [1791406638.153407539] [lower_tracking_mpc_node]: MAVLink COMMAND_ACK command=187 result=0
[upper_planner_node-3] [WARN] [1791406638.450243420] [upper_planner_node]: no valid interval at the measured k=0 state; retaining future horizon=6 reason=3
[upper_planner_node-3] [WARN] [1791406638.950380738] [upper_planner_node]: no valid interval at the measured k=0 state; retaining future horizon=6 reason=3
[lower_tracking_mpc_node-4] [INFO] [1791406639.004643882] [lower_tracking_mpc_node]: goal stop applied: steer=0 throttle=0 brake=0.700 MAVLink neutral
[lower_tracking_mpc_node-4] [INFO] [1791406639.203399135] [lower_tracking_mpc_node]: MAVLink COMMAND_ACK command=187 result=0
[upper_planner_node-3] [WARN] [1791406639.450488776] [upper_planner_node]: no valid interval at the measured k=0 state; retaining future horizon=6 reason=3
[upper_planner_node-3] [WARN] [1791406639.452378849] [upper_planner_node]: egocentric MIQP failed: status=DAQP direct corridor QP infeasible: tried=1 solve_ms=0.348; retaining last published path
[upper_planner_node-3] [WARN] [1791406639.951669070] [upper_planner_node]: no valid interval at the measured k=0 state; retaining future horizon=6 reason=3
[lower_tracking_mpc_node-4] [INFO] [1791406640.104251664] [lower_tracking_mpc_node]: goal stop applied: steer=0 throttle=0 brake=0.700 MAVLink neutral
[lower_tracking_mpc_node-4] [INFO] [1791406640.204111993] [lower_tracking_mpc_node]: MAVLink COMMAND_ACK command=187 result=0
[upper_planner_node-3] [WARN] [1791406640.450632786] [upper_planner_node]: no valid interval at the measured k=0 state; retaining future horizon=6 reason=3
[upper_planner_node-3] [WARN] [1791406640.453951606] [upper_planner_node]: egocentric MIQP failed: status=DAQP direct corridor QP infeasible: tried=1 solve_ms=1.046; retaining last published path
[upper_planner_node-3] [WARN] [1791406640.950657749] [upper_planner_node]: no valid interval at the measured k=0 state; retaining future horizon=6 reason=3
[lower_tracking_mpc_node-4] [INFO] [1791406641.204429032] [lower_tracking_mpc_node]: goal stop applied: steer=0 throttle=0 brake=0.700 MAVLink neutral
[lower_tracking_mpc_node-4] [INFO] [1791406641.253428785] [lower_tracking_mpc_node]: MAVLink COMMAND_ACK command=187 result=0
[knu_batch_runner.py-5] [INFO] [1791406641.396316846] [knu_batch_runner]: [2/10] scenario3
[upper_planner_node-3] [WARN] [1791406641.450639991] [upper_planner_node]: no valid interval at the measured k=0 state; retaining future horizon=6 reason=3
[upper_planner_node-3] [WARN] [1791406641.454387432] [upper_planner_node]: egocentric MIQP failed: status=DAQP direct corridor QP infeasible: tried=1 solve_ms=1.143; retaining last published path
[upper_planner_node-3] [WARN] [1791406641.950644218] [upper_planner_node]: no valid interval at the measured k=0 state; retaining future horizon=6 reason=3
[lower_tracking_mpc_node-4] [INFO] [1791406642.253438231] [lower_tracking_mpc_node]: MAVLink COMMAND_ACK command=187 result=0
[lower_tracking_mpc_node-4] [INFO] [1791406642.304755525] [lower_tracking_mpc_node]: goal stop applied: steer=0 throttle=0 brake=0.700 MAVLink neutral
[upper_planner_node-3] [WARN] [1791406642.450110253] [upper_planner_node]: no valid interval at the measured k=0 state; retaining future horizon=6 reason=3
[px4_odom_map_bridge-2] [INFO] [1791406642.826392918] [px4_odom_map_bridge]: Map alignment initialized once: source=(402.209656, 167.566620, 0.836853, yaw=-1.534504) yaw_delta=-0.036292 input_frame='map' (treated as PX4 local)
[lower_tracking_mpc_node-4] [WARN] [1791406642.903621011] [lower_tracking_mpc_node]: lower MPC state reset: path/mission/pose/reset event
[upper_planner_node-3] [WARN] [1791406642.950662592] [upper_planner_node]: interval_diag step=2 reason=3 ref_body=(4.200,7.960) heading_deg=62.18 center_cell=(13,89) center_value=100 line_free=0 blocked=453 unknown=0 outside=1 longest_run=0 min_run=2 grid_free=265 zero=265 positive=16119 unknown=0 topic=/bev/occupancy_grid frame=Vehicle origin=(0.000,-20.000) origin_yaw_deg=0.00 size=128x128 res=0.3125 positive_is_drivable=0 threshold=1 waypoint_bias=0 previous=0
[upper_planner_node-3] [WARN] [1791406642.951118606] [upper_planner_node]: no valid preview interval at step=2; usable horizon=1 reason=3
[upper_planner_node-3] [WARN] [1791406642.951256114] [upper_planner_node]: no valid preview interval at step=3; usable horizon=1 reason=3
[upper_planner_node-3] [WARN] [1791406642.951380918] [upper_planner_node]: no valid preview interval at step=4; usable horizon=1 reason=3
[upper_planner_node-3] [WARN] [1791406642.951535067] [upper_planner_node]: no valid preview interval at step=5; usable horizon=1 reason=3
[upper_planner_node-3] [WARN] [1791406642.951629438] [upper_planner_node]: horizon_diag configured=6 extent_limit=6 requested=6 usable=1 reserve=1 restore=1 step_m=4.500 previous=0
[upper_planner_node-3] [WARN] [1791406642.952506008] [upper_planner_node]: egocentric MIQP failed: status=DAQP direct corridor QP infeasible: tried=1 solve_ms=0.217; retaining last published path
[lower_tracking_mpc_node-4] [INFO] [1791406643.253568192] [lower_tracking_mpc_node]: MAVLink COMMAND_ACK command=187 result=0
[lower_tracking_mpc_node-4] [INFO] [1791406643.404436143] [lower_tracking_mpc_node]: goal stop applied: steer=0 throttle=0 brake=0.700 MAVLink neutral
[upper_planner_node-3] [WARN] [1791406643.952778278] [upper_planner_node]: egocentric MIQP failed: status=DAQP direct corridor QP infeasible: tried=4 solve_ms=0.522; retaining last published path
[lower_tracking_mpc_node-4] [WARN] [1791406644.104070721] [lower_tracking_mpc_node]: lower MPC state reset: path/mission/pose/reset event
[lower_tracking_mpc_node-4] [INFO] [1791406644.303562317] [lower_tracking_mpc_node]: MAVLink COMMAND_ACK command=187 result=0
[lower_tracking_mpc_node-4] [INFO] [1791406644.504303358] [lower_tracking_mpc_node]: goal stop applied: steer=0 throttle=0 brake=0.700 MAVLink neutral
[lower_tracking_mpc_node-4] [INFO] [1791406645.353611067] [lower_tracking_mpc_node]: MAVLink COMMAND_ACK command=187 result=0
[upper_planner_node-3] [WARN] [1791406645.453415875] [upper_planner_node]: egocentric MIQP failed: status=DAQP direct corridor QP infeasible: tried=4 solve_ms=0.448; retaining last published path
[lower_tracking_mpc_node-4] [INFO] [1791406645.504533996] [lower_tracking_mpc_node]: goal stop applied: steer=0 throttle=0 brake=0.700 MAVLink neutral
[lower_tracking_mpc_node-4] [INFO] [1791406646.353696965] [lower_tracking_mpc_node]: MAVLink COMMAND_ACK command=187 result=0
[lower_tracking_mpc_node-4] [INFO] [1791406646.504711960] [lower_tracking_mpc_node]: goal stop applied: steer=0 throttle=0 brake=0.700 MAVLink neutral
[upper_planner_node-3] [WARN] [1791406646.952524370] [upper_planner_node]: egocentric MIQP failed: status=DAQP direct corridor QP infeasible: tried=4 solve_ms=0.483; retaining last published path
[lower_tracking_mpc_node-4] [INFO] [1791406647.353796462] [lower_tracking_mpc_node]: MAVLink COMMAND_ACK command=187 result=0
[lower_tracking_mpc_node-4] [INFO] [1791406647.604673067] [lower_tracking_mpc_node]: goal stop applied: steer=0 throttle=0 brake=0.700 MAVLink neutral
[upper_planner_node-3] [WARN] [1791406647.952882916] [upper_planner_node]: egocentric MIQP failed: status=DAQP direct corridor QP infeasible: tried=8 solve_ms=0.689; retaining last published path
[lower_tracking_mpc_node-4] [INFO] [1791406648.353839479] [lower_tracking_mpc_node]: MAVLink COMMAND_ACK command=187 result=0
[lower_tracking_mpc_node-4] [INFO] [1791406648.704623998] [lower_tracking_mpc_node]: goal stop applied: steer=0 throttle=0 brake=0.700 MAVLink neutral
[upper_planner_node-3] [WARN] [1791406648.953255286] [upper_planner_node]: egocentric MIQP failed: status=DAQP direct corridor QP infeasible: tried=6 solve_ms=0.397; retaining last published path
[lower_tracking_mpc_node-4] [INFO] [1791406649.353925857] [lower_tracking_mpc_node]: MAVLink COMMAND_ACK command=187 result=0
[lower_tracking_mpc_node-4] [INFO] [1791406649.704662214] [lower_tracking_mpc_node]: goal stop applied: steer=0 throttle=0 brake=0.700 MAVLink neutral
[lower_tracking_mpc_node-4] [INFO] [1791406650.403884302] [lower_tracking_mpc_node]: MAVLink COMMAND_ACK command=187 result=0
[upper_planner_node-3] [WARN] [1791406650.452611694] [upper_planner_node]: egocentric MIQP failed: status=DAQP direct corridor QP infeasible: tried=4 solve_ms=0.482; retaining last published path
[lower_tracking_mpc_node-4] [INFO] [1791406650.704749969] [lower_tracking_mpc_node]: goal stop applied: steer=0 throttle=0 brake=0.700 MAVLink neutral
[lower_tracking_mpc_node-4] [INFO] [1791406651.405597193] [lower_tracking_mpc_node]: MAVLink COMMAND_ACK command=187 result=0
[lower_tracking_mpc_node-4] [INFO] [1791406651.804728581] [lower_tracking_mpc_node]: goal stop applied: steer=0 throttle=0 brake=0.700 MAVLink neutral
[upper_planner_node-3] [WARN] [1791406651.953241549] [upper_planner_node]: egocentric MIQP failed: status=DAQP direct corridor QP infeasible: tried=6 solve_ms=0.447; retaining last published path
[lower_tracking_mpc_node-4] [INFO] [1791406652.453713471] [lower_tracking_mpc_node]: MAVLink COMMAND_ACK command=187 result=0
[lower_tracking_mpc_node-4] [INFO] [1791406652.804885522] [lower_tracking_mpc_node]: goal stop applied: steer=0 throttle=0 brake=0.700 MAVLink neutral
[lower_tracking_mpc_node-4] [INFO] [1791406653.453968175] [lower_tracking_mpc_node]: MAVLink COMMAND_ACK command=187 result=0
[upper_planner_node-3] [WARN] [1791406653.455187508] [upper_planner_node]: egocentric MIQP failed: status=DAQP direct corridor QP infeasible: tried=6 solve_ms=0.663; retaining last published path
[lower_tracking_mpc_node-4] [INFO] [1791406653.905111119] [lower_tracking_mpc_node]: goal stop applied: steer=0 throttle=0 brake=0.700 MAVLink neutral
[lower_tracking_mpc_node-4] [INFO] [1791406654.503814458] [lower_tracking_mpc_node]: MAVLink COMMAND_ACK command=187 result=0
[lower_tracking_mpc_node-4] [INFO] [1791406654.906643526] [lower_tracking_mpc_node]: goal stop applied: steer=0 throttle=0 brake=0.700 MAVLink neutral
[upper_planner_node-3] [WARN] [1791406654.951733016] [upper_planner_node]: egocentric MIQP failed: status=DAQP direct corridor QP infeasible: tried=4 solve_ms=0.335; retaining last published path
[lower_tracking_mpc_node-4] [INFO] [1791406655.503909797] [lower_tracking_mpc_node]: MAVLink COMMAND_ACK command=187 result=0
[upper_planner_node-3] [WARN] [1791406655.952911493] [upper_planner_node]: egocentric MIQP failed: status=DAQP direct corridor QP infeasible: tried=6 solve_ms=0.537; retaining last published path
[lower_tracking_mpc_node-4] [INFO] [1791406656.005034796] [lower_tracking_mpc_node]: goal stop applied: steer=0 throttle=0 brake=0.700 MAVLink neutral
[lower_tracking_mpc_node-4] [INFO] [1791406656.503933871] [lower_tracking_mpc_node]: MAVLink COMMAND_ACK command=187 result=0
[upper_planner_node-3] [WARN] [1791406656.953864715] [upper_planner_node]: egocentric MIQP failed: status=DAQP direct corridor QP infeasible: tried=12 solve_ms=1.662; retaining last published path
[lower_tracking_mpc_node-4] [INFO] [1791406657.106149924] [lower_tracking_mpc_node]: goal stop applied: steer=0 throttle=0 brake=0.700 MAVLink neutral
[lower_tracking_mpc_node-4] [INFO] [1791406657.504018555] [lower_tracking_mpc_node]: MAVLink COMMAND_ACK command=187 result=0
[upper_planner_node-3] [WARN] [1791406657.953918582] [upper_planner_node]: egocentric MIQP failed: status=DAQP direct corridor QP infeasible: tried=4 solve_ms=0.482; retaining last published path
[lower_tracking_mpc_node-4] [INFO] [1791406658.205047706] [lower_tracking_mpc_node]: goal stop applied: steer=0 throttle=0 brake=0.700 MAVLink neutral
[lower_tracking_mpc_node-4] [INFO] [1791406658.504050917] [lower_tracking_mpc_node]: MAVLink COMMAND_ACK command=187 result=0
[upper_planner_node-3] [WARN] [1791406658.954182695] [upper_planner_node]: egocentric MIQP failed: status=DAQP direct corridor QP infeasible: tried=4 solve_ms=0.514; retaining last published path
[lower_tracking_mpc_node-4] [INFO] [1791406659.305165109] [lower_tracking_mpc_node]: goal stop applied: steer=0 throttle=0 brake=0.700 MAVLink neutral
[lower_tracking_mpc_node-4] [INFO] [1791406659.554413057] [lower_tracking_mpc_node]: MAVLink COMMAND_ACK command=187 result=0
[lower_tracking_mpc_node-4] [INFO] [1791406660.405150508] [lower_tracking_mpc_node]: goal stop applied: steer=0 throttle=0 brake=0.700 MAVLink neutral
[upper_planner_node-3] [WARN] [1791406660.456202131] [upper_planner_node]: egocentric MIQP failed: status=DAQP direct corridor QP infeasible: tried=4 solve_ms=0.702; retaining last published path
[lower_tracking_mpc_node-4] [INFO] [1791406660.604109160] [lower_tracking_mpc_node]: MAVLink COMMAND_ACK command=187 result=0
[lower_tracking_mpc_node-4] [INFO] [1791406661.505156068] [lower_tracking_mpc_node]: goal stop applied: steer=0 throttle=0 brake=0.700 MAVLink neutral
[lower_tracking_mpc_node-4] [INFO] [1791406661.654433027] [lower_tracking_mpc_node]: MAVLink COMMAND_ACK command=187 result=0
[upper_planner_node-3] [WARN] [1791406661.952852285] [upper_planner_node]: egocentric MIQP failed: status=DAQP direct corridor QP infeasible: tried=4 solve_ms=0.444; retaining last published path
[lower_tracking_mpc_node-4] [INFO] [1791406662.605159453] [lower_tracking_mpc_node]: goal stop applied: steer=0 throttle=0 brake=0.700 MAVLink neutral
[lower_tracking_mpc_node-4] [INFO] [1791406662.704229742] [lower_tracking_mpc_node]: MAVLink COMMAND_ACK command=187 result=0
[upper_planner_node-3] [WARN] [1791406662.952922889] [upper_planner_node]: egocentric MIQP failed: status=DAQP direct corridor QP infeasible: tried=4 solve_ms=0.479; retaining last published path
[lower_tracking_mpc_node-4] [INFO] [1791406663.605284715] [lower_tracking_mpc_node]: goal stop applied: steer=0 throttle=0 brake=0.700 MAVLink neutral
[lower_tracking_mpc_node-4] [INFO] [1791406663.754246464] [lower_tracking_mpc_node]: MAVLink COMMAND_ACK command=187 result=0
[upper_planner_node-3] [WARN] [1791406663.953510854] [upper_planner_node]: egocentric MIQP failed: status=DAQP direct corridor QP infeasible: tried=4 solve_ms=0.493; retaining last published path
[lower_tracking_mpc_node-4] [INFO] [1791406664.705221410] [lower_tracking_mpc_node]: goal stop applied: steer=0 throttle=0 brake=0.700 MAVLink neutral
[lower_tracking_mpc_node-4] [INFO] [1791406664.754308141] [lower_tracking_mpc_node]: MAVLink COMMAND_ACK command=187 result=0
[upper_planner_node-3] [WARN] [1791406664.955071360] [upper_planner_node]: egocentric MIQP failed: status=DAQP direct corridor QP infeasible: tried=6 solve_ms=0.576; retaining last published path
[lower_tracking_mpc_node-4] [INFO] [1791406665.705315440] [lower_tracking_mpc_node]: goal stop applied: steer=0 throttle=0 brake=0.700 MAVLink neutral
[lower_tracking_mpc_node-4] [INFO] [1791406665.754394843] [lower_tracking_mpc_node]: MAVLink COMMAND_ACK command=187 result=0
[upper_planner_node-3] [WARN] [1791406666.451985843] [upper_planner_node]: egocentric MIQP failed: status=DAQP direct corridor QP infeasible: tried=4 solve_ms=0.329; retaining last published path
[lower_tracking_mpc_node-4] [INFO] [1791406666.705337244] [lower_tracking_mpc_node]: goal stop applied: steer=0 throttle=0 brake=0.700 MAVLink neutral
[lower_tracking_mpc_node-4] [INFO] [1791406666.754465032] [lower_tracking_mpc_node]: MAVLink COMMAND_ACK command=187 result=0
[upper_planner_node-3] [WARN] [1791406667.454641583] [upper_planner_node]: egocentric MIQP failed: status=DAQP direct corridor QP infeasible: tried=6 solve_ms=1.439; retaining last published path
[lower_tracking_mpc_node-4] [INFO] [1791406667.754481652] [lower_tracking_mpc_node]: MAVLink COMMAND_ACK command=187 result=0
[lower_tracking_mpc_node-4] [INFO] [1791406667.805159216] [lower_tracking_mpc_node]: goal stop applied: steer=0 throttle=0 brake=0.700 MAVLink neutral
[lower_tracking_mpc_node-4] [INFO] [1791406668.804313090] [lower_tracking_mpc_node]: MAVLink COMMAND_ACK command=187 result=0
[lower_tracking_mpc_node-4] [INFO] [1791406668.805744813] [lower_tracking_mpc_node]: goal stop applied: steer=0 throttle=0 brake=0.700 MAVLink neutral
[upper_planner_node-3] [WARN] [1791406668.953009967] [upper_planner_node]: egocentric MIQP failed: status=DAQP direct corridor QP infeasible: tried=6 solve_ms=0.534; retaining last published path
[lower_tracking_mpc_node-4] [INFO] [1791406669.854553084] [lower_tracking_mpc_node]: MAVLink COMMAND_ACK command=187 result=0
[lower_tracking_mpc_node-4] [INFO] [1791406669.905262521] [lower_tracking_mpc_node]: goal stop applied: steer=0 throttle=0 brake=0.700 MAVLink neutral
[upper_planner_node-3] [WARN] [1791406670.453269769] [upper_planner_node]: egocentric MIQP failed: status=DAQP direct corridor QP infeasible: tried=4 solve_ms=0.462; retaining last published path
[lower_tracking_mpc_node-4] [INFO] [1791406670.904399851] [lower_tracking_mpc_node]: MAVLink COMMAND_ACK command=187 result=0
[lower_tracking_mpc_node-4] [INFO] [1791406670.905754004] [lower_tracking_mpc_node]: goal stop applied: steer=0 throttle=0 brake=0.700 MAVLink neutral
[upper_planner_node-3] [WARN] [1791406671.453373465] [upper_planner_node]: egocentric MIQP failed: status=DAQP direct corridor QP infeasible: tried=6 solve_ms=0.577; retaining last published path
[lower_tracking_mpc_node-4] [INFO] [1791406671.954322044] [lower_tracking_mpc_node]: MAVLink COMMAND_ACK command=187 result=0
[lower_tracking_mpc_node-4] [INFO] [1791406672.005565448] [lower_tracking_mpc_node]: goal stop applied: steer=0 throttle=0 brake=0.700 MAVLink neutral
[upper_planner_node-3] [WARN] [1791406672.453581388] [upper_planner_node]: egocentric MIQP failed: status=DAQP direct corridor QP infeasible: tried=6 solve_ms=0.560; retaining last published path
[lower_tracking_mpc_node-4] [INFO] [1791406672.955006045] [lower_tracking_mpc_node]: MAVLink COMMAND_ACK command=187 result=0
[lower_tracking_mpc_node-4] [INFO] [1791406673.104754635] [lower_tracking_mpc_node]: goal stop applied: steer=0 throttle=0 brake=0.700 MAVLink neutral
[upper_planner_node-3] [WARN] [1791406673.954192082] [upper_planner_node]: egocentric MIQP failed: status=DAQP direct corridor QP infeasible: tried=6 solve_ms=0.517; retaining last published path
[lower_tracking_mpc_node-4] [INFO] [1791406674.004547363] [lower_tracking_mpc_node]: MAVLink COMMAND_ACK command=187 result=0
[lower_tracking_mpc_node-4] [INFO] [1791406674.105567088] [lower_tracking_mpc_node]: goal stop applied: steer=0 throttle=0 brake=0.700 MAVLink neutral
[knu_batch_runner.py-5] [INFO] [1791406674.189011274] [knu_batch_runner]: scenario3: setup_timeout reference
[lower_tracking_mpc_node-4] [INFO] [1791406675.054490582] [lower_tracking_mpc_node]: MAVLink COMMAND_ACK command=187 result=0
[lower_tracking_mpc_node-4] [INFO] [1791406675.205323940] [lower_tracking_mpc_node]: goal stop applied: steer=0 throttle=0 brake=0.700 MAVLink neutral
[knu_batch_runner.py-5] [INFO] [1791406675.291862556] [knu_batch_runner]: [3/10] scenario3
[upper_planner_node-3] [WARN] [1791406675.452915903] [upper_planner_node]: egocentric MIQP failed: status=DAQP direct corridor QP infeasible: tried=4 solve_ms=0.444; retaining last published path
[lower_tracking_mpc_node-4] [INFO] [1791406676.054654248] [lower_tracking_mpc_node]: MAVLink COMMAND_ACK command=187 result=0
[lower_tracking_mpc_node-4] [INFO] [1791406676.205402964] [lower_tracking_mpc_node]: goal stop applied: steer=0 throttle=0 brake=0.700 MAVLink neutral
[upper_planner_node-3] [WARN] [1791406676.453948844] [upper_planner_node]: egocentric MIQP failed: status=DAQP direct corridor QP infeasible: tried=4 solve_ms=0.457; retaining last published path
[px4_odom_map_bridge-2] [INFO] [1791406676.595230809] [px4_odom_map_bridge]: Map alignment initialized once: source=(402.047150, 167.567352, -0.709473, yaw=-1.486980) yaw_delta=-0.083816 input_frame='map' (treated as PX4 local)
[lower_tracking_mpc_node-4] [INFO] [1791406677.054965983] [lower_tracking_mpc_node]: MAVLink COMMAND_ACK command=187 result=0
[lower_tracking_mpc_node-4] [INFO] [1791406677.305923264] [lower_tracking_mpc_node]: goal stop applied: steer=0 throttle=0 brake=0.700 MAVLink neutral
[lower_tracking_mpc_node-4] [WARN] [1791406677.904768594] [lower_tracking_mpc_node]: lower MPC state reset: path/mission/pose/reset event
[upper_planner_node-3] [WARN] [1791406677.954751832] [upper_planner_node]: egocentric MIQP failed: status=DAQP direct corridor QP infeasible: tried=4 solve_ms=0.477; retaining last published path
[lower_tracking_mpc_node-4] [INFO] [1791406678.104730893] [lower_tracking_mpc_node]: MAVLink COMMAND_ACK command=187 result=0
[lower_tracking_mpc_node-4] [INFO] [1791406678.406257606] [lower_tracking_mpc_node]: goal stop applied: steer=0 throttle=0 brake=0.700 MAVLink neutral
[lower_tracking_mpc_node-4] [INFO] [1791406679.154685793] [lower_tracking_mpc_node]: MAVLink COMMAND_ACK command=187 result=0
[upper_planner_node-3] [WARN] [1791406679.453494280] [upper_planner_node]: egocentric MIQP failed: status=DAQP direct corridor QP infeasible: tried=4 solve_ms=0.488; retaining last published path
[lower_tracking_mpc_node-4] [INFO] [1791406679.505657616] [lower_tracking_mpc_node]: goal stop applied: steer=0 throttle=0 brake=0.700 MAVLink neutral
[lower_tracking_mpc_node-4] [INFO] [1791406680.204688214] [lower_tracking_mpc_node]: MAVLink COMMAND_ACK command=187 result=0
[upper_planner_node-3] [WARN] [1791406680.453534839] [upper_planner_node]: egocentric MIQP failed: status=DAQP direct corridor QP infeasible: tried=4 solve_ms=0.461; retaining last published path
[lower_tracking_mpc_node-4] [INFO] [1791406680.606627722] [lower_tracking_mpc_node]: goal stop applied: steer=0 throttle=0 brake=0.700 MAVLink neutral
[lower_tracking_mpc_node-4] [INFO] [1791406681.254678060] [lower_tracking_mpc_node]: MAVLink COMMAND_ACK command=187 result=0
[upper_planner_node-3] [WARN] [1791406681.453676362] [upper_planner_node]: egocentric MIQP failed: status=DAQP direct corridor QP infeasible: tried=4 solve_ms=0.492; retaining last published path
[lower_tracking_mpc_node-4] [INFO] [1791406681.705507813] [lower_tracking_mpc_node]: goal stop applied: steer=0 throttle=0 brake=0.700 MAVLink neutral
[lower_tracking_mpc_node-4] [INFO] [1791406682.254890977] [lower_tracking_mpc_node]: MAVLink COMMAND_ACK command=187 result=0
[lower_tracking_mpc_node-4] [INFO] [1791406682.705797373] [lower_tracking_mpc_node]: goal stop applied: steer=0 throttle=0 brake=0.700 MAVLink neutral
[upper_planner_node-3] [WARN] [1791406682.953739234] [upper_planner_node]: egocentric MIQP failed: status=DAQP direct corridor QP infeasible: tried=4 solve_ms=0.486; retaining last published path
[lower_tracking_mpc_node-4] [INFO] [1791406683.304790580] [lower_tracking_mpc_node]: MAVLink COMMAND_ACK command=187 result=0
[lower_tracking_mpc_node-4] [INFO] [1791406683.806668309] [lower_tracking_mpc_node]: goal stop applied: steer=0 throttle=0 brake=0.700 MAVLink neutral
[lower_tracking_mpc_node-4] [INFO] [1791406684.354932079] [lower_tracking_mpc_node]: MAVLink COMMAND_ACK command=187 result=0
[upper_planner_node-3] [WARN] [1791406684.453384430] [upper_planner_node]: egocentric MIQP failed: status=DAQP direct corridor QP infeasible: tried=4 solve_ms=0.419; retaining last published path
[lower_tracking_mpc_node-4] [INFO] [1791406684.905841913] [lower_tracking_mpc_node]: goal stop applied: steer=0 throttle=0 brake=0.700 MAVLink neutral
[lower_tracking_mpc_node-4] [INFO] [1791406685.354965183] [lower_tracking_mpc_node]: MAVLink COMMAND_ACK command=187 result=0
[upper_planner_node-3] [WARN] [1791406685.453908590] [upper_planner_node]: egocentric MIQP failed: status=DAQP direct corridor QP infeasible: tried=4 solve_ms=0.463; retaining last published path
[lower_tracking_mpc_node-4] [INFO] [1791406686.005284486] [lower_tracking_mpc_node]: goal stop applied: steer=0 throttle=0 brake=0.700 MAVLink neutral
[lower_tracking_mpc_node-4] [INFO] [1791406686.404746000] [lower_tracking_mpc_node]: MAVLink COMMAND_ACK command=187 result=0
[upper_planner_node-3] [WARN] [1791406686.953549915] [upper_planner_node]: egocentric MIQP failed: status=DAQP direct corridor QP infeasible: tried=4 solve_ms=0.493; retaining last published path
[lower_tracking_mpc_node-4] [INFO] [1791406687.105789268] [lower_tracking_mpc_node]: goal stop applied: steer=0 throttle=0 brake=0.700 MAVLink neutral
[lower_tracking_mpc_node-4] [INFO] [1791406687.404894916] [lower_tracking_mpc_node]: MAVLink COMMAND_ACK command=187 result=0
[upper_planner_node-3] [WARN] [1791406687.953578059] [upper_planner_node]: egocentric MIQP failed: status=DAQP direct corridor QP infeasible: tried=6 solve_ms=0.529; retaining last published path
[lower_tracking_mpc_node-4] [INFO] [1791406688.205719440] [lower_tracking_mpc_node]: goal stop applied: steer=0 throttle=0 brake=0.700 MAVLink neutral
[lower_tracking_mpc_node-4] [INFO] [1791406688.404919029] [lower_tracking_mpc_node]: MAVLink COMMAND_ACK command=187 result=0
[upper_planner_node-3] [WARN] [1791406688.954900484] [upper_planner_node]: egocentric MIQP failed: status=DAQP direct corridor QP infeasible: tried=4 solve_ms=0.494; retaining last published path
[lower_tracking_mpc_node-4] [INFO] [1791406689.205952168] [lower_tracking_mpc_node]: goal stop applied: steer=0 throttle=0 brake=0.700 MAVLink neutral
[lower_tracking_mpc_node-4] [INFO] [1791406689.405003912] [lower_tracking_mpc_node]: MAVLink COMMAND_ACK command=187 result=0
[lower_tracking_mpc_node-4] [INFO] [1791406690.305774593] [lower_tracking_mpc_node]: goal stop applied: steer=0 throttle=0 brake=0.700 MAVLink neutral
[upper_planner_node-3] [WARN] [1791406690.453799899] [upper_planner_node]: egocentric MIQP failed: status=DAQP direct corridor QP infeasible: tried=6 solve_ms=0.588; retaining last published path
[lower_tracking_mpc_node-4] [INFO] [1791406690.455238055] [lower_tracking_mpc_node]: MAVLink COMMAND_ACK command=187 result=0
[lower_tracking_mpc_node-4] [INFO] [1791406691.406120651] [lower_tracking_mpc_node]: goal stop applied: steer=0 throttle=0 brake=0.700 MAVLink neutral
[upper_planner_node-3] [WARN] [1791406691.454107189] [upper_planner_node]: egocentric MIQP failed: status=DAQP direct corridor QP infeasible: tried=4 solve_ms=0.474; retaining last published path
[lower_tracking_mpc_node-4] [INFO] [1791406691.504977655] [lower_tracking_mpc_node]: MAVLink COMMAND_ACK command=187 result=0
[lower_tracking_mpc_node-4] [INFO] [1791406692.406182462] [lower_tracking_mpc_node]: goal stop applied: steer=0 throttle=0 brake=0.700 MAVLink neutral
[lower_tracking_mpc_node-4] [INFO] [1791406692.504992168] [lower_tracking_mpc_node]: MAVLink COMMAND_ACK command=187 result=0
[upper_planner_node-3] [WARN] [1791406692.953343864] [upper_planner_node]: egocentric MIQP failed: status=DAQP direct corridor QP infeasible: tried=4 solve_ms=0.406; retaining last published path
[lower_tracking_mpc_node-4] [INFO] [1791406693.406194511] [lower_tracking_mpc_node]: goal stop applied: steer=0 throttle=0 brake=0.700 MAVLink neutral
[lower_tracking_mpc_node-4] [INFO] [1791406693.505082140] [lower_tracking_mpc_node]: MAVLink COMMAND_ACK command=187 result=0
[upper_planner_node-3] [WARN] [1791406693.953894394] [upper_planner_node]: egocentric MIQP failed: status=DAQP direct corridor QP infeasible: tried=6 solve_ms=0.553; retaining last published path
[lower_tracking_mpc_node-4] [INFO] [1791406694.506127565] [lower_tracking_mpc_node]: goal stop applied: steer=0 throttle=0 brake=0.700 MAVLink neutral
[lower_tracking_mpc_node-4] [INFO] [1791406694.555136055] [lower_tracking_mpc_node]: MAVLink COMMAND_ACK command=187 result=0
[upper_planner_node-3] [WARN] [1791406694.955325495] [upper_planner_node]: egocentric MIQP failed: status=DAQP direct corridor QP infeasible: tried=6 solve_ms=0.493; retaining last published path
[lower_tracking_mpc_node-4] [INFO] [1791406695.555305101] [lower_tracking_mpc_node]: MAVLink COMMAND_ACK command=187 result=0
[lower_tracking_mpc_node-4] [INFO] [1791406695.606145422] [lower_tracking_mpc_node]: goal stop applied: steer=0 throttle=0 brake=0.700 MAVLink neutral
[upper_planner_node-3] [WARN] [1791406696.453993289] [upper_planner_node]: egocentric MIQP failed: status=DAQP direct corridor QP infeasible: tried=6 solve_ms=0.564; retaining last published path
[lower_tracking_mpc_node-4] [INFO] [1791406696.605995163] [lower_tracking_mpc_node]: MAVLink COMMAND_ACK command=187 result=0
[lower_tracking_mpc_node-4] [INFO] [1791406696.608553641] [lower_tracking_mpc_node]: goal stop applied: steer=0 throttle=0 brake=0.700 MAVLink neutral
[upper_planner_node-3] [WARN] [1791406697.454189825] [upper_planner_node]: egocentric MIQP failed: status=DAQP direct corridor QP infeasible: tried=6 solve_ms=0.552; retaining last published path
[lower_tracking_mpc_node-4] [INFO] [1791406697.655631466] [lower_tracking_mpc_node]: MAVLink COMMAND_ACK command=187 result=0
[lower_tracking_mpc_node-4] [INFO] [1791406697.706624143] [lower_tracking_mpc_node]: goal stop applied: steer=0 throttle=0 brake=0.700 MAVLink neutral
[lower_tracking_mpc_node-4] [INFO] [1791406698.705448318] [lower_tracking_mpc_node]: MAVLink COMMAND_ACK command=187 result=0
[lower_tracking_mpc_node-4] [INFO] [1791406698.707377176] [lower_tracking_mpc_node]: goal stop applied: steer=0 throttle=0 brake=0.700 MAVLink neutral
[upper_planner_node-3] [WARN] [1791406698.954904690] [upper_planner_node]: egocentric MIQP failed: status=DAQP direct corridor QP infeasible: tried=4 solve_ms=0.535; retaining last published path
[lower_tracking_mpc_node-4] [INFO] [1791406699.755278835] [lower_tracking_mpc_node]: MAVLink COMMAND_ACK command=187 result=0
[lower_tracking_mpc_node-4] [INFO] [1791406699.806219479] [lower_tracking_mpc_node]: goal stop applied: steer=0 throttle=0 brake=0.700 MAVLink neutral
[upper_planner_node-3] [WARN] [1791406699.955961349] [upper_planner_node]: egocentric MIQP failed: status=DAQP direct corridor QP infeasible: tried=4 solve_ms=0.475; retaining last published path
[lower_tracking_mpc_node-4] [INFO] [1791406700.755373064] [lower_tracking_mpc_node]: MAVLink COMMAND_ACK command=187 result=0
[lower_tracking_mpc_node-4] [INFO] [1791406700.906490624] [lower_tracking_mpc_node]: goal stop applied: steer=0 throttle=0 brake=0.700 MAVLink neutral
[upper_planner_node-3] [WARN] [1791406701.453310769] [upper_planner_node]: egocentric MIQP failed: status=DAQP direct corridor QP infeasible: tried=4 solve_ms=0.456; retaining last published path
[lower_tracking_mpc_node-4] [INFO] [1791406701.755488831] [lower_tracking_mpc_node]: MAVLink COMMAND_ACK command=187 result=0
[lower_tracking_mpc_node-4] [INFO] [1791406701.907762618] [lower_tracking_mpc_node]: goal stop applied: steer=0 throttle=0 brake=0.700 MAVLink neutral
[upper_planner_node-3] [WARN] [1791406702.454719183] [upper_planner_node]: egocentric MIQP failed: status=DAQP direct corridor QP infeasible: tried=4 solve_ms=0.500; retaining last published path
[lower_tracking_mpc_node-4] [INFO] [1791406702.805351637] [lower_tracking_mpc_node]: MAVLink COMMAND_ACK command=187 result=0
[lower_tracking_mpc_node-4] [INFO] [1791406703.006279567] [lower_tracking_mpc_node]: goal stop applied: steer=0 throttle=0 brake=0.700 MAVLink neutral
[lower_tracking_mpc_node-4] [INFO] [1791406703.805382122] [lower_tracking_mpc_node]: MAVLink COMMAND_ACK command=187 result=0
[upper_planner_node-3] [WARN] [1791406703.955065110] [upper_planner_node]: egocentric MIQP failed: status=DAQP direct corridor QP infeasible: tried=4 solve_ms=0.494; retaining last published path
[lower_tracking_mpc_node-4] [INFO] [1791406704.006584364] [lower_tracking_mpc_node]: goal stop applied: steer=0 throttle=0 brake=0.700 MAVLink neutral
[lower_tracking_mpc_node-4] [INFO] [1791406704.855589515] [lower_tracking_mpc_node]: MAVLink COMMAND_ACK command=187 result=0
[lower_tracking_mpc_node-4] [INFO] [1791406705.106618959] [lower_tracking_mpc_node]: goal stop applied: steer=0 throttle=0 brake=0.700 MAVLink neutral
[upper_planner_node-3] [WARN] [1791406705.454319517] [upper_planner_node]: egocentric MIQP failed: status=DAQP direct corridor QP infeasible: tried=4 solve_ms=0.484; retaining last published path
[lower_tracking_mpc_node-4] [INFO] [1791406705.905332894] [lower_tracking_mpc_node]: MAVLink COMMAND_ACK command=187 result=0
[lower_tracking_mpc_node-4] [INFO] [1791406706.205802617] [lower_tracking_mpc_node]: goal stop applied: steer=0 throttle=0 brake=0.700 MAVLink neutral
[lower_tracking_mpc_node-4] [INFO] [1791406706.905435702] [lower_tracking_mpc_node]: MAVLink COMMAND_ACK command=187 result=0
[upper_planner_node-3] [WARN] [1791406706.954368893] [upper_planner_node]: egocentric MIQP failed: status=DAQP direct corridor QP infeasible: tried=4 solve_ms=0.450; retaining last published path
[lower_tracking_mpc_node-4] [INFO] [1791406707.206779883] [lower_tracking_mpc_node]: goal stop applied: steer=0 throttle=0 brake=0.700 MAVLink neutral
[lower_tracking_mpc_node-4] [INFO] [1791406707.905516716] [lower_tracking_mpc_node]: MAVLink COMMAND_ACK command=187 result=0
[knu_batch_runner.py-5] [INFO] [1791406707.992013923] [knu_batch_runner]: scenario3: setup_timeout reference
[lower_tracking_mpc_node-4] [INFO] [1791406708.306696171] [lower_tracking_mpc_node]: goal stop applied: steer=0 throttle=0 brake=0.700 MAVLink neutral
[upper_planner_node-3] [WARN] [1791406708.455809831] [upper_planner_node]: egocentric MIQP failed: status=DAQP direct corridor QP infeasible: tried=4 solve_ms=0.486; retaining last published path
[lower_tracking_mpc_node-4] [INFO] [1791406708.955436166] [lower_tracking_mpc_node]: MAVLink COMMAND_ACK command=187 result=0
[knu_batch_runner.py-5] [INFO] [1791406709.094979552] [knu_batch_runner]: [4/10] scenario3
[lower_tracking_mpc_node-4] [INFO] [1791406709.306892550] [lower_tracking_mpc_node]: goal stop applied: steer=0 throttle=0 brake=0.700 MAVLink neutral
[upper_planner_node-3] [WARN] [1791406709.954363706] [upper_planner_node]: egocentric MIQP failed: status=DAQP direct corridor QP infeasible: tried=4 solve_ms=0.441; retaining last published path
[lower_tracking_mpc_node-4] [INFO] [1791406709.956276404] [lower_tracking_mpc_node]: MAVLink COMMAND_ACK command=187 result=0
[lower_tracking_mpc_node-4] [INFO] [1791406710.306944316] [lower_tracking_mpc_node]: goal stop applied: steer=0 throttle=0 brake=0.700 MAVLink neutral
[px4_odom_map_bridge-2] [INFO] [1791406710.390153808] [px4_odom_map_bridge]: Map alignment initialized once: source=(402.022583, 167.571365, -0.602661, yaw=-1.495482) yaw_delta=-0.075314 input_frame='map' (treated as PX4 local)
[lower_tracking_mpc_node-4] [INFO] [1791406711.005674430] [lower_tracking_mpc_node]: MAVLink COMMAND_ACK command=187 result=0
[lower_tracking_mpc_node-4] [INFO] [1791406711.406758107] [lower_tracking_mpc_node]: goal stop applied: steer=0 throttle=0 brake=0.700 MAVLink neutral
[upper_planner_node-3] [WARN] [1791406711.454634434] [upper_planner_node]: egocentric MIQP failed: status=DAQP direct corridor QP infeasible: tried=6 solve_ms=0.573; retaining last published path
[lower_tracking_mpc_node-4] [WARN] [1791406711.705997968] [lower_tracking_mpc_node]: lower MPC state reset: path/mission/pose/reset event
[lower_tracking_mpc_node-4] [INFO] [1791406712.055730653] [lower_tracking_mpc_node]: MAVLink COMMAND_ACK command=187 result=0
[lower_tracking_mpc_node-4] [INFO] [1791406712.506806112] [lower_tracking_mpc_node]: goal stop applied: steer=0 throttle=0 brake=0.700 MAVLink neutral
[upper_planner_node-3] [WARN] [1791406712.955736387] [upper_planner_node]: egocentric MIQP failed: status=DAQP direct corridor QP infeasible: tried=4 solve_ms=0.453; retaining last published path
[lower_tracking_mpc_node-4] [INFO] [1791406713.056148223] [lower_tracking_mpc_node]: MAVLink COMMAND_ACK command=187 result=0
[lower_tracking_mpc_node-4] [INFO] [1791406713.507415080] [lower_tracking_mpc_node]: goal stop applied: steer=0 throttle=0 brake=0.700 MAVLink neutral
[lower_tracking_mpc_node-4] [INFO] [1791406714.105579594] [lower_tracking_mpc_node]: MAVLink COMMAND_ACK command=187 result=0
[upper_planner_node-3] [WARN] [1791406714.454816264] [upper_planner_node]: egocentric MIQP failed: status=DAQP direct corridor QP infeasible: tried=4 solve_ms=0.491; retaining last published path
[lower_tracking_mpc_node-4] [INFO] [1791406714.606727256] [lower_tracking_mpc_node]: goal stop applied: steer=0 throttle=0 brake=0.700 MAVLink neutral
[lower_tracking_mpc_node-4] [INFO] [1791406715.105615873] [lower_tracking_mpc_node]: MAVLink COMMAND_ACK command=187 result=0
[upper_planner_node-3] [WARN] [1791406715.456866172] [upper_planner_node]: egocentric MIQP failed: status=DAQP direct corridor QP infeasible: tried=4 solve_ms=0.470; retaining last published path
[lower_tracking_mpc_node-4] [INFO] [1791406715.606822449] [lower_tracking_mpc_node]: goal stop applied: steer=0 throttle=0 brake=0.700 MAVLink neutral
[lower_tracking_mpc_node-4] [INFO] [1791406716.105720315] [lower_tracking_mpc_node]: MAVLink COMMAND_ACK command=187 result=0
[lower_tracking_mpc_node-4] [INFO] [1791406716.606949483] [lower_tracking_mpc_node]: goal stop applied: steer=0 throttle=0 brake=0.700 MAVLink neutral
[upper_planner_node-3] [WARN] [1791406716.955496691] [upper_planner_node]: egocentric MIQP failed: status=DAQP direct corridor QP infeasible: tried=4 solve_ms=1.112; retaining last published path
[lower_tracking_mpc_node-4] [INFO] [1791406717.105937719] [lower_tracking_mpc_node]: MAVLink COMMAND_ACK command=187 result=0
[lower_tracking_mpc_node-4] [INFO] [1791406717.607043364] [lower_tracking_mpc_node]: goal stop applied: steer=0 throttle=0 brake=0.700 MAVLink neutral
[lower_tracking_mpc_node-4] [INFO] [1791406718.155938677] [lower_tracking_mpc_node]: MAVLink COMMAND_ACK command=187 result=0
[upper_planner_node-3] [WARN] [1791406718.454647771] [upper_planner_node]: egocentric MIQP failed: status=DAQP direct corridor QP infeasible: tried=4 solve_ms=0.483; retaining last published path
[lower_tracking_mpc_node-4] [INFO] [1791406718.707593946] [lower_tracking_mpc_node]: goal stop applied: steer=0 throttle=0 brake=0.700 MAVLink neutral
[lower_tracking_mpc_node-4] [INFO] [1791406719.156035247] [lower_tracking_mpc_node]: MAVLink COMMAND_ACK command=187 result=0
[lower_tracking_mpc_node-4] [INFO] [1791406719.807507261] [lower_tracking_mpc_node]: goal stop applied: steer=0 throttle=0 brake=0.700 MAVLink neutral
[upper_planner_node-3] [WARN] [1791406719.955877059] [upper_planner_node]: egocentric MIQP failed: status=DAQP direct corridor QP infeasible: tried=4 solve_ms=0.476; retaining last published path
[lower_tracking_mpc_node-4] [INFO] [1791406720.156066055] [lower_tracking_mpc_node]: MAVLink COMMAND_ACK command=187 result=0
[lower_tracking_mpc_node-4] [INFO] [1791406720.906232125] [lower_tracking_mpc_node]: goal stop applied: steer=0 throttle=0 brake=0.700 MAVLink neutral
[lower_tracking_mpc_node-4] [INFO] [1791406721.156135552] [lower_tracking_mpc_node]: MAVLink COMMAND_ACK command=187 result=0
[upper_planner_node-3] [WARN] [1791406721.455042636] [upper_planner_node]: egocentric MIQP failed: status=DAQP direct corridor QP infeasible: tried=6 solve_ms=0.608; retaining last published path
[lower_tracking_mpc_node-4] [INFO] [1791406721.906348728] [lower_tracking_mpc_node]: goal stop applied: steer=0 throttle=0 brake=0.700 MAVLink neutral
[lower_tracking_mpc_node-4] [INFO] [1791406722.205938489] [lower_tracking_mpc_node]: MAVLink COMMAND_ACK command=187 result=0
[upper_planner_node-3] [WARN] [1791406722.455222729] [upper_planner_node]: egocentric MIQP failed: status=DAQP direct corridor QP infeasible: tried=6 solve_ms=0.682; retaining last published path
[lower_tracking_mpc_node-4] [INFO] [1791406722.906936353] [lower_tracking_mpc_node]: goal stop applied: steer=0 throttle=0 brake=0.700 MAVLink neutral
[lower_tracking_mpc_node-4] [INFO] [1791406723.256083036] [lower_tracking_mpc_node]: MAVLink COMMAND_ACK command=187 result=0
[upper_planner_node-3] [WARN] [1791406723.456224159] [upper_planner_node]: egocentric MIQP failed: status=DAQP direct corridor QP infeasible: tried=8 solve_ms=0.676; retaining last published path
[lower_tracking_mpc_node-4] [INFO] [1791406724.007065835] [lower_tracking_mpc_node]: goal stop applied: steer=0 throttle=0 brake=0.700 MAVLink neutral
[lower_tracking_mpc_node-4] [INFO] [1791406724.306180574] [lower_tracking_mpc_node]: MAVLink COMMAND_ACK command=187 result=0
[upper_planner_node-3] [WARN] [1791406724.954235110] [upper_planner_node]: egocentric MIQP failed: status=DAQP direct corridor QP infeasible: tried=6 solve_ms=0.498; retaining last published path
[lower_tracking_mpc_node-4] [INFO] [1791406725.007180775] [lower_tracking_mpc_node]: goal stop applied: steer=0 throttle=0 brake=0.700 MAVLink neutral
[lower_tracking_mpc_node-4] [INFO] [1791406725.356411557] [lower_tracking_mpc_node]: MAVLink COMMAND_ACK command=187 result=0
[lower_tracking_mpc_node-4] [INFO] [1791406726.108005127] [lower_tracking_mpc_node]: goal stop applied: steer=0 throttle=0 brake=0.700 MAVLink neutral
[lower_tracking_mpc_node-4] [INFO] [1791406726.356624803] [lower_tracking_mpc_node]: MAVLink COMMAND_ACK command=187 result=0
[upper_planner_node-3] [WARN] [1791406726.454790075] [upper_planner_node]: egocentric MIQP failed: status=DAQP direct corridor QP infeasible: tried=6 solve_ms=0.498; retaining last published path
[lower_tracking_mpc_node-4] [INFO] [1791406727.206494145] [lower_tracking_mpc_node]: goal stop applied: steer=0 throttle=0 brake=0.700 MAVLink neutral
[lower_tracking_mpc_node-4] [INFO] [1791406727.406151989] [lower_tracking_mpc_node]: MAVLink COMMAND_ACK command=187 result=0
[upper_planner_node-3] [WARN] [1791406727.455308451] [upper_planner_node]: egocentric MIQP failed: status=DAQP direct corridor QP infeasible: tried=6 solve_ms=0.567; retaining last published path
[lower_tracking_mpc_node-4] [INFO] [1791406728.206572476] [lower_tracking_mpc_node]: goal stop applied: steer=0 throttle=0 brake=0.700 MAVLink neutral
[lower_tracking_mpc_node-4] [INFO] [1791406728.455946703] [lower_tracking_mpc_node]: MAVLink COMMAND_ACK command=187 result=0
[upper_planner_node-3] [WARN] [1791406728.956503308] [upper_planner_node]: egocentric MIQP failed: status=DAQP direct corridor QP infeasible: tried=4 solve_ms=1.301; retaining last published path
[lower_tracking_mpc_node-4] [INFO] [1791406729.207155238] [lower_tracking_mpc_node]: goal stop applied: steer=0 throttle=0 brake=0.700 MAVLink neutral
[lower_tracking_mpc_node-4] [INFO] [1791406729.456099884] [lower_tracking_mpc_node]: MAVLink COMMAND_ACK command=187 result=0
[lower_tracking_mpc_node-4] [INFO] [1791406730.307123373] [lower_tracking_mpc_node]: goal stop applied: steer=0 throttle=0 brake=0.700 MAVLink neutral
[upper_planner_node-3] [WARN] [1791406730.455159401] [upper_planner_node]: egocentric MIQP failed: status=DAQP direct corridor QP infeasible: tried=4 solve_ms=0.530; retaining last published path
[lower_tracking_mpc_node-4] [INFO] [1791406730.456356845] [lower_tracking_mpc_node]: MAVLink COMMAND_ACK command=187 result=0
[lower_tracking_mpc_node-4] [INFO] [1791406731.307158119] [lower_tracking_mpc_node]: goal stop applied: steer=0 throttle=0 brake=0.700 MAVLink neutral
[upper_planner_node-3] [WARN] [1791406731.456274020] [upper_planner_node]: egocentric MIQP failed: status=DAQP direct corridor QP infeasible: tried=4 solve_ms=1.182; retaining last published path
[lower_tracking_mpc_node-4] [INFO] [1791406731.506144199] [lower_tracking_mpc_node]: MAVLink COMMAND_ACK command=187 result=0
[lower_tracking_mpc_node-4] [INFO] [1791406732.307449577] [lower_tracking_mpc_node]: goal stop applied: steer=0 throttle=0 brake=0.700 MAVLink neutral
[lower_tracking_mpc_node-4] [INFO] [1791406732.506280837] [lower_tracking_mpc_node]: MAVLink COMMAND_ACK command=187 result=0
[upper_planner_node-3] [WARN] [1791406732.953944931] [upper_planner_node]: egocentric MIQP failed: status=DAQP direct corridor QP infeasible: tried=4 solve_ms=0.303; retaining last published path
[lower_tracking_mpc_node-4] [INFO] [1791406733.407341263] [lower_tracking_mpc_node]: goal stop applied: steer=0 throttle=0 brake=0.700 MAVLink neutral
[lower_tracking_mpc_node-4] [INFO] [1791406733.506317887] [lower_tracking_mpc_node]: MAVLink COMMAND_ACK command=187 result=0
[lower_tracking_mpc_node-4] [INFO] [1791406734.407492461] [lower_tracking_mpc_node]: goal stop applied: steer=0 throttle=0 brake=0.700 MAVLink neutral
[upper_planner_node-3] [WARN] [1791406734.453939210] [upper_planner_node]: egocentric MIQP failed: status=DAQP direct corridor QP infeasible: tried=4 solve_ms=0.332; retaining last published path
[lower_tracking_mpc_node-4] [INFO] [1791406734.506506623] [lower_tracking_mpc_node]: MAVLink COMMAND_ACK command=187 result=0
[upper_planner_node-3] [WARN] [1791406735.456356525] [upper_planner_node]: egocentric MIQP failed: status=DAQP direct corridor QP infeasible: tried=4 solve_ms=0.520; retaining last published path
[lower_tracking_mpc_node-4] [INFO] [1791406735.506730880] [lower_tracking_mpc_node]: goal stop applied: steer=0 throttle=0 brake=0.700 MAVLink neutral
[lower_tracking_mpc_node-4] [INFO] [1791406735.556525473] [lower_tracking_mpc_node]: MAVLink COMMAND_ACK command=187 result=0
[lower_tracking_mpc_node-4] [INFO] [1791406736.507250153] [lower_tracking_mpc_node]: goal stop applied: steer=0 throttle=0 brake=0.700 MAVLink neutral
[lower_tracking_mpc_node-4] [INFO] [1791406736.556563260] [lower_tracking_mpc_node]: MAVLink COMMAND_ACK command=187 result=0
[upper_planner_node-3] [WARN] [1791406736.955171632] [upper_planner_node]: egocentric MIQP failed: status=DAQP direct corridor QP infeasible: tried=4 solve_ms=0.515; retaining last published path
[lower_tracking_mpc_node-4] [INFO] [1791406737.507411305] [lower_tracking_mpc_node]: goal stop applied: steer=0 throttle=0 brake=0.700 MAVLink neutral
[lower_tracking_mpc_node-4] [INFO] [1791406737.606355192] [lower_tracking_mpc_node]: MAVLink COMMAND_ACK command=187 result=0
[upper_planner_node-3] [WARN] [1791406737.955561270] [upper_planner_node]: egocentric MIQP failed: status=DAQP direct corridor QP infeasible: tried=4 solve_ms=0.493; retaining last published path
[lower_tracking_mpc_node-4] [INFO] [1791406738.606373587] [lower_tracking_mpc_node]: MAVLink COMMAND_ACK command=187 result=0
[lower_tracking_mpc_node-4] [INFO] [1791406738.607834047] [lower_tracking_mpc_node]: goal stop applied: steer=0 throttle=0 brake=0.700 MAVLink neutral
[upper_planner_node-3] [WARN] [1791406739.455789413] [upper_planner_node]: egocentric MIQP failed: status=DAQP direct corridor QP infeasible: tried=4 solve_ms=0.479; retaining last published path
[lower_tracking_mpc_node-4] [INFO] [1791406739.606425488] [lower_tracking_mpc_node]: MAVLink COMMAND_ACK command=187 result=0
[lower_tracking_mpc_node-4] [INFO] [1791406739.608294376] [lower_tracking_mpc_node]: goal stop applied: steer=0 throttle=0 brake=0.700 MAVLink neutral
[lower_tracking_mpc_node-4] [INFO] [1791406740.656355024] [lower_tracking_mpc_node]: MAVLink COMMAND_ACK command=187 result=0
[lower_tracking_mpc_node-4] [INFO] [1791406740.707508859] [lower_tracking_mpc_node]: goal stop applied: steer=0 throttle=0 brake=0.700 MAVLink neutral
[upper_planner_node-3] [WARN] [1791406740.955146490] [upper_planner_node]: egocentric MIQP failed: status=DAQP direct corridor QP infeasible: tried=4 solve_ms=0.542; retaining last published path
[lower_tracking_mpc_node-4] [INFO] [1791406741.656705718] [lower_tracking_mpc_node]: MAVLink COMMAND_ACK command=187 result=0
[knu_batch_runner.py-5] [INFO] [1791406741.793413659] [knu_batch_runner]: scenario3: setup_timeout reference
[lower_tracking_mpc_node-4] [INFO] [1791406741.806901619] [lower_tracking_mpc_node]: goal stop applied: steer=0 throttle=0 brake=0.700 MAVLink neutral
[upper_planner_node-3] [WARN] [1791406741.955634308] [upper_planner_node]: egocentric MIQP failed: status=DAQP direct corridor QP infeasible: tried=4 solve_ms=0.504; retaining last published path
[lower_tracking_mpc_node-4] [INFO] [1791406742.706619862] [lower_tracking_mpc_node]: MAVLink COMMAND_ACK command=187 result=0
[lower_tracking_mpc_node-4] [INFO] [1791406742.807907885] [lower_tracking_mpc_node]: goal stop applied: steer=0 throttle=0 brake=0.700 MAVLink neutral
[knu_batch_runner.py-5] [INFO] [1791406742.895844816] [knu_batch_runner]: [5/10] scenario3
[upper_planner_node-3] [WARN] [1791406743.456091803] [upper_planner_node]: egocentric MIQP failed: status=DAQP direct corridor QP infeasible: tried=4 solve_ms=0.487; retaining last published path
[lower_tracking_mpc_node-4] [INFO] [1791406743.706751574] [lower_tracking_mpc_node]: MAVLink COMMAND_ACK command=187 result=0
[lower_tracking_mpc_node-4] [INFO] [1791406743.907077023] [lower_tracking_mpc_node]: goal stop applied: steer=0 throttle=0 brake=0.700 MAVLink neutral
[px4_odom_map_bridge-2] [INFO] [1791406744.290418758] [px4_odom_map_bridge]: Map alignment initialized once: source=(402.024353, 167.570343, -0.488831, yaw=-1.504297) yaw_delta=-0.066499 input_frame='map' (treated as PX4 local)
[upper_planner_node-3] [WARN] [1791406744.456239419] [upper_planner_node]: egocentric MIQP failed: status=DAQP direct corridor QP infeasible: tried=4 solve_ms=0.497; retaining last published path
[lower_tracking_mpc_node-4] [INFO] [1791406744.756550259] [lower_tracking_mpc_node]: MAVLink COMMAND_ACK command=187 result=0
[lower_tracking_mpc_node-4] [INFO] [1791406744.907796656] [lower_tracking_mpc_node]: goal stop applied: steer=0 throttle=0 brake=0.700 MAVLink neutral
[lower_tracking_mpc_node-4] [WARN] [1791406745.607361392] [lower_tracking_mpc_node]: lower MPC state reset: path/mission/pose/reset event
[lower_tracking_mpc_node-4] [INFO] [1791406745.756883801] [lower_tracking_mpc_node]: MAVLink COMMAND_ACK command=187 result=0
[lower_tracking_mpc_node-4] [INFO] [1791406745.907861806] [lower_tracking_mpc_node]: goal stop applied: steer=0 throttle=0 brake=0.700 MAVLink neutral
[upper_planner_node-3] [WARN] [1791406745.955873402] [upper_planner_node]: egocentric MIQP failed: status=DAQP direct corridor QP infeasible: tried=9 solve_ms=0.506; retaining last published path
[lower_tracking_mpc_node-4] [INFO] [1791406746.806657495] [lower_tracking_mpc_node]: MAVLink COMMAND_ACK command=187 result=0
[upper_planner_node-3] [WARN] [1791406746.956790418] [upper_planner_node]: egocentric MIQP failed: status=DAQP direct corridor QP infeasible: tried=9 solve_ms=0.754; retaining last published path
[lower_tracking_mpc_node-4] [INFO] [1791406747.007972990] [lower_tracking_mpc_node]: goal stop applied: steer=0 throttle=0 brake=0.700 MAVLink neutral
[lower_tracking_mpc_node-4] [INFO] [1791406747.806802583] [lower_tracking_mpc_node]: MAVLink COMMAND_ACK command=187 result=0
[lower_tracking_mpc_node-4] [INFO] [1791406748.107554941] [lower_tracking_mpc_node]: goal stop applied: steer=0 throttle=0 brake=0.700 MAVLink neutral
[upper_planner_node-3] [WARN] [1791406748.455232910] [upper_planner_node]: egocentric MIQP failed: status=DAQP direct corridor QP infeasible: tried=4 solve_ms=0.443; retaining last published path
[lower_tracking_mpc_node-4] [INFO] [1791406748.856723673] [lower_tracking_mpc_node]: MAVLink COMMAND_ACK command=187 result=0
[lower_tracking_mpc_node-4] [INFO] [1791406749.107966726] [lower_tracking_mpc_node]: goal stop applied: steer=0 throttle=0 brake=0.700 MAVLink neutral
[upper_planner_node-3] [WARN] [1791406749.455332941] [upper_planner_node]: egocentric MIQP failed: status=DAQP direct corridor QP infeasible: tried=4 solve_ms=0.390; retaining last published path
[lower_tracking_mpc_node-4] [INFO] [1791406749.857059584] [lower_tracking_mpc_node]: MAVLink COMMAND_ACK command=187 result=0
[lower_tracking_mpc_node-4] [INFO] [1791406750.108260556] [lower_tracking_mpc_node]: goal stop applied: steer=0 throttle=0 brake=0.700 MAVLink neutral
[lower_tracking_mpc_node-4] [INFO] [1791406750.906784157] [lower_tracking_mpc_node]: MAVLink COMMAND_ACK command=187 result=0
[upper_planner_node-3] [WARN] [1791406750.955589088] [upper_planner_node]: egocentric MIQP failed: status=DAQP direct corridor QP infeasible: tried=4 solve_ms=0.482; retaining last published path
[lower_tracking_mpc_node-4] [INFO] [1791406751.208284889] [lower_tracking_mpc_node]: goal stop applied: steer=0 throttle=0 brake=0.700 MAVLink neutral
[upper_planner_node-3] [WARN] [1791406751.955844645] [upper_planner_node]: egocentric MIQP failed: status=DAQP direct corridor QP infeasible: tried=4 solve_ms=0.471; retaining last published path
[lower_tracking_mpc_node-4] [INFO] [1791406751.956810594] [lower_tracking_mpc_node]: MAVLink COMMAND_ACK command=187 result=0
[lower_tracking_mpc_node-4] [INFO] [1791406752.307829176] [lower_tracking_mpc_node]: goal stop applied: steer=0 throttle=0 brake=0.700 MAVLink neutral
[upper_planner_node-3] [WARN] [1791406752.956245967] [upper_planner_node]: egocentric MIQP failed: status=DAQP direct corridor QP infeasible: tried=4 solve_ms=0.500; retaining last published path
[lower_tracking_mpc_node-4] [INFO] [1791406753.007317943] [lower_tracking_mpc_node]: MAVLink COMMAND_ACK command=187 result=0
[lower_tracking_mpc_node-4] [INFO] [1791406753.308260355] [lower_tracking_mpc_node]: goal stop applied: steer=0 throttle=0 brake=0.700 MAVLink neutral
[upper_planner_node-3] [WARN] [1791406753.957042372] [upper_planner_node]: egocentric MIQP failed: status=DAQP direct corridor QP infeasible: tried=4 solve_ms=0.691; retaining last published path
[lower_tracking_mpc_node-4] [INFO] [1791406754.056760940] [lower_tracking_mpc_node]: MAVLink COMMAND_ACK command=187 result=0
[lower_tracking_mpc_node-4] [INFO] [1791406754.310550406] [lower_tracking_mpc_node]: goal stop applied: steer=0 throttle=0 brake=0.700 MAVLink neutral
[lower_tracking_mpc_node-4] [INFO] [1791406755.057337339] [lower_tracking_mpc_node]: MAVLink COMMAND_ACK command=187 result=0
[lower_tracking_mpc_node-4] [INFO] [1791406755.407402804] [lower_tracking_mpc_node]: goal stop applied: steer=0 throttle=0 brake=0.700 MAVLink neutral
[upper_planner_node-3] [WARN] [1791406755.455478434] [upper_planner_node]: egocentric MIQP failed: status=DAQP direct corridor QP infeasible: tried=4 solve_ms=0.494; retaining last published path
[lower_tracking_mpc_node-4] [INFO] [1791406756.106932084] [lower_tracking_mpc_node]: MAVLink COMMAND_ACK command=187 result=0
[lower_tracking_mpc_node-4] [INFO] [1791406756.408024229] [lower_tracking_mpc_node]: goal stop applied: steer=0 throttle=0 brake=0.700 MAVLink neutral
[upper_planner_node-3] [WARN] [1791406756.456975853] [upper_planner_node]: egocentric MIQP failed: status=DAQP direct corridor QP infeasible: tried=4 solve_ms=0.484; retaining last published path
[lower_tracking_mpc_node-4] [INFO] [1791406757.106978356] [lower_tracking_mpc_node]: MAVLink COMMAND_ACK command=187 result=0
[lower_tracking_mpc_node-4] [INFO] [1791406757.507845197] [lower_tracking_mpc_node]: goal stop applied: steer=0 throttle=0 brake=0.700 MAVLink neutral
[upper_planner_node-3] [WARN] [1791406757.956524173] [upper_planner_node]: egocentric MIQP failed: status=DAQP direct corridor QP infeasible: tried=4 solve_ms=0.764; retaining last published path
[lower_tracking_mpc_node-4] [INFO] [1791406758.157172288] [lower_tracking_mpc_node]: MAVLink COMMAND_ACK command=187 result=0
[lower_tracking_mpc_node-4] [INFO] [1791406758.507980528] [lower_tracking_mpc_node]: goal stop applied: steer=0 throttle=0 brake=0.700 MAVLink neutral
[lower_tracking_mpc_node-4] [INFO] [1791406759.207095780] [lower_tracking_mpc_node]: MAVLink COMMAND_ACK command=187 result=0
[upper_planner_node-3] [WARN] [1791406759.455848838] [upper_planner_node]: egocentric MIQP failed: status=DAQP direct corridor QP infeasible: tried=4 solve_ms=0.452; retaining last published path
[lower_tracking_mpc_node-4] [INFO] [1791406759.608176132] [lower_tracking_mpc_node]: goal stop applied: steer=0 throttle=0 brake=0.700 MAVLink neutral
[lower_tracking_mpc_node-4] [INFO] [1791406760.207113155] [lower_tracking_mpc_node]: MAVLink COMMAND_ACK command=187 result=0
[upper_planner_node-3] [WARN] [1791406760.457280912] [upper_planner_node]: egocentric MIQP failed: status=DAQP direct corridor QP infeasible: tried=4 solve_ms=0.483; retaining last published path
[lower_tracking_mpc_node-4] [INFO] [1791406760.708372057] [lower_tracking_mpc_node]: goal stop applied: steer=0 throttle=0 brake=0.700 MAVLink neutral
[lower_tracking_mpc_node-4] [INFO] [1791406761.256964454] [lower_tracking_mpc_node]: MAVLink COMMAND_ACK command=187 result=0
[lower_tracking_mpc_node-4] [INFO] [1791406761.807944795] [lower_tracking_mpc_node]: goal stop applied: steer=0 throttle=0 brake=0.700 MAVLink neutral
[upper_planner_node-3] [WARN] [1791406761.955231265] [upper_planner_node]: egocentric MIQP failed: status=DAQP direct corridor QP infeasible: tried=4 solve_ms=0.525; retaining last published path
[lower_tracking_mpc_node-4] [INFO] [1791406762.257701339] [lower_tracking_mpc_node]: MAVLink COMMAND_ACK command=187 result=0
[lower_tracking_mpc_node-4] [INFO] [1791406762.808092511] [lower_tracking_mpc_node]: goal stop applied: steer=0 throttle=0 brake=0.700 MAVLink neutral
[upper_planner_node-3] [WARN] [1791406762.956237918] [upper_planner_node]: egocentric MIQP failed: status=DAQP direct corridor QP infeasible: tried=4 solve_ms=0.480; retaining last published path
[lower_tracking_mpc_node-4] [INFO] [1791406763.307476316] [lower_tracking_mpc_node]: MAVLink COMMAND_ACK command=187 result=0
[lower_tracking_mpc_node-4] [INFO] [1791406763.808132831] [lower_tracking_mpc_node]: goal stop applied: steer=0 throttle=0 brake=0.700 MAVLink neutral
[lower_tracking_mpc_node-4] [INFO] [1791406764.357110840] [lower_tracking_mpc_node]: MAVLink COMMAND_ACK command=187 result=0
[upper_planner_node-3] [WARN] [1791406764.456064873] [upper_planner_node]: egocentric MIQP failed: status=DAQP direct corridor QP infeasible: tried=4 solve_ms=0.449; retaining last published path
[lower_tracking_mpc_node-4] [INFO] [1791406764.808348293] [lower_tracking_mpc_node]: goal stop applied: steer=0 throttle=0 brake=0.700 MAVLink neutral
[lower_tracking_mpc_node-4] [INFO] [1791406765.357218075] [lower_tracking_mpc_node]: MAVLink COMMAND_ACK command=187 result=0
[lower_tracking_mpc_node-4] [INFO] [1791406765.908468377] [lower_tracking_mpc_node]: goal stop applied: steer=0 throttle=0 brake=0.700 MAVLink neutral
[upper_planner_node-3] [WARN] [1791406765.955135900] [upper_planner_node]: egocentric MIQP failed: status=DAQP direct corridor QP infeasible: tried=4 solve_ms=0.424; retaining last published path
[lower_tracking_mpc_node-4] [INFO] [1791406766.357424001] [lower_tracking_mpc_node]: MAVLink COMMAND_ACK command=187 result=0
[upper_planner_node-3] [WARN] [1791406766.956169147] [upper_planner_node]: egocentric MIQP failed: status=DAQP direct corridor QP infeasible: tried=4 solve_ms=0.479; retaining last published path
[lower_tracking_mpc_node-4] [INFO] [1791406767.008259523] [lower_tracking_mpc_node]: goal stop applied: steer=0 throttle=0 brake=0.700 MAVLink neutral
[lower_tracking_mpc_node-4] [INFO] [1791406767.407387688] [lower_tracking_mpc_node]: MAVLink COMMAND_ACK command=187 result=0
[lower_tracking_mpc_node-4] [INFO] [1791406768.008288004] [lower_tracking_mpc_node]: goal stop applied: steer=0 throttle=0 brake=0.700 MAVLink neutral
[lower_tracking_mpc_node-4] [INFO] [1791406768.458524467] [lower_tracking_mpc_node]: MAVLink COMMAND_ACK command=187 result=0
[upper_planner_node-3] [WARN] [1791406768.458650647] [upper_planner_node]: egocentric MIQP failed: status=DAQP direct corridor QP infeasible: tried=4 solve_ms=0.450; retaining last published path
[lower_tracking_mpc_node-4] [INFO] [1791406769.107807717] [lower_tracking_mpc_node]: goal stop applied: steer=0 throttle=0 brake=0.700 MAVLink neutral
[lower_tracking_mpc_node-4] [INFO] [1791406769.507386297] [lower_tracking_mpc_node]: MAVLink COMMAND_ACK command=187 result=0
[upper_planner_node-3] [WARN] [1791406769.956261727] [upper_planner_node]: egocentric MIQP failed: status=DAQP direct corridor QP infeasible: tried=4 solve_ms=0.503; retaining last published path
[lower_tracking_mpc_node-4] [INFO] [1791406770.108464186] [lower_tracking_mpc_node]: goal stop applied: steer=0 throttle=0 brake=0.700 MAVLink neutral
[lower_tracking_mpc_node-4] [INFO] [1791406770.507494589] [lower_tracking_mpc_node]: MAVLink COMMAND_ACK command=187 result=0
[upper_planner_node-3] [WARN] [1791406770.956365443] [upper_planner_node]: egocentric MIQP failed: status=DAQP direct corridor QP infeasible: tried=4 solve_ms=0.466; retaining last published path
[lower_tracking_mpc_node-4] [INFO] [1791406771.108902728] [lower_tracking_mpc_node]: goal stop applied: steer=0 throttle=0 brake=0.700 MAVLink neutral
[lower_tracking_mpc_node-4] [INFO] [1791406771.557432196] [lower_tracking_mpc_node]: MAVLink COMMAND_ACK command=187 result=0
[upper_planner_node-3] [WARN] [1791406771.957224574] [upper_planner_node]: egocentric MIQP failed: status=DAQP direct corridor QP infeasible: tried=6 solve_ms=0.575; retaining last published path
[lower_tracking_mpc_node-4] [INFO] [1791406772.208301607] [lower_tracking_mpc_node]: goal stop applied: steer=0 throttle=0 brake=0.700 MAVLink neutral
[lower_tracking_mpc_node-4] [INFO] [1791406772.557552521] [lower_tracking_mpc_node]: MAVLink COMMAND_ACK command=187 result=0
[upper_planner_node-3] [WARN] [1791406772.957666253] [upper_planner_node]: egocentric MIQP failed: status=DAQP direct corridor QP infeasible: tried=6 solve_ms=0.599; retaining last published path
[lower_tracking_mpc_node-4] [INFO] [1791406773.208376842] [lower_tracking_mpc_node]: goal stop applied: steer=0 throttle=0 brake=0.700 MAVLink neutral
[lower_tracking_mpc_node-4] [INFO] [1791406773.607597011] [lower_tracking_mpc_node]: MAVLink COMMAND_ACK command=187 result=0
[lower_tracking_mpc_node-4] [INFO] [1791406774.308531841] [lower_tracking_mpc_node]: goal stop applied: steer=0 throttle=0 brake=0.700 MAVLink neutral
[upper_planner_node-3] [WARN] [1791406774.456039885] [upper_planner_node]: egocentric MIQP failed: status=DAQP direct corridor QP infeasible: tried=4 solve_ms=0.486; retaining last published path
[lower_tracking_mpc_node-4] [INFO] [1791406774.607598421] [lower_tracking_mpc_node]: MAVLink COMMAND_ACK command=187 result=0
[lower_tracking_mpc_node-4] [INFO] [1791406775.308705511] [lower_tracking_mpc_node]: goal stop applied: steer=0 throttle=0 brake=0.700 MAVLink neutral
[upper_planner_node-3] [WARN] [1791406775.458259346] [upper_planner_node]: egocentric MIQP failed: status=DAQP direct corridor QP infeasible: tried=4 solve_ms=0.799; retaining last published path
[lower_tracking_mpc_node-4] [INFO] [1791406775.657430937] [lower_tracking_mpc_node]: MAVLink COMMAND_ACK command=187 result=0
[knu_batch_runner.py-5] [INFO] [1791406775.696087658] [knu_batch_runner]: scenario3: setup_timeout reference
[lower_tracking_mpc_node-4] [INFO] [1791406776.408452114] [lower_tracking_mpc_node]: goal stop applied: steer=0 throttle=0 brake=0.700 MAVLink neutral
[lower_tracking_mpc_node-4] [INFO] [1791406776.657789926] [lower_tracking_mpc_node]: MAVLink COMMAND_ACK command=187 result=0
[knu_batch_runner.py-5] [INFO] [1791406776.790845214] [knu_batch_runner]: [6/10] scenario3
[upper_planner_node-3] [WARN] [1791406776.957492718] [upper_planner_node]: egocentric MIQP failed: status=DAQP direct corridor QP infeasible: tried=4 solve_ms=0.451; retaining last published path
[lower_tracking_mpc_node-4] [INFO] [1791406777.408451956] [lower_tracking_mpc_node]: goal stop applied: steer=0 throttle=0 brake=0.700 MAVLink neutral
[lower_tracking_mpc_node-4] [INFO] [1791406777.707643724] [lower_tracking_mpc_node]: MAVLink COMMAND_ACK command=187 result=0
[px4_odom_map_bridge-2] [INFO] [1791406778.194133092] [px4_odom_map_bridge]: Map alignment initialized once: source=(402.025604, 167.570297, -0.404510, yaw=-1.507382) yaw_delta=-0.063415 input_frame='map' (treated as PX4 local)
[lower_tracking_mpc_node-4] [INFO] [1791406778.409272782] [lower_tracking_mpc_node]: goal stop applied: steer=0 throttle=0 brake=0.700 MAVLink neutral
[upper_planner_node-3] [WARN] [1791406778.456720201] [upper_planner_node]: egocentric MIQP failed: status=DAQP direct corridor QP infeasible: tried=6 solve_ms=0.518; retaining last published path
[lower_tracking_mpc_node-4] [INFO] [1791406778.708189790] [lower_tracking_mpc_node]: MAVLink COMMAND_ACK command=187 result=0
[lower_tracking_mpc_node-4] [WARN] [1791406779.507737363] [lower_tracking_mpc_node]: lower MPC state reset: path/mission/pose/reset event
[lower_tracking_mpc_node-4] [INFO] [1791406779.508257250] [lower_tracking_mpc_node]: goal stop applied: steer=0 throttle=0 brake=0.700 MAVLink neutral
[lower_tracking_mpc_node-4] [INFO] [1791406779.757574582] [lower_tracking_mpc_node]: MAVLink COMMAND_ACK command=187 result=0
[upper_planner_node-3] [WARN] [1791406779.956310384] [upper_planner_node]: egocentric MIQP failed: status=DAQP direct corridor QP infeasible: tried=4 solve_ms=0.446; retaining last published path
[lower_tracking_mpc_node-4] [INFO] [1791406780.508723027] [lower_tracking_mpc_node]: goal stop applied: steer=0 throttle=0 brake=0.700 MAVLink neutral
[lower_tracking_mpc_node-4] [INFO] [1791406780.757763807] [lower_tracking_mpc_node]: MAVLink COMMAND_ACK command=187 result=0
[upper_planner_node-3] [WARN] [1791406781.456722897] [upper_planner_node]: egocentric MIQP failed: status=DAQP direct corridor QP infeasible: tried=9 solve_ms=0.652; retaining last published path
[lower_tracking_mpc_node-4] [INFO] [1791406781.608982958] [lower_tracking_mpc_node]: goal stop applied: steer=0 throttle=0 brake=0.700 MAVLink neutral
[lower_tracking_mpc_node-4] [INFO] [1791406781.807636614] [lower_tracking_mpc_node]: MAVLink COMMAND_ACK command=187 result=0
[lower_tracking_mpc_node-4] [INFO] [1791406782.708953376] [lower_tracking_mpc_node]: goal stop applied: steer=0 throttle=0 brake=0.700 MAVLink neutral
[lower_tracking_mpc_node-4] [INFO] [1791406782.807835470] [lower_tracking_mpc_node]: MAVLink COMMAND_ACK command=187 result=0
[upper_planner_node-3] [WARN] [1791406782.957306551] [upper_planner_node]: egocentric MIQP failed: status=DAQP direct corridor QP infeasible: tried=9 solve_ms=0.583; retaining last published path
[lower_tracking_mpc_node-4] [INFO] [1791406783.807862258] [lower_tracking_mpc_node]: MAVLink COMMAND_ACK command=187 result=0
[lower_tracking_mpc_node-4] [INFO] [1791406783.809374208] [lower_tracking_mpc_node]: goal stop applied: steer=0 throttle=0 brake=0.700 MAVLink neutral
[upper_planner_node-3] [WARN] [1791406783.957788489] [upper_planner_node]: egocentric MIQP failed: status=DAQP direct corridor QP infeasible: tried=9 solve_ms=0.703; retaining last published path
[lower_tracking_mpc_node-4] [INFO] [1791406784.857982273] [lower_tracking_mpc_node]: MAVLink COMMAND_ACK command=187 result=0
[lower_tracking_mpc_node-4] [INFO] [1791406784.908801218] [lower_tracking_mpc_node]: goal stop applied: steer=0 throttle=0 brake=0.700 MAVLink neutral
[upper_planner_node-3] [WARN] [1791406785.457771165] [upper_planner_node]: egocentric MIQP failed: status=DAQP direct corridor QP infeasible: tried=6 solve_ms=0.597; retaining last published path
[lower_tracking_mpc_node-4] [INFO] [1791406785.858105097] [lower_tracking_mpc_node]: MAVLink COMMAND_ACK command=187 result=0
[lower_tracking_mpc_node-4] [INFO] [1791406786.008564911] [lower_tracking_mpc_node]: goal stop applied: steer=0 throttle=0 brake=0.700 MAVLink neutral
[upper_planner_node-3] [WARN] [1791406786.457985991] [upper_planner_node]: egocentric MIQP failed: status=DAQP direct corridor QP infeasible: tried=6 solve_ms=0.538; retaining last published path
[lower_tracking_mpc_node-4] [INFO] [1791406786.907891822] [lower_tracking_mpc_node]: MAVLink COMMAND_ACK command=187 result=0
[lower_tracking_mpc_node-4] [INFO] [1791406787.008882268] [lower_tracking_mpc_node]: goal stop applied: steer=0 throttle=0 brake=0.700 MAVLink neutral
[upper_planner_node-3] [WARN] [1791406787.957016800] [upper_planner_node]: egocentric MIQP failed: status=DAQP direct corridor QP infeasible: tried=9 solve_ms=0.694; retaining last published path
[lower_tracking_mpc_node-4] [INFO] [1791406787.963458370] [lower_tracking_mpc_node]: MAVLink COMMAND_ACK command=187 result=0
[lower_tracking_mpc_node-4] [INFO] [1791406788.108729740] [lower_tracking_mpc_node]: goal stop applied: steer=0 throttle=0 brake=0.700 MAVLink neutral
[upper_planner_node-3] [WARN] [1791406788.957118695] [upper_planner_node]: egocentric MIQP failed: status=DAQP direct corridor QP infeasible: tried=9 solve_ms=0.726; retaining last published path
[lower_tracking_mpc_node-4] [INFO] [1791406789.008122285] [lower_tracking_mpc_node]: MAVLink COMMAND_ACK command=187 result=0
[lower_tracking_mpc_node-4] [INFO] [1791406789.108989432] [lower_tracking_mpc_node]: goal stop applied: steer=0 throttle=0 brake=0.700 MAVLink neutral
[lower_tracking_mpc_node-4] [INFO] [1791406790.058234365] [lower_tracking_mpc_node]: MAVLink COMMAND_ACK command=187 result=0
[lower_tracking_mpc_node-4] [INFO] [1791406790.109094079] [lower_tracking_mpc_node]: goal stop applied: steer=0 throttle=0 brake=0.700 MAVLink neutral
[upper_planner_node-3] [WARN] [1791406790.457204032] [upper_planner_node]: egocentric MIQP failed: status=DAQP direct corridor QP infeasible: tried=9 solve_ms=0.708; retaining last published path
[lower_tracking_mpc_node-4] [INFO] [1791406791.108039172] [lower_tracking_mpc_node]: MAVLink COMMAND_ACK command=187 result=0
[lower_tracking_mpc_node-4] [INFO] [1791406791.109370092] [lower_tracking_mpc_node]: goal stop applied: steer=0 throttle=0 brake=0.700 MAVLink neutral
[upper_planner_node-3] [WARN] [1791406791.956740840] [upper_planner_node]: egocentric MIQP failed: status=DAQP direct corridor QP infeasible: tried=4 solve_ms=0.471; retaining last published path
[lower_tracking_mpc_node-4] [INFO] [1791406792.108142412] [lower_tracking_mpc_node]: MAVLink COMMAND_ACK command=187 result=0
[lower_tracking_mpc_node-4] [INFO] [1791406792.109655865] [lower_tracking_mpc_node]: goal stop applied: steer=0 throttle=0 brake=0.700 MAVLink neutral
[lower_tracking_mpc_node-4] [INFO] [1791406793.157996948] [lower_tracking_mpc_node]: MAVLink COMMAND_ACK command=187 result=0
[lower_tracking_mpc_node-4] [INFO] [1791406793.209117246] [lower_tracking_mpc_node]: goal stop applied: steer=0 throttle=0 brake=0.700 MAVLink neutral
[upper_planner_node-3] [WARN] [1791406793.456609756] [upper_planner_node]: egocentric MIQP failed: status=DAQP direct corridor QP infeasible: tried=4 solve_ms=0.473; retaining last published path
[lower_tracking_mpc_node-4] [INFO] [1791406794.158103964] [lower_tracking_mpc_node]: MAVLink COMMAND_ACK command=187 result=0
[lower_tracking_mpc_node-4] [INFO] [1791406794.309200406] [lower_tracking_mpc_node]: goal stop applied: steer=0 throttle=0 brake=0.700 MAVLink neutral
[upper_planner_node-3] [WARN] [1791406794.955868765] [upper_planner_node]: egocentric MIQP failed: status=DAQP direct corridor QP infeasible: tried=9 solve_ms=0.521; retaining last published path
[lower_tracking_mpc_node-4] [INFO] [1791406795.158188356] [lower_tracking_mpc_node]: MAVLink COMMAND_ACK command=187 result=0
[lower_tracking_mpc_node-4] [INFO] [1791406795.409184107] [lower_tracking_mpc_node]: goal stop applied: steer=0 throttle=0 brake=0.700 MAVLink neutral
[upper_planner_node-3] [WARN] [1791406795.956881857] [upper_planner_node]: egocentric MIQP failed: status=DAQP direct corridor QP infeasible: tried=9 solve_ms=0.633; retaining last published path
[lower_tracking_mpc_node-4] [INFO] [1791406796.158301517] [lower_tracking_mpc_node]: MAVLink COMMAND_ACK command=187 result=0
[lower_tracking_mpc_node-4] [INFO] [1791406796.410483832] [lower_tracking_mpc_node]: goal stop applied: steer=0 throttle=0 brake=0.700 MAVLink neutral
[upper_planner_node-3] [WARN] [1791406796.957300467] [upper_planner_node]: egocentric MIQP failed: status=DAQP direct corridor QP infeasible: tried=9 solve_ms=0.692; retaining last published path
[lower_tracking_mpc_node-4] [INFO] [1791406797.158367764] [lower_tracking_mpc_node]: MAVLink COMMAND_ACK command=187 result=0
[lower_tracking_mpc_node-4] [INFO] [1791406797.410575456] [lower_tracking_mpc_node]: goal stop applied: steer=0 throttle=0 brake=0.700 MAVLink neutral
[lower_tracking_mpc_node-4] [INFO] [1791406798.208220798] [lower_tracking_mpc_node]: MAVLink COMMAND_ACK command=187 result=0
[upper_planner_node-3] [WARN] [1791406798.456756091] [upper_planner_node]: egocentric MIQP failed: status=DAQP direct corridor QP infeasible: tried=4 solve_ms=0.482; retaining last published path
[lower_tracking_mpc_node-4] [INFO] [1791406798.508854851] [lower_tracking_mpc_node]: goal stop applied: steer=0 throttle=0 brake=0.700 MAVLink neutral
[lower_tracking_mpc_node-4] [INFO] [1791406799.209323909] [lower_tracking_mpc_node]: MAVLink COMMAND_ACK command=187 result=0
[upper_planner_node-3] [WARN] [1791406799.456829219] [upper_planner_node]: egocentric MIQP failed: status=DAQP direct corridor QP infeasible: tried=4 solve_ms=0.477; retaining last published path
[lower_tracking_mpc_node-4] [INFO] [1791406799.509235956] [lower_tracking_mpc_node]: goal stop applied: steer=0 throttle=0 brake=0.700 MAVLink neutral
[lower_tracking_mpc_node-4] [INFO] [1791406800.258218674] [lower_tracking_mpc_node]: MAVLink COMMAND_ACK command=187 result=0
[lower_tracking_mpc_node-4] [INFO] [1791406800.609449841] [lower_tracking_mpc_node]: goal stop applied: steer=0 throttle=0 brake=0.700 MAVLink neutral
[upper_planner_node-3] [WARN] [1791406800.955992963] [upper_planner_node]: egocentric MIQP failed: status=DAQP direct corridor QP infeasible: tried=4 solve_ms=0.254; retaining last published path
[lower_tracking_mpc_node-4] [INFO] [1791406801.258255065] [lower_tracking_mpc_node]: MAVLink COMMAND_ACK command=187 result=0
[lower_tracking_mpc_node-4] [INFO] [1791406801.709557099] [lower_tracking_mpc_node]: goal stop applied: steer=0 throttle=0 brake=0.700 MAVLink neutral
[upper_planner_node-3] [WARN] [1791406801.957818976] [upper_planner_node]: egocentric MIQP failed: status=DAQP direct corridor QP infeasible: tried=9 solve_ms=0.719; retaining last published path
[lower_tracking_mpc_node-4] [INFO] [1791406802.258373155] [lower_tracking_mpc_node]: MAVLink COMMAND_ACK command=187 result=0
[lower_tracking_mpc_node-4] [INFO] [1791406802.809269466] [lower_tracking_mpc_node]: goal stop applied: steer=0 throttle=0 brake=0.700 MAVLink neutral
[lower_tracking_mpc_node-4] [INFO] [1791406803.308398867] [lower_tracking_mpc_node]: MAVLink COMMAND_ACK command=187 result=0
[upper_planner_node-3] [WARN] [1791406803.457201576] [upper_planner_node]: egocentric MIQP failed: status=DAQP direct corridor QP infeasible: tried=9 solve_ms=0.700; retaining last published path
[lower_tracking_mpc_node-4] [INFO] [1791406803.911089032] [lower_tracking_mpc_node]: goal stop applied: steer=0 throttle=0 brake=0.700 MAVLink neutral
[lower_tracking_mpc_node-4] [INFO] [1791406804.308432219] [lower_tracking_mpc_node]: MAVLink COMMAND_ACK command=187 result=0
[upper_planner_node-3] [WARN] [1791406804.457211663] [upper_planner_node]: egocentric MIQP failed: status=DAQP direct corridor QP infeasible: tried=6 solve_ms=0.460; retaining last published path
[lower_tracking_mpc_node-4] [INFO] [1791406805.009248680] [lower_tracking_mpc_node]: goal stop applied: steer=0 throttle=0 brake=0.700 MAVLink neutral
[lower_tracking_mpc_node-4] [INFO] [1791406805.358406537] [lower_tracking_mpc_node]: MAVLink COMMAND_ACK command=187 result=0
[upper_planner_node-3] [WARN] [1791406805.957388270] [upper_planner_node]: egocentric MIQP failed: status=DAQP direct corridor QP infeasible: tried=4 solve_ms=0.462; retaining last published path
[lower_tracking_mpc_node-4] [INFO] [1791406806.109272832] [lower_tracking_mpc_node]: goal stop applied: steer=0 throttle=0 brake=0.700 MAVLink neutral
[lower_tracking_mpc_node-4] [INFO] [1791406806.358509203] [lower_tracking_mpc_node]: MAVLink COMMAND_ACK command=187 result=0
[upper_planner_node-3] [WARN] [1791406806.958568953] [upper_planner_node]: egocentric MIQP failed: status=DAQP direct corridor QP infeasible: tried=4 solve_ms=1.678; retaining last published path
[lower_tracking_mpc_node-4] [INFO] [1791406807.109400651] [lower_tracking_mpc_node]: goal stop applied: steer=0 throttle=0 brake=0.700 MAVLink neutral
[lower_tracking_mpc_node-4] [INFO] [1791406807.408407360] [lower_tracking_mpc_node]: MAVLink COMMAND_ACK command=187 result=0
[lower_tracking_mpc_node-4] [INFO] [1791406808.109511926] [lower_tracking_mpc_node]: goal stop applied: steer=0 throttle=0 brake=0.700 MAVLink neutral
[lower_tracking_mpc_node-4] [INFO] [1791406808.408550315] [lower_tracking_mpc_node]: MAVLink COMMAND_ACK command=187 result=0
[upper_planner_node-3] [WARN] [1791406808.458768314] [upper_planner_node]: egocentric MIQP failed: status=DAQP direct corridor QP infeasible: tried=4 solve_ms=0.392; retaining last published path
[lower_tracking_mpc_node-4] [INFO] [1791406809.109641410] [lower_tracking_mpc_node]: goal stop applied: steer=0 throttle=0 brake=0.700 MAVLink neutral
[lower_tracking_mpc_node-4] [INFO] [1791406809.408741657] [lower_tracking_mpc_node]: MAVLink COMMAND_ACK command=187 result=0
[knu_batch_runner.py-5] [INFO] [1791406809.593096385] [knu_batch_runner]: scenario3: setup_timeout reference
[upper_planner_node-3] [WARN] [1791406809.958712756] [upper_planner_node]: egocentric MIQP failed: status=DAQP direct corridor QP infeasible: tried=9 solve_ms=0.698; retaining last published path
[lower_tracking_mpc_node-4] [INFO] [1791406810.209589497] [lower_tracking_mpc_node]: goal stop applied: steer=0 throttle=0 brake=0.700 MAVLink neutral
[lower_tracking_mpc_node-4] [INFO] [1791406810.458538947] [lower_tracking_mpc_node]: MAVLink COMMAND_ACK command=187 result=0
[lower_tracking_mpc_node-4] [INFO] [1791406811.309586129] [lower_tracking_mpc_node]: goal stop applied: steer=0 throttle=0 brake=0.700 MAVLink neutral
[upper_planner_node-3] [WARN] [1791406811.457401832] [upper_planner_node]: egocentric MIQP failed: status=DAQP direct corridor QP infeasible: tried=9 solve_ms=0.676; retaining last published path
[lower_tracking_mpc_node-4] [INFO] [1791406811.458590988] [lower_tracking_mpc_node]: MAVLink COMMAND_ACK command=187 result=0
[knu_batch_runner.py-5] [INFO] [1791406811.845113336] [knu_batch_runner]: [7/10] scenario3
[lower_tracking_mpc_node-4] [INFO] [1791406812.309629467] [lower_tracking_mpc_node]: goal stop applied: steer=0 throttle=0 brake=0.700 MAVLink neutral
[lower_tracking_mpc_node-4] [INFO] [1791406812.458915998] [lower_tracking_mpc_node]: MAVLink COMMAND_ACK command=187 result=0
[upper_planner_node-3] [WARN] [1791406812.962340186] [upper_planner_node]: egocentric MIQP failed: status=DAQP direct corridor QP infeasible: tried=6 solve_ms=0.539; retaining last published path
[px4_odom_map_bridge-2] [INFO] [1791406813.219642817] [px4_odom_map_bridge]: Map alignment initialized once: source=(402.026703, 167.569702, -0.341766, yaw=-1.507547) yaw_delta=-0.063249 input_frame='map' (treated as PX4 local)
[lower_tracking_mpc_node-4] [INFO] [1791406813.409731959] [lower_tracking_mpc_node]: goal stop applied: steer=0 throttle=0 brake=0.700 MAVLink neutral
[lower_tracking_mpc_node-4] [INFO] [1791406813.459768160] [lower_tracking_mpc_node]: MAVLink COMMAND_ACK command=187 result=0
[upper_planner_node-3] [WARN] [1791406814.457890448] [upper_planner_node]: egocentric MIQP failed: status=DAQP direct corridor QP infeasible: tried=6 solve_ms=0.582; retaining last published path
[lower_tracking_mpc_node-4] [INFO] [1791406814.508825237] [lower_tracking_mpc_node]: MAVLink COMMAND_ACK command=187 result=0
[lower_tracking_mpc_node-4] [WARN] [1791406814.509939127] [lower_tracking_mpc_node]: lower MPC state reset: path/mission/pose/reset event
[lower_tracking_mpc_node-4] [INFO] [1791406814.510500776] [lower_tracking_mpc_node]: goal stop applied: steer=0 throttle=0 brake=0.700 MAVLink neutral
[lower_tracking_mpc_node-4] [INFO] [1791406815.558785253] [lower_tracking_mpc_node]: MAVLink COMMAND_ACK command=187 result=0
[lower_tracking_mpc_node-4] [INFO] [1791406815.609607622] [lower_tracking_mpc_node]: goal stop applied: steer=0 throttle=0 brake=0.700 MAVLink neutral
[upper_planner_node-3] [WARN] [1791406815.958677221] [upper_planner_node]: egocentric MIQP failed: status=DAQP direct corridor QP infeasible: tried=9 solve_ms=0.658; retaining last published path
[lower_tracking_mpc_node-4] [INFO] [1791406816.608841624] [lower_tracking_mpc_node]: MAVLink COMMAND_ACK command=187 result=0
[lower_tracking_mpc_node-4] [INFO] [1791406816.610198657] [lower_tracking_mpc_node]: goal stop applied: steer=0 throttle=0 brake=0.700 MAVLink neutral
[upper_planner_node-3] [WARN] [1791406817.458967083] [upper_planner_node]: egocentric MIQP failed: status=DAQP direct corridor QP infeasible: tried=9 solve_ms=0.682; retaining last published path
[lower_tracking_mpc_node-4] [INFO] [1791406817.658830185] [lower_tracking_mpc_node]: MAVLink COMMAND_ACK command=187 result=0
[lower_tracking_mpc_node-4] [INFO] [1791406817.710008981] [lower_tracking_mpc_node]: goal stop applied: steer=0 throttle=0 brake=0.700 MAVLink neutral
[lower_tracking_mpc_node-4] [INFO] [1791406818.658967062] [lower_tracking_mpc_node]: MAVLink COMMAND_ACK command=187 result=0
[lower_tracking_mpc_node-4] [INFO] [1791406818.809241048] [lower_tracking_mpc_node]: goal stop applied: steer=0 throttle=0 brake=0.700 MAVLink neutral
[upper_planner_node-3] [WARN] [1791406818.957639681] [upper_planner_node]: egocentric MIQP failed: status=DAQP direct corridor QP infeasible: tried=9 solve_ms=0.605; retaining last published path
[lower_tracking_mpc_node-4] [INFO] [1791406819.709003369] [lower_tracking_mpc_node]: MAVLink COMMAND_ACK command=187 result=0
[lower_tracking_mpc_node-4] [INFO] [1791406819.809339844] [lower_tracking_mpc_node]: goal stop applied: steer=0 throttle=0 brake=0.700 MAVLink neutral
[upper_planner_node-3] [WARN] [1791406820.457812420] [upper_planner_node]: egocentric MIQP failed: status=DAQP direct corridor QP infeasible: tried=6 solve_ms=0.509; retaining last published path
[lower_tracking_mpc_node-4] [INFO] [1791406820.758959162] [lower_tracking_mpc_node]: MAVLink COMMAND_ACK command=187 result=0
[lower_tracking_mpc_node-4] [INFO] [1791406820.809633463] [lower_tracking_mpc_node]: goal stop applied: steer=0 throttle=0 brake=0.700 MAVLink neutral
[lower_tracking_mpc_node-4] [INFO] [1791406821.808967308] [lower_tracking_mpc_node]: MAVLink COMMAND_ACK command=187 result=0
[lower_tracking_mpc_node-4] [INFO] [1791406821.810440921] [lower_tracking_mpc_node]: goal stop applied: steer=0 throttle=0 brake=0.700 MAVLink neutral
[upper_planner_node-3] [WARN] [1791406821.957444344] [upper_planner_node]: egocentric MIQP failed: status=DAQP direct corridor QP infeasible: tried=4 solve_ms=0.428; retaining last published path
[lower_tracking_mpc_node-4] [INFO] [1791406822.809082394] [lower_tracking_mpc_node]: MAVLink COMMAND_ACK command=187 result=0
[lower_tracking_mpc_node-4] [INFO] [1791406822.810611272] [lower_tracking_mpc_node]: goal stop applied: steer=0 throttle=0 brake=0.700 MAVLink neutral
[upper_planner_node-3] [WARN] [1791406822.958572452] [upper_planner_node]: egocentric MIQP failed: status=DAQP direct corridor QP infeasible: tried=9 solve_ms=0.473; retaining last published path
[lower_tracking_mpc_node-4] [INFO] [1791406823.858811396] [lower_tracking_mpc_node]: MAVLink COMMAND_ACK command=187 result=0
[lower_tracking_mpc_node-4] [INFO] [1791406823.910138069] [lower_tracking_mpc_node]: goal stop applied: steer=0 throttle=0 brake=0.700 MAVLink neutral
[upper_planner_node-3] [WARN] [1791406824.457771371] [upper_planner_node]: egocentric MIQP failed: status=DAQP direct corridor QP infeasible: tried=9 solve_ms=0.571; retaining last published path
[lower_tracking_mpc_node-4] [INFO] [1791406824.859224219] [lower_tracking_mpc_node]: MAVLink COMMAND_ACK command=187 result=0
[lower_tracking_mpc_node-4] [INFO] [1791406825.010123599] [lower_tracking_mpc_node]: goal stop applied: steer=0 throttle=0 brake=0.700 MAVLink neutral
[upper_planner_node-3] [WARN] [1791406825.458894231] [upper_planner_node]: egocentric MIQP failed: status=DAQP direct corridor QP infeasible: tried=9 solve_ms=0.635; retaining last published path
[lower_tracking_mpc_node-4] [INFO] [1791406825.909070473] [lower_tracking_mpc_node]: MAVLink COMMAND_ACK command=187 result=0
[lower_tracking_mpc_node-4] [INFO] [1791406826.109896740] [lower_tracking_mpc_node]: goal stop applied: steer=0 throttle=0 brake=0.700 MAVLink neutral
[lower_tracking_mpc_node-4] [INFO] [1791406826.909081652] [lower_tracking_mpc_node]: MAVLink COMMAND_ACK command=187 result=0
[upper_planner_node-3] [WARN] [1791406826.957483756] [upper_planner_node]: egocentric MIQP failed: status=DAQP direct corridor QP infeasible: tried=4 solve_ms=0.445; retaining last published path
[lower_tracking_mpc_node-4] [INFO] [1791406827.110365597] [lower_tracking_mpc_node]: goal stop applied: steer=0 throttle=0 brake=0.700 MAVLink neutral
[lower_tracking_mpc_node-4] [INFO] [1791406827.909126880] [lower_tracking_mpc_node]: MAVLink COMMAND_ACK command=187 result=0
[upper_planner_node-3] [WARN] [1791406827.958464533] [upper_planner_node]: egocentric MIQP failed: status=DAQP direct corridor QP infeasible: tried=4 solve_ms=0.362; retaining last published path
[lower_tracking_mpc_node-4] [INFO] [1791406828.210247125] [lower_tracking_mpc_node]: goal stop applied: steer=0 throttle=0 brake=0.700 MAVLink neutral
[lower_tracking_mpc_node-4] [INFO] [1791406828.909236078] [lower_tracking_mpc_node]: MAVLink COMMAND_ACK command=187 result=0
[lower_tracking_mpc_node-4] [INFO] [1791406829.210299682] [lower_tracking_mpc_node]: goal stop applied: steer=0 throttle=0 brake=0.700 MAVLink neutral
[upper_planner_node-3] [WARN] [1791406829.458116458] [upper_planner_node]: egocentric MIQP failed: status=DAQP direct corridor QP infeasible: tried=9 solve_ms=0.691; retaining last published path
[lower_tracking_mpc_node-4] [INFO] [1791406829.959174144] [lower_tracking_mpc_node]: MAVLink COMMAND_ACK command=187 result=0
[lower_tracking_mpc_node-4] [INFO] [1791406830.310335967] [lower_tracking_mpc_node]: goal stop applied: steer=0 throttle=0 brake=0.700 MAVLink neutral
[upper_planner_node-3] [WARN] [1791406830.957882724] [upper_planner_node]: egocentric MIQP failed: status=DAQP direct corridor QP infeasible: tried=4 solve_ms=0.482; retaining last published path
[lower_tracking_mpc_node-4] [INFO] [1791406830.959252238] [lower_tracking_mpc_node]: MAVLink COMMAND_ACK command=187 result=0
[lower_tracking_mpc_node-4] [INFO] [1791406831.409640967] [lower_tracking_mpc_node]: goal stop applied: steer=0 throttle=0 brake=0.700 MAVLink neutral
[upper_planner_node-3] [WARN] [1791406831.958130839] [upper_planner_node]: egocentric MIQP failed: status=DAQP direct corridor QP infeasible: tried=9 solve_ms=0.638; retaining last published path
[lower_tracking_mpc_node-4] [INFO] [1791406831.959291482] [lower_tracking_mpc_node]: MAVLink COMMAND_ACK command=187 result=0
[lower_tracking_mpc_node-4] [INFO] [1791406832.410687826] [lower_tracking_mpc_node]: goal stop applied: steer=0 throttle=0 brake=0.700 MAVLink neutral
[upper_planner_node-3] [WARN] [1791406832.958316616] [upper_planner_node]: egocentric MIQP failed: status=DAQP direct corridor QP infeasible: tried=9 solve_ms=0.669; retaining last published path
[lower_tracking_mpc_node-4] [INFO] [1791406832.960542636] [lower_tracking_mpc_node]: MAVLink COMMAND_ACK command=187 result=0
[lower_tracking_mpc_node-4] [INFO] [1791406833.509779859] [lower_tracking_mpc_node]: goal stop applied: steer=0 throttle=0 brake=0.700 MAVLink neutral
[upper_planner_node-3] [WARN] [1791406833.959162062] [upper_planner_node]: egocentric MIQP failed: status=DAQP direct corridor QP infeasible: tried=9 solve_ms=0.690; retaining last published path
[lower_tracking_mpc_node-4] [INFO] [1791406834.009379997] [lower_tracking_mpc_node]: MAVLink COMMAND_ACK command=187 result=0
[lower_tracking_mpc_node-4] [INFO] [1791406834.509906915] [lower_tracking_mpc_node]: goal stop applied: steer=0 throttle=0 brake=0.700 MAVLink neutral
[lower_tracking_mpc_node-4] [INFO] [1791406835.059697659] [lower_tracking_mpc_node]: MAVLink COMMAND_ACK command=187 result=0
[upper_planner_node-3] [WARN] [1791406835.458297813] [upper_planner_node]: egocentric MIQP failed: status=DAQP direct corridor QP infeasible: tried=9 solve_ms=0.678; retaining last published path
[lower_tracking_mpc_node-4] [INFO] [1791406835.510382333] [lower_tracking_mpc_node]: goal stop applied: steer=0 throttle=0 brake=0.700 MAVLink neutral
[lower_tracking_mpc_node-4] [INFO] [1791406836.109579372] [lower_tracking_mpc_node]: MAVLink COMMAND_ACK command=187 result=0
[lower_tracking_mpc_node-4] [INFO] [1791406836.510634161] [lower_tracking_mpc_node]: goal stop applied: steer=0 throttle=0 brake=0.700 MAVLink neutral
[upper_planner_node-3] [WARN] [1791406836.959211987] [upper_planner_node]: egocentric MIQP failed: status=DAQP direct corridor QP infeasible: tried=9 solve_ms=0.684; retaining last published path
[lower_tracking_mpc_node-4] [INFO] [1791406837.159367419] [lower_tracking_mpc_node]: MAVLink COMMAND_ACK command=187 result=0
[lower_tracking_mpc_node-4] [INFO] [1791406837.510837475] [lower_tracking_mpc_node]: goal stop applied: steer=0 throttle=0 brake=0.700 MAVLink neutral
[lower_tracking_mpc_node-4] [INFO] [1791406838.159446185] [lower_tracking_mpc_node]: MAVLink COMMAND_ACK command=187 result=0
[upper_planner_node-3] [WARN] [1791406838.458274906] [upper_planner_node]: egocentric MIQP failed: status=DAQP direct corridor QP infeasible: tried=4 solve_ms=0.483; retaining last published path
[lower_tracking_mpc_node-4] [INFO] [1791406838.610676988] [lower_tracking_mpc_node]: goal stop applied: steer=0 throttle=0 brake=0.700 MAVLink neutral
[lower_tracking_mpc_node-4] [INFO] [1791406839.159469559] [lower_tracking_mpc_node]: MAVLink COMMAND_ACK command=187 result=0
[lower_tracking_mpc_node-4] [INFO] [1791406839.709987205] [lower_tracking_mpc_node]: goal stop applied: steer=0 throttle=0 brake=0.700 MAVLink neutral
[upper_planner_node-3] [WARN] [1791406839.958021525] [upper_planner_node]: egocentric MIQP failed: status=DAQP direct corridor QP infeasible: tried=9 solve_ms=0.520; retaining last published path
[lower_tracking_mpc_node-4] [INFO] [1791406840.209536302] [lower_tracking_mpc_node]: MAVLink COMMAND_ACK command=187 result=0
[lower_tracking_mpc_node-4] [INFO] [1791406840.710071413] [lower_tracking_mpc_node]: goal stop applied: steer=0 throttle=0 brake=0.700 MAVLink neutral
[upper_planner_node-3] [WARN] [1791406840.958921821] [upper_planner_node]: egocentric MIQP failed: status=DAQP direct corridor QP infeasible: tried=9 solve_ms=0.642; retaining last published path
[lower_tracking_mpc_node-4] [INFO] [1791406841.209604157] [lower_tracking_mpc_node]: MAVLink COMMAND_ACK command=187 result=0
[lower_tracking_mpc_node-4] [INFO] [1791406841.710739190] [lower_tracking_mpc_node]: goal stop applied: steer=0 throttle=0 brake=0.700 MAVLink neutral
[lower_tracking_mpc_node-4] [INFO] [1791406842.259558961] [lower_tracking_mpc_node]: MAVLink COMMAND_ACK command=187 result=0
[upper_planner_node-3] [WARN] [1791406842.459164968] [upper_planner_node]: egocentric MIQP failed: status=DAQP direct corridor QP infeasible: tried=6 solve_ms=0.560; retaining last published path
[lower_tracking_mpc_node-4] [INFO] [1791406842.810346280] [lower_tracking_mpc_node]: goal stop applied: steer=0 throttle=0 brake=0.700 MAVLink neutral
[lower_tracking_mpc_node-4] [INFO] [1791406843.309500422] [lower_tracking_mpc_node]: MAVLink COMMAND_ACK command=187 result=0
[lower_tracking_mpc_node-4] [INFO] [1791406843.810765090] [lower_tracking_mpc_node]: goal stop applied: steer=0 throttle=0 brake=0.700 MAVLink neutral
[upper_planner_node-3] [WARN] [1791406843.958743743] [upper_planner_node]: egocentric MIQP failed: status=DAQP direct corridor QP infeasible: tried=9 solve_ms=0.621; retaining last published path
[lower_tracking_mpc_node-4] [INFO] [1791406844.309959425] [lower_tracking_mpc_node]: MAVLink COMMAND_ACK command=187 result=0
[knu_batch_runner.py-5] [INFO] [1791406844.593587558] [knu_batch_runner]: scenario3: setup_timeout reference
[lower_tracking_mpc_node-4] [INFO] [1791406844.910891109] [lower_tracking_mpc_node]: goal stop applied: steer=0 throttle=0 brake=0.700 MAVLink neutral
[lower_tracking_mpc_node-4] [INFO] [1791406845.359580396] [lower_tracking_mpc_node]: MAVLink COMMAND_ACK command=187 result=0
[upper_planner_node-3] [WARN] [1791406845.458210612] [upper_planner_node]: egocentric MIQP failed: status=DAQP direct corridor QP infeasible: tried=4 solve_ms=0.473; retaining last published path
[knu_batch_runner.py-5] [INFO] [1791406845.790622620] [knu_batch_runner]: [8/10] scenario3
[lower_tracking_mpc_node-4] [INFO] [1791406846.010100844] [lower_tracking_mpc_node]: goal stop applied: steer=0 throttle=0 brake=0.700 MAVLink neutral
[lower_tracking_mpc_node-4] [INFO] [1791406846.360101225] [lower_tracking_mpc_node]: MAVLink COMMAND_ACK command=187 result=0
[upper_planner_node-3] [WARN] [1791406846.957532580] [upper_planner_node]: egocentric MIQP failed: status=DAQP direct corridor QP infeasible: tried=9 solve_ms=0.450; retaining last published path
[lower_tracking_mpc_node-4] [INFO] [1791406847.010516071] [lower_tracking_mpc_node]: goal stop applied: steer=0 throttle=0 brake=0.700 MAVLink neutral
[px4_odom_map_bridge-2] [INFO] [1791406847.090377175] [px4_odom_map_bridge]: Map alignment initialized once: source=(402.026276, 167.571716, -0.291473, yaw=-1.506851) yaw_delta=-0.063945 input_frame='map' (treated as PX4 local)
[lower_tracking_mpc_node-4] [INFO] [1791406847.409686835] [lower_tracking_mpc_node]: MAVLink COMMAND_ACK command=187 result=0
[upper_planner_node-3] [WARN] [1791406847.958288617] [upper_planner_node]: egocentric MIQP failed: status=DAQP direct corridor QP infeasible: tried=4 solve_ms=0.474; retaining last published path
[lower_tracking_mpc_node-4] [INFO] [1791406848.010590615] [lower_tracking_mpc_node]: goal stop applied: steer=0 throttle=0 brake=0.700 MAVLink neutral
[lower_tracking_mpc_node-4] [INFO] [1791406848.409863399] [lower_tracking_mpc_node]: MAVLink COMMAND_ACK command=187 result=0
[lower_tracking_mpc_node-4] [WARN] [1791406848.411042954] [lower_tracking_mpc_node]: lower MPC state reset: path/mission/pose/reset event
[upper_planner_node-3] [WARN] [1791406848.958957835] [upper_planner_node]: egocentric MIQP failed: status=DAQP direct corridor QP infeasible: tried=4 solve_ms=0.455; retaining last published path
[lower_tracking_mpc_node-4] [INFO] [1791406849.110757724] [lower_tracking_mpc_node]: goal stop applied: steer=0 throttle=0 brake=0.700 MAVLink neutral
[lower_tracking_mpc_node-4] [INFO] [1791406849.459682392] [lower_tracking_mpc_node]: MAVLink COMMAND_ACK command=187 result=0
[lower_tracking_mpc_node-4] [INFO] [1791406850.110765866] [lower_tracking_mpc_node]: goal stop applied: steer=0 throttle=0 brake=0.700 MAVLink neutral
[upper_planner_node-3] [WARN] [1791406850.458461026] [upper_planner_node]: egocentric MIQP failed: status=DAQP direct corridor QP infeasible: tried=4 solve_ms=0.433; retaining last published path
[lower_tracking_mpc_node-4] [INFO] [1791406850.459826539] [lower_tracking_mpc_node]: MAVLink COMMAND_ACK command=187 result=0
[lower_tracking_mpc_node-4] [INFO] [1791406851.111208326] [lower_tracking_mpc_node]: goal stop applied: steer=0 throttle=0 brake=0.700 MAVLink neutral
[upper_planner_node-3] [WARN] [1791406851.458702071] [upper_planner_node]: egocentric MIQP failed: status=DAQP direct corridor QP infeasible: tried=9 solve_ms=0.593; retaining last published path
[lower_tracking_mpc_node-4] [INFO] [1791406851.509824258] [lower_tracking_mpc_node]: MAVLink COMMAND_ACK command=187 result=0
[lower_tracking_mpc_node-4] [INFO] [1791406852.211076962] [lower_tracking_mpc_node]: goal stop applied: steer=0 throttle=0 brake=0.700 MAVLink neutral
[upper_planner_node-3] [WARN] [1791406852.458900364] [upper_planner_node]: egocentric MIQP failed: status=DAQP direct corridor QP infeasible: tried=12 solve_ms=0.778; retaining last published path
[lower_tracking_mpc_node-4] [INFO] [1791406852.509896595] [lower_tracking_mpc_node]: MAVLink COMMAND_ACK command=187 result=0
[lower_tracking_mpc_node-4] [INFO] [1791406853.212687522] [lower_tracking_mpc_node]: goal stop applied: steer=0 throttle=0 brake=0.700 MAVLink neutral
[upper_planner_node-3] [WARN] [1791406853.459078656] [upper_planner_node]: egocentric MIQP failed: status=DAQP direct corridor QP infeasible: tried=6 solve_ms=0.530; retaining last published path
[lower_tracking_mpc_node-4] [INFO] [1791406853.559997838] [lower_tracking_mpc_node]: MAVLink COMMAND_ACK command=187 result=0
[lower_tracking_mpc_node-4] [INFO] [1791406854.310997679] [lower_tracking_mpc_node]: goal stop applied: steer=0 throttle=0 brake=0.700 MAVLink neutral
[upper_planner_node-3] [WARN] [1791406854.460200849] [upper_planner_node]: egocentric MIQP failed: status=DAQP direct corridor QP infeasible: tried=4 solve_ms=0.386; retaining last published path
[lower_tracking_mpc_node-4] [INFO] [1791406854.609909123] [lower_tracking_mpc_node]: MAVLink COMMAND_ACK command=187 result=0
[lower_tracking_mpc_node-4] [INFO] [1791406855.311210245] [lower_tracking_mpc_node]: goal stop applied: steer=0 throttle=0 brake=0.700 MAVLink neutral
[lower_tracking_mpc_node-4] [INFO] [1791406855.609946803] [lower_tracking_mpc_node]: MAVLink COMMAND_ACK command=187 result=0
[upper_planner_node-3] [WARN] [1791406855.958805486] [upper_planner_node]: egocentric MIQP failed: status=DAQP direct corridor QP infeasible: tried=4 solve_ms=0.489; retaining last published path
[lower_tracking_mpc_node-4] [INFO] [1791406856.411256775] [lower_tracking_mpc_node]: goal stop applied: steer=0 throttle=0 brake=0.700 MAVLink neutral
[lower_tracking_mpc_node-4] [INFO] [1791406856.610149257] [lower_tracking_mpc_node]: MAVLink COMMAND_ACK command=187 result=0
[upper_planner_node-3] [WARN] [1791406857.461319617] [upper_planner_node]: egocentric MIQP failed: status=DAQP direct corridor QP infeasible: tried=4 solve_ms=0.454; retaining last published path
[lower_tracking_mpc_node-4] [INFO] [1791406857.510562771] [lower_tracking_mpc_node]: goal stop applied: steer=0 throttle=0 brake=0.700 MAVLink neutral
[lower_tracking_mpc_node-4] [INFO] [1791406857.659967292] [lower_tracking_mpc_node]: MAVLink COMMAND_ACK command=187 result=0
[lower_tracking_mpc_node-4] [INFO] [1791406858.510644773] [lower_tracking_mpc_node]: goal stop applied: steer=0 throttle=0 brake=0.700 MAVLink neutral
[lower_tracking_mpc_node-4] [INFO] [1791406858.659983980] [lower_tracking_mpc_node]: MAVLink COMMAND_ACK command=187 result=0
[upper_planner_node-3] [WARN] [1791406858.960544177] [upper_planner_node]: egocentric MIQP failed: status=DAQP direct corridor QP infeasible: tried=9 solve_ms=1.947; retaining last published path
[lower_tracking_mpc_node-4] [INFO] [1791406859.511293385] [lower_tracking_mpc_node]: goal stop applied: steer=0 throttle=0 brake=0.700 MAVLink neutral
[lower_tracking_mpc_node-4] [INFO] [1791406859.660053566] [lower_tracking_mpc_node]: MAVLink COMMAND_ACK command=187 result=0
[upper_planner_node-3] [WARN] [1791406859.960987951] [upper_planner_node]: egocentric MIQP failed: status=DAQP direct corridor QP infeasible: tried=6 solve_ms=0.269; retaining last published path
[lower_tracking_mpc_node-4] [INFO] [1791406860.611226056] [lower_tracking_mpc_node]: goal stop applied: steer=0 throttle=0 brake=0.700 MAVLink neutral
[lower_tracking_mpc_node-4] [INFO] [1791406860.660077294] [lower_tracking_mpc_node]: MAVLink COMMAND_ACK command=187 result=0
[upper_planner_node-3] [WARN] [1791406861.458987386] [upper_planner_node]: egocentric MIQP failed: status=DAQP direct corridor QP infeasible: tried=4 solve_ms=0.537; retaining last published path
[lower_tracking_mpc_node-4] [INFO] [1791406861.611520289] [lower_tracking_mpc_node]: goal stop applied: steer=0 throttle=0 brake=0.700 MAVLink neutral
[lower_tracking_mpc_node-4] [INFO] [1791406861.660090207] [lower_tracking_mpc_node]: MAVLink COMMAND_ACK command=187 result=0
[lower_tracking_mpc_node-4] [INFO] [1791406862.660182770] [lower_tracking_mpc_node]: MAVLink COMMAND_ACK command=187 result=0
[lower_tracking_mpc_node-4] [INFO] [1791406862.711593638] [lower_tracking_mpc_node]: goal stop applied: steer=0 throttle=0 brake=0.700 MAVLink neutral
[upper_planner_node-3] [WARN] [1791406862.957676571] [upper_planner_node]: egocentric MIQP failed: status=DAQP direct corridor QP infeasible: tried=4 solve_ms=0.292; retaining last published path
[lower_tracking_mpc_node-4] [INFO] [1791406863.660393609] [lower_tracking_mpc_node]: MAVLink COMMAND_ACK command=187 result=0
[lower_tracking_mpc_node-4] [INFO] [1791406863.811106265] [lower_tracking_mpc_node]: goal stop applied: steer=0 throttle=0 brake=0.700 MAVLink neutral
[upper_planner_node-3] [WARN] [1791406863.957805584] [upper_planner_node]: egocentric MIQP failed: status=DAQP direct corridor QP infeasible: tried=4 solve_ms=0.287; retaining last published path
[lower_tracking_mpc_node-4] [INFO] [1791406864.710129562] [lower_tracking_mpc_node]: MAVLink COMMAND_ACK command=187 result=0
[lower_tracking_mpc_node-4] [INFO] [1791406864.910719376] [lower_tracking_mpc_node]: goal stop applied: steer=0 throttle=0 brake=0.700 MAVLink neutral
[upper_planner_node-3] [WARN] [1791406864.958793022] [upper_planner_node]: egocentric MIQP failed: status=DAQP direct corridor QP infeasible: tried=9 solve_ms=0.622; retaining last published path
[lower_tracking_mpc_node-4] [INFO] [1791406865.710222286] [lower_tracking_mpc_node]: MAVLink COMMAND_ACK command=187 result=0
[lower_tracking_mpc_node-4] [INFO] [1791406865.911571866] [lower_tracking_mpc_node]: goal stop applied: steer=0 throttle=0 brake=0.700 MAVLink neutral
[upper_planner_node-3] [WARN] [1791406865.959565126] [upper_planner_node]: egocentric MIQP failed: status=DAQP direct corridor QP infeasible: tried=9 solve_ms=0.626; retaining last published path
[lower_tracking_mpc_node-4] [INFO] [1791406866.710265888] [lower_tracking_mpc_node]: MAVLink COMMAND_ACK command=187 result=0
[lower_tracking_mpc_node-4] [INFO] [1791406867.010848807] [lower_tracking_mpc_node]: goal stop applied: steer=0 throttle=0 brake=0.700 MAVLink neutral
[upper_planner_node-3] [WARN] [1791406867.459867737] [upper_planner_node]: egocentric MIQP failed: status=DAQP direct corridor QP infeasible: tried=9 solve_ms=0.694; retaining last published path
[lower_tracking_mpc_node-4] [INFO] [1791406867.710299218] [lower_tracking_mpc_node]: MAVLink COMMAND_ACK command=187 result=0
[lower_tracking_mpc_node-4] [INFO] [1791406868.110767879] [lower_tracking_mpc_node]: goal stop applied: steer=0 throttle=0 brake=0.700 MAVLink neutral
[lower_tracking_mpc_node-4] [INFO] [1791406868.710704784] [lower_tracking_mpc_node]: MAVLink COMMAND_ACK command=187 result=0
[upper_planner_node-3] [WARN] [1791406868.959226063] [upper_planner_node]: egocentric MIQP failed: status=DAQP direct corridor QP infeasible: tried=4 solve_ms=0.529; retaining last published path
[lower_tracking_mpc_node-4] [INFO] [1791406869.111528304] [lower_tracking_mpc_node]: goal stop applied: steer=0 throttle=0 brake=0.700 MAVLink neutral
[lower_tracking_mpc_node-4] [INFO] [1791406869.760410625] [lower_tracking_mpc_node]: MAVLink COMMAND_ACK command=187 result=0
[upper_planner_node-3] [WARN] [1791406869.961492838] [upper_planner_node]: egocentric MIQP failed: status=DAQP direct corridor QP infeasible: tried=4 solve_ms=2.377; retaining last published path
[lower_tracking_mpc_node-4] [INFO] [1791406870.210790941] [lower_tracking_mpc_node]: goal stop applied: steer=0 throttle=0 brake=0.700 MAVLink neutral
[lower_tracking_mpc_node-4] [INFO] [1791406870.760532215] [lower_tracking_mpc_node]: MAVLink COMMAND_ACK command=187 result=0
[lower_tracking_mpc_node-4] [INFO] [1791406871.211328191] [lower_tracking_mpc_node]: goal stop applied: steer=0 throttle=0 brake=0.700 MAVLink neutral
[upper_planner_node-3] [WARN] [1791406871.459363280] [upper_planner_node]: egocentric MIQP failed: status=DAQP direct corridor QP infeasible: tried=6 solve_ms=0.593; retaining last published path
[lower_tracking_mpc_node-4] [INFO] [1791406871.810368204] [lower_tracking_mpc_node]: MAVLink COMMAND_ACK command=187 result=0
[lower_tracking_mpc_node-4] [INFO] [1791406872.211594296] [lower_tracking_mpc_node]: goal stop applied: steer=0 throttle=0 brake=0.700 MAVLink neutral
[upper_planner_node-3] [WARN] [1791406872.459597288] [upper_planner_node]: egocentric MIQP failed: status=DAQP direct corridor QP infeasible: tried=9 solve_ms=0.684; retaining last published path
[lower_tracking_mpc_node-4] [INFO] [1791406872.810422752] [lower_tracking_mpc_node]: MAVLink COMMAND_ACK command=187 result=0
[lower_tracking_mpc_node-4] [INFO] [1791406873.311296947] [lower_tracking_mpc_node]: goal stop applied: steer=0 throttle=0 brake=0.700 MAVLink neutral
[lower_tracking_mpc_node-4] [INFO] [1791406873.810527189] [lower_tracking_mpc_node]: MAVLink COMMAND_ACK command=187 result=0
[upper_planner_node-3] [WARN] [1791406873.960018784] [upper_planner_node]: egocentric MIQP failed: status=DAQP direct corridor QP infeasible: tried=9 solve_ms=0.591; retaining last published path
[lower_tracking_mpc_node-4] [INFO] [1791406874.311554637] [lower_tracking_mpc_node]: goal stop applied: steer=0 throttle=0 brake=0.700 MAVLink neutral
[lower_tracking_mpc_node-4] [INFO] [1791406874.810601609] [lower_tracking_mpc_node]: MAVLink COMMAND_ACK command=187 result=0
[lower_tracking_mpc_node-4] [INFO] [1791406875.313297012] [lower_tracking_mpc_node]: goal stop applied: steer=0 throttle=0 brake=0.700 MAVLink neutral
[upper_planner_node-3] [WARN] [1791406875.460011531] [upper_planner_node]: egocentric MIQP failed: status=DAQP direct corridor QP infeasible: tried=4 solve_ms=0.348; retaining last published path
[lower_tracking_mpc_node-4] [INFO] [1791406875.860465856] [lower_tracking_mpc_node]: MAVLink COMMAND_ACK command=187 result=0
[lower_tracking_mpc_node-4] [INFO] [1791406876.411039092] [lower_tracking_mpc_node]: goal stop applied: steer=0 throttle=0 brake=0.700 MAVLink neutral
[lower_tracking_mpc_node-4] [INFO] [1791406876.860770396] [lower_tracking_mpc_node]: MAVLink COMMAND_ACK command=187 result=0
[upper_planner_node-3] [WARN] [1791406876.961834446] [upper_planner_node]: egocentric MIQP failed: status=DAQP direct corridor QP infeasible: tried=4 solve_ms=0.840; retaining last published path
[lower_tracking_mpc_node-4] [INFO] [1791406877.411613464] [lower_tracking_mpc_node]: goal stop applied: steer=0 throttle=0 brake=0.700 MAVLink neutral
[lower_tracking_mpc_node-4] [INFO] [1791406877.910609971] [lower_tracking_mpc_node]: MAVLink COMMAND_ACK command=187 result=0
[upper_planner_node-3] [WARN] [1791406878.459672025] [upper_planner_node]: egocentric MIQP failed: status=DAQP direct corridor QP infeasible: tried=4 solve_ms=0.505; retaining last published path
[knu_batch_runner.py-5] [INFO] [1791406878.492311220] [knu_batch_runner]: scenario3: setup_timeout reference
[lower_tracking_mpc_node-4] [INFO] [1791406878.511738208] [lower_tracking_mpc_node]: goal stop applied: steer=0 throttle=0 brake=0.700 MAVLink neutral
[lower_tracking_mpc_node-4] [INFO] [1791406878.910682056] [lower_tracking_mpc_node]: MAVLink COMMAND_ACK command=187 result=0
[knu_batch_runner.py-5] [INFO] [1791406879.589986035] [knu_batch_runner]: [9/10] scenario3
[lower_tracking_mpc_node-4] [INFO] [1791406879.611350009] [lower_tracking_mpc_node]: goal stop applied: steer=0 throttle=0 brake=0.700 MAVLink neutral
[lower_tracking_mpc_node-4] [INFO] [1791406879.910960195] [lower_tracking_mpc_node]: MAVLink COMMAND_ACK command=187 result=0
[upper_planner_node-3] [WARN] [1791406879.959223416] [upper_planner_node]: egocentric MIQP failed: status=DAQP direct corridor QP infeasible: tried=6 solve_ms=0.562; retaining last published path
[lower_tracking_mpc_node-4] [INFO] [1791406880.611763449] [lower_tracking_mpc_node]: goal stop applied: steer=0 throttle=0 brake=0.700 MAVLink neutral
[px4_odom_map_bridge-2] [INFO] [1791406880.895449377] [px4_odom_map_bridge]: Map alignment initialized once: source=(402.025024, 167.574524, -0.256348, yaw=-1.506776) yaw_delta=-0.064020 input_frame='map' (treated as PX4 local)
[upper_planner_node-3] [WARN] [1791406880.959543732] [upper_planner_node]: egocentric MIQP failed: status=DAQP direct corridor QP infeasible: tried=9 solve_ms=0.648; retaining last published path
[lower_tracking_mpc_node-4] [INFO] [1791406880.964296900] [lower_tracking_mpc_node]: MAVLink COMMAND_ACK command=187 result=0
[lower_tracking_mpc_node-4] [INFO] [1791406881.711710780] [lower_tracking_mpc_node]: goal stop applied: steer=0 throttle=0 brake=0.700 MAVLink neutral
[lower_tracking_mpc_node-4] [INFO] [1791406882.010636114] [lower_tracking_mpc_node]: MAVLink COMMAND_ACK command=187 result=0
[lower_tracking_mpc_node-4] [WARN] [1791406882.211075043] [lower_tracking_mpc_node]: lower MPC state reset: path/mission/pose/reset event
[upper_planner_node-3] [WARN] [1791406882.458541699] [upper_planner_node]: egocentric MIQP failed: status=DAQP direct corridor QP infeasible: tried=4 solve_ms=0.330; retaining last published path
[lower_tracking_mpc_node-4] [INFO] [1791406882.811183602] [lower_tracking_mpc_node]: goal stop applied: steer=0 throttle=0 brake=0.700 MAVLink neutral
[lower_tracking_mpc_node-4] [INFO] [1791406883.010938158] [lower_tracking_mpc_node]: MAVLink COMMAND_ACK command=187 result=0
[upper_planner_node-3] [WARN] [1791406883.460165384] [upper_planner_node]: egocentric MIQP failed: status=DAQP direct corridor QP infeasible: tried=6 solve_ms=0.556; retaining last published path
[lower_tracking_mpc_node-4] [INFO] [1791406883.812037759] [lower_tracking_mpc_node]: goal stop applied: steer=0 throttle=0 brake=0.700 MAVLink neutral
[lower_tracking_mpc_node-4] [INFO] [1791406884.060830056] [lower_tracking_mpc_node]: MAVLink COMMAND_ACK command=187 result=0
[lower_tracking_mpc_node-4] [INFO] [1791406884.812717703] [lower_tracking_mpc_node]: goal stop applied: steer=0 throttle=0 brake=0.700 MAVLink neutral
[upper_planner_node-3] [WARN] [1791406884.959135862] [upper_planner_node]: egocentric MIQP failed: status=DAQP direct corridor QP infeasible: tried=4 solve_ms=0.394; retaining last published path
[lower_tracking_mpc_node-4] [INFO] [1791406885.060843164] [lower_tracking_mpc_node]: MAVLink COMMAND_ACK command=187 result=0
[lower_tracking_mpc_node-4] [INFO] [1791406885.911947158] [lower_tracking_mpc_node]: goal stop applied: steer=0 throttle=0 brake=0.700 MAVLink neutral
[lower_tracking_mpc_node-4] [INFO] [1791406886.110935067] [lower_tracking_mpc_node]: MAVLink COMMAND_ACK command=187 result=0
[upper_planner_node-3] [WARN] [1791406886.459531440] [upper_planner_node]: egocentric MIQP failed: status=DAQP direct corridor QP infeasible: tried=9 solve_ms=0.595; retaining last published path
[lower_tracking_mpc_node-4] [INFO] [1791406887.011313737] [lower_tracking_mpc_node]: goal stop applied: steer=0 throttle=0 brake=0.700 MAVLink neutral
[lower_tracking_mpc_node-4] [INFO] [1791406887.111519553] [lower_tracking_mpc_node]: MAVLink COMMAND_ACK command=187 result=0
[upper_planner_node-3] [WARN] [1791406887.461306778] [upper_planner_node]: egocentric MIQP failed: status=DAQP direct corridor QP infeasible: tried=9 solve_ms=0.641; retaining last published path
[lower_tracking_mpc_node-4] [INFO] [1791406888.012224857] [lower_tracking_mpc_node]: goal stop applied: steer=0 throttle=0 brake=0.700 MAVLink neutral
[lower_tracking_mpc_node-4] [INFO] [1791406888.160968590] [lower_tracking_mpc_node]: MAVLink COMMAND_ACK command=187 result=0
[upper_planner_node-3] [WARN] [1791406888.961415819] [upper_planner_node]: egocentric MIQP failed: status=DAQP direct corridor QP infeasible: tried=9 solve_ms=0.695; retaining last published path
[lower_tracking_mpc_node-4] [INFO] [1791406889.111990776] [lower_tracking_mpc_node]: goal stop applied: steer=0 throttle=0 brake=0.700 MAVLink neutral
[lower_tracking_mpc_node-4] [INFO] [1791406889.160990243] [lower_tracking_mpc_node]: MAVLink COMMAND_ACK command=187 result=0
[lower_tracking_mpc_node-4] [INFO] [1791406890.161046201] [lower_tracking_mpc_node]: MAVLink COMMAND_ACK command=187 result=0
[lower_tracking_mpc_node-4] [INFO] [1791406890.211983806] [lower_tracking_mpc_node]: goal stop applied: steer=0 throttle=0 brake=0.700 MAVLink neutral
[upper_planner_node-3] [WARN] [1791406890.459155318] [upper_planner_node]: egocentric MIQP failed: status=DAQP direct corridor QP infeasible: tried=6 solve_ms=0.408; retaining last published path
[lower_tracking_mpc_node-4] [INFO] [1791406891.161052269] [lower_tracking_mpc_node]: MAVLink COMMAND_ACK command=187 result=0
[lower_tracking_mpc_node-4] [INFO] [1791406891.311469269] [lower_tracking_mpc_node]: goal stop applied: steer=0 throttle=0 brake=0.700 MAVLink neutral
[upper_planner_node-3] [WARN] [1791406891.459906145] [upper_planner_node]: egocentric MIQP failed: status=DAQP direct corridor QP infeasible: tried=6 solve_ms=0.575; retaining last published path
[lower_tracking_mpc_node-4] [INFO] [1791406892.161279113] [lower_tracking_mpc_node]: MAVLink COMMAND_ACK command=187 result=0
[lower_tracking_mpc_node-4] [INFO] [1791406892.313355875] [lower_tracking_mpc_node]: goal stop applied: steer=0 throttle=0 brake=0.700 MAVLink neutral
[upper_planner_node-3] [WARN] [1791406892.960080150] [upper_planner_node]: egocentric MIQP failed: status=DAQP direct corridor QP infeasible: tried=9 solve_ms=0.632; retaining last published path
[lower_tracking_mpc_node-4] [INFO] [1791406893.211176164] [lower_tracking_mpc_node]: MAVLink COMMAND_ACK command=187 result=0
[lower_tracking_mpc_node-4] [INFO] [1791406893.411510546] [lower_tracking_mpc_node]: goal stop applied: steer=0 throttle=0 brake=0.700 MAVLink neutral
[upper_planner_node-3] [WARN] [1791406893.960552985] [upper_planner_node]: egocentric MIQP failed: status=DAQP direct corridor QP infeasible: tried=9 solve_ms=0.555; retaining last published path
[lower_tracking_mpc_node-4] [INFO] [1791406894.211204506] [lower_tracking_mpc_node]: MAVLink COMMAND_ACK command=187 result=0
[lower_tracking_mpc_node-4] [INFO] [1791406894.412184636] [lower_tracking_mpc_node]: goal stop applied: steer=0 throttle=0 brake=0.700 MAVLink neutral
[lower_tracking_mpc_node-4] [INFO] [1791406895.211281489] [lower_tracking_mpc_node]: MAVLink COMMAND_ACK command=187 result=0
[lower_tracking_mpc_node-4] [INFO] [1791406895.412331893] [lower_tracking_mpc_node]: goal stop applied: steer=0 throttle=0 brake=0.700 MAVLink neutral
[upper_planner_node-3] [WARN] [1791406895.460356355] [upper_planner_node]: egocentric MIQP failed: status=DAQP direct corridor QP infeasible: tried=12 solve_ms=0.555; retaining last published path
[lower_tracking_mpc_node-4] [INFO] [1791406896.211309608] [lower_tracking_mpc_node]: MAVLink COMMAND_ACK command=187 result=0
[upper_planner_node-3] [WARN] [1791406896.461644063] [upper_planner_node]: egocentric MIQP failed: status=DAQP direct corridor QP infeasible: tried=9 solve_ms=0.632; retaining last published path
[lower_tracking_mpc_node-4] [INFO] [1791406896.513490752] [lower_tracking_mpc_node]: goal stop applied: steer=0 throttle=0 brake=0.700 MAVLink neutral
[lower_tracking_mpc_node-4] [INFO] [1791406897.212129142] [lower_tracking_mpc_node]: MAVLink COMMAND_ACK command=187 result=0
[lower_tracking_mpc_node-4] [INFO] [1791406897.611853014] [lower_tracking_mpc_node]: goal stop applied: steer=0 throttle=0 brake=0.700 MAVLink neutral
[upper_planner_node-3] [WARN] [1791406897.960002238] [upper_planner_node]: egocentric MIQP failed: status=DAQP direct corridor QP infeasible: tried=4 solve_ms=0.466; retaining last published path
[lower_tracking_mpc_node-4] [INFO] [1791406898.261145527] [lower_tracking_mpc_node]: MAVLink COMMAND_ACK command=187 result=0
[lower_tracking_mpc_node-4] [INFO] [1791406898.613179508] [lower_tracking_mpc_node]: goal stop applied: steer=0 throttle=0 brake=0.700 MAVLink neutral
[lower_tracking_mpc_node-4] [INFO] [1791406899.261287153] [lower_tracking_mpc_node]: MAVLink COMMAND_ACK command=187 result=0
[upper_planner_node-3] [WARN] [1791406899.459008176] [upper_planner_node]: egocentric MIQP failed: status=DAQP direct corridor QP infeasible: tried=4 solve_ms=0.232; retaining last published path
[lower_tracking_mpc_node-4] [INFO] [1791406899.613369616] [lower_tracking_mpc_node]: goal stop applied: steer=0 throttle=0 brake=0.700 MAVLink neutral
[lower_tracking_mpc_node-4] [INFO] [1791406900.261405995] [lower_tracking_mpc_node]: MAVLink COMMAND_ACK command=187 result=0
[upper_planner_node-3] [WARN] [1791406900.460576150] [upper_planner_node]: egocentric MIQP failed: status=DAQP direct corridor QP infeasible: tried=9 solve_ms=0.640; retaining last published path
[lower_tracking_mpc_node-4] [INFO] [1791406900.712098865] [lower_tracking_mpc_node]: goal stop applied: steer=0 throttle=0 brake=0.700 MAVLink neutral
[lower_tracking_mpc_node-4] [INFO] [1791406901.311414026] [lower_tracking_mpc_node]: MAVLink COMMAND_ACK command=187 result=0
[lower_tracking_mpc_node-4] [INFO] [1791406901.712504596] [lower_tracking_mpc_node]: goal stop applied: steer=0 throttle=0 brake=0.700 MAVLink neutral
[upper_planner_node-3] [WARN] [1791406901.961106967] [upper_planner_node]: egocentric MIQP failed: status=DAQP direct corridor QP infeasible: tried=9 solve_ms=0.672; retaining last published path
[lower_tracking_mpc_node-4] [INFO] [1791406902.312104757] [lower_tracking_mpc_node]: MAVLink COMMAND_ACK command=187 result=0
[lower_tracking_mpc_node-4] [INFO] [1791406902.812451003] [lower_tracking_mpc_node]: goal stop applied: steer=0 throttle=0 brake=0.700 MAVLink neutral
[lower_tracking_mpc_node-4] [INFO] [1791406903.361496834] [lower_tracking_mpc_node]: MAVLink COMMAND_ACK command=187 result=0
[upper_planner_node-3] [WARN] [1791406903.459976550] [upper_planner_node]: egocentric MIQP failed: status=DAQP direct corridor QP infeasible: tried=9 solve_ms=0.601; retaining last published path
[lower_tracking_mpc_node-4] [INFO] [1791406903.812945792] [lower_tracking_mpc_node]: goal stop applied: steer=0 throttle=0 brake=0.700 MAVLink neutral
[lower_tracking_mpc_node-4] [INFO] [1791406904.361504793] [lower_tracking_mpc_node]: MAVLink COMMAND_ACK command=187 result=0
[upper_planner_node-3] [WARN] [1791406904.461169089] [upper_planner_node]: egocentric MIQP failed: status=DAQP direct corridor QP infeasible: tried=6 solve_ms=0.489; retaining last published path
[lower_tracking_mpc_node-4] [INFO] [1791406904.912008717] [lower_tracking_mpc_node]: goal stop applied: steer=0 throttle=0 brake=0.700 MAVLink neutral
[lower_tracking_mpc_node-4] [INFO] [1791406905.361665813] [lower_tracking_mpc_node]: MAVLink COMMAND_ACK command=187 result=0
[lower_tracking_mpc_node-4] [INFO] [1791406905.912353870] [lower_tracking_mpc_node]: goal stop applied: steer=0 throttle=0 brake=0.700 MAVLink neutral
[upper_planner_node-3] [WARN] [1791406905.962424217] [upper_planner_node]: egocentric MIQP failed: status=DAQP direct corridor QP infeasible: tried=4 solve_ms=0.477; retaining last published path
[lower_tracking_mpc_node-4] [INFO] [1791406906.411586962] [lower_tracking_mpc_node]: MAVLink COMMAND_ACK command=187 result=0
[lower_tracking_mpc_node-4] [INFO] [1791406906.912722864] [lower_tracking_mpc_node]: goal stop applied: steer=0 throttle=0 brake=0.700 MAVLink neutral
[upper_planner_node-3] [WARN] [1791406907.460531570] [upper_planner_node]: egocentric MIQP failed: status=DAQP direct corridor QP infeasible: tried=9 solve_ms=0.678; retaining last published path
[lower_tracking_mpc_node-4] [INFO] [1791406907.462143203] [lower_tracking_mpc_node]: MAVLink COMMAND_ACK command=187 result=0
[lower_tracking_mpc_node-4] [INFO] [1791406908.012350670] [lower_tracking_mpc_node]: goal stop applied: steer=0 throttle=0 brake=0.700 MAVLink neutral
[lower_tracking_mpc_node-4] [INFO] [1791406908.511636468] [lower_tracking_mpc_node]: MAVLink COMMAND_ACK command=187 result=0
[upper_planner_node-3] [WARN] [1791406908.960529253] [upper_planner_node]: egocentric MIQP failed: status=DAQP direct corridor QP infeasible: tried=9 solve_ms=0.608; retaining last published path
[lower_tracking_mpc_node-4] [INFO] [1791406909.012675631] [lower_tracking_mpc_node]: goal stop applied: steer=0 throttle=0 brake=0.700 MAVLink neutral
[lower_tracking_mpc_node-4] [INFO] [1791406909.511728750] [lower_tracking_mpc_node]: MAVLink COMMAND_ACK command=187 result=0
[lower_tracking_mpc_node-4] [INFO] [1791406910.013935852] [lower_tracking_mpc_node]: goal stop applied: steer=0 throttle=0 brake=0.700 MAVLink neutral
[upper_planner_node-3] [WARN] [1791406910.460533144] [upper_planner_node]: egocentric MIQP failed: status=DAQP direct corridor QP infeasible: tried=9 solve_ms=0.656; retaining last published path
[lower_tracking_mpc_node-4] [INFO] [1791406910.561619115] [lower_tracking_mpc_node]: MAVLink COMMAND_ACK command=187 result=0
[lower_tracking_mpc_node-4] [INFO] [1791406911.112246659] [lower_tracking_mpc_node]: goal stop applied: steer=0 throttle=0 brake=0.700 MAVLink neutral
[lower_tracking_mpc_node-4] [INFO] [1791406911.561723334] [lower_tracking_mpc_node]: MAVLink COMMAND_ACK command=187 result=0
[upper_planner_node-3] [WARN] [1791406911.960406632] [upper_planner_node]: egocentric MIQP failed: status=DAQP direct corridor QP infeasible: tried=4 solve_ms=0.482; retaining last published path
[lower_tracking_mpc_node-4] [INFO] [1791406912.112654407] [lower_tracking_mpc_node]: goal stop applied: steer=0 throttle=0 brake=0.700 MAVLink neutral
[knu_batch_runner.py-5] [INFO] [1791406912.295899921] [knu_batch_runner]: scenario3: setup_timeout reference
[lower_tracking_mpc_node-4] [INFO] [1791406912.561744542] [lower_tracking_mpc_node]: MAVLink COMMAND_ACK command=187 result=0
[lower_tracking_mpc_node-4] [INFO] [1791406913.212674354] [lower_tracking_mpc_node]: goal stop applied: steer=0 throttle=0 brake=0.700 MAVLink neutral
[knu_batch_runner.py-5] [INFO] [1791406913.394363373] [knu_batch_runner]: [10/10] scenario3
[upper_planner_node-3] [WARN] [1791406913.458923598] [upper_planner_node]: egocentric MIQP failed: status=DAQP direct corridor QP infeasible: tried=6 solve_ms=0.261; retaining last published path
[lower_tracking_mpc_node-4] [INFO] [1791406913.561799672] [lower_tracking_mpc_node]: MAVLink COMMAND_ACK command=187 result=0
[lower_tracking_mpc_node-4] [INFO] [1791406914.212774957] [lower_tracking_mpc_node]: goal stop applied: steer=0 throttle=0 brake=0.700 MAVLink neutral
[upper_planner_node-3] [WARN] [1791406914.460901058] [upper_planner_node]: egocentric MIQP failed: status=DAQP direct corridor QP infeasible: tried=9 solve_ms=0.689; retaining last published path
[lower_tracking_mpc_node-4] [INFO] [1791406914.563184378] [lower_tracking_mpc_node]: MAVLink COMMAND_ACK command=187 result=0
[px4_odom_map_bridge-2] [INFO] [1791406914.792313616] [px4_odom_map_bridge]: Map alignment initialized once: source=(402.026398, 167.576370, -0.234833, yaw=-1.505217) yaw_delta=-0.065579 input_frame='map' (treated as PX4 local)
[lower_tracking_mpc_node-4] [INFO] [1791406915.212775237] [lower_tracking_mpc_node]: goal stop applied: steer=0 throttle=0 brake=0.700 MAVLink neutral
[lower_tracking_mpc_node-4] [INFO] [1791406915.611827186] [lower_tracking_mpc_node]: MAVLink COMMAND_ACK command=187 result=0
[upper_planner_node-3] [WARN] [1791406915.959155138] [upper_planner_node]: egocentric MIQP failed: status=DAQP direct corridor QP infeasible: tried=4 solve_ms=0.246; retaining last published path
[lower_tracking_mpc_node-4] [WARN] [1791406916.112273980] [lower_tracking_mpc_node]: lower MPC state reset: path/mission/pose/reset event
[lower_tracking_mpc_node-4] [INFO] [1791406916.212899809] [lower_tracking_mpc_node]: goal stop applied: steer=0 throttle=0 brake=0.700 MAVLink neutral
[lower_tracking_mpc_node-4] [INFO] [1791406916.611833994] [lower_tracking_mpc_node]: MAVLink COMMAND_ACK command=187 result=0
[upper_planner_node-3] [WARN] [1791406916.960186969] [upper_planner_node]: egocentric MIQP failed: status=DAQP direct corridor QP infeasible: tried=4 solve_ms=0.440; retaining last published path
[lower_tracking_mpc_node-4] [INFO] [1791406917.212981436] [lower_tracking_mpc_node]: goal stop applied: steer=0 throttle=0 brake=0.700 MAVLink neutral
[lower_tracking_mpc_node-4] [INFO] [1791406917.611908581] [lower_tracking_mpc_node]: MAVLink COMMAND_ACK command=187 result=0
[lower_tracking_mpc_node-4] [INFO] [1791406918.213516292] [lower_tracking_mpc_node]: goal stop applied: steer=0 throttle=0 brake=0.700 MAVLink neutral
[upper_planner_node-3] [WARN] [1791406918.460479127] [upper_planner_node]: egocentric MIQP failed: status=DAQP direct corridor QP infeasible: tried=4 solve_ms=0.400; retaining last published path
[lower_tracking_mpc_node-4] [INFO] [1791406918.612443534] [lower_tracking_mpc_node]: MAVLink COMMAND_ACK command=187 result=0
[lower_tracking_mpc_node-4] [INFO] [1791406919.313304937] [lower_tracking_mpc_node]: goal stop applied: steer=0 throttle=0 brake=0.700 MAVLink neutral
[lower_tracking_mpc_node-4] [INFO] [1791406919.661815229] [lower_tracking_mpc_node]: MAVLink COMMAND_ACK command=187 result=0
[upper_planner_node-3] [WARN] [1791406919.961102687] [upper_planner_node]: egocentric MIQP failed: status=DAQP direct corridor QP infeasible: tried=4 solve_ms=0.483; retaining last published path
[lower_tracking_mpc_node-4] [INFO] [1791406920.412343415] [lower_tracking_mpc_node]: goal stop applied: steer=0 throttle=0 brake=0.700 MAVLink neutral
[lower_tracking_mpc_node-4] [INFO] [1791406920.661969722] [lower_tracking_mpc_node]: MAVLink COMMAND_ACK command=187 result=0
[lower_tracking_mpc_node-4] [INFO] [1791406921.413437105] [lower_tracking_mpc_node]: goal stop applied: steer=0 throttle=0 brake=0.700 MAVLink neutral
[upper_planner_node-3] [WARN] [1791406921.459585638] [upper_planner_node]: egocentric MIQP failed: status=DAQP direct corridor QP infeasible: tried=4 solve_ms=0.309; retaining last published path
[lower_tracking_mpc_node-4] [INFO] [1791406921.661978387] [lower_tracking_mpc_node]: MAVLink COMMAND_ACK command=187 result=0
[upper_planner_node-3] [WARN] [1791406922.460709857] [upper_planner_node]: egocentric MIQP failed: status=DAQP direct corridor QP infeasible: tried=4 solve_ms=0.484; retaining last published path
[lower_tracking_mpc_node-4] [INFO] [1791406922.513751942] [lower_tracking_mpc_node]: goal stop applied: steer=0 throttle=0 brake=0.700 MAVLink neutral
[lower_tracking_mpc_node-4] [INFO] [1791406922.662163506] [lower_tracking_mpc_node]: MAVLink COMMAND_ACK command=187 result=0
[lower_tracking_mpc_node-4] [INFO] [1791406923.612940346] [lower_tracking_mpc_node]: goal stop applied: steer=0 throttle=0 brake=0.700 MAVLink neutral
[lower_tracking_mpc_node-4] [INFO] [1791406923.662243758] [lower_tracking_mpc_node]: MAVLink COMMAND_ACK command=187 result=0
[upper_planner_node-3] [WARN] [1791406923.960056675] [upper_planner_node]: egocentric MIQP failed: status=DAQP direct corridor QP infeasible: tried=4 solve_ms=0.393; retaining last published path
[lower_tracking_mpc_node-4] [INFO] [1791406924.614100118] [lower_tracking_mpc_node]: goal stop applied: steer=0 throttle=0 brake=0.700 MAVLink neutral
[lower_tracking_mpc_node-4] [INFO] [1791406924.712101804] [lower_tracking_mpc_node]: MAVLink COMMAND_ACK command=187 result=0
[upper_planner_node-3] [WARN] [1791406924.961066043] [upper_planner_node]: egocentric MIQP failed: status=DAQP direct corridor QP infeasible: tried=4 solve_ms=0.614; retaining last published path
[lower_tracking_mpc_node-4] [INFO] [1791406925.712303788] [lower_tracking_mpc_node]: MAVLink COMMAND_ACK command=187 result=0
[lower_tracking_mpc_node-4] [INFO] [1791406925.713964158] [lower_tracking_mpc_node]: goal stop applied: steer=0 throttle=0 brake=0.700 MAVLink neutral
[upper_planner_node-3] [WARN] [1791406926.460817322] [upper_planner_node]: egocentric MIQP failed: status=DAQP direct corridor QP infeasible: tried=4 solve_ms=0.481; retaining last published path
[lower_tracking_mpc_node-4] [INFO] [1791406926.762094024] [lower_tracking_mpc_node]: MAVLink COMMAND_ACK command=187 result=0
[lower_tracking_mpc_node-4] [INFO] [1791406926.812982413] [lower_tracking_mpc_node]: goal stop applied: steer=0 throttle=0 brake=0.700 MAVLink neutral
[lower_tracking_mpc_node-4] [INFO] [1791406927.762190053] [lower_tracking_mpc_node]: MAVLink COMMAND_ACK command=187 result=0
[lower_tracking_mpc_node-4] [INFO] [1791406927.813098314] [lower_tracking_mpc_node]: goal stop applied: steer=0 throttle=0 brake=0.700 MAVLink neutral
[upper_planner_node-3] [WARN] [1791406927.959656126] [upper_planner_node]: egocentric MIQP failed: status=DAQP direct corridor QP infeasible: tried=4 solve_ms=0.257; retaining last published path
[lower_tracking_mpc_node-4] [INFO] [1791406928.762255265] [lower_tracking_mpc_node]: MAVLink COMMAND_ACK command=187 result=0
[lower_tracking_mpc_node-4] [INFO] [1791406928.813151429] [lower_tracking_mpc_node]: goal stop applied: steer=0 throttle=0 brake=0.700 MAVLink neutral
[upper_planner_node-3] [WARN] [1791406928.960966687] [upper_planner_node]: egocentric MIQP failed: status=DAQP direct corridor QP infeasible: tried=4 solve_ms=0.485; retaining last published path
[lower_tracking_mpc_node-4] [INFO] [1791406929.762294812] [lower_tracking_mpc_node]: MAVLink COMMAND_ACK command=187 result=0
[lower_tracking_mpc_node-4] [INFO] [1791406929.913297206] [lower_tracking_mpc_node]: goal stop applied: steer=0 throttle=0 brake=0.700 MAVLink neutral
[upper_planner_node-3] [WARN] [1791406929.961286883] [upper_planner_node]: egocentric MIQP failed: status=DAQP direct corridor QP infeasible: tried=4 solve_ms=0.458; retaining last published path
[lower_tracking_mpc_node-4] [INFO] [1791406930.762474492] [lower_tracking_mpc_node]: MAVLink COMMAND_ACK command=187 result=0
[lower_tracking_mpc_node-4] [INFO] [1791406931.012799316] [lower_tracking_mpc_node]: goal stop applied: steer=0 throttle=0 brake=0.700 MAVLink neutral
[upper_planner_node-3] [WARN] [1791406931.459701098] [upper_planner_node]: egocentric MIQP failed: status=DAQP direct corridor QP infeasible: tried=4 solve_ms=0.306; retaining last published path
[lower_tracking_mpc_node-4] [INFO] [1791406931.812354780] [lower_tracking_mpc_node]: MAVLink COMMAND_ACK command=187 result=0
[lower_tracking_mpc_node-4] [INFO] [1791406932.013525029] [lower_tracking_mpc_node]: goal stop applied: steer=0 throttle=0 brake=0.700 MAVLink neutral
[upper_planner_node-3] [WARN] [1791406932.460983916] [upper_planner_node]: egocentric MIQP failed: status=DAQP direct corridor QP infeasible: tried=4 solve_ms=0.485; retaining last published path
[lower_tracking_mpc_node-4] [INFO] [1791406932.812371959] [lower_tracking_mpc_node]: MAVLink COMMAND_ACK command=187 result=0
[lower_tracking_mpc_node-4] [INFO] [1791406933.112801372] [lower_tracking_mpc_node]: goal stop applied: steer=0 throttle=0 brake=0.700 MAVLink neutral
[upper_planner_node-3] [WARN] [1791406933.461000263] [upper_planner_node]: egocentric MIQP failed: status=DAQP direct corridor QP infeasible: tried=4 solve_ms=0.482; retaining last published path
[lower_tracking_mpc_node-4] [INFO] [1791406933.862404124] [lower_tracking_mpc_node]: MAVLink COMMAND_ACK command=187 result=0
[lower_tracking_mpc_node-4] [INFO] [1791406934.114959064] [lower_tracking_mpc_node]: goal stop applied: steer=0 throttle=0 brake=0.700 MAVLink neutral
[lower_tracking_mpc_node-4] [INFO] [1791406934.862502970] [lower_tracking_mpc_node]: MAVLink COMMAND_ACK command=187 result=0
[upper_planner_node-3] [WARN] [1791406934.960866811] [upper_planner_node]: egocentric MIQP failed: status=DAQP direct corridor QP infeasible: tried=4 solve_ms=0.448; retaining last published path
[lower_tracking_mpc_node-4] [INFO] [1791406935.213517882] [lower_tracking_mpc_node]: goal stop applied: steer=0 throttle=0 brake=0.700 MAVLink neutral
[lower_tracking_mpc_node-4] [INFO] [1791406935.912505278] [lower_tracking_mpc_node]: MAVLink COMMAND_ACK command=187 result=0
[upper_planner_node-3] [WARN] [1791406935.963624713] [upper_planner_node]: egocentric MIQP failed: status=DAQP direct corridor QP infeasible: tried=4 solve_ms=0.486; retaining last published path
[lower_tracking_mpc_node-4] [INFO] [1791406936.313524391] [lower_tracking_mpc_node]: goal stop applied: steer=0 throttle=0 brake=0.700 MAVLink neutral
[lower_tracking_mpc_node-4] [INFO] [1791406936.912793890] [lower_tracking_mpc_node]: MAVLink COMMAND_ACK command=187 result=0
[lower_tracking_mpc_node-4] [INFO] [1791406937.414415824] [lower_tracking_mpc_node]: goal stop applied: steer=0 throttle=0 brake=0.700 MAVLink neutral
[upper_planner_node-3] [WARN] [1791406937.463951948] [upper_planner_node]: egocentric MIQP failed: status=DAQP direct corridor QP infeasible: tried=4 solve_ms=2.227; retaining last published path
[lower_tracking_mpc_node-4] [INFO] [1791406937.962357465] [lower_tracking_mpc_node]: MAVLink COMMAND_ACK command=187 result=0
[lower_tracking_mpc_node-4] [INFO] [1791406938.513500547] [lower_tracking_mpc_node]: goal stop applied: steer=0 throttle=0 brake=0.700 MAVLink neutral
[upper_planner_node-3] [WARN] [1791406938.961096270] [upper_planner_node]: egocentric MIQP failed: status=DAQP direct corridor QP infeasible: tried=4 solve_ms=0.452; retaining last published path
[lower_tracking_mpc_node-4] [INFO] [1791406938.962436087] [lower_tracking_mpc_node]: MAVLink COMMAND_ACK command=187 result=0
[lower_tracking_mpc_node-4] [INFO] [1791406939.613559315] [lower_tracking_mpc_node]: goal stop applied: steer=0 throttle=0 brake=0.700 MAVLink neutral
[upper_planner_node-3] [WARN] [1791406939.961511030] [upper_planner_node]: egocentric MIQP failed: status=DAQP direct corridor QP infeasible: tried=4 solve_ms=0.471; retaining last published path
[lower_tracking_mpc_node-4] [INFO] [1791406939.962701530] [lower_tracking_mpc_node]: MAVLink COMMAND_ACK command=187 result=0
[lower_tracking_mpc_node-4] [INFO] [1791406940.713728614] [lower_tracking_mpc_node]: goal stop applied: steer=0 throttle=0 brake=0.700 MAVLink neutral
[lower_tracking_mpc_node-4] [INFO] [1791406941.013080395] [lower_tracking_mpc_node]: MAVLink COMMAND_ACK command=187 result=0
[upper_planner_node-3] [WARN] [1791406941.461012353] [upper_planner_node]: egocentric MIQP failed: status=DAQP direct corridor QP infeasible: tried=4 solve_ms=0.470; retaining last published path
[lower_tracking_mpc_node-4] [INFO] [1791406941.717246604] [lower_tracking_mpc_node]: goal stop applied: steer=0 throttle=0 brake=0.700 MAVLink neutral
[lower_tracking_mpc_node-4] [INFO] [1791406942.062650467] [lower_tracking_mpc_node]: MAVLink COMMAND_ACK command=187 result=0
[upper_planner_node-3] [WARN] [1791406942.461065598] [upper_planner_node]: egocentric MIQP failed: status=DAQP direct corridor QP infeasible: tried=4 solve_ms=0.473; retaining last published path
[lower_tracking_mpc_node-4] [INFO] [1791406942.813933526] [lower_tracking_mpc_node]: goal stop applied: steer=0 throttle=0 brake=0.700 MAVLink neutral
[lower_tracking_mpc_node-4] [INFO] [1791406943.062729825] [lower_tracking_mpc_node]: MAVLink COMMAND_ACK command=187 result=0
[upper_planner_node-3] [WARN] [1791406943.461224447] [upper_planner_node]: egocentric MIQP failed: status=DAQP direct corridor QP infeasible: tried=4 solve_ms=0.476; retaining last published path
[lower_tracking_mpc_node-4] [INFO] [1791406943.914437461] [lower_tracking_mpc_node]: goal stop applied: steer=0 throttle=0 brake=0.700 MAVLink neutral
[lower_tracking_mpc_node-4] [INFO] [1791406944.063059175] [lower_tracking_mpc_node]: MAVLink COMMAND_ACK command=187 result=0
[upper_planner_node-3] [WARN] [1791406944.461391872] [upper_planner_node]: egocentric MIQP failed: status=DAQP direct corridor QP infeasible: tried=4 solve_ms=0.483; retaining last published path
[lower_tracking_mpc_node-4] [INFO] [1791406945.014821199] [lower_tracking_mpc_node]: goal stop applied: steer=0 throttle=0 brake=0.700 MAVLink neutral
[lower_tracking_mpc_node-4] [INFO] [1791406945.112759971] [lower_tracking_mpc_node]: MAVLink COMMAND_ACK command=187 result=0
[upper_planner_node-3] [WARN] [1791406945.461397532] [upper_planner_node]: egocentric MIQP failed: status=DAQP direct corridor QP infeasible: tried=4 solve_ms=0.455; retaining last published path
[lower_tracking_mpc_node-4] [INFO] [1791406946.113616410] [lower_tracking_mpc_node]: goal stop applied: steer=0 throttle=0 brake=0.700 MAVLink neutral
[lower_tracking_mpc_node-4] [INFO] [1791406946.162739401] [lower_tracking_mpc_node]: MAVLink COMMAND_ACK command=187 result=0
[knu_batch_runner.py-5] [INFO] [1791406946.293893610] [knu_batch_runner]: scenario3: setup_timeout reference
[upper_planner_node-3] [WARN] [1791406946.961428792] [upper_planner_node]: egocentric MIQP failed: status=DAQP direct corridor QP infeasible: tried=4 solve_ms=0.485; retaining last published path
[lower_tracking_mpc_node-4] [INFO] [1791406947.113952960] [lower_tracking_mpc_node]: goal stop applied: steer=0 throttle=0 brake=0.700 MAVLink neutral
[lower_tracking_mpc_node-4] [INFO] [1791406947.162878153] [lower_tracking_mpc_node]: MAVLink COMMAND_ACK command=187 result=0
[knu_batch_runner.py-5] [INFO] [1791406947.393368170] [knu_batch_runner]: Batch finished; results: /home/imac/ros2_ws/drive_batches/20261008_055617_scenario3_73cb2c/results/20261008_055619_515fea9d78/summary.csv
[upper_planner_node-3] [WARN] [1791406947.963332686] [upper_planner_node]: egocentric MIQP failed: status=DAQP direct corridor QP infeasible: tried=4 solve_ms=0.838; retaining last published path
[lower_tracking_mpc_node-4] [INFO] [1791406948.162976393] [lower_tracking_mpc_node]: MAVLink COMMAND_ACK command=187 result=0
[lower_tracking_mpc_node-4] [INFO] [1791406948.213828844] [lower_tracking_mpc_node]: goal stop applied: steer=0 throttle=0 brake=0.700 MAVLink neutral
[WARNING] [launch]: user interrupted with ctrl-c (SIGINT)
[lower_tracking_mpc_node-4] [INFO] [1791406948.695895147] [rclcpp]: signal_handler(SIGINT/SIGTERM)
[lower_tracking_mpc_node-4] [WARN] [1791406948.697697154] [lower_tracking_mpc_node]: MAVLink DISARM force=0 sent=1
[upper_planner_node-3] [INFO] [1791406948.695889899] [rclcpp]: signal_handler(SIGINT/SIGTERM)
[px4_odom_map_bridge-2] [INFO] [1791406948.695639204] [rclcpp]: signal_handler(SIGINT/SIGTERM)
[INFO] [px4_odom_map_bridge-2]: process has finished cleanly [pid 39790]
[INFO] [launch]: process[px4_odom_map_bridge-2] was required: shutting down launched system
[INFO] [upper_planner_node-3]: process has finished cleanly [pid 39792]
[INFO] [launch]: process[upper_planner_node-3] was required: shutting down launched system
[INFO] [lower_tracking_mpc_node-4]: process has finished cleanly [pid 39794]
[INFO] [launch]: process[lower_tracking_mpc_node-4] was required: shutting down launched system
[INFO] [knu_batch_runner.py-5]: process has finished cleanly [pid 39796]
[INFO] [launch]: process[knu_batch_runner.py-5] was required: shutting down launched system
[INFO] [px4_ekf_bridge.py-1]: process has finished cleanly [pid 39788]
[INFO] [launch]: process[px4_ekf_bridge.py-1] was required: shutting down launched system
