128
1790191356.6663005 2.0806497771667116 5 6.0 -0.014301776885986458 -0.04620584137100881 -0.03190406448502235 38.54947585318776 -0.3760053983658804 87.69046714144044 -2.648223523431101 0.0 0.0 5.399794437164869 0.023921586469802116 10.79888042238048 -0.07521985166702222 16.19832029010582 -0.1525381193341981 21.598080881343222 -0.20338649511396426 26.99784147258064 -0.25423487089370644 0.0044300630805962984 -0.018360570218123234 -0.014318704425280413 -0.009416505045663952 -0.009416505045663947 -0.009416505045663947 1 1 1 1 1 1 5.348804541926845 -2.7529074967162237 5.425914604236795 1.4463845910398128 10.748955342420754 -3.561685279142527 10.810810031858068 0.7578718737835353 16.165378623198144 -3.650724876531173 16.204927359915736 0.5490889166534713 21.564770569645727 -3.7407208863851324 21.603189342457092 0.3390982269942232 26.96698742585885 -3.5307301967259033 27.004276234764 0.42909423684819004
1790191357.166418 2.0818072993682497 5 6.0 -0.015459299087524574 -0.04736336357254694 -0.031904064485022365 37.925605525126436 -0.44091451430321915 87.06393375007714 -2.770012892863689 0.0 0.0 5.399913866175169 -0.015214323146101019 10.798916872641975 -0.11874605200874368 16.198297111750758 -0.20012306243499567 21.597885045410592 -0.2668324821228979 26.997472979070423 -0.3335419018107983 -0.0028175047351391737 -0.019173732860384003 -0.01507040549570022 -0.012353910476559928 -0.012353910476559928 -0.012353910476559928 1 1 1 1 1 1 5.341658819922664 -3.053115586018657 5.422183563812103 1.1461124103660996 10.747023717115693 -3.5618668674077174 10.81212540450719 0.7576425688939166 16.155660058512144 -3.651247645307704 16.207545162713828 0.5484318586499235 21.554960332637435 -3.74124077753537 21.60536300529051 0.3384478834520548 26.957966685634283 -3.531256802337486 27.006886926738737 0.4284410156797121
1790191357.6658926 2.080295963995325 5 6.0 -0.013947963714599792 -0.04585202819962223 -0.03190406448502244 37.27634012848504 -0.38052610019958066 86.41813228159485 -2.635357353432377 0.0 0.0 5.399901072682566 -0.014513166483583693 10.79912513538007 -0.10575630059615661 16.198675184684358 -0.17529403268986923 21.59835903127771 -0.2337265308291893 26.99804287787106 -0.29215902896850937 -0.0026876661891939643 -0.01689769652178392 -0.012877718971281343 -0.010821044169215133 -0.010821044169215128 -0.010821044169215128 1 1 1 1 1 1 5.34501421410449 -3.26238984721093 5.418008789246566 1.0569934180249507 10.753463378745048 -3.6513556876699886 10.807548303527426 0.5482960622863478 16.16008953654569 -3.7409519730355747 16.20423853513983 0.3388091555016346 21.56040570846324 -3.7409519730355534 21.60455470705738 0.33880915550162405 26.9639681302774 -3.440969537113715 27.008117128871554 0.6387915914234876
1790191358.168541 2.077997847311365 5 6.0 -0.011649847030639815 -0.04355391151566217 -0.03190406448502236 36.56192934026956 -0.31906665164137443 85.70877358693436 -2.460958477591201 0.0 0.0 5.39991946575061 -0.035919921517728895 10.799397626198362 -0.11061534334050227 16.199126179537576 -0.16462161637132214 21.598847361096546 -0.21949566691717634 26.99856854265554 -0.2743697174630126 -0.006651838413815698 -0.013832940001577672 -0.010001330955253837 -0.010162036111750195 -0.010162036111750193 -0.010162036111750193 1 1 1 1 1 1 5.351146209030989 -3.561572873802045 5.410902604061933 0.7580138162937538 10.7639897100868 -3.650817710809551 10.80599459982282 0.5489722350375142 16.162783272702963 -3.7408395533057517 16.20424366644871 0.33894978387215086 21.563062105540965 -3.7408395533057517 21.60452249928671 0.33894978387215097 26.966389496742643 -3.4408550432191305 27.007849890488387 0.6389342939587713
1790191358.6652906 2.0743464667724245 5 6.0 -0.007998466491699382 -0.03990253097672178 -0.03190406448502239 35.825651368106165 -0.187917110072278 84.97998883277366 -2.1503412256969607 0.0 0.0 5.3999369906449965 -0.024046549264361256 10.799708558877766 -0.07315545268521244 16.1996228085751 -0.10358718566677463 21.599512412744645 -0.13811634409535564 26.99940201691416 -0.17264550252395466 -0.004453087204208896 -0.009094375363593794 -0.005635535938265171 -0.006394332172489526 -0.006394332172489526 -0.006394332172489526 1 1 1 1 1 1 5.367772633112584 -3.560679852306188 5.4070597931198705 0.7591415003724867 10.779549446310906 -3.6502596313067834 10.803218571965484 0.5496736744125797 16.17636793461242 -3.7403324141117174 16.202456632091796 0.33958417570525773 21.577821133305374 -3.5303367072829186 21.60314251615301 0.42958233577474 26.9790825033404 -3.350340387143946 27.00593851545153 0.849573749432371
1790191359.1664107 2.0708018977569216 5 6.0 -0.004453897476196427 -0.03635796196121877 -0.031904064485022345 35.02770543537374 -0.09153899320466703 84.18869004671585 -1.879720204207522 0.0 0.0 5.399967995724239 -0.03825654692618643 10.799907145702354 -0.06294178017738133 16.199900132632145 -0.07155246771059907 21.59984746077645 -0.09540311271535376 26.99979478892077 -0.11925375772008269 -0.007084469190573839 -0.004571359160459846 -0.0015945724848230236 -0.004416800472558964 -0.004416800472558965 -0.004416800472558965 1 1 1 1 1 1 5.383867944131294 -3.5601717757088465 5.40361614692353 0.7597830861486737 10.794187283370489 -3.6500207862526137 10.800884484968622 0.5499738741595473 16.183696525962365 -3.740158600809906 16.201717013299284 0.3398016026769062 21.585074234165422 -3.4401615270241326 21.60309472150233 0.6397986764626868 26.98645194236848 -3.140164453238328 27.004472429705398 0.9397957502484846
1790191359.6665628 2.0655125815795534 5 6.0 0.0008354187011717333 -0.03106864578385073 -0.03190406448502246 34.20984194800143 0.08586040395269201 83.37959708752203 -1.4422690145153065 0.0 0.0 5.399982141900086 -0.014219685000506825 10.799968501044438 -0.0038033588052418924 16.199917107429396 0.019186299665909658 21.59991332020724 0.02558176563448244 26.99990953298507 0.03197723160303125 -0.002633277621977535 0.0019289517756669408 0.004257358958405726 0.0011843458266098893 0.0011843458266098893 0.0011843458266098893 1 1 1 1 1 1 5.406821848615815 -3.5600305854182146 5.3984887821126275 0.7599613775375502 10.81549239359335 -3.6501481725120195 10.79761153998356 0.5498137648243367 16.204013995957567 -3.4400116141479455 16.199181866114653 0.6399855243953174 21.604017783182382 -3.4400116141479344 21.599185653339468 0.6399855243952969 27.00355967564281 -3.0500118876695383 26.998585424333925 1.1499851667132186
1790191360.165381 2.062218352072107 5 6.0 0.004129648208618036 -0.027774416276404413 -0.03190406448502245 33.333673696215264 0.16053589174169344 82.5081960420797 -1.2056090698486146 0.0 0.0 5.40001925177688 -0.02773346711073372 10.799913687843633 0.005658918958259678 16.199745755831806 0.04783913896543929 21.59972220940896 0.06378595094759067 26.999698662986095 0.07973276292971718 -0.005135763778600079 0.00618381726275262 0.007811235903548586 0.002953117622334229 0.0029531176223342287 0.0029531176223342287 1 1 1 1 1 1 5.422420904746252 -3.6503126077006347 5.396449037769055 0.5496070894037814 10.828473379137336 -3.650498798410635 10.795666521965428 0.5493730698875651 16.210045998241203 -3.4400722090300837 16.197997295854684 0.6399100003393046 21.609183610767715 -3.1400735171647 21.597134908381225 0.9399086922047069 27.00805544309455 -2.750075217739665 26.995652367108438 1.4499064683758869
1790191360.6677005 2.056515618078577 5 6.0 0.009832382202148283 -0.022071682282874157 -0.03190406448502244 32.43929149391338 0.3368789556663687 81.6208049544066 -0.7488160914459008 0.0 0.0 5.3999387310433145 0.0030944177367831895 10.799480073582128 0.07337079489569985 16.19895574514148 0.14803319649839522 21.59873028074035 0.19737855796162104 26.998504816339235 0.24672391942486993 0.0005730467607486496 0.013014514550099974 0.013826832097293164 0.009138157081762579 0.009138157081762579 0.009138157081762579 1 1 1 1 1 1 5.4475026873955725 -3.651384642245748 5.392843269329044 0.5482596698378969 10.848083846339856 -3.441582955827279 10.791672168899177 0.6380270405631138 16.231750987318932 -3.440691424163433 16.19446782532448 0.6391382249556976 21.628412629472955 -3.050707707703519 21.590032903890442 1.14911693109561 27.025896694318025 -2.750720233503583 26.987516968735513 1.449104405295546
1790191361.1662514 2.053470774404871 5 6.0 0.012877225875854329 -0.01902683860916807 -0.0319040644850224 31.484811722199918 0.3920041761800835 80.66940296675634 -0.5439360494240375 0.0 0.0 5.399990686050194 -0.006530690568084317 10.79922733181418 0.08424027478151261 16.19845425467851 0.17512731929886588 21.59813869152879 0.23350524695012598 26.997823128379082 0.2918831746014127 -0.0012093886385730163 0.01681023096533154 0.016831754368910913 0.010810937932142994 0.010810937932142994 0.010810937932142994 1 1 1 1 1 1 5.461282852946441 -3.6523100686974668 5.390683208055098 0.5470965191600593 10.85859156750898 -3.4423457344873087 10.789921252265446 0.6370763309288713 16.23527890414077 -3.2309799988927317 16.19246842386318 0.7287885881308059 21.631378302068626 -2.841002789564662 21.58727053450989 1.2387587849444406 27.02715337817619 -2.421027333365197 26.9813158942426 1.8187248911246572
1790191361.666307 2.0496670443938845 5 6.0 0.016680955886840692 -0.015223108598181764 -0.031904064485022456 30.51397720372853 0.4917816994994 79.70177269381847 -0.25706730069190575 0.0 0.0 5.399809047301897 0.01719133177168879 10.798564623329092 0.13311315579980304 16.19739884871317 0.2446590110116111 21.596782942363284 0.326215183299373 26.996167036013393 0.4077713555871349 0.0031836817817540784 0.021468653706016107 0.020658161067514894 0.015103569093711085 0.01510356909371109 0.01510356909371109 1 1 1 1 1 1 5.474123635619983 -3.443816131025729 5.3865382569232025 0.6352436627795173 10.87246207731776 -3.4435334439791534 10.788182774961255 0.6355959973593301 16.248552213778535 -3.141922996492453 16.186931994716677 0.9376116520431972 21.64327802238614 -2.7519674786177153 21.579845443940123 1.447553483110154 27.03755074114772 -2.3320153824449363 26.97170168352279 2.027487330205893
1790191362.1652997 2.0465313632415407 5 6.0 0.019816637039184445 -0.012087427445837934 -0.03190406448502238 29.48929386666921 0.5395995779704991 78.6791956853968 -0.055008750208760476 0.0 0.0 5.399852760140943 0.013580580631056457 10.79816291862993 0.14865700715583732 16.19666296432387 0.27540445448806844 21.595882496973204 0.3672109807154694 26.99510202962254 0.45901750694286947 0.0025149856118684534 0.025016763155662633 0.02347395850587524 0.017002027675157547 0.017002027675157547 0.017002027675157547 1 1 1 1 1 1 5.486397851395611 -3.445181672023892 5.384340103774713 0.6335416841441158 10.877596416688926 -3.234620146955845 10.784648077724295 0.7242888702209472 16.24967843316165 -2.842480151803224 16.180313502234288 1.2369301617540511 21.646888759532608 -2.6325105033113267 21.572763490208263 1.7268593415685096 27.042568977133122 -2.332553862608581 26.968443707808778 2.026815982271257
1790191362.6661923 2.04358069490658 5 6.0 0.02276730537414535 -0.00913675911087707 -0.03190406448502242 28.455719521801214 0.602223419803989 77.64716169555044 0.15276055516789128 0.0 0.0 5.399606870645718 0.036983668495729746 10.797418869245956 0.1906654080388105 16.19554738586261 0.33219018872658695 21.59441185264388 0.4429262231810468 26.99327631942514 0.5536622576355122 0.006849219036939695 0.0284634282797097 0.026211374532350687 0.02050811057596793 0.02050811057596792 0.02050811057596792 1 1 1 1 1 1 5.498791457651192 -3.4467077278021243 5.3826763505185315 0.6316396436089275 10.887250774730456 -3.2357604683431265 10.783465616560964 0.7228792779515116 16.260686148301232 -2.843608472228438 16.177018922268967 1.2355335693396234 21.653209117674788 -2.4236967914787773 21.566260823954984 1.815411604660566 27.04634728723977 -2.033778802211248 26.95693819275432 2.325304359856594
1790191363.1665657 2.041297121755945 5 6.0 0.025050878524780117 -0.006853185960242241 -0.03190406448502236 27.369413483967293 0.614770852586821 76.56175377874754 0.27764131881768733 0.0 0.0 5.399679602019387 0.03195263092627435 10.797126826799587 0.197912099895235 16.195008289073755 0.34867118268149616 21.593757240825234 0.46490265846267725 26.992506192576723 0.5811341342438824 0.005917435908944954 0.0307380861622141 0.027922047287672443 0.02152600974298218 0.021526009742982192 0.021526009742982192 1 1 1 1 1 1 5.5066749317403785 -3.447822575964679 5.381283288005218 0.6302501227106895 10.890535944880837 -3.1465719443132474 10.776628794402418 0.9318376919383532 16.261806659528876 -2.753996404127201 16.171404400587935 1.4450305583461562 21.65401777178781 -2.334093707879868 21.560171617268175 2.024896186497237 27.046874614467768 -1.944184061364479 26.9504455382641 2.5347780319404354
1790191363.6663792 2.0381006438659304 5 6.0 0.02824735641479478 -0.003656708070227669 -0.03190406448502245 26.272791010992762 0.6736290661112532 75.46595762059988 0.49374321498708024 0.0 0.0 5.399323300314255 0.060516635133756116 10.796183180500886 0.24455967273197493 16.193611928342143 0.410629295777707 21.591876698758053 0.5475141688881054 26.990141469173953 0.6843990419985075 0.011207719533565596 0.034088664127807596 0.030758580652496193 0.025351766136314385 0.025351766136314385 0.025351766136314385 1 1 1 1 1 1 5.511868330791189 -3.2397427369230405 5.376903363437323 0.7179566525691803 10.891339530396237 -2.848116814667731 10.76586430866613 1.2299533133133744 16.265532004476636 -2.4256491363126527 16.15805203003439 1.8129883871250296 21.657381662111934 -2.0357744584492736 21.546859801600576 2.3228245043309914 27.049738300758747 -1.665893353809672 26.94023040227043 2.652718462523064
1790191364.166341 2.037733956091272 5 6.0 0.028614044189452972 -0.003290020295569504 -0.031904064485022476 25.131782159726814 0.6239642803388374 74.32501142402022 0.46211697369660515 0.0 0.0 5.399741033648827 0.02574682872514794 10.797395722871325 0.18454591215114077 16.19577270259224 0.31619802161436006 21.594743864384657 0.4216038759760205 26.9937150261771 0.5270097303376986 0.0047681237759964416 0.029411531643804126 0.02438251710663236 0.019520842415347687 0.019520842415347687 0.019520842415347687 1 1 1 1 1 1 5.493091877006309 -3.1472917463130017 5.373110127778097 0.9309437029777939 10.871280773543871 -2.8451006185614105 10.771809960450582 1.233686646955451 16.249257770783245 -2.4233494399424274 16.166494655506664 1.815842731539023 21.642674160010944 -2.033423744924087 21.55756869241523 2.325745563486096 27.034724177052485 -1.5735113866973154 26.948057141244 2.8656426796653425
1790191364.6660178 2.034702702276575 5 6.0 0.031645298004150224 -0.0002587664808721621 -0.031904064485022386 23.981123291118543 0.6671305238388024 73.17461714911344 0.6544008962672371 0.0 0.0 5.399576915779437 0.034411875555640424 10.797401069488059 0.18711730719511283 16.196033512753203 0.3080290926851073 21.59505717184307 0.4107107784318012 26.99408083093296 0.5133924641785136 0.006372982589698974 0.028282639147122316 0.022392999676040356 0.019016273075880503 0.019016273075880514 0.019016273075880514 1 1 1 1 1 1 5.489572362049935 -3.146742772233914 5.374194577694518 0.9316255248767324 10.86327979344304 -2.7543247947718896 10.769237054829482 1.4446222117184393 16.246265802758614 -2.333194804422578 16.163359849081655 2.0260168906944394 21.639826420700718 -1.9432653179327628 21.554638651784952 2.5359246807195808 27.032055979753537 -1.4833484877139835 26.94534700067855 3.0758270466285715
1790191365.1664805 2.0317415435241335 5 6.0 0.03460645675659166 0.0027023922715692233 -0.031904064485022435 22.78382815322425 0.6778352216346732 71.97714403014972 0.810775181890306 0.0 0.0 5.399767759232811 0.01823748453320063 10.797694005818926 0.16713872511169064 16.19643158644198 0.28357462973886 21.59560411694175 0.37810497352716377 26.994776647441533 0.47263531731549324 0.0033774443643759125 0.02757790369410594 0.02156390354018225 0.01750651343326241 0.0175065134332624 0.0175065134332624 1 1 1 1 1 1 5.484582564290822 -3.056445174543709 5.368770050101392 1.1419577910560923 10.853579614478964 -2.4240872086327867 10.76215574923205 1.8149270254625998 16.236986561471774 -2.0327536346146573 16.160662061672316 2.32657826038145 21.63133707867738 -1.6628103315989298 21.55571280364673 2.656527692800869 27.025337483498586 -1.2728700932850538 26.94761253416153 3.1664495429036275
1790191365.6670413 2.028063936941492 5 6.0 0.03828406333923325 0.00637999885421088 -0.03190406448502237 21.582596004294253 0.7259165922433092 70.7750903171861 1.0397689079954278 0.0 0.0 5.399558706545158 0.034102583450245055 10.797354517945061 0.18769083029769634 16.19598588402856 0.3088661333709011 21.595004227035435 0.41182696026716714 26.994022570042333 0.5147877871634412 0.006315725389808392 0.02844620707946027 0.022441791540624048 0.019067975254748612 0.019067975254748612 0.019067975254748612 1 1 1 1 1 1 5.478975806791546 -2.7569787646507335 5.359517849210559 1.4413220578690722 10.855984959413668 -2.424426757132914 10.760839750144557 1.8145055835813249 16.240651028994662 -2.033266736327068 16.15751969468582 2.3259406665451556 21.632862127368025 -1.5733503589598243 21.54820544747554 2.8658425008458455 27.026407903127094 -1.1834212564093154 26.93946320485913 3.375749788796491
1790191366.1666007 2.0251940925048464 5 6.0 0.04115390777587878 0.009249843290856416 -0.031904064485022365 20.339219473228702 0.7234400876045354 69.53061050530769 1.1784657232551243 0.0 0.0 5.399736823383385 0.01996676128064953 10.797464153702098 0.17595662301882475 16.19600574625957 0.3011848299905873 21.59507229334596 0.40158612546292566 26.99413884043238 0.5019874209352835 0.0036977117462056626 0.02889113293931048 0.023192514294153345 0.018593903898200207 0.018593903898200197 0.018593903898200197 1 1 1 1 1 1 5.479994613388458 -2.7571987657231225 5.358668735089611 1.4410484913181896 10.855704243615182 -2.334752069160525 10.75459394627699 2.024075377271837 16.232534986334528 -1.6631702826732087 16.152213949956643 2.6560829549958935 21.62621739596123 -1.2732376987169713 21.543665219683966 3.1659947955540635 27.019899805587947 -0.8833051147607403 26.935116489411282 3.6759066361122206
1790191366.666407 2.021068735830652 5 6.0 0.045279264450073096 0.013375199965050745 -0.03190406448502235 19.09360316920942 0.7679455787648399 68.28269848065446 1.4258988001841186 0.0 0.0 5.399444949897454 0.04231993508978326 10.796782269443176 0.21136061400292822 16.19498159867299 0.350395856039188 21.593718156078733 0.46720160816978656 26.99245471348448 0.584007360300354 0.007837670153282099 0.03130903831378115 0.025750162624022035 0.02163238198091977 0.02163238198091977 0.02163238198091977 1 1 1 1 1 1 5.476832858090538 -2.4286157453489503 5.344104222791158 1.8093062819388936 10.854663866575152 -2.0359573626229657 10.742405564362633 2.322597222739532 16.236624111886027 -1.574312082780018 16.140583826800885 2.86464908664247 21.629451879170993 -1.1844033314118503 21.530815910705172 3.3745297615085645 27.019683963075273 -0.6745226565457382 26.923643677990135 3.7644385128767497
1790191367.1664674 2.019496126882898 5 6.0 0.046851873397827 0.014947808912804603 -0.0319040644850224 17.810168283932494 0.7288139097985946 66.99816806794453 1.4641214971605312 0.0 0.0 5.399667818636516 0.023113751212467504 10.79699429715115 0.1925253807423627 16.195145401866313 0.33349850861964225 21.594000858358964 0.44467296566546666 26.992856314851643 0.5558474227113115 0.004280561474511673 0.03137776224812742 0.026109141906336873 0.02058931708887059 0.02058931708887059 0.02058931708887059 1 1 1 1 1 1 5.473800514441201 -2.3386979089468447 5.337015919148406 2.0191559177080256 10.852846105919003 -1.9461552865615288 10.735890439100755 2.532317820648022 16.228246755605173 -1.2739698703504638 16.136836646478603 3.165089060543516 21.623215183028037 -0.9740334561008718 21.531805073901463 3.465025474793094 27.015713066961 -0.554122476151441 26.921008899847866 4.044902542342303
1790191367.665697 2.015375776998865 5 6.0 0.05097222328186023 0.019068158796837757 -0.03190406448502247 16.52516020072103 0.7593512214073337 65.70971273006384 1.697323762752566 0.0 0.0 5.3993009116300374 0.04926116557536029 10.796064102650165 0.2358241644165831 16.193729348709827 0.3941046167644914 21.59213095137483 0.5254824548648329 26.99053255403984 0.6568602929651558 0.0091233660819595 0.03455566390720992 0.029315472639489634 0.02433163004204446 0.02433163004204446 0.02433163004204446 1 1 1 1 1 1 5.4715506301207295 -2.040727866193604 5.320917917929445 2.3166692681077685 10.849250071009827 -1.5779187756272737 10.719108014973656 2.86017349980488 16.234362641876686 -1.2755440707563916 16.126340863883087 3.163141691434855 21.626473113058235 -0.8856595105639181 21.51553182755129 3.6729907316865393 27.012744569213105 -0.25584599025299753 26.90083011453504 4.342792412017193
1790191368.1664557 2.014119787924158 5 6.0 0.05222821235656727 0.020324147871544837 -0.031904064485022435 15.199284314167285 0.7078287548778244 64.38261996603441 1.7075758007726778 0.0 0.0 5.399521757225301 0.03272303254792861 10.796221263531011 0.22111755776254047 16.193808016206926 0.3821366292666238 21.592305195395884 0.5095266064581694 26.99080237458484 0.636916583649714 0.0060602833753768915 0.034895041259086164 0.02982283364517697 0.023592925195771285 0.023592925195771296 0.023592925195771296 1 1 1 1 1 1 5.471911684933398 -2.040939600051093 5.319800179544707 2.3164061619843674 10.849897783640447 -1.5781952265312238 10.71750402949095 2.8598304486831583 16.225839767367997 -0.9752960518581797 16.12109689723273 3.463468295474972 21.617434897193597 -0.5554129379212629 21.508917509215628 4.043306881387856 27.011860915401247 -0.2554964279663134 26.90334352742326 4.343223391342799
1790191368.6653578 2.0118793685363405 5 6.0 0.05446863174438458 0.022564567259362157 -0.03190406448502242 13.873718335074555 0.6960422917241633 63.054690698841554 1.8059780350835728 0.0 0.0 5.39919776509556 0.051087441917319294 10.7955650240229 0.2488085298126231 16.192871989237084 0.4187439182064242 21.591067406932787 0.5583370139134303 26.98926282462849 0.6979301096204371 0.009461760727768572 0.03662328224312655 0.031474820586060014 0.02585345326202302 0.02585345326202302 0.02585345326202302 1 1 1 1 1 1 5.4725942578411155 -1.9521102674839972 5.308558628333439 2.524885635155632 10.84367712449096 -1.279276805571139 10.703951993872678 3.158524101170125 16.226621716353126 -0.8863895580848209 16.108743102200552 3.672086572413772 21.619896212735693 -0.5564998381145332 21.50098357565195 4.041962925107736 27.006191054332888 0.043299652740542136 26.887278417249146 4.6417624159628135
1790191369.1664536 2.010147734396326 5 6.0 0.05620026588439929 0.02429620139937684 -0.03190406448502245 12.51110837771151 0.6462669766973429 61.69008500386162 1.841364464177469 0.0 0.0 5.399364895196432 0.041727097110513915 10.795503078217967 0.24558718499641236 16.192602342609636 0.4220936838700052 21.59076872172137 0.5628052449719316 26.988935100833093 0.7035168060738625 0.007727995281506952 0.0377609278896649 0.03269230435568575 0.02606064627981392 0.02606064627981393 0.02606064627981393 1 1 1 1 1 1 5.460750487815025 -1.583137993706019 5.293131808847219 2.853696911771197 10.845396086288266 -1.2800082966034425 10.700268109982934 3.157619208099209 16.22671266348798 -0.8864923761821721 16.107889567446346 3.6719592328455097 21.612130558415767 -0.2567062986191278 21.49226515451411 4.341731728031603 27.00614749318867 0.04319183355374376 26.886282089287015 4.641629860204475
1790191369.6678593 2.0083114345000856 5 6.0 0.058036565780639475 0.026132501295617068 -0.03190406448502241 11.155472248720823 0.6209518657373698 60.33217140304689 1.906354637208425 0.0 0.0 5.3990330766942805 0.06089860784790052 10.794853124228851 0.27303371782628166 16.1916914566008 0.45717830280923794 21.58954030324659 0.6095850899439195 26.987389149892376 0.7619918770786213 0.011279061363455543 0.03929447499300447 0.03410759434651562 0.02822722741430551 0.0282272274143055 0.0282272274143055 1 1 1 1 1 1 5.463710701777946 -1.584226643172045 5.289288127259766 2.8523459940670204 10.837644111249105 -0.9810679928069985 10.686235752598995 3.456349669407251 16.220347627246667 -0.557748135692486 16.090519623391195 4.040419400339117 21.614032594149858 -0.25786764421216063 21.48420459029439 4.340299891819443 27.005177447934145 0.13197699471226554 26.87196262658677 4.850096727335985
1790191370.1678526 2.007375879995691 5 6.0 0.027068055800011637 -0.5031477169766183 -0.5302157727766299 58.938438642974994 1.886464835977985 85.27885212727959 -12.61121144251109 0.0 0.0 5.399249119397883 0.049191148149965024 10.79496760591732 0.26386996385209693 16.191710196411872 0.4509207148856238 21.589617493047438 0.6012430915582168 26.98752478968301 0.7515654682308239 0.009110486677628376 0.03976590793978837 0.03464606654662278 0.027841073742710144 0.027841073742710144 0.027841073742710144 1 1 1 1 1 1 5.452324753709638 -1.2848071800176912 5.275810652139558 3.151682735664155 10.833972586158113 -0.861492200928274 10.674632561806101 3.735747270389212 16.219794015466896 -0.55753760748856 16.091741620523578 4.040679719275073 21.605185043850156 0.04222986991540071 21.47713264890683 4.640447196679023 26.99892731538189 0.3421136086173719 26.87087492043857 4.940330935381007
1790191370.6663504 2.0049919326232546 5 6.0 0.029452003172448123 -0.5007637696041818 -0.5302157727766299 57.54706148003086 1.9757795652124968 83.92196177991879 -12.459061416626254 0.0 0.0 5.398831700753443 0.0737750061204155 10.794073799492894 0.3001272423530908 16.190418279490476 0.49818075491473196 21.5878638499541 0.6642569840464934 26.985309420417714 0.8303332131782406 0.01366414414643575 0.04192945712973318 0.03668495579608687 0.030759707615995103 0.030759707615995092 0.030759707615995092 1 1 1 1 1 1 5.4521266014888266 -1.1965411033264781 5.2609842956912365 3.3594510629238488 10.825754963469313 -0.5630863009604935 10.657042014669884 4.033818738401028 16.213726827743276 -0.25934258950805306 16.072254484408816 4.3384814149609685 21.604288071879093 0.13047292391431886 21.459125145675046 4.848240163282525 26.991158733145316 0.6402316722358918 26.849686389810863 5.238055676704895
1790191371.1666057 2.0055779654906862 5 6.0 0.028865970305016506 -0.5013498024716134 -0.5302157727766299 56.12970005464636 1.8603170704014873 82.49613653474148 -12.589977990292228 0.0 0.0 5.399215945831082 0.05144091106774571 10.794683280960118 0.27233378496826943 16.191213502620084 0.4654037784894809 21.588984159300296 0.6205551171304547 26.986754815980497 0.7757064557714144 0.009527189723368723 0.040917601717322 0.03576143820111321 0.028735683913037303 0.028735683913037303 0.028735683913037303 1 1 1 1 1 1 5.441686309362511 -0.9859282674783932 5.260062848155991 3.450355415779387 10.824548573888798 -0.5624357870864933 10.660081019118532 4.034623101314632 16.20942528837259 -0.16819077249344833 16.073811525708635 4.549860616308509 21.597002370454856 0.3415986784152307 21.464836415316253 4.939699608179857 26.990613115706495 0.6414748260085853 26.85844716056789 5.239575755773211
1790191371.6676743 2.0041517455505007 5 6.0 0.030292190245202046 -0.49992358253142777 -0.5302157727766298 54.714416318293004 1.885121630203873 81.10143527433493 -12.527554409084738 0.0 0.0 5.398849652049534 0.0685811709930397 10.794032683736685 0.29633282899608104 16.190337045669835 0.4954311780572558 21.58781070519417 0.6605919928437817 26.985284364718517 0.8257528076303033 0.012702239721448167 0.04218884061986363 0.03687858719721983 0.03059010665399852 0.03059010665399852 0.03059010665399852 1 1 1 1 1 1 5.438345860299319 -0.8670399982822852 5.244334758738842 3.7288668428614087 10.814685264459907 -0.26342877609718385 10.645082213665194 4.333443508963734 16.20425411575408 0.04061979138203412 16.06356156982482 4.638467723569443 21.594853357640257 0.43043733345879537 21.450490571382414 5.148229124746737 26.979641385672846 1.01016598577807 26.840172253186445 5.56803263159863
1790191372.1657999 2.004065914862024 5 6.0 0.030378020933678588 -0.4998377518429513 -0.5302157727766299 53.26857866823099 1.8059649333973646 79.65683457698327 -12.604446236801762 0.0 0.0 5.398810970445506 0.0711696086001239 10.792857926074005 0.3245264391454181 16.18783761433382 0.5570108197250554 21.584643838699737 0.7427056679176101 26.98145006306565 0.9284005161101629 0.013181696278425253 0.04693521657303156 0.04306608136011169 0.03439471592069106 0.03439471592069106 0.03439471592069106 1 1 1 1 1 1 5.4289931914790674 -0.5714194115174351 5.213170455454094 4.023514815064571 10.818404959322724 -0.26831220716927545 10.620362216210657 4.327422671160921 16.202596099324683 0.1280883997647521 16.040285046830455 4.845296803284593 21.588253918229313 0.637786765399304 21.43006941791713 5.235066141711015 26.978726048013012 1.0075679326243832 26.821917065094866 5.564870966533379
1790191372.6666718 2.0041650969909304 5 6.0 0.030278838804772352 -0.49993693397185757 -0.5302157727766299 51.83262018070958 1.741167860567293 78.21944670441405 -12.671860482148409 0.0 0.0 5.39840592420425 0.08904799076711972 10.792073020872987 0.3503938999538571 16.186811599382025 0.5879203601026236 21.58325345112399 0.7839186783806172 26.979695302865952 0.9799169966586126 0.01649374220727005 0.04841634863150786 0.044000862535463224 0.03630395897392701 0.03630395897392701 0.03630395897392701 1 1 1 1 1 1 5.430474878188534 -0.5727923359778757 5.207846676993082 4.0218171886751515 10.815390781605654 -0.17920277449731437 10.607773719305525 4.536228823505336 16.195939858890316 0.33659105239794274 16.028978328505357 4.9335600372151625 21.58861155775637 0.6363933774947244 21.421650027371413 5.233362362311944 26.96785374222189 1.3059519035441804 26.802344051231593 5.862947245015177
1790191373.1671817 2.006649895422327 5 6.0 0.027794040373375867 -0.502421732403254 -0.5302157727766299 50.37046633895639 1.5233441756257935 76.72139797025966 -12.955205550171346 0.0 0.0 5.398145360585984 0.09808893112471997 10.789830159653128 0.39763510319789114 16.182173968434544 0.6847843799859211 21.577345763597858 0.9130852794021082 26.97251755876118 1.1413861788183075 0.018168858198783104 0.055500008054565945 0.05320104295106395 0.042290549250413347 0.04229054925041335 0.04229054925041335 1 1 1 1 1 1 5.435815087283291 -0.5799477515449173 5.18064609474272 4.012969489734933 10.80985278829632 0.021632423311749895 10.565243417230082 4.615124151353343 16.197110573593534 0.33180482066175976 16.002632029646403 4.92769190543051 21.57361687654408 1.001205765617205 21.380829450370403 5.557128614866223 26.969571033889356 1.211018002095778 26.781856961036027 5.6470481447856224
1790191373.6695669 2.0095159251617067 5 6.0 0.024928010633996012 -0.5052877621426338 -0.5302157727766298 48.91914049210326 1.3138347079006198 75.22846800124974 -13.240178003941729 0.0 0.0 5.397514560110292 0.1235975177837729 10.788612106669047 0.43346228940983605 16.181354648273423 0.7113393276302142 21.57614471343731 0.9484893915328881 26.970934778601194 1.1856394554355603 0.022894967653971626 0.05741395302553809 0.05148243102982333 0.04393080759738626 0.04393080759738626 0.04393080759738626 1 1 1 1 1 1 5.420858327177122 -0.2825426339378735 5.1568992165129535 4.309877815879128 10.809739967362129 0.023435200081537412 10.57302538329595 4.617340532768573 16.181852706549957 0.7000092870732854 15.981592652587707 5.2556097865450075 21.573892669249684 0.9997198462490515 21.373632615287434 5.555320345720774 26.983060136564617 0.9098066784963226 26.78807008402242 5.345522954297744
1790191374.1668363 2.01567689966427 5 6.0 0.01876703613143254 -0.5114487366451973 -0.5302157727766298 47.442503582717265 0.9172911609227951 73.6616654399166 -13.79853540458088 0.0 0.0 5.3981349484450725 0.1008625848112925 10.790213046406079 0.3926003077101841 16.184746922077665 0.6335168529271022 21.58061506656744 0.844720468616779 26.97648321105723 1.0559240843064486 0.01868253583355104 0.054052175236423125 0.04462972631100742 0.03912175930697024 0.03912175930697024 0.03912175930697024 1 1 1 1 1 1 5.418678934568177 -0.27884414806683594 5.17015998346243 4.31443772124418 10.80640497112302 0.030035394124910818 10.601176375406881 4.625454985794472 16.181982378285117 0.7041459173756166 16.003632658369387 5.260656794944757 21.577903923796825 0.9139852341057754 21.404247617563083 5.350587930686254 26.99377247745701 0.6142147816341097 26.82011617122328 5.050817478214601
1790191374.6657424 2.0193635661529177 5 6.0 0.01508036964278499 -0.5151354031338449 -0.5302157727766299 45.973471751508384 0.6742802975576018 72.13820320815522 -14.138107349326193 0.0 0.0 5.3975939843837315 0.12461926467885487 10.789774586787512 0.4136672938736362 16.185045464538756 0.6377494348946344 21.58085838734962 0.8503591760340309 26.976671310160466 1.0629689171734327 0.02308382758143321 0.0535537785229252 0.04150920915515751 0.03938235363569296 0.039382353635692986 0.039382353635692986 1 1 1 1 1 1 5.41919327912044 -0.2783148028161845 5.172963635373703 4.315090357034227 10.805596111250749 0.03272926021684783 10.614708577154685 4.628766895977315 16.182437611045586 0.7039340297483279 16.00290049630565 5.260398275677485 21.590171433035145 0.6140038143681472 21.41535897920941 5.050561106457062 27.008929463824508 0.2442907066940669 26.832542123027384 4.720816983396409
1790191375.1656835 2.026392384283411 5 6.0 0.008051551512291895 -0.522164221264338 -0.5302157727766299 44.47226015364986 0.254212417657589 70.53223256646743 -14.7417149575729 0.0 0.0 5.398322349127609 0.10465466478150742 10.792020480115594 0.36138086989442014 16.189539023005587 0.5205370242691195 21.58675000195283 0.6940698705299171 26.98396098090007 0.8676027167907147 0.01938408822915193 0.04756154118198269 0.029478370397256586 0.032141245955618035 0.032141245955618035 0.032141245955618035 1 1 1 1 1 1 5.416266044591188 -0.2723340288439361 5.197565430703498 4.322464121399999 10.795269434842044 0.2511979275510614 10.663225461205032 4.7292515660223735 16.18861162036394 0.5493810605843044 16.044643629392013 5.027067206081274 21.601042796330834 0.24953600619835048 21.45707480535891 4.7272221516953215 27.013473972297724 -0.050309048187616695 26.8695059813258 4.427377097309354
1790191375.6698017 2.032397433035242 5 6.0 0.0020465027604608197 -0.5281692700161691 -0.5302157727766299 42.97950775740488 -0.08303063771864184 68.94895956862604 -15.235178096896238 0.0 0.0 5.398621748313863 0.09437926327115488 10.794318696635134 0.30155598628042785 16.1933970048937 0.3987012626794326 21.591760994064554 0.531615672821414 26.990124983235404 0.6645300829633943 0.017480322678535016 0.038377803866510775 0.017990995764666215 0.024616265661519084 0.024616265661519084 0.024616265661519084 1 1 1 1 1 1 5.412403150398937 -0.26454266624843853 5.235908585233711 4.332070181106359 10.795125405201855 0.25672125128234313 10.714530092134131 4.735996236758399 16.196963128730754 0.2538619297409992 16.08669339587222 4.732504646682742 21.605983769260853 -0.046047180768490126 21.495714036402337 4.432595536173259 27.015004409790965 -0.3459562912779858 26.904734676932435 4.13268642566377
1790191376.1668913 2.0354410846160524 5 6.0 -0.000997148820349751 -0.5312129215969797 -0.53021577277663 41.45770486848221 -0.30763563694907015 67.38091860533603 -15.538754753855516 0.0 0.0 5.399968863355308 0.016070958963533985 10.798277725109777 0.13668631285366276 16.198194404352055 0.16545350093996133 21.5979127153245 0.22060929980857566 26.99763102629695 0.275765098677172 0.002976111885466725 0.02233945702124267 0.0053272888559010405 0.010214214435059455 0.01021421443505945 0.01021421443505945 1 1 1 1 1 1 5.401332942817832 -0.04498032524823301 5.301260499395128 4.433901846239131 10.79762232281415 0.25971251121351463 10.773756181626966 4.7396489401491815 16.200303658923037 -0.04104120610923074 16.154544773935747 4.438725096327158 21.603649573693815 -0.3410255567188227 21.557890688706518 4.138740745717584 27.007301909569417 -0.6710083423893565 26.961951586055225 3.7687600466324294
1790191376.667893 2.035398169271814 5 6.0 -0.0009542334761114725 -0.5311700062527412 -0.5302157727766298 39.95239218362496 -0.36933764860879115 65.87625954532689 -15.599344247848517 0.0 0.0 5.399348559878431 0.06853361419337894 10.797239116400682 0.1970152902532558 16.19721749002059 0.1898039006403424 21.59684674055723 0.25308072696028877 26.99647599109387 0.3163575532802173 0.012692259684344858 0.023797707533823806 -0.0013354470753375522 0.011718198981215542 0.011718198981215547 0.011718198981215547 1 1 1 1 1 1 5.399924830524786 0.04432280082795041 5.290465708232116 4.643020301267275 10.796922571067347 -0.040017798517877776 10.802905372186556 4.439978206624389 16.203441939714164 -0.3413498026758559 16.150945609730222 4.138342612584162 21.607679631797925 -0.6713271457642122 21.555652019045983 3.768368015788131 27.009105020489706 -0.7613209666064893 26.95848355943374 3.558382433822821
1790191377.1669862 2.0356733043120974 5 6.0 -0.0012293685163946167 -0.5314451412930244 -0.5302157727766298 38.41760058294238 -0.4717339548471494 64.33727665500881 -15.708872541837405 0.0 0.0 5.400317906586329 -0.02002572005142857 10.799698923711055 0.026899788256011206 16.19946620897731 -0.014693035691020649 21.59946398914607 -0.019589378467537392 26.99946176931481 -0.0244857212440602 -0.0037082313683477063 0.008690686350085516 -0.007702554422842827 -0.000906730268045758 -0.0009067302680457581 -0.0009067302680457581 1 1 1 1 1 1 5.400498052058887 -0.04075376498755269 5.361564267313488 4.4390770532918005 10.796868309979608 -0.34058320457434266 10.83137541257762 4.139283898350734 16.198872014950034 -0.6700079461737152 16.20289789678851 3.7699902286317006 21.598792629069248 -0.7600079091765302 21.602709703290472 3.559990314958476 26.998522829858285 -1.060007785852575 27.002439904079488 3.259990438282425
1790191377.666729 2.0282410819457644 5 6.0 0.006202853849938359 -0.5240129189266914 -0.5302157727766298 36.89861179544988 -0.2455391792831314 62.930816755825134 -15.289617911495824 0.0 0.0 5.399969658038818 -0.03275801722179619 10.79966052944211 0.005758812703614329 16.199599641898985 -0.015499167450672886 21.599597170873697 -0.0206651201237292 26.999594699848405 -0.025831072796766802 -0.0060662591586648305 0.007133033648198327 -0.003936687043362749 -0.0009566580483375783 -0.0009566580483375779 -0.0009566580483375779 1 1 1 1 1 1 5.400024938308827 -0.040507781933874616 5.368069218551914 4.439378246970745 10.798298778453425 -0.34015234027619873 10.81593509085447 4.139812945357701 16.198973499756896 -0.6700088453553442 16.203221060843617 3.769989122912752 21.59868897341259 -0.9700087080761576 21.60293653449931 3.469989260191938 26.99851924601657 -1.1500086257086444 27.002537209206725 3.0499894523827904
1790191378.1667871 2.019381209127771 5 6.0 0.015062726667931528 -0.5151530461086983 -0.5302157727766298 35.35319288336885 -0.0029700616870310262 61.51766300136072 -14.815819329964578 0.0 0.0 5.39997862903219 -0.05414323896565335 10.799604032691043 0.002593488664557302 16.199579071184196 0.017828480555286394 21.59957579961984 0.023772627620912503 26.99957252805548 0.02971677468653861 -0.010026229438708779 0.010507143636954468 0.0028213003504530014 0.0011007681974140883 0.0011007681974140883 0.0011007681974140883 1 1 1 1 1 1 5.40299368062531 -0.3410852226785026 5.355922543252371 4.138667483445617 10.80090937072895 -0.46007776656589455 10.788721369383897 3.8599050404164745 16.200435293215524 -0.7600116564626259 16.195679975563024 3.5599857262858743 21.6007687951744 -1.0600114747090554 21.596013477521897 3.259985908039463 27.000871135858496 -1.150011420182979 26.99624791036302 3.049986035266963
1790191378.665607 2.0078348357604616 5 6.0 0.026609100035241095 -0.5036066727413889 -0.53021577277663 33.81694201202081 0.3487598036633451 60.15069893027771 -14.161004032118285 0.0 0.0 5.399708356503366 -0.016553769757041592 10.798662890602248 0.08797000177148318 16.198188888465104 0.15937898893791835 21.59792752522278 0.21250765075414974 26.99766616198045 0.26563631257038023 -0.0030656688852152437 0.01935758394774644 0.013224276435167099 0.009838799812197919 0.009838799812197919 0.009838799812197919 1 1 1 1 1 1 5.406041585768951 -0.3436833438138682 5.319325025601061 4.1354773184299605 10.805932415722609 -0.4617085672303152 10.74880520663854 3.857913694262256 16.207243928634096 -0.7609312275522874 16.16474099918112 3.5588596818538445 21.610456896850305 -1.0609167073721533 21.56795396739733 3.2588742020339794 27.011603750440315 -1.150912351318122 26.97028145791659 3.0488843661600735
1790191379.166906 1.9988018710540407 5 6.0 0.03564206474166199 -0.49457370803496803 -0.53021577277663 32.25155214904909 0.5682772504103364 58.715299132642144 -13.703025969280896 0.0 0.0 5.399755492326529 -0.00846097103777652 10.797790435764465 0.13644657631590185 16.196529197146543 0.25286350817260517 21.595871236888364 0.3371578607514632 26.99521327663017 0.42145221333032806 -0.0015669161548641192 0.026838054182533464 0.021560386162213174 0.015610699323443413 0.015610699323443404 0.015610699323443404 1 1 1 1 1 1 5.408845549099546 -0.3470799387496377 5.28862549961395 4.131306728310464 10.81527730731465 -0.6744926036440174 10.719556609121742 3.7644754687729765 16.21237858829164 -0.7623442880310107 16.144943106228542 3.5571293437624507 21.614441534604737 -0.8523333220267019 21.54887926037673 3.3471549311058144 27.019782594629238 -1.1522967686790329 26.954220320401237 3.047191484453496
1790191379.6660216 1.9909164149688356 5 6.0 0.04352752082686707 -0.48668825194976284 -0.5302157727766299 30.70047226026591 0.7599744130705914 57.27593105326996 -13.302208559048067 0.0 0.0 5.399282774370488 0.02944195244244657 10.796104778300109 0.214280677176081 16.193808401814245 0.37112201612105206 21.59239096804784 0.4948405497315838 26.99097353428143 0.6185590833421032 0.005452883626175061 0.034236167420667735 0.029048875450723124 0.022912844372793194 0.022912844372793204 0.022912844372793204 1 1 1 1 1 1 5.415411229214926 -0.44146802661759266 5.266170697762982 3.91597701190807 10.82203632882065 -0.6781551127094558 10.693077460319438 3.759971700511954 16.219845897157228 -0.7650502640121717 16.1208710702688 3.5538157889747044 21.623325678640473 -0.8550266401160657 21.527100152498956 3.3438709113989558 27.031616736430806 -1.154947893795703 26.935391210289286 3.043949657719305
1790191380.1676154 1.9861857135223024 5 6.0 0.04825822227340026 -0.48195755050322964 -0.5302157727766299 29.126754640945602 0.8119966223367596 55.768439802482064 -13.124308905082186 0.0 0.0 5.399346752597623 0.027341183319699338 10.795331606700966 0.23519889891917412 16.19231367359734 0.41512525140457857 21.59054003237677 0.5535166506276402 26.988766391156215 0.6919080498507086 0.005063751390996181 0.038501775405242925 0.033325983914009046 0.02563084312250504 0.02563084312250504 0.02563084312250504 1 1 1 1 1 1 5.417522587407871 -0.44450336218562514 5.249696317718395 3.912265433975366 10.828866032522393 -0.7706831871781453 10.684924429566006 3.5469180930396496 16.222601729346355 -0.7663194179784485 16.11188860996791 3.5522616690450963 21.626682476634855 -0.8562898572914446 21.519044721683592 3.3423306439814477 27.036145111670915 -1.1561913216680795 26.92850735671965 3.0424291796048157
1790191380.6679409 1.9815162220775793 5 6.0 0.05292771371812344 -0.4772880590585066 -0.53021577277663 27.569186947625848 0.8801852465354864 54.275656882981345 -12.931565677657753 0.0 0.0 5.398789647724329 0.05789522040312284 10.7937531724595 0.29077883586178654 16.189897756839915 0.49399416097732823 21.587385954678883 0.6586791760488512 26.984874152517847 0.8233641911203742 0.010723329680123087 0.04314007423229508 0.03764156706996339 0.030501954473197843 0.030501954473197854 0.030501954473197854 1 1 1 1 1 1 5.429693125899755 -0.6580123251556912 5.23648553503348 3.8178195334859777 10.833838079447244 -0.7736288491114054 10.671264907370006 3.5433110350797956 16.231176706947362 -0.8589075947007215 16.10308836189173 3.3391387813962607 21.633689678013244 -0.8589075947007088 21.50560133295762 3.3391387813962554 27.045351816583103 -1.1587680501362112 26.917263471527466 3.0392783259607588
1790191381.1669006 1.9802301922619054 5 6.0 0.05421374353379729 -0.47600202924283264 -0.5302157727766299 25.991904896947474 0.8176709050163601 52.7161150663545 -12.959723290598511 0.0 0.0 5.399052259041167 0.04153560415018908 10.793830436030271 0.27861703793092657 16.18985550227173 0.48507530947354993 21.587433507233055 0.6467901212804505 26.985011512194376 0.8085049330873528 0.0076929769835344716 0.04391820722592768 0.03824252323434293 0.0299516654552582 0.029951665455258198 0.029951665455258198 1 1 1 1 1 1 5.4337750950633374 -0.7485810870994836 5.242353261431971 3.607214785253715 10.837548371833254 -0.8640016407716069 10.676968921917327 3.3329275032889334 16.236401437800076 -1.0684949233393628 16.107029588354553 3.2495674806296977 21.641519766497044 -1.158454556755383 21.515741579536126 3.0396616693256533 27.04663809519403 -1.2484141901713919 26.924453570717695 2.8297558580215965
1790191381.6675735 1.9684725800335119 5 6.0 0.06597135576219085 -0.4642444170144391 -0.5302157727766299 24.421517521034854 1.0578425846487307 51.30586604122639 -12.404393657702506 0.0 0.0 5.398130545215011 -0.15907134433977335 10.797160369958114 -0.23781853537208125 16.19255889008866 -0.45375987488172165 21.590439922740874 -0.6050224192656264 26.988320955393082 -0.7562849636495446 -0.029459332918071 -0.014584399458742849 -0.04000189176152065 -0.028015246796174183 -0.028015246796174183 -0.028015246796174183 1 1 1 1 1 1 5.38802334632165 -0.8520366114748786 5.449275652552178 3.347516716556739 10.772045750884091 -0.8653194061794407 10.940008893510582 3.331320724057968 16.172841170158176 -1.1573967656492237 16.29048981579011 3.0409551486358355 21.57496096931804 -1.157396765649221 21.692609614949976 3.040955148635838 26.97455972607151 -1.2473614495267504 27.088846981828237 2.8310375529215768
1790191382.1669078 1.9453321495830724 5 6.0 0.08911178621263036 -0.44110398656399963 -0.53021577277663 22.80423899289672 1.5466518608112332 49.992883965189456 -11.289920289518504 0.0 0.0 5.398118589187741 -0.16465703693032555 10.796949894862138 -0.2479064833141898 16.193743001911674 -0.4327340904350767 21.59181608532594 -0.5769803594280513 26.989889168740206 -0.7212266284210392 -0.030493216544361764 -0.015418679422470305 -0.03423429296640905 -0.02671544979302255 -0.02671544979302255 -0.02671544979302255 1 1 1 1 1 1 5.388903194519783 -0.7622869718863428 5.455509250445705 3.557199529228582 10.775945310707385 -0.8612206778146771 10.919701257314072 3.33631839023642 16.182410301406154 -0.8568334171512613 16.294601843956244 3.3416678699487314 21.584337905831326 -0.85683341715125 21.69652944838141 3.3416678699487274 26.983861405773265 -0.9468013018748306 27.092847475679076 3.1317428055937264
1790191382.6671383 1.920774082261295 5 6.0 0.11366985353440763 -0.4165459192422223 -0.5302157727766299 21.186809829396612 2.0600329615624955 48.68246621297418 -10.105035062753288 0.0 0.0 5.399214731244091 -0.09506169534607536 10.798920592425189 -0.1163654518804496 16.198113330173268 -0.20854224516990652 21.597665865276806 -0.278057859652802 26.997218400380348 -0.34757347413568507 -0.0176047590489923 -0.003945334532331406 -0.017070670360160602 -0.012873617529162459 -0.012873617529162454 -0.012873617529162454 1 1 1 1 1 1 5.397419240896113 -0.5501513758916015 5.4139896029437224 3.649815936255197 10.791469060078748 -0.5528338719054559 10.863162393473766 3.6465541866033986 16.193696541195788 -0.5516117022659435 16.247764241349152 3.6480402694812444 21.59684742818166 -0.34162910367858523 21.649370336902066 3.7380328117329666 26.997294930159864 -0.3416291036785935 27.049817838880273 3.738032811732972
1790191383.1680942 1.9031141796886633 5 6.0 0.13132975610703948 -0.39888601666959056 -0.53021577277663 19.55080671712187 2.3529000273786003 47.25699839675805 -9.324725699251735 0.0 0.0 5.399854601697251 -0.05800154754861237 10.79948893464851 -0.004167884420763147 16.199466645113617 0.007153629768400346 21.599466118180718 0.00953918527638098 26.99946559124781 0.011924740784348289 -0.01074090347264263 0.009969541686675798 0.0020965822837965813 0.00044176955288334767 0.00044176955288334745 0.00044176955288334745 1 1 1 1 1 1 5.403872156049899 -0.4609710494663891 5.360804449400924 3.8588142661070517 10.800004433668688 -0.25004340709967054 10.791198794527846 3.949947362023441 16.199580248616442 -0.25000192720830244 16.197724816554683 3.9499976629549987 21.599488003946302 -0.04000194770013396 21.59768558422917 4.039997654172784 26.999488530879265 -0.04000194770013534 26.997686111162132 4.039997654172781
1790191383.6660898 1.89047012718317 5 6.0 0.14397380861253262 -0.3862419641640973 -0.5302157727766299 17.9420284367632 2.541789588439572 45.793654001490324 -8.784593479523407 0.0 0.0 5.399700731910708 -0.019641982470428736 10.798732304932587 0.08050124230689082 16.198338639875097 0.1455170209956989 21.598120765286808 0.1940247325905099 26.997902890698512 0.24253244418532402 -0.0036375897130096727 0.018546241358802586 0.012040254954805539 0.008983030368132243 0.008983030368132243 0.008983030368132243 1 1 1 1 1 1 5.404036497441031 -0.25339653794317196 5.326146749112722 3.9458811603170028 10.802729053384029 -0.2514315391323063 10.752161204378975 3.9482640322927267 16.20001242422583 -0.040805329033746174 16.163362153243085 4.039030054610667 21.597265947452073 0.2891813564080797 21.56025636008714 4.409015126166646 26.997483830831328 0.2891813564080843 26.960474243466397 4.4090151261666515
1790191384.1678684 1.8819612065136144 5 6.0 0.15248272928208836 -0.3777330434945415 -0.5302157727766299 16.318193941281596 2.6033385756427356 44.26518539118764 -8.485650057180296 0.0 0.0 5.399620369738477 0.018704361646427088 10.796869096781709 0.18982659040382466 16.195361154388642 0.3156835076794673 21.594335622944104 0.4209198506714168 26.99331009149956 0.5261561936633676 0.0034640003467875063 0.03169483797487245 0.023309124432972846 0.019489445448645292 0.019489445448645292 0.019489445448645292 1 1 1 1 1 1 5.407503571542735 -0.22993429396264903 5.273139957279815 4.007936211274877 10.799556688044117 0.07454536154282208 10.70073494957568 4.313393585294895 16.195936884056035 0.2861466605537546 16.115645451995512 4.4053642180442125 21.59696261029956 0.28614666055375165 21.51667117823904 4.405364218044207 26.990777698226974 0.6560763926584641 26.911265794633064 4.735301546678148
1790191384.6670957 1.8761721649944494 5 6.0 0.15827177080125335 -0.3719440019753766 -0.5302157727766299 14.718059278827079 2.6305003038093986 42.728776693297334 -8.296517126701671 0.0 0.0 5.398942785948263 0.05983257154200448 10.794736613414429 0.27221284987437366 16.191699229105364 0.45315917048335425 21.589585727500836 0.604226541016544 26.98747222589632 0.7552939115497451 0.011081821870002846 0.039340032478365705 0.033514882213957285 0.0279790893205464 0.027979089320546394 0.027979089320546394 1 1 1 1 1 1 5.402300192229627 -0.025466648477568722 5.240261062290008 4.091345628074327 10.794522276786081 0.2786057224482517 10.65646681052417 4.396292049529895 16.196487713663895 0.2820587134156045 16.081228905034862 4.400446189969191 21.588251130368548 0.6519138994167767 21.474111339299025 4.730317031537803 26.984490617311227 0.8618317076877079 26.87370787892022 4.820281806511054
1790191385.1675801 1.8754499951183508 5 6.0 0.158993940677352 -0.3712218320992779 -0.5302157727766299 13.112105362808778 2.54075025721856 41.13070663521202 -8.366035829346243 0.0 0.0 5.399198344036603 0.0420737976575411 10.794448485182954 0.2682147242591658 16.190713288149627 0.4686682951588104 21.588452469904478 0.624910817375235 26.98619165165932 0.7811533395916626 0.0077924431312040585 0.04189029758944595 0.0371296542887283 0.028937838991967123 0.028937838991967134 0.028937838991967134 1 1 1 1 1 1 5.4021160524984255 -0.02753663167537587 5.229578498160638 4.0888490150228485 10.794158708344241 0.27601559579479606 10.64121967890463 4.393175982915272 16.196130896419863 0.2815051847788554 16.076923638728815 4.399780264191812 21.58768715544649 0.6513502768620522 21.469637249771854 4.729642103076825 26.98994892062497 0.6513502768620564 26.871899014950337 4.7296421030768165
1790191385.6672149 1.8741620579540441 5 6.0 0.16028187784165865 -0.36993389493497125 -0.5302157727766299 11.521514831102238 2.486282629970731 39.55414011639149 -8.384408222710249 0.0 0.0 5.398212285889374 0.09406853941686909 10.792090438709673 0.3497974286540978 16.188781489591605 0.5317950165463942 21.58587043644818 0.7090826351739788 26.98295938330475 0.8863702538015644 0.017424105337836802 0.047375474755288256 0.03371114591473741 0.03283694132097857 0.03283694132097857 0.03283694132097857 1 1 1 1 1 1 5.404209651528536 -0.03242893840836822 5.209095701435797 4.082948388943191 10.794495815467094 0.2784718942275027 10.655632199512075 4.3961310467271275 16.187890762024153 0.5589110438591934 16.057879841697265 4.516776271554009 21.587848591672167 0.6488625263068076 21.45389794648688 4.726663063931771 26.99995390630021 0.36901346980313693 26.860750294637075 4.606727754001631
1790191386.1674395 1.879295686799259 5 6.0 -0.3750675237801861 -0.8276454742508853 -0.4525779504706992 37.90165774245529 -8.69222178294448 48.811688201854295 -20.565352598992366 0.0 0.0 5.397733767275056 0.1311232641576142 10.791337446841391 0.38243400062673777 16.190093807206516 0.46083020677407793 21.587907663569595 0.6144712561545982 26.98572151993267 0.7681123055351051 0.02428750404168181 0.04656054114514818 0.01452013969455837 0.028455886325648685 0.028455886325648685 0.028455886325648685 1 1 1 1 1 1 5.405318716292983 -0.03166408630424299 5.213558589920718 4.083870879399929 10.792710754765041 0.2878611220157769 10.732889881325386 4.407426810665598 16.187223478095174 0.5616724121089876 16.074553375216134 4.520069240108582 21.589410507132023 0.5616724121089814 21.476740404252983 4.520069240108576 27.00895328433964 -0.04808063462832643 26.88148811744617 4.430105675835859
1790191386.666689 1.8928781548320959 5 6.0 -0.3886499918130231 -0.8412279422837221 -0.452577950470699 36.19044974399126 -9.290887239304181 46.93821239759125 -21.31110345790363 0.0 0.0 5.395559218945173 0.2097217844185147 10.78909793480026 0.42608583948077755 16.187415419752433 0.34253804136759064 21.58620676378422 0.4567834947016826 26.984998107815997 0.5710289480357933 0.038849775141584754 0.04009391928794297 -0.01547540111774464 0.021158144030923795 0.021158144030923795 0.021158144030923795 1 1 1 1 1 1 5.405017905496437 -0.026065033778790096 5.239875211425091 4.090623913736536 10.785097208319648 0.16758481132038863 10.846377350700713 4.127110634465093 16.19116208316606 0.16548544613351937 16.107382084054393 4.124599098423494 21.598717979352156 -0.13444740631268576 21.506475354067586 4.224576715905562 27.01325554213089 -0.7643063964497313 26.913396553290713 3.9546371487039726
1790191387.1670833 1.911703209000797 5 6.0 -0.4074750459817243 -0.8600529964524235 -0.4525779504706992 34.400212461798446 -10.09078978125781 44.9198029046078 -22.311191448778978 0.0 0.0 5.400540386058332 0.046990555353921194 10.79612513500071 -0.008004693738501217 16.18259332558819 -0.3895508125009491 21.58102968385918 -0.5194926675662932 26.979466042130174 -0.6494345226316507 0.008700864391632335 -0.010192286339000422 -0.07071607699919662 -0.024065629379311594 -0.024065629379311594 -0.024065629379311594 1 1 1 1 1 1 5.396585522623584 -0.3410211581089182 5.438169330904926 3.7387669230159775 10.791031651924374 -0.07991181903950086 11.070833976502044 3.870190794711304 16.183648999729254 -0.3456928141467133 16.281827290223067 3.7331257676580245 21.570053211271677 -0.9755103892783359 21.67689429210319 3.4632039497444826 26.949719696995896 -1.885246886690672 27.06907369720408 3.0733168794249135
1790191387.666888 1.9214197197735021 5 6.0 -0.41719155675442937 -0.8697695072251282 -0.4525779504706989 32.712780079129146 -10.506973160138818 43.11313614944149 -22.829010070111018 0.0 0.0 5.4001771697615455 0.016665480592896645 10.79054325896115 -0.18847998498535004 16.15552387624632 -0.8002989392754336 21.548911078902034 -1.0674589703982587 26.942298281557754 -1.3346190015210995 0.0030860890600289217 -0.038039440032624494 -0.11354882199174454 -0.04949428492422478 -0.049494284924224786 -0.049494284924224786 1 1 1 1 1 1 5.38263927395408 -0.44415717795333554 5.533239130710674 3.51297810949197 10.763358217772897 -0.4268629543791649 11.216578119419355 3.547378070112377 16.151900310995632 -0.8734509387301941 16.359691446313395 3.3214057744464753 21.51696298918464 -1.712422281365518 21.748501682824422 2.961846627602759 26.878562481785014 -2.621307902553807 27.135827696940336 2.5723242185220654
1790191388.1671157 1.9285367527782629 5 6.0 -0.42430858975919 -0.876886540229889 -0.452577950470699 31.030782344068427 -10.845137947581696 41.34317941220783 -23.24088184252523 0.0 0.0 5.399402624493069 -0.10629502046796721 10.775772459355597 -0.5209417407404379 16.110709484519106 -1.3566700109520384 21.491665202988926 -1.8097876070206036 26.872620921458747 -2.2629052030891854 -0.01968389825608515 -0.07697155044643603 -0.15538908521232098 -0.08400944841162936 -0.08400944841162931 -0.08400944841162931 1 1 1 1 1 1 5.356127173069898 -0.6674108336322917 5.672936915011244 3.440390474538667 10.756176781313163 -0.6460322899631952 11.393806555394121 3.4243274326172886 16.097341468807514 -1.515420633774973 16.48333053212518 3.068356459736346 21.456037472393874 -2.2328813962376257 21.862165095536817 2.59004928476125 26.781169209604787 -3.3489314711795117 27.24099965894845 2.111742109786157
1790191388.666045 1.9231692353069494 5 6.0 -0.4189410722878766 -0.8715190227585754 -0.4525779504706988 29.501425704500033 -10.744285783056759 39.88020827410713 -23.08449941057634 0.0 0.0 5.3957049138173145 -0.19962753426935947 10.76058395204031 -0.7551881671014852 16.08598923590032 -1.6463589751149772 21.457926933447546 -2.196163825649255 26.829864630994773 -2.745968676183533 -0.03698062215315674 -0.10318730919303055 -0.1658069353231792 -0.10199244983896266 -0.10199244983896262 -0.10199244983896262 1 1 1 1 1 1 5.340468286864051 -0.7330307391959522 5.74836527565951 3.205905671376274 10.694166062382491 -1.1520842249010275 11.400572586260186 3.0692176860054814 16.04429386324867 -2.0537488770829673 16.52486402890085 2.6417225918842306 21.379850460626002 -2.9590198594474146 21.913364797070376 2.253749313728034 26.701152858174677 -4.003563300637145 27.295756622456185 1.80608783893244
1790191389.1672947 1.904198268967838 5 6.0 -0.3999701059487652 -0.8525480564194643 -0.4525779504706991 28.088054056370805 -10.263293437329516 38.69906076795753 -22.404402800425682 0.0 0.0 5.385799923365545 -0.39956514751995525 10.732606044384598 -1.1260153091613543 16.046190654772918 -2.0823788977527196 21.40128090561788 -2.7773669590208283 26.756371156462848 -3.4723550202889384 -0.07405297298102595 -0.13503931360900334 -0.17807805574925115 -0.1290594711244468 -0.1290594711244468 -0.1290594711244468 1 1 1 1 1 1 5.3345713475973 -0.7766168393660029 5.873088414840609 3.186967317465755 10.699436081270267 -1.310308613124372 11.500101428717304 3.138211927616948 16.049036909069816 -2.0604476596693564 16.682248253780763 2.8186345688782684 21.368195824867048 -3.0322973718597486 22.073480005561354 2.4021275493681107 26.33599966524541 -6.711442710866195 27.790326534195334 4.494579480716788
1790191389.666123 1.8751722374736974 5 6.0 -0.37094407445462463 -0.8235220249253237 -0.45257795047069904 26.77662430192233 -9.47913184381445 37.735520125250154 -21.307174891311696 0.0 0.0 5.394198127531849 -0.22233265839478702 10.759856664721728 -0.7901711631276926 16.076910022422545 -1.7298764115941914 21.445920717725958 -2.30756504201512 26.814931413029363 -2.8852536724360607 -0.041193682305871664 -0.10543585148782633 -0.17492785183654241 -0.10718448991355176 -0.10718448991355181 -0.10718448991355181 1 1 1 1 1 1 5.33020023545485 -0.8270659287224965 5.776420421529802 3.3893884520978657 10.64890256097495 -1.4179732221672188 11.477319113798034 3.26938488395276 16.01854457660569 -2.2723220931000374 16.579116506865994 2.937606803824005 21.352361515797824 -3.177099821382658 21.96856272158015 2.5498449202743125 26.332076720417128 -7.372882253638273 27.647923045264804 4.856530996775045
1790191390.1675065 1.8563388386547277 5 6.0 -0.3521106756356549 -0.8046886261063539 -0.45257795047069904 25.330125334182966 -9.048104660188299 36.50982675505674 -20.667669029824232 0.0 0.0 5.392457801747026 -0.2652300199457235 10.739679243500378 -0.956819109968181 16.020878162593267 -2.083195559156747 21.375801626916374 -2.7794675543151124 26.73072509123948 -3.475739549473479 -0.04914576211508502 -0.12862214156525945 -0.21013199885197814 -0.12929923438119884 -0.1292992343811989 -0.1292992343811989 1 1 1 1 1 2 5.297649245961888 -0.9982698403678286 5.872288936553016 3.444723432865579 10.616301435294877 -1.5352960017785096 11.667589980112359 3.3938410824924814 15.9786345603083 -2.4080847672052035 16.69037926647018 3.065836996325096 21.318360348219247 -3.2212398117875876 22.112626179733226 2.8873395475143178 26.321554671803653 -6.622607864126156 26.85278441625781 -2.5369995913463135 27.605789685095743 3.2542509700697875 27.94103175683866 5.832547452892034
1790191390.6671183 1.8879872361004064 5 6.0 -0.38375907308133367 -0.8363370235520327 -0.452577950470699 23.427824983412524 -9.919199096893978 34.234248754467586 -21.886705323354693 0.0 0.0 5.338372305751832 0.7580760155927726 10.661518891147395 0.44609223915554225 15.664592848061757 -1.5275089556249213 21.03905251094628 -2.052088150815855 26.4135121738308 -2.576667346006802 0.14106193894761954 -0.05854193268859917 -0.37573674230421417 -0.09729773994400748 -0.09729773994400742 -0.09729773994400742 1 1 1 1 1 2 5.212362697286274 -1.3919319902415075 5.488522815762228 3.3199822268217996 9.792036962919596 -1.7580422144659507 11.802966660160667 3.3396594002574926 15.513992433565765 -3.070452061913751 16.08520089055145 2.781737348782732 20.55010551808598 -7.061485996759482 21.774123640198177 5.478919883304403 25.89416601904237 -7.89751305543041 26.32937246246004 -3.4387020758521407 26.96081038259728 3.030554925768119 27.225042866100864 5.737690163369217
1790191391.1676967 2.0113205153869265 5 6.0 -0.5070923523678538 -0.9596703028385527 -0.45257795047069893 20.390837185971236 -12.941760209895017 29.642923578251267 -26.14777767882889 0.0 0.0 5.343208388388288 0.46732775024211887 10.392980514654061 -0.89376907922909 14.744022836121049 -4.091171822113325 19.948705552079915 -5.530365285897463 25.153388268038796 -6.96955874968159 0.08724001235732867 -0.26327957887551956 -0.6337402575861463 -0.26977782894223273 -0.2697778289422326 -0.2697778289422326 1 1 1 1 2 3 4.39127982809507 -3.064399167256127 5.723752229181411 1.87917416590514 8.397186772440087 -3.609655608261939 12.139656053897314 1.4831161004787006 14.380002221517474 -5.407611792663452 16.064391608761134 0.6837946452736008 19.00453069989226 -8.944868379250323 20.166546163243893 -4.742569001179822 21.68036447329831 0.7319861519028497 22.39463085902822 3.315050907230583 23.88758096713197 -11.54720973722976 25.156203353726873 -6.959378306125262 26.19562085534875 -3.200440789043853 26.206281547673075 -3.1618875837404556 27.171074203024656 0.32717749621715214 27.949304742700523 3.1415614833652925
1790191391.667851 2.121966763250696 5 6.0 -0.6177386002316233 -1.0703165507023225 -0.45257795047069915 17.229489673798778 -15.306744233378346 24.96678242701675 -29.453627312382025 0.0 0.0 5.226531022337774 -0.5804710866837999 9.517469896621169 -3.6372209086908738 12.895089898866031 -7.846150835016362 17.517179769713664 -10.63833371330491 22.139269640561295 -13.430516591593456 -0.11060910529286093 -0.618981940099586 -0.8945395382600296 -0.5434253280695338 -0.5434253280695337 -0.5434253280695337 1 1 1 1 2 2 2.3839807829074475 -4.5707254531554415 5.74917722172151 0.15319801449229856 4.060980525719782 -8.01599365230907 15.99377138180604 1.559939847089535 12.719609170108267 -8.136635998157749 16.48388534676394 -1.9053740982001972 16.25177291041779 -12.733047591945114 18.79576175508069 -8.521810154061718 22.69447636661692 -2.06800318624854 24.24568907677723 0.49982451977792186 20.833590584602458 -15.591895771321235 23.625773462891 -10.969805900473613 28.527605626997563 -2.855470349429991 30.20291535397069 -0.0822164269214095
1790191392.1679006 2.1511823375152224 5 6.0 -0.6469541744961494 -1.0995321249668488 -0.4525779504706994 15.167097179379802 -15.94312147797865 22.487837566166682 -30.30998474694824 0.0 0.0 5.0644066834899935 -1.3759455149723407 8.97269019340467 -4.987505526192926 12.076588144531698 -9.404236367065343 16.348147978775692 -12.7078369153268 20.61970781301969 -16.01143746358826 -0.26528575681576405 -0.7459598901277296 -0.9582209923935028 -0.6583061937288144 -0.6583061937288146 -0.6583061937288146 1 1 1 3 2 2 1.1396831091474768 -5.623121909361589 5.591804895840208 -0.8052165972517683 2.5907847491046687 -9.472447884359465 16.66330833811422 0.4171466390155906 10.0180157853856 -12.065973122691247 12.979020721234752 -8.237389863850325 16.86381025483851 -3.2143519106189493 18.67467277758923 -0.8729042977741029 20.350944166892265 1.2945168033052652 20.448828627581488 1.4210815391347196 14.40968589592172 -15.214270926448856 17.71328644418318 -10.942711092204856 23.17646290640074 -3.878816773723578 25.28097881121915 -1.157674953390365 20.28797625317551 -16.440366804796664 22.979798922129284 -12.959836569486743 29.09757771520606 -5.049540580146009 31.299978080713696 -2.2018340239833423
1790191392.6675699 2.042953892462122 5 6.0 -0.538725729443049 -0.9913036799137482 -0.45257795047069926 15.210728062971594 -14.191511550223716 24.04050443419201 -27.68354806196788 0.0 0.0 4.508629415072157 -2.950744369891423 8.119935349088093 -6.94799586200271 11.836993534902074 -10.664039816356603 15.8473913781461 -14.280213089155303 19.85778922139012 -17.896386361954015 -0.5795083147123884 -0.83607991923055 -0.7852617154602791 -0.7337531961059022 -0.7337531961059022 -0.7337531961059022 1 1 1 2 2 2 1.2866452086756943 -5.861637193830165 6.747919010697393 -0.9276643058471529 4.333327379844554 -10.735637321962884 16.14039924526806 1.0746570843897711 10.262706719383825 -12.409950748527061 13.584228836621161 -8.726326062880693 19.02857859733477 -2.6884493099966353 21.359001373138373 -0.10397069990605409 14.855158913577014 -15.380615817596706 18.444545717688325 -11.399924625043383 25.529566685505046 -3.542515517354163 27.993921804745646 -0.8095036538100945 20.920866885577084 -16.717415098678046 23.706659629066454 -13.62792342684561 30.965792643351268 -5.577421089666866 32.14439726559678 -4.27032845927622
1790191393.1688275 1.8630312481701086 5 6.0 -0.35880308515103576 -0.8113810356217349 -0.45257795047069915 15.870102597469623 -11.142360924211236 26.971791356440278 -22.83648366595397 0.0 0.0 4.56505324484211 -2.942302909124532 8.799624238219447 -6.290877779775347 13.174047622137893 -9.374869505062353 17.57350625507901 -12.506125441110997 21.972964888020126 -15.637381377159642 -0.5725185810218127 -0.6690879591578239 -0.614077341296951 -0.6185595542386312 -0.6185595542386314 -0.6185595542386314 1 2 2 2 2 2 0.8850064515346119 -7.596049654283166 9.568798372389066 3.385378207124604 10.970610496755576 5.158094419037572 11.02023216487475 5.220845435388475 7.24182000037319 -8.500512530000796 9.75407237762237 -4.937060833540489 13.591595504337864 0.5061933633461222 15.504595020958797 3.2196474074397403 12.361348998491703 -10.516722502326916 15.098298631482368 -6.671269771311711 20.056120530226046 0.2945397308450582 22.07404102234628 3.1297464054071034 17.331031310586933 -12.846806148662408 20.253536850899 -8.740644757917353 26.591430810345603 0.16418540098012888 28.794907209787237 3.2601007352720246 22.1789425585025 -15.34797985294559 25.356587471381488 -10.883344055072014 32.00180840232916 -1.5467151784969777 32.58167061270854 -0.732000616841206
1790191393.6669004 1.6847332516491125 5 6.0 -0.18050508863003967 -0.6330830391007388 -0.45257795047069915 15.962842726755863 -8.033010977122665 28.96254506553542 -17.572808621891095 0.0 0.0 4.621972830789817 -2.8651294481112273 9.419022778175993 -5.337574286705298 14.368855593728618 -7.495873128207847 19.156977051238144 -9.992649631649204 23.94509850874767 -12.489426135090563 -0.554918565767376 -0.4758990311113612 -0.4111798846472381 -0.4806617227938238 -0.4806617227938237 -0.4806617227938237 1 1 2 2 2 2 2.7083789913590044 -6.5778938679556695 9.168121464768937 5.955331063291021 8.753270593171765 -6.864407341049911 10.368022827271258 -3.1611418600898116 13.26978055488569 3.493736207180089 14.56477987134172 6.463681790920382 13.97952444850587 -8.242501754337729 16.050924214323892 -4.27013432292241 20.43415407592095 4.135678902483193 22.172650307946785 7.4696301395639 19.195723748979386 -9.918344264466063 21.39658600016103 -5.697703868587298 26.847881366008004 4.756361313641833 28.58637759803384 8.090312550722542 24.282460564089273 -11.842459739057842 26.686763863699472 -7.231676113307938 32.27676903529319 3.4883958165606077 32.70214577291653 4.304149842654825
1790191394.168473 1.5063415566265292 5 6.0 -0.0021133936074564405 -0.45469134407815565 -0.4525779504706992 15.47955859268902 -4.998045211921435 29.965768943514007 -12.079691183844277 0.0 0.0 4.966256370049322 -2.180482236025054 10.02813955365104 -4.019244066818225 15.281769476390071 -5.267948093006399 20.38713742113422 -7.027271300600429 25.492505365878362 -8.78659450819446 -0.41371868236867193 -0.3484354385950519 -0.2333540141937238 -0.3318584011532599 -0.33185840115326004 -0.33185840115326004 1 2 2 2 2 2 4.184800661151183 -4.33173284682044 5.53685428219649 -0.6096969783986701 7.797105537580329 5.612494296589253 8.957959656659638 8.808181658365523 9.77470752082576 -5.085500027484783 10.70892490192995 -1.1549990562544263 12.46405112039055 6.229283709002626 13.22252463772267 9.420383507427266 15.039946497215135 -5.969692537036458 16.447405063290358 -1.8853981812411418 19.767313116139093 7.748620218192728 21.00535537333489 11.341286549679342 20.396459194280244 -7.000220511068142 21.895141926675155 -2.651203372952769 25.902489232861555 8.977690278964454 27.140531490057352 12.570356610451068 25.612877635925823 -8.437287043662804 27.18975251088047 -3.8613646635587866 31.685800708065216 9.185686750787363 32.45469010990261 11.416921630342214
1790191394.6694746 1.3271997967540927 5 6.0 0.17702836626498009 -0.27554958420571896 -0.45257795047069904 14.47335306642529 -2.0629096204068085 29.98958434741702 -6.450000551168761 0.0 0.0 5.15323644304654 -1.6004784016604967 10.497240833874717 -2.29765600892575 15.884312997130333 -2.609145232852463 21.212917859833393 -3.484342477579224 26.541522722536456 -4.359539722306 -0.3011322944756705 -0.12972711079846974 -0.05775730696259622 -0.16279163841258532 -0.1627916384125854 -0.1627916384125854 2 2 2 2 2 2 5.0050584335885935 -2.736292181270587 5.506989012488172 1.1111050810309762 6.491445637597916 8.657160020751297 6.957154422143916 12.22691005793831 10.46595886848341 -2.8386641466938545 10.703786693124638 1.2744657960415333 11.22273624252381 10.249475064291822 11.430546963084101 13.843472101633427 15.783200881858198 -3.2247624692681534 16.496324562746672 1.1170637151565619 18.382860845824368 12.603167530316489 19.018189216070468 16.471339949167596 21.156687730616714 -3.826697463017944 21.889260239165786 0.6335421628001683 24.08535702917462 14.004393253471735 24.616958318564212 17.24102731822471 26.497759866607574 -4.625988192423404 27.24978120281724 -0.04733512521187852 29.0925576236586 11.172338446812885 29.889959557742987 16.027289543942334
1790191395.1677785 1.1613555947124667 5 6.0 0.34287256830660606 -0.10970538216409309 -0.45257795047069915 12.955327215513273 0.4037835089691265 28.982908533861213 -1.3616164694335422 0.0 0.0 5.357389395372981 -0.5140403205365036 10.747673890086777 -0.2235769647152248 16.131106459728525 0.0859654907856753 21.53103212017894 0.11430030345734617 26.93095778062936 0.14263511612900373 -0.0956569439858615 0.053834394181981826 0.057435845227121925 0.005247211610537365 0.005247211610537362 0.005247211610537362 2 2 2 2 2 1 5.370531038759418 -0.7579168549126089 5.157449795892592 3.1963462096720283 4.665102984723033 12.333090411931998 4.458478749215807 16.167527323044382 10.761398557925713 -0.46227063189598283 10.511115934285097 3.8905397945186055 9.92731449336191 14.04376961943521 9.743620824634847 17.238492868179872 16.13397269399121 -0.4602689990368245 16.111304843853876 3.8596715293235073 16.047813874719214 15.959504953666107 16.036899724653093 18.039476319172927 21.535148943945885 -0.6702661080543411 21.51185143130474 3.769672768315997 21.44678630591054 16.169502062683627 21.436501818348233 18.12947508018044 26.943776200195703 -2.3002436685236294 26.83935716831308 17.599482376469574
1790191395.6680193 1.0639339485943027 5 6.0 0.4402942144247702 -0.012283736045928917 -0.4525779504706991 11.210152223929732 1.6811469188084274 27.33345122037117 1.4830826076603951 0.0 0.0 5.387356372029442 0.1518235362485266 10.74897229686636 0.7942420670461353 16.122429724969003 1.307566908871432 21.504771457759997 1.743912496057094 26.887113190551 2.1802580832427587 0.02817399712277575 0.11924958553813482 0.0952406941034575 0.08089293223547281 0.08089293223547281 0.08089293223547281 2 2 2 2 2 1 5.328582028496848 0.64235337178263 4.838437347036106 4.733093914916081 3.596420241587057 15.098951019361035 3.2871056367817397 17.680486313571468 10.72224153790513 1.0740582450208462 10.307619600333183 5.414298866102138 9.21685959484002 16.832317197249466 9.064704755364074 18.425066049022423 16.107680622016204 1.4894977331433188 15.745675394128833 5.954847911458814 14.684709179360729 19.04191216174507 14.655619473548352 19.400734943931134 21.52539682207605 1.4894977331433195 21.163391594188685 5.954847911458817 20.560588245965526 13.390453342314526 20.269691187841754 16.978681164175185 27.07724888782632 -0.16507398471466142 25.630844071044205 17.676392129536982
1790191396.1678863 1.0745976963817783 5 6.0 -0.02294748383340465 -0.8424938583066226 -0.819546374473218 25.691607357966124 1.066110324831576 63.30852402077221 -41.11169877881321 0.0 0.0 5.357440712480929 0.6797902450186711 10.723314507834317 1.2550007339553562 16.11788220317395 1.4633926624634461 21.495762694888395 1.951656337988464 26.873643186602845 2.4399200135134675 0.12621265245607105 0.1067901064113168 0.03861076062414022 0.09054286034407752 0.09054286034407752 0.09054286034407752 3 2 2 2 1 1 5.3071603786376915 1.1488323278391537 4.842439979692787 5.483994948872476 3.6944953245009127 16.19264206550754 3.481320829572061 18.181248772403553 10.713311168084832 1.5139536302810765 10.541921982559167 5.950644485759391 10.03624668292262 19.040881018814762 10.02235026247459 19.400612709799496 16.080961579073456 1.8700473329720775 15.675883566786043 6.33169633350554 14.879290422086903 15.105608765358184 14.644200504241523 17.69495863173922 21.626142176945166 0.5156181720958434 20.070931951198833 17.645163442001113 27.084520343612425 0.11725665419107463 25.863861154799896 13.561957883477188
1790191396.6676526 1.1620160141765785 5 6.0 -0.11036580162820482 -0.9299121761014228 -0.819546374473218 24.035986843214737 -1.3582775634052962 57.82684270306508 -46.65924952051475 0.0 0.0 5.3625098492647885 0.6116573030458644 10.74469276678202 0.6603248318267233 16.08192116537806 -0.11415106946045797 21.48178435653044 -0.15258955066918498 26.881647547682817 -0.19102803187791195 0.11357093313803793 0.009042093733311732 -0.14410244622179502 -0.007118297374931082 -0.007118297374931084 -0.007118297374931084 2 2 2 2 1 1 5.363798329437672 0.46916319763769404 5.324375337965968 4.82898496323126 5.219307640511563 16.448509944010446 5.203032093573701 18.248436360998625 10.732241160012135 0.5745157457726293 11.381332310635848 5.047666836243644 12.811630509797844 14.90443339843197 13.207978203541527 17.6358265421709 16.08671634632853 0.5594791129801763 16.118606049257252 5.039365612306592 16.171423369732945 12.459177626815977 16.200465777757312 16.53907426013111 21.472901413610973 -1.4004712304751425 21.6081479215676 17.599047405061018 26.868767283568204 -2.0004560294920624 26.952762483246527 9.799245017840914
1790191397.1676629 1.2307215729534335 5 6.0 -0.17907136040505983 -0.9986177348782779 -0.8195463744732181 22.23550592044207 -3.209270264742777 52.83665857112876 -50.723157250016584 0.0 0.0 5.401035037865223 -0.038604547943274406 10.775668343697602 -0.14384091189183293 16.072293192193587 -1.172393670099679 21.45800047461695 -1.5650220797339924 26.84370775704031 -1.9576504893683069 -0.00714749863256488 -0.019577692543393307 -0.1918030453192132 -0.0727731814247977 -0.0727731814247977 -0.0727731814247977 2 2 2 1 1 1 5.388599660566908 -0.6737043413072521 5.475519062712295 3.765444790849791 5.718266942577776 16.16306849327038 5.75663676875006 18.122692884943316 10.6332529180576 -0.8772219428933842 11.51777233724301 3.6776902842613626 13.273467132651975 12.718798390316394 14.043609040735822 16.68471334671838 15.964860499716325 -2.6460543121913855 17.440852484082363 17.60021565691866 21.313753079373082 -3.5436721925952854 22.85518313201151 17.600215656918653 26.82842209865322 -2.167324775975973 27.2821260386751 4.056159194824345
1790191397.667249 1.2028444805919833 5 6.0 -0.1511942680436097 -0.9707406425168277 -0.819546374473218 20.698013146738212 -2.6460624557493317 52.611653460014935 -49.28852767742044 0.0 0.0 5.361142031498288 -0.5981437346460637 10.740498327900493 -0.9019666428961469 16.099087963311696 -1.4543966313629741 21.477189964589527 -1.9402143583464575 26.85529196586736 -2.426032085329939 -0.11111069700551299 -0.056419476802298474 -0.10272951053659234 -0.09008805326328068 -0.09008805326328063 -0.09008805326328063 2 2 2 1 1 1 5.357038177408959 -0.6708047905950287 5.609663359409489 3.802066828110245 6.373741755861979 17.330506657006797 6.4481759612728515 18.648406330375327 10.70775932694068 -1.2195360632382002 11.183586295960266 3.3960016839320706 11.98449332786608 11.164827073026856 12.480830080033055 15.979310412747587 15.935249044508895 -3.2681271071356357 17.824540205000208 17.64671400894481 21.533570046880154 -1.316075269634799 22.116551319260335 5.1376471318986 26.79541729019249 -3.088857040426375 27.32082016530055 2.7274606794740888
1790191398.1692934 1.1232594052135658 5 6.0 -0.07160919266519217 -0.89115556713841 -0.8195463744732179 19.214262379787577 -1.001058406930602 54.735015774329085 -44.95872074564202 0.0 0.0 5.382642652400546 -0.07278780466600691 10.760404999622134 0.399487300368771 16.154068746520384 0.5112190693082718 21.5513744472448 0.6817804158313336 26.94868014796921 0.8523417623544071 -0.013521865209657384 0.08759527562737604 0.020712412922106335 0.031590688714223415 0.031590688714223415 0.031590688714223415 2 2 1 2 1 1 5.396106984050795 -0.22610517203791175 4.993683804855701 4.3562583649205475 4.067235659708728 14.90565615978798 3.8292810841846703 17.615227642511247 10.803977980016136 -1.7039252467169606 10.404256992370373 17.59193501220997 16.243185727725514 -2.308831314292201 15.750452948881106 13.283385154467208 15.568204991577751 19.05050624579681 15.55683423514288 19.410326625845112 21.5985032201655 -0.8095797307576448 21.40899061291765 5.1874266033805885 27.039101385867028 -2.008980997585297 26.862222952435697 3.5882249142770544
1790191398.6678267 1.0747438469707675 5 6.0 -0.023093634422393892 -0.842640008895612 -0.8195463744732181 17.620691549160643 -0.06543730194238541 55.231443498597336 -42.24874368963495 0.0 0.0 5.391218134798446 0.19259786516949134 10.774318829904239 0.5204988994986112 16.170049695111953 0.3656330886547716 21.56866800646119 0.4877818846565107 26.96728631781043 0.6099306806582497 0.0357091829613114 0.06083787123706078 -0.028693667395078164 0.022622076864523333 0.022622076864523347 0.022622076864523347 2 2 1 1 1 1 5.379667556524865 0.3822219267727084 5.102417965747865 4.933785687109806 4.6543193946894235 12.290150799759893 4.398957929500076 16.482380579017754 10.727584713028234 -1.1077799020787777 11.166537584794545 14.185922081952702 16.158984944633396 0.8546625879157652 16.0214544483944 6.933106908842323 21.58751116379419 -0.3450303701618284 21.459028726518294 5.333516298072176 27.006084518095587 -1.1048359102776546 26.879411692612305 4.493731227417847
1790191399.1675093 1.0860425034343906 5 6.0 -0.03439229088601689 -0.8539386653592349 -0.819546374473218 15.990417817936356 -0.35262561932167663 53.12216455872904 -42.958181407007764 0.0 0.0 5.38192373557626 0.42282559586607377 10.757176809896412 0.738745224152202 16.128717706724593 0.266083705922102 21.52798331535766 0.3551392359703488 26.92724892399073 0.44419476601858227 0.0784029815034914 0.058705445025841324 -0.08776759640256965 0.01649251248230421 0.01649251248230421 0.01649251248230421 2 1 1 1 1 1 5.467471114635536 -1.0327307264272416 4.370309742688034 17.635055348089093 10.80636182610752 1.2977061632157942 11.353328767897985 7.51368775622171 16.128368744869515 0.2872405924379538 16.03403585007767 6.006462681582619 21.54592483624631 -0.7326206891927415 21.454230623826266 4.826623159696125 26.958203562879493 -1.432525490311837 26.85991264452996 4.526663959216512
1790191399.6681776 1.140672306138248 5 6.0 -0.0890220935898743 -0.9085684680630923 -0.819546374473218 14.329007844172645 -1.323463277091527 49.07898452775875 -45.892949705479076 0.0 0.0 5.376666133114495 0.4801690756539416 10.725491487382195 0.2348173674310025 15.991170593494163 -0.9605608105369754 21.38147242818075 -1.2840513528629915 26.77177426286734 -1.6075418951890068 0.08906980566374244 -0.04583807273303388 -0.22322971916265755 -0.059941544420791526 -0.05994154442079159 -0.05994154442079159 2 1 1 1 1 1 5.2757796182677446 -1.7192219635381332 6.0226785845178155 14.563656833966157 10.645868133582612 -0.11592605267540067 11.912163759087264 5.462146678011044 15.98675586317619 -1.0341231742508807 16.32222753669947 4.5558194691278 21.34195733036281 -1.9424888537999285 21.68461768260444 3.767238274794022 26.683380496672576 -3.080441463344871 27.054795563787636 3.108423606110096
1790191400.1680038 1.2066849270641513 5 6.0 -0.15503471451577766 -0.9745810889889955 -0.8195463744732179 12.583918656015173 -2.419940924650026 44.31819617128921 -49.184624507280766 0.0 0.0 5.389953942657541 -0.08798095276277146 10.666930967661273 -1.075388667477967 15.822089237830077 -2.6629958448657303 21.1471942308616 -3.5592418006115563 26.47229922389313 -4.4554877563573925 -0.016321686776148862 -0.18497712715144812 -0.2987478187421797 -0.1667430663971242 -0.16674306639712427 -0.16674306639712427 1 1 1 1 1 1 5.383037569374354 -0.12494394420777102 6.5895793434615655 6.323145458660528 10.457457051906802 -1.755576565697925 12.140988735144582 3.711060524098198 15.768838839008614 -2.979386633384435 16.711556807274597 2.6218349148413167 21.04064229561398 -4.192327215130493 22.043109994263023 1.7639013326306852 26.350619191075193 -5.178457769395591 27.419475479038738 1.1722230000716223
1790191400.6675117 1.218696455079288 5 6.0 -0.16704624253091438 -0.9865926170041324 -0.819546374473218 10.95037358040045 -2.637617812892566 42.12066006312219 -49.7800959041539 0.0 0.0 5.353959723440677 -0.6084272630205987 10.560236743295478 -2.004178867751314 15.708633761475971 -3.59823048707488 20.97232060902953 -4.803884156621684 26.236007456583096 -6.0095378261685 -0.11315517642308341 -0.2619309015086719 -0.3002598237158111 -0.22516704968260742 -0.2251670496826075 -0.2251670496826075 1 1 1 1 1 1 5.3134758353520795 -0.7594357487107916 6.908583659523143 5.190457614137671 10.427534521802954 -2.4327746002583615 12.11932985994992 3.031310733429621 15.72280589949311 -3.5363572490408166 16.999905712420464 2.039251782071473 20.992493409855065 -4.715813005622263 22.38569320577582 1.3666695737729675 26.219759772584815 -6.080472558691704 27.702267247731264 0.39191275015192895
1790191401.168739 1.1788757839977455 5 6.0 -0.12722557144937188 -0.9467719459225898 -0.819546374473218 9.434862678366509 -2.2352717508435367 42.4571883186924 -48.09948448042471 0.0 0.0 5.348252069361122 -0.7044787313556938 10.608153073677661 -1.9205893420311044 15.855727832257152 -3.184006192322954 21.150051786409364 -4.2470837381727895 26.444375740561576 -5.310161284022626 -0.1309673264673662 -0.22721167804278342 -0.23626540143233382 -0.19816054995476048 -0.19816054995476043 -0.19816054995476043 3 1 1 1 1 1 5.092685473851922 -1.8098510392595242 6.43524547663014 3.9969667328890255 10.335216829143613 -3.054224172995642 11.65539091684757 2.429090552437781 15.581759893456509 -4.548417496770586 16.778706463598546 1.4125991034600531 20.892679047726208 -5.52884785865062 22.16837210274602 0.8243408863320286 26.014606638289283 -7.450491367935494 27.43204336608907 -0.391392762399227
1790191401.6680734 1.1112226048290443 5 6.0 -0.05957239228067069 -0.8791187667538887 -0.819546374473218 7.958031282795545 -1.559972637749601 44.005308334377794 -45.086904727738116 0.0 0.0 5.348294966418549 -0.7111417850439825 10.62212637897039 -1.866266911883339 15.859518640059418 -3.1814396946409707 21.15405984613389 -4.243434712133756 26.44860105220836 -5.3054297296265425 -0.13219067076782337 -0.21562450532471417 -0.24602510963937896 -0.19795608454002525 -0.1979560845400253 -0.1979560845400253 1 1 1 1 1 2 4.568180248226783 -4.272828229741944 6.707755384406209 5.495601441225789 9.794851465658022 -5.160711022633881 12.327778686301341 4.926125929301247 15.140988715422091 -6.763646984813823 17.402644771193764 4.511764842937359 20.333882889507297 -8.33239993476183 22.851204412453146 4.217623664822115 25.4166442469636 -10.450216417191593 26.03024136818166 -7.391148164793016 27.261368925497372 -1.2534022481215044 28.07949842045478 2.8253554217432693
1790191402.1676848 1.0577875176250644 5 6.0 -0.0061373050766907475 -0.8256836795499088 -0.8195463744732181 6.410424376683264 -1.1355303519989643 44.731009349316004 -42.67506293669753 0.0 0.0 5.384396707606335 -0.29631155745049953 10.672375952162634 -1.3054213997900848 15.688645368762705 -3.241386180425761 20.976789788278413 -4.3347884844040045 26.264934207794116 -5.428190788382249 -0.054976071129761196 -0.18856377450090822 -0.3683247685317647 -0.20389166561784902 -0.20389166561784908 -0.20389166561784908 1 1 1 1 1 3 4.698476561131663 -3.8906987547567056 6.55421494056588 5.833818460359678 9.398318858531507 -4.606624860570879 13.46691844973783 5.935504780371499 15.15954102949719 -5.800352947596726 17.5690757364122 5.85315049541011 20.41053611449078 -7.073424752294958 23.083297301993145 5.853150495410107 25.297063764824944 -10.109211363498396 25.783020344370836 -7.758924954824759 27.408950066768114 0.10474165419581097 27.41704934309388 0.14391309434037416 27.92527893253562 2.601920963411561 28.540823933293733 5.578950414398178
1790191402.6688004 1.0408378639995761 5 6.0 0.010812348548797573 -0.8087340259244203 -0.8195463744732179 4.815156120494226 -1.0350591543949863 43.83428362687159 -41.91913537779846 0.0 0.0 5.378371005104201 -0.3037579236001617 10.585142091697636 -1.5893221478678947 15.461870841010759 -3.8966169491302205 20.698287498593725 -5.215685024775905 25.9347041561767 -6.534753100421603 -0.0564177464853973 -0.24206114710565138 -0.4419161387485879 -0.24676874070718333 -0.2467687407071834 -0.2467687407071834 1 1 1 1 3 2 4.470440910951053 -3.9810414646674546 7.035275749792446 6.407010434002744 8.973978778334383 -4.994698195097948 14.448184369221691 6.575655003862667 14.971752625345022 -5.842280888757164 18.07400532177099 6.472995324447234 20.064116100664283 -7.733209126217678 20.6992229519011 -5.211971476270327 21.793560910955296 -0.8676850640533394 21.8033317855897 -0.8288967925156847 22.54103282048785 2.0996177085770142 23.449724161488213 5.706926961578606 24.939077615367868 -10.487176405390946 25.5937262158735 -7.888362212368283 28.405295391925698 3.2729629225909713 29.1869653626787 6.3760246456031
1790191403.1679745 1.0422681370556064 5 6.0 0.009382075492767266 -0.8101642989804507 -0.819546374473218 3.1857877391611287 -1.110077145972645 42.14639996249509 -42.04991953920861 0.0 0.0 5.358633693088555 -0.3391673926338419 10.393922100747037 -2.090515696599513 14.854690635455995 -5.123919768103918 19.96025814909995 -6.882663741405178 25.065825662743897 -8.641407714706427 -0.06320931538768285 -0.3347268523692276 -0.5971891464978012 -0.3317449474360156 -0.33174494743601546 -0.33174494743601546 1 1 1 1 2 2 3.9735891063249587 -4.321298723123055 7.751467839324638 6.540452161460369 8.055751786203837 -5.528909106130394 16.378092941881448 6.709499192685052 14.38765699245866 -6.4797008434984225 18.979932922745284 6.8515032199052355 19.144787625629235 -9.249943957383008 19.91342388062756 -7.018621858827496 23.541647558882378 3.5139748267268813 24.570838476592012 6.501677297674079 24.068021856278257 -11.537994583867883 24.914824510089982 -9.07975837359488 29.253059644233087 3.5139748267268773 30.282250561942707 6.5016772976740835
1790191403.6666079 1.0487807789623447 5 6.0 0.0028694335860289795 -0.8166769408871891 -0.8195463744732181 1.558722581305137 -1.1734858554086374 40.25188391160215 -42.36619475234339 0.0 0.0 5.334181893421066 -0.5164042014634772 10.245169612286551 -2.5778932495335427 14.525972302698188 -5.865884569746407 19.534401203512385 -7.88470599461018 24.5428301043266 -9.90352741947398 -0.09650963047159866 -0.39743311005098203 -0.6549711319698271 -0.3831628319220505 -0.38316283192205025 -0.38316283192205025 1 1 1 3 2 2 3.4644987099963998 -4.970461893675754 8.186542867236842 6.278640247254044 7.706255850032086 -5.883433868624472 17.4524374395373 6.805614339353527 13.677635575624713 -7.970495769711068 14.559935309454067 -5.781626842688566 17.06476929956283 0.43253494165499157 17.079723532339603 0.4696344149943449 18.096611361159873 2.992398602071138 19.33781268163168 6.0716548892383795 18.48293282269911 -10.493259956787849 19.45495795318908 -8.081794189729171 24.101985788569955 3.446867150478355 25.238507479604376 6.266427124270056 23.24336737144319 -13.127322563882723 24.2453009674867 -10.641657850145307 29.95781788821235 3.5303409654919315 31.13920227757708 6.461199359301718
1790191404.1692297 1.0020633736431308 5 6.0 0.04958683890524292 -0.7699595355679751 -0.8195463744732181 -0.015170899927236014 -1.1427184116266467 40.559490430836206 -40.483496974001966 0.0 0.0 5.127756358545154 -1.5986700440698418 9.626748579811807 -4.503127509116307 13.82084339065865 -7.826221495538427 18.519102053279163 -10.488244323973827 23.21736071589969 -13.150267152409251 -0.30221780064488624 -0.5732614334693518 -0.6700446566454846 -0.5154968468819716 -0.5154968468819717 -0.5154968468819717 1 1 4 2 2 2 2.623762148099065 -5.477346392567669 10.705149318330268 7.040687854262886 8.278129617116505 -6.205226762511153 10.265396782760073 -3.697086173876822 12.022886182376098 -1.4789493408033278 12.04772702194665 -1.4475975834454096 12.761901159599804 -0.5462345594049381 13.109672913587426 -0.10730995639393161 14.736747905458095 1.9462301505504331 18.835486434597946 7.11927011460875 13.27262518708836 -8.79378304174957 14.376871693698606 -6.844875744662538 19.986838321031012 3.0562693628599558 22.205190678060518 6.971484915043724 18.133379588205035 -11.169013810074407 19.415094283377627 -8.90688926881266 26.341283309214205 3.31728373300554 28.608932385288814 7.319504075237833 22.84131416028187 -13.81395942754964 24.16246623069056 -11.4822310542491 32.14360504409229 2.603844454607597 32.65629092216132 3.508694271112305
1790191404.6674623 0.8486140766918369 5 6.0 0.20303613585653685 -0.6165102386166812 -0.8195463744732181 -1.4765998472008857 -1.0204789347877976 44.63445020566526 -33.69724534491585 0.0 0.0 5.0423787211779 -1.790555125933523 9.657139077309312 -4.593835334752538 14.476347060081102 -6.975467991870984 19.341774842098545 -9.31803335872262 24.207202624116007 -11.660598725574275 -0.34121213914475584 -0.5458864109522882 -0.4589935292731888 -0.44871533349264886 -0.448715333492649 -0.448715333492649 1 1 2 2 2 2 3.3970834449153733 -4.499040489309051 11.496227187494362 8.833771316047077 9.0170207441923 -5.889107874644763 10.044887537628044 -3.809230509281093 14.360155885931569 4.922668429788788 16.442472234702265 9.136213092378986 14.131227374284267 -7.692269721785494 15.207072209430933 -5.457776962636727 20.77717208172263 6.111129096826976 22.269472982087386 9.210586795001051 19.083393721259636 -9.8546820693488 20.159238556406326 -7.620189310200052 27.022087464479085 6.633712080821453 28.44497902064084 9.589008955824625 24.074602824349203 -11.936003953878483 25.202504667648135 -9.593390577351558 32.486147724951685 5.534485804143419 32.79848977386523 6.183209508412423
1790191405.1690447 0.6896537342846103 5 6.0 0.3619964782637633 -0.4575498962094547 -0.819546374473218 -2.948917264182351 -1.1404644499867749 47.75324476675842 -26.10625635387455 0.0 0.0 5.207970208679277 -1.2349714085884922 10.174989438125754 -3.338915758340763 15.289405803681596 -5.071115364095345 20.41522796507961 -6.769922936989061 25.541050126477618 -8.468730509882779 -0.2328305151495501 -0.4006697287396743 -0.3265634186785865 -0.32002890167714043 -0.3200289016771406 -0.3200289016771406 1 2 2 2 2 2 4.471174499173775 -2.974408317990782 5.610077037739094 -0.28567236820890013 8.648450590966467 6.887359497818773 10.63762968229631 11.583439410109046 9.812256473680511 -4.409905154437063 10.479499610989846 -2.4398324157511047 14.187831662574398 8.509225689638178 15.631386526945542 12.771402287756848 15.107751769533857 -5.6192211583000296 15.799858558490557 -3.530923240693435 20.094066589971884 9.42601611172932 21.509739567383324 13.697534579560992 20.321558320525998 -7.0525529108391085 21.051416388880334 -4.850347834090333 26.317719864850847 11.039700866243507 27.607555244270152 14.931528803601253 25.507051411969893 -8.57131503273481 26.236909480324233 -6.369109955986034 32.09779560680755 11.314976500837108 32.6388972781737 12.94764578187499
1790191405.669228 0.5380302468120761 5 6.0 0.5136199657362975 -0.30592640873692045 -0.819546374473218 -4.397845773723226 -1.4702487396033395 49.493531577068204 -18.491395799499276 0.0 0.0 5.1558883825564585 -1.6367298729238333 10.423114311460651 -2.768900781359495 15.789938527787518 -3.366229723373825 21.071318888054677 -4.491850214562718 26.35269924832184 -5.617470705751609 -0.30738688551828625 -0.21172486540788582 -0.11084406157936735 -0.20998807734801203 -0.20998807734801186 -0.20998807734801186 1 2 2 2 3 2 5.096482143343014 -1.9131069474382296 5.51677526454596 0.04223284202791186 7.68128483874118 10.112232757778514 8.77404695386886 15.196116210390478 10.425603422066208 -2.7465368573380786 10.655687243381507 -0.6793016420882654 12.000792660301675 11.406073462449122 12.487508436160942 15.779071033169895 15.723784510142822 -3.6766225531742824 16.165694777054004 -1.6031917450693878 19.457092472585956 13.839955641711814 20.270040605111287 17.65428590190475 20.99284597399755 -4.860042967234134 21.459770029601827 -2.669248151123314 24.90750390446558 13.507424285694992 24.924179763594307 13.585666957698944 25.3473296889857 15.571074759799368 25.83926753328306 17.879233583916125 26.31193501523848 -5.808735365282131 26.78719700040711 -3.5788192131693286 31.10207554996454 16.666472167854778 31.460606521232105 18.348689615939875
1790191406.1691525 0.3646298447429845 5 6.0 0.6870203678053891 -0.13252600666782877 -0.8195463744732179 -5.739523957693415 -2.11503331373046 50.280391842417295 -9.58290006056694 0.0 0.0 5.3497016604997025 -0.6788595780978564 10.744685684453113 -0.7235618800963876 16.136917301909595 -0.6065279519623277 21.53310534240136 -0.8093939955816719 26.929293382893096 -1.0122600392010055 -0.1262220933386467 -0.008285711099953866 0.021700765940051235 -0.03757662828306804 -0.03757662828306804 -0.03757662828306804 2 2 2 2 2 1 5.350100996812739 -0.6306649005826962 5.36634080474854 1.3292678198539554 5.468005316673227 13.598846636056864 5.501147781848357 17.598709330825532 10.745357875242544 -0.7545324583337706 10.697619937197715 1.4449495464280866 10.3918801430834 15.53163202238015 10.341538317508858 17.851085772856287 16.117112619797222 -1.1333277399103094 16.201264460113403 1.1050910028121903 16.82827080604057 17.78330922425801 16.868844014764445 18.86254683235636 21.498386600625594 -1.7329041888538366 21.582538440941747 0.5055145538686727 22.287310103589697 19.252271524169647 22.296326372195 19.492102103747065 26.881914648605292 -2.272522992903018 26.969071911789893 0.045839276345293965
1790191406.6681545 0.26360927017328234 5 6.0 0.7880409423750914 -0.03150543209812673 -0.8195463744732181 -7.155550903862345 -2.6165483726507204 49.33188760383433 -4.396798590790451 0.0 0.0 5.395061027132844 0.10879725140522707 10.779332870739827 0.520434910503821 16.169483694262592 0.7711541284085142 21.56335468753383 1.0283616476361437 26.95722568080504 1.2855691668637805 0.02016335055885169 0.07630344079589915 0.04648082089999652 0.04764905068759076 0.047649050687590795 0.047649050687590795 1 1 1 1 1 1 5.327024628744337 0.9987218151241772 5.168467435476646 3.0726696487166856 10.758545848831233 0.967329983787959 10.660041986517989 3.085040301350155 16.17018654727493 0.7564146741066959 16.06349305781753 2.9938722713155057 21.576322518338486 0.7564146741067009 21.469629028881116 2.9938722713155035 26.996747796025822 0.4567551744805178 26.890054306568423 2.6942127716893274
1790191407.167808 0.292422989922733 5 6.0 0.7592272226256406 -0.0603191518475773 -0.8195463744732179 -8.881640191395233 -2.501498576537883 47.531062609656445 -5.908397853037795 0.0 0.0 5.322440547896525 0.8903043298921662 10.70721255876885 1.1523259064192826 16.09581539556986 0.8370437237606042 21.488525867610356 1.117532163352631 26.88123633965085 1.39802060294466 0.16573924741122809 0.048621383977467444 -0.05844244966228661 0.051965688778926225 0.05196568877892619 0.05196568877892619 1 1 1 1 1 1 5.318796421915823 0.9651942982876088 5.215759696222573 3.08268891059679 10.69970695016207 1.024044810769124 10.82119805867439 3.100493680968546 16.08569755077846 1.0315708409579392 15.9776575592319 3.108763022780946 21.507540777280784 0.751948816481762 21.391190017153733 2.9889250122911495 26.930422849855663 0.45235379025729355 26.81407208972861 2.6893299860666793
1790191407.667621 0.40184042842981316 5 6.0 0.6498097841185605 -0.16973659035465738 -0.8195463744732179 -10.761246684928881 -1.683867801078106 44.94207067354345 -11.2306177853039 0.0 0.0 5.387480013186479 0.2286129471001586 10.756267298279521 -0.22055139220716077 16.076016656666667 -1.142968091787712 21.46243481436195 -1.525720531950643 26.84885297205721 -1.9084729721135631 0.04240867288303753 -0.08346778160129378 -0.17168770936022454 -0.07093956618159379 -0.07093956618159379 -0.07093956618159379 1 1 1 1 1 1 5.352524001415626 -0.18921049770463153 5.539274811034757 2.04299113635681 10.690562077025366 -0.5994856729594815 11.052754511516353 1.4893457324913018 16.094120855919474 -0.8881903886219683 16.241551425463697 1.186578086934735 21.47158810324069 -1.3969076590709615 21.627524282566327 0.7975589977678538 26.816450513066524 -2.364467957768065 26.94686986304797 -0.529095844775604
1790191408.1680036 0.4562911787807651 5 6.0 0.5953590337676086 -0.22418734070560942 -0.819546374473218 -12.477872748035935 -1.2451681242202954 42.62331720122326 -13.809357957856914 0.0 0.0 5.391503089319329 -0.25266754390873053 10.728940041888617 -1.024928499877916 16.017691187359258 -2.1061864603602203 21.371604845208665 -2.810181165094324 26.725518503058048 -3.5141758698284162 -0.04682976351656596 -0.14369044351394478 -0.20166578270395785 -0.13074154004872776 -0.13074154004872776 -0.13074154004872776 1 1 1 1 1 1 5.223539026699544 -1.4135414526581356 5.544299169465213 0.8033737308373744 10.517107190988828 -2.0610653643361236 10.973794912763202 0.17272879018674575 15.943661842413851 -2.669183196443054 16.235689275488717 -0.44830049392773696 21.245434871895817 -3.769709892778758 21.50095887583634 -1.8264375280778635 26.577192861023885 -4.642199525909777 26.801428211420674 -2.9368788793355254
1790191408.667038 0.4436534443676182 5 6.0 0.6079967681807553 -0.21154960629246256 -0.8195463744732179 -14.088009338384508 -1.4362791416855218 41.16755916736122 -13.30312999213615 0.0 0.0 5.366107765886317 -0.58722659864169 10.669177134451319 -1.5907627345402828 15.941378015167267 -2.7478589224461505 21.262897150492595 -3.66515608932627 26.58441628581795 -4.582453256206401 -0.1089987788450885 -0.1870252821488159 -0.2160458494569383 -0.1706975938504749 -0.1706975938504749 -0.1706975938504749 1 1 1 1 1 1 5.141624792118528 -1.773480625146075 5.5506859240619475 0.38815509586085833 10.485379750434287 -2.4282183756669617 10.93984220356625 -0.35750258669608426 15.851929185417701 -3.266778718921452 16.23243763982724 -1.0593337442679815 21.10054448244121 -4.6070131678182 21.399515410905842 -2.872592116304758 26.50374133906858 -5.050473095761974 26.904634174964336 -2.724772140323493
1790191409.1687882 0.38964567573663694 5 6.0 0.6620045368117368 -0.15754183766148122 -0.819546374473218 -15.61102686197485 -2.208665624968073 40.20456604173663 -11.075434416763185 0.0 0.0 5.36769438434284 -0.5907700520650567 10.699969489662122 -1.4391247934216387 16.022419353637236 -2.3449284990728754 21.365498569155168 -3.1269160288329454 26.708577784673103 -3.9089035585930145 -0.10961910507437313 -0.15777573332397946 -0.16857042560601865 -0.14532347797418863 -0.14532347797418863 -0.14532347797418863 1 1 1 1 1 1 5.183336904676089 -1.7495362513727746 5.535290089643 0.46264117270325283 10.540962954395926 -2.3734379417545983 10.91677494462463 -0.1651885563815751 15.839498835600997 -3.5947678901319677 16.105953845741485 -1.7741631203999397 21.210138504137575 -4.188443358522854 21.476593514278036 -2.3678385887908173 26.57933004761904 -4.792013418053586 26.921087560625274 -2.456889909049444
1790191409.666703 0.32669792564508415 5 6.0 0.7249522869032895 -0.09459408756992838 -0.8195463744732179 -17.065925186361397 -3.1424920815732205 39.19689645688113 -8.480553596831461 0.0 0.0 5.377306036389711 -0.486244910368975 10.73294198980142 -1.1752431386057365 16.082480876743013 -1.9104961088414807 21.444777892027375 -2.5474974588183192 26.807074907311762 -3.184498808795167 -0.09018011446539269 -0.1279464148601409 -0.13658654034483675 -0.11823852306484131 -0.11823852306484134 -0.11823852306484134 1 1 1 1 1 1 5.259332508240755 -1.40326217255021 5.540047258894444 0.778755065870571 10.633308195739023 -1.9001567089914158 10.900186197699568 0.04158893142329791 15.98496145911589 -2.7314175748527307 16.187858185404824 -1.0234266736880844 21.394618367148784 -2.969741886643148 21.654137435657862 -0.7851023618976646 26.696928751389265 -4.111712547305561 26.932855177306617 -2.1256766157187594
1790191410.1679535 0.27246830852624865 5 6.0 0.7791819040221251 -0.04036447045109304 -0.8195463744732181 -18.493918186318 -4.06566301309913 37.975532597803955 -6.346261210859685 0.0 0.0 5.388303430049465 -0.3577762425870475 10.765299007574116 -0.8531309218971663 16.13546191069615 -1.4199611663783007 21.51467245473511 -1.8933467628004268 26.893882998774096 -2.3667323592225586 -0.06630135951749278 -0.09186550557521228 -0.1051623876416841 -0.08777667205647678 -0.08777667205647678 -0.08777667205647678 1 1 1 1 1 1 5.3474441313495 -0.8012973751952744 5.5529335488598255 1.4292572866077642 10.69568032975782 -1.5126998927020172 10.876226426244786 0.19779801932340374 16.116890593671357 -1.6309921422076574 16.320271072134194 0.6800760915276038 21.4930517566077 -2.139028693589112 21.671886315256057 -0.10688248806327721 26.831517399828957 -3.075409788292194 26.982299478689345 -1.3620316150057086
1790191410.6678638 0.23318312557336787 5 6.0 0.8184670869750058 -0.001079287498212178 -0.819546374473218 -19.94770035049858 -4.7716894876189375 36.56775133692759 -4.832685931765131 0.0 0.0 5.395605037237678 -0.21180037455724654 10.784573339948283 -0.5516798773799707 16.167583242231252 -0.9796976381925409 21.557696348647973 -1.3063177539764872 26.947809455064686 -1.6329378697604349 -0.03923409629866744 -0.06298606766921103 -0.07934578606769234 -0.06052214792949001 -0.06052214792949001 -0.06052214792949001 1 1 1 1 1 1 5.35925356377745 -0.7881721080892543 5.472553536107411 1.0082585519335647 10.763988691933159 -0.8105648448870455 10.938366313703373 1.3825134585544352 16.1612207653109 -1.0846956728524457 16.29428821988954 1.1112763334654774 21.529391001500535 -1.7734323475612441 21.631006148633325 -0.09650827000937838 26.922360172407117 -2.0529196938198875 27.05784703525083 0.18297907624927137
1790191411.1681592 0.20869145782587026 5 6.0 0.8429587547225037 0.02341238024928538 -0.8195463744732183 -21.44953501644925 -5.288652686670687 35.05046110871728 -3.9656115474131983 0.0 0.0 5.397164093197015 -0.18369540873329898 10.789735076601575 -0.4600457765229665 16.177725706214417 -0.8196351944780224 21.5708083423939 -1.0928744291047194 26.963890978573378 -1.366113663731417 -0.034022409322824756 -0.05120170540152592 -0.0666402342294284 -0.05062147536762876 -0.05062147536762878 -0.05062147536762878 1 1 1 1 1 1 5.377597805384852 -0.5655027381488205 5.484050825257325 1.5117713782258173 10.787509451702913 -0.4933939383439454 10.93400947829866 1.701722856318116 16.166342446426924 -1.0443132528358254 16.259446185633053 0.7933297194919979 21.562642712474226 -1.2540442442427986 21.66181843467208 0.703445008889009 26.95995497568682 -1.4438008555157833 27.073298658198645 0.7933297194919993
1790191411.667915 0.18817100914117788 5 6.0 0.8634792034071959 0.04393282893397776 -0.8195463744732181 -22.966113964256483 -5.725455704573478 33.494839327687785 -3.2433692103337233 0.0 0.0 5.398372881622908 -0.1315526202939579 10.794331174918144 -0.3365143362497724 16.18882790556027 -0.577181988739496 21.585399070011018 -0.7695869445453868 26.981970234461766 -0.9619919003512776 -0.024364117081596557 -0.037966051004622865 -0.044583986689181176 -0.03563809072491398 -0.03563809072491398 -0.03563809072491398 1 1 1 1 1 1 5.3971288286474834 -0.16430438536769204 5.480634076446845 2.034110241946723 10.784390245670929 -0.5593374276328804 10.877094219087093 1.5185956736273232 16.183299514539737 -0.7322422128499109 16.24885972170323 1.1065894431851586 21.585661612257347 -0.7622231637635276 21.664048816474555 1.4363799032349263 26.975909323868617 -1.131988225031446 27.05572174998069 1.1065894431851602
1790191412.1678953 0.17509482296106318 5 6.0 0.8765553895873104 0.05700901511409251 -0.8195463744732179 -24.51379580213208 -6.060927735405654 31.90987522391118 -2.8407805423652173 0.0 0.0 5.39951269481046 -0.08867010562539678 10.798119487025383 -0.20687731902538886 16.195270131088435 -0.3819457984771145 21.593769017760017 -0.5092633958693891 26.992267904431607 -0.6365809932616635 -0.016420395901933286 -0.021892375702507252 -0.032425835222195214 -0.023579517800078314 -0.023579517800078314 -0.023579517800078314 1 1 1 1 1 1 5.398065672707876 -0.1547566254478236 5.446225052098229 2.0447161918828987 10.790872518405651 -0.43029264470822537 10.850525600377754 1.408740120038294 16.19353697969084 -0.4554345862167858 16.245407111961768 1.7439538490938555 21.590087270522147 -0.6653762095873504 21.6447866827351 1.65397886764933 26.982865188097335 -1.0352733555259563 27.038507693624325 1.3240706023527324
1790191412.667855 0.1652521887600133 5 6.0 0.8863980237883601 0.06685164931514243 -0.8195463744732177 -26.08196281181747 -6.306480571743586 30.307280926515613 -2.5311407699689985 0.0 0.0 5.399832757708121 -0.04183002235965523 10.798772456246795 -0.1371970622682703 16.19577622779246 -0.31638790015193335 21.59474613765925 -0.4218578596334984 26.99371604752604 -0.5273278191150634 -0.00774638540530769 -0.017662194494685896 -0.03318971864779146 -0.019532715997444765 -0.01953271599744478 -0.01953271599744478 1 1 1 1 1 1 5.393098806460249 -0.4230539415978731 5.425595554692021 1.416659068997625 10.794997886190108 -0.2508823883286599 10.864019827410173 1.827972097110426 16.194851068520304 -0.3637464759659893 16.24016408814941 1.9558109667915946 21.590021912994953 -0.6636892487363687 21.63533493262406 1.655868194021214 26.983825554291112 -1.0336186684864994 27.02991983287934 1.3259311439738013
1790191413.168041 0.16114817054864858 5 6.0 0.8905020419997248 0.07095566752650695 -0.8195463744732179 -27.67869399525445 -6.456537400364707 28.69458084289604 -2.449807558916871 0.0 0.0 5.399890538289769 -0.05980464842993475 10.79806898673565 -0.18004093634514196 16.192486495796683 -0.4245174787560696 21.59063164590051 -0.5660411107423347 26.98877679600433 -0.7075647427285994 -0.011074706605612326 -0.022269810375116335 -0.04528929562340331 -0.02621108115391091 -0.026211081153910888 -0.026211081153910888 1 1 1 1 1 1 5.393763707113462 -0.3348774121243776 5.4374089276391 1.6246365823970361 10.798508006462189 -0.1703538895784549 10.898110399269052 2.027390263717633 16.191642364248402 -0.4567152436056031 16.249300140242823 1.742529076807062 21.585635427488008 -0.7566121963891506 21.643293203482397 1.4426321240235185 26.97779392512777 -1.126485104822189 27.036500024322063 1.1127454759616202
1790191413.6667151 0.15605936439630483 5 6.0 0.8955908481520689 0.07604447367885081 -0.8195463744732181 -29.271817062498382 -6.606066783104819 27.080338474061517 -2.312517390893157 0.0 0.0 5.399745882144127 -0.04595513989842127 10.797107179760848 -0.19180272808678692 16.190152468490826 -0.4657767285588288 21.58791918636381 -0.6210650392031626 26.985685904236792 -0.7763533498474959 -0.008510406124949141 -0.027015442714506475 -0.050757718775544386 -0.02876105958422527 -0.02876105958422527 -0.02876105958422527 1 1 1 1 1 1 5.396738655293933 -0.15724316334799246 5.456165400039075 2.041954067918222 10.787277546686111 -0.38529428660105297 10.90498489657251 1.9317177935967886 16.19037374289909 -0.4580853084413442 16.253639350939387 1.7410048358772747 21.583980820659328 -0.7579612372120642 21.647246428699628 1.4411289071065552 26.969535911941694 -1.3377213661687932 27.037402655112196 1.0213026068275426
1790191414.1682816 0.15395388992425893 5 6.0 0.8976963226241144 0.07814994815089671 -0.8195463744732177 -30.87959572465136 -6.711005347619235 25.463394954800147 -2.298817534839688 0.0 0.0 5.399893220187477 -0.04718723553494813 10.796764256329814 -0.20251078305074197 16.187504385915037 -0.5181417882360687 21.584740195826996 -0.6909006149393078 26.981976005738982 -0.8636594416425524 -0.008738327325755224 -0.02877235395520287 -0.05848381829170052 -0.03199783526095803 -0.03199783526095803 -0.03199783526095803 1 1 1 1 1 1 5.396697784396107 -0.15821582808304685 5.4599882297722715 2.040873601550063 10.785577138885209 -0.3935783332984544 10.921182263474144 1.9224551833383883 16.182646797049873 -0.6698998956115715 16.256869107781633 1.6489125264246827 21.573575223948993 -1.0397104974018365 21.64907722969338 1.3190814491522815 26.96386380334178 -1.4295108614510335 27.035526724048317 0.8093425115494866
1790191414.6673665 0.14909789951440786 5 6.0 0.9025523130339655 0.08300593856074767 -0.8195463744732179 -32.47323112965335 -6.870191832236592 23.847669791632345 -2.1844560933456645 0.0 0.0 5.399027773251926 -0.08976962173830158 10.792772575678281 -0.3288132682977585 16.179743546076057 -0.7027168280807784 21.574657701487194 -0.9370269980361041 26.969571856898334 -1.1713371679914288 -0.016625465620562347 -0.04428969741857856 -0.06929772841517665 -0.043404399491342276 -0.04340439949134223 -0.04340439949134223 1 1 1 1 1 1 5.386197962358616 -0.3792595404955022 5.488916470967161 1.9384654017677605 10.781104305491933 -0.4969224802163225 10.93343731802875 1.6977972406800528 16.17690253822213 -0.7681300941362095 16.272362237092818 1.429797895105366 21.568975945628132 -1.0678475472146038 21.664435644498816 1.1300804420269712 26.947598213647797 -1.6772730351406764 27.048264805184182 0.6405419353322549
1790191415.1684878 0.14363847168085073 5 6.0 0.9080117408675226 0.08846536639430491 -0.8195463744732177 -34.05587466526919 -7.086388630373632 22.238605616918672 -2.093244354632901 0.0 0.0 5.399074025784056 -0.10118831005813074 10.792894451984203 -0.34012568601110554 16.179169199427438 -0.7248891156873637 21.573757403651115 -0.9665874955964099 26.968345607874824 -1.20828587550546 -0.018739595798963112 -0.04426941358445039 -0.07131291740164646 -0.044773917482569925 -0.044773917482569946 -0.044773917482569946 1 1 1 1 1 1 5.386756708662269 -0.37924190641340044 5.489428204901435 1.9384851188982521 10.766533102905955 -0.709156258818285 10.931838876797777 1.6049470234744525 16.16778039510162 -0.9790815910335151 16.27162118054403 1.3385933411514759 21.556636805016478 -1.3487107828043992 21.662267948828585 1.0089240620044702 26.93519865430559 -1.9481094721625871 27.040829798117706 0.4095253726462822
1790191415.6683078 0.13491986187097524 5 6.0 0.9167303506773983 0.0971839762041804 -0.8195463744732179 -35.617564937955784 -7.385863044790118 20.631243043911144 -1.9021051526997608 0.0 0.0 5.398044135453173 -0.12771800892380128 10.787940299460548 -0.4397766316984752 16.16918463631714 -0.8890762961928917 21.561039985216908 -1.1855487174078927 26.952895334116647 -1.4820211386228905 -0.02365563926890587 -0.05783240220490226 -0.08330042849434097 -0.054929919362620885 -0.054929919362620885 -0.054929919362620885 1 1 1 1 1 1 5.377492669352012 -0.48268422430477487 5.504653043384078 1.7136377555688544 10.766450009182078 -0.697164989618804 10.962811745369336 1.6546517695190164 16.158764638009 -1.0785816922869655 16.279549698504002 1.1181001165240452 21.5504509019203 -1.3781292116702875 21.671235962415302 0.8185525971407236 26.926764521768597 -1.9572544158113705 27.0563339502996 0.39918607000407785
1790191416.1682444 0.1265142956554601 5 6.0 0.9251359168929135 0.10558954241969554 -0.819546374473218 -37.17327796079681 -7.720039210512029 19.027449396682993 -1.763677528224634 0.0 0.0 5.397393858968112 -0.15630954250333615 10.783336602403496 -0.5274914412853268 16.162789407065937 -0.9970791962006887 21.552543431785125 -1.3295721330027424 26.942297456504342 -1.6620650698047987 -0.028952096144137796 -0.06880799510553356 -0.0870721310110228 -0.06161173843476109 -0.061611738434761115 -0.061611738434761115 1 1 1 1 1 1 5.373965434682767 -0.49626187364826085 5.525223601642244 1.6985321866061525 10.760156109350481 -0.7930400359032248 10.954951323121325 1.4384739848217118 16.15730662669602 -1.0859557836243114 16.292766712059816 1.109869930150175 21.531859875353177 -1.6648552899830402 21.677171603288897 0.6906668393386803 26.918111949564494 -2.0541153028794294 27.05603494557126 0.1816345147818676
1790191416.6684277 0.11601219566461539 5 6.0 0.9356380168837585 0.11609164241054037 -0.8195463744732181 -38.71534926295338 -8.105797800091896 17.419725662492258 -1.5595497819822626 0.0 0.0 5.395523044703903 -0.18282674929111206 10.777507854827403 -0.6141870019559287 16.156053389427893 -1.0931574729655402 21.543735281868166 -1.4576898115461852 26.93141717430847 -1.822222150126833 -0.03387193843574979 -0.07997795373431685 -0.08881775514855167 -0.06755736550984331 -0.06755736550984331 -0.06755736550984331 1 1 1 1 1 1 5.371497497240583 -0.4825880988909418 5.5504571859962635 1.7502516691623924 10.761317386289164 -0.7959960643725528 10.960007686029204 1.4351745173600976 16.15604865590811 -1.0932274330104812 16.304561830885422 1.1017540787244469 21.533966872730478 -1.6020640561853978 21.690580766342904 0.7126437198259826 26.915260388984144 -2.0610147359117934 27.06647380350649 0.17387553058195418
1790191417.1695495 0.10338721664545034 5 6.0 0.9482629959029236 0.1287166214297053 -0.8195463744732183 -40.23182345789564 -8.625820286043869 15.816133791100697 -1.3714086479660217 0.0 0.0 5.394817444715357 -0.21869731613957813 10.778237986458496 -0.6375097886407145 16.159550296843907 -1.0854665933246268 21.547409165366364 -1.4473737815426737 26.93526803388882 -1.8092809697607202 -0.04051622445093579 -0.07764033924296414 -0.08305156221789509 -0.06707012308389027 -0.0670701230838903 -0.0670701230838903 1 1 1 1 1 1 5.374567939486574 -0.47898469907660696 5.548307625440066 1.7542673067491532 10.765839393408928 -0.7864542866624463 10.951661101290895 1.4458248833518748 16.144996542833955 -1.3021342229424298 16.30048259406838 1.0126495872375887 21.526335902582577 -1.7610999784091566 21.67646036584342 0.4738637003853419 26.90432426984772 -2.2699533159918315 27.062491115068937 0.08474055988094671
1790191417.6682482 0.08497307689783071 5 6.0 0.9666771356505426 0.14713076117732493 -0.8195463744732177 -41.69481053660504 -9.359982053771269 14.210068394472112 -1.0747837036045562 0.0 0.0 5.393811622180085 -0.23991239742198012 10.778136493721552 -0.6496062391480995 16.163365104113282 -1.0465406475289671 21.55208177081101 -1.3954427628194257 26.940798437508736 -1.7443448781098836 -0.04444989696106291 -0.07594376604798268 -0.07357494738732868 -0.06465654252264365 -0.06465654252264365 -0.06465654252264365 1 1 1 1 1 1 5.375814496926403 -0.4764362580477119 5.545765059164131 1.7571072956792073 10.76689801352353 -0.8020792518723716 10.92861690083255 1.3919688336279281 16.16057739899195 -1.0895961418663165 16.3027227052214 1.1058069445660892 21.534409686613028 -1.6683842282894035 21.686892833295524 0.6866845371562688 26.920518159772104 -2.057569320884238 27.065247926114797 0.1777501853014862
1790191418.1694071 0.06310043724176381 5 6.0 0.98854977530661 0.16900340083339194 -0.8195463744732181 -43.104854504379745 -10.291312812226366 12.605447458387609 -0.7854064789365577 0.0 0.0 5.39484511768845 -0.23818554500741365 10.785340189972276 -0.5584299284408546 16.177252925797553 -0.8528996401796837 21.56976352928184 -1.137204742683486 26.962274132766098 -1.4215098451872863 -0.0441219270660061 -0.05933933969647472 -0.054559019554572104 -0.05267344668684985 -0.052673446686849826 -0.052673446686849826 1 1 1 1 1 1 5.380217194677696 -0.48440921351267663 5.510687143010412 1.7117186499283514 10.773313617804568 -0.77864350238189 10.893283921149024 1.41808295448875 16.165475700693495 -1.0762822340690843 16.281303705417265 1.1206665303133958 21.542439024896282 -1.6554778174062814 21.666690884509045 0.7012490389312888 26.929405676779748 -2.044936916546809 27.04733964522576 0.1919563708244444
1790191418.6675503 0.039270857888431286 5 6.0 1.0123793546599427 0.19283298018672435 -0.8195463744732183 -44.480839375144456 -11.299431792157332 10.98714550904321 -0.46879686674648896 0.0 0.0 5.3974803690708635 -0.16227196972033262 10.7937212220107 -0.36345498136775256 16.190592130268634 -0.547191590111493 21.587510753152536 -0.7295905428741746 26.984429376036438 -0.9119894956368564 -0.030055339589432708 -0.03726480770155983 -0.03403188138275931 -0.033784010094096664 -0.033784010094096664 -0.033784010094096664 1 1 1 1 1 1 5.3862472574332765 -0.46357263834035295 5.468210861292724 1.7349000059384814 10.780181810838647 -0.7611463003108722 10.855037498672525 1.4375798367964567 16.170868891924233 -1.1307734073985038 16.246530679736907 1.107948391723707 21.55672546059535 -1.64048238844865 21.636440558469392 0.7181709356265377 26.945622011812507 -2.060242725784064 27.01993269627137 0.13850189835382276
1790191419.1689484 0.02103135975000356 5 6.0 1.0306188527983706 0.21107247832515208 -0.8195463744732185 -45.895102027944844 -12.130679361247621 9.366122194515436 -0.29019383763120826 0.0 0.0 5.398799952639171 -0.12491025396289038 10.797714578773405 -0.23290080284715386 16.196800775774015 -0.33223949357695565 21.595665061501915 -0.4429843548198063 26.994529347229843 -0.5537292160626578 -0.023132543126635208 -0.019999603218227874 -0.018397091599220594 -0.020509745510238264 -0.020509745510238275 -0.020509745510238275 1 1 1 1 1 1 5.392219216548589 -0.4539097145386092 5.436215410528584 1.745650317584922 10.788140448464251 -0.7532575180479133 10.828611766952655 1.4463701941751819 16.18056029104932 -1.1239707936031653 16.226498900157466 1.1155580952913733 21.57123700733705 -1.6338635316996943 21.619636613361703 0.7256401190999093 26.96375947131216 -2.0537751983674206 27.00887774811478 0.14576210322543082
1790191419.6684358 0.005604604798526513 5 6.0 1.046045607749847 0.22649923327662913 -0.8195463744732179 -47.33823116094914 -12.829538905373258 7.733764503391651 -0.13799473033967782 0.0 0.0 5.399757085469361 -0.05024388094997207 10.799681585415348 -0.07844395298032279 16.1995821744446 -0.11041827194074474 21.599456738206722 -0.14722446211014478 26.99933130196884 -0.18403065227954463 -0.009304572444748502 -0.005222261102466947 -0.005921209983669965 -0.00681601391880662 -0.006816013918806615 -0.006816013918806615 1 1 1 1 1 1 5.397668043479925 -0.4502665833018881 5.409156965684198 1.7497034175541648 10.795703116386289 -0.7503374585178637 10.808729702229785 1.4496239747943798 16.192697755475006 -1.1204385622538964 16.207965508434157 1.1195094049363177 21.589347054444023 -1.6304267154980985 21.60543272274027 0.7295184642201638 26.986609789915878 -2.0504169593462653 27.001604904429346 0.14953193700126782
1790191420.1687326 -0.002384563368587745 5 6.0 1.0540347759169615 0.2344884014437434 -0.8195463744732181 -48.862911540949774 -13.239435510792273 6.1059327957928184 -0.10832160971891001 0.0 0.0 5.399901120348272 -0.04059639120891764 10.799894841335162 -0.03278565262257599 16.199893635095304 -0.03207507954873144 21.599883050714304 -0.042766721273226664 26.9998724663333 -0.05345836299772189 -0.007517846251656106 0.0014464337447008986 0.00013158763490176578 -0.001979934946288524 -0.001979934946288524 -0.001979934946288524 1 1 1 1 1 1 5.4004933255372 -0.4500204509638303 5.397311172408454 1.7499772476489353 10.799989217897334 -0.7500001666598156 10.799699725101387 1.4499998142933477 16.197739538441834 -1.1200370061320848 16.202174589823855 1.119958603309871 21.59674035668073 -1.6300360064961008 21.60141300010106 0.7299593677373877 26.99591936894832 -2.050035183266467 27.00027522298425 0.14996050457831028
