[INFO] [1791231741.717563356] [upper_planner_node]: planner state input: Odometry topic=/motive/vehicle/odom_map yaw=orientation.z scalar
[INFO] [1791231741.723106464] [upper_planner_node]: Egocentric MIQP planner ready: rate=2.00Hz pred_dt=0.750s Nmax=7 lower_dt=0.100s target_v=6.000m/s scale=fullscale wheelbase=2.80m length=4.70m bev=40.00m margin=2.00m state=odom grid=/bev/occupancy_grid sparse=/planner/upper_path_sparse dense=/planner/lower_reference_path
[INFO] [1791231741.723295270] [upper_planner_node]: upper branch model: cumulative_increment=1 turn_window_at_split=1 turn_target_absolute=1 split_continuity=6.75m r_dpsi=3.000 lambda_turn=0.600
[INFO] [1791231741.734417263] [lower_tracking_mpc_node]: LowerTrackingMpcNode ready: rate=10.00Hz dt=0.100s N=30 path=/planner/lower_reference_path scale=fullscale wheelbase=2.80m rear_offset=1.40m command_scale=0.350rad actuator_model=1 delay=0.00s tau=0.74s backend=disabled virtual=/cmd_control
"live_curve" "tau0.74_noise2" "cap_off" "goal_reached" cycles=399
[INFO] [1791231741.927102744] [upper_planner_node]: planner state input: Odometry topic=/motive/vehicle/odom_map yaw=orientation.z scalar
[INFO] [1791231741.930243509] [upper_planner_node]: Egocentric MIQP planner ready: rate=2.00Hz pred_dt=0.750s Nmax=7 lower_dt=0.100s target_v=6.000m/s scale=fullscale wheelbase=2.80m length=4.70m bev=40.00m margin=2.00m state=odom grid=/bev/occupancy_grid sparse=/planner/upper_path_sparse dense=/planner/lower_reference_path
[INFO] [1791231741.930427034] [upper_planner_node]: upper branch model: cumulative_increment=1 turn_window_at_split=1 turn_target_absolute=1 split_continuity=6.75m r_dpsi=3.000 lambda_turn=0.600
[INFO] [1791231741.940068856] [lower_tracking_mpc_node]: LowerTrackingMpcNode ready: rate=10.00Hz dt=0.100s N=30 path=/planner/lower_reference_path scale=fullscale wheelbase=2.80m rear_offset=1.40m command_scale=0.350rad actuator_model=1 delay=0.00s tau=0.74s backend=disabled virtual=/cmd_control
"live_curve" "tau0.74_noise2" "cap12" "goal_reached" cycles=399
[INFO] [1791231742.134076200] [upper_planner_node]: planner state input: Odometry topic=/motive/vehicle/odom_map yaw=orientation.z scalar
[INFO] [1791231742.137103426] [upper_planner_node]: Egocentric MIQP planner ready: rate=2.00Hz pred_dt=0.750s Nmax=7 lower_dt=0.100s target_v=6.000m/s scale=fullscale wheelbase=2.80m length=4.70m bev=40.00m margin=2.00m state=odom grid=/bev/occupancy_grid sparse=/planner/upper_path_sparse dense=/planner/lower_reference_path
[INFO] [1791231742.137238246] [upper_planner_node]: upper branch model: cumulative_increment=1 turn_window_at_split=1 turn_target_absolute=1 split_continuity=6.75m r_dpsi=3.000 lambda_turn=0.600
[INFO] [1791231742.146104204] [lower_tracking_mpc_node]: LowerTrackingMpcNode ready: rate=10.00Hz dt=0.100s N=30 path=/planner/lower_reference_path scale=fullscale wheelbase=2.80m rear_offset=1.40m command_scale=0.350rad actuator_model=1 delay=0.00s tau=0.74s backend=disabled virtual=/cmd_control
[WARN] [1791231742.255863262] [upper_planner_node]: interval_diag step=7 reason=3 ref_body=(25.061,18.435) heading_deg=40.61 center_cell=(80,122) center_value=100 line_free=0 blocked=250 unknown=0 outside=2 longest_run=0 min_run=2 grid_free=3083 zero=3083 positive=13301 unknown=0 topic=/bev/occupancy_grid frame=Vehicle origin=(0.000,-20.000) origin_yaw_deg=0.00 size=128x128 res=0.3125 positive_is_drivable=0 threshold=0 waypoint_bias=0 previous=1
[WARN] [1791231742.256138918] [upper_planner_node]: no valid preview interval at step=7; usable horizon=6 reason=3
"live_curve" "tau0.74_noise2" "cap10" "goal_reached" cycles=399
[INFO] [1791231742.336666167] [upper_planner_node]: planner state input: Odometry topic=/motive/vehicle/odom_map yaw=orientation.z scalar
[INFO] [1791231742.339721905] [upper_planner_node]: Egocentric MIQP planner ready: rate=2.00Hz pred_dt=0.750s Nmax=7 lower_dt=0.100s target_v=6.000m/s scale=fullscale wheelbase=2.80m length=4.70m bev=40.00m margin=2.00m state=odom grid=/bev/occupancy_grid sparse=/planner/upper_path_sparse dense=/planner/lower_reference_path
[INFO] [1791231742.339866710] [upper_planner_node]: upper branch model: cumulative_increment=1 turn_window_at_split=1 turn_target_absolute=1 split_continuity=6.75m r_dpsi=3.000 lambda_turn=0.600
[INFO] [1791231742.349186345] [lower_tracking_mpc_node]: LowerTrackingMpcNode ready: rate=10.00Hz dt=0.100s N=30 path=/planner/lower_reference_path scale=fullscale wheelbase=2.80m rear_offset=1.40m command_scale=0.350rad actuator_model=1 delay=0.00s tau=0.74s backend=disabled virtual=/cmd_control
[WARN] [1791231742.455625625] [upper_planner_node]: no valid preview interval at step=7; usable horizon=6 reason=3
"live_curve" "tau0.5" "cap_off" "goal_reached" cycles=399
[INFO] [1791231742.541788688] [upper_planner_node]: planner state input: Odometry topic=/motive/vehicle/odom_map yaw=orientation.z scalar
[INFO] [1791231742.544796393] [upper_planner_node]: Egocentric MIQP planner ready: rate=2.00Hz pred_dt=0.750s Nmax=7 lower_dt=0.100s target_v=6.000m/s scale=fullscale wheelbase=2.80m length=4.70m bev=40.00m margin=2.00m state=odom grid=/bev/occupancy_grid sparse=/planner/upper_path_sparse dense=/planner/lower_reference_path
[INFO] [1791231742.544931949] [upper_planner_node]: upper branch model: cumulative_increment=1 turn_window_at_split=1 turn_target_absolute=1 split_continuity=6.75m r_dpsi=3.000 lambda_turn=0.600
[INFO] [1791231742.554820946] [lower_tracking_mpc_node]: LowerTrackingMpcNode ready: rate=10.00Hz dt=0.100s N=30 path=/planner/lower_reference_path scale=fullscale wheelbase=2.80m rear_offset=1.40m command_scale=0.350rad actuator_model=1 delay=0.00s tau=0.74s backend=disabled virtual=/cmd_control
"live_curve" "tau0.5" "cap12" "goal_reached" cycles=399
[INFO] [1791231742.743472804] [upper_planner_node]: planner state input: Odometry topic=/motive/vehicle/odom_map yaw=orientation.z scalar
[INFO] [1791231742.746993036] [upper_planner_node]: Egocentric MIQP planner ready: rate=2.00Hz pred_dt=0.750s Nmax=7 lower_dt=0.100s target_v=6.000m/s scale=fullscale wheelbase=2.80m length=4.70m bev=40.00m margin=2.00m state=odom grid=/bev/occupancy_grid sparse=/planner/upper_path_sparse dense=/planner/lower_reference_path
[INFO] [1791231742.747209651] [upper_planner_node]: upper branch model: cumulative_increment=1 turn_window_at_split=1 turn_target_absolute=1 split_continuity=6.75m r_dpsi=3.000 lambda_turn=0.600
[INFO] [1791231742.757250236] [lower_tracking_mpc_node]: LowerTrackingMpcNode ready: rate=10.00Hz dt=0.100s N=30 path=/planner/lower_reference_path scale=fullscale wheelbase=2.80m rear_offset=1.40m command_scale=0.350rad actuator_model=1 delay=0.00s tau=0.74s backend=disabled virtual=/cmd_control
"live_curve" "tau0.5" "cap10" "goal_reached" cycles=399
[INFO] [1791231742.942750641] [upper_planner_node]: planner state input: Odometry topic=/motive/vehicle/odom_map yaw=orientation.z scalar
[INFO] [1791231742.945982000] [upper_planner_node]: Egocentric MIQP planner ready: rate=2.00Hz pred_dt=0.750s Nmax=7 lower_dt=0.100s target_v=6.000m/s scale=fullscale wheelbase=2.80m length=4.70m bev=40.00m margin=2.00m state=odom grid=/bev/occupancy_grid sparse=/planner/upper_path_sparse dense=/planner/lower_reference_path
[INFO] [1791231742.946138165] [upper_planner_node]: upper branch model: cumulative_increment=1 turn_window_at_split=1 turn_target_absolute=1 split_continuity=6.75m r_dpsi=3.000 lambda_turn=0.600
[INFO] [1791231742.956067131] [lower_tracking_mpc_node]: LowerTrackingMpcNode ready: rate=10.00Hz dt=0.100s N=30 path=/planner/lower_reference_path scale=fullscale wheelbase=2.80m rear_offset=1.40m command_scale=0.350rad actuator_model=1 delay=0.00s tau=0.74s backend=disabled virtual=/cmd_control
[WARN] [1791231743.063128221] [upper_planner_node]: no valid preview interval at step=7; usable horizon=6 reason=3
"live_curve" "tau1.0" "cap_off" "goal_reached" cycles=401
[INFO] [1791231743.193226025] [upper_planner_node]: planner state input: Odometry topic=/motive/vehicle/odom_map yaw=orientation.z scalar
[INFO] [1791231743.196354470] [upper_planner_node]: Egocentric MIQP planner ready: rate=2.00Hz pred_dt=0.750s Nmax=7 lower_dt=0.100s target_v=6.000m/s scale=fullscale wheelbase=2.80m length=4.70m bev=40.00m margin=2.00m state=odom grid=/bev/occupancy_grid sparse=/planner/upper_path_sparse dense=/planner/lower_reference_path
[INFO] [1791231743.196565420] [upper_planner_node]: upper branch model: cumulative_increment=1 turn_window_at_split=1 turn_target_absolute=1 split_continuity=6.75m r_dpsi=3.000 lambda_turn=0.600
[INFO] [1791231743.205824734] [lower_tracking_mpc_node]: LowerTrackingMpcNode ready: rate=10.00Hz dt=0.100s N=30 path=/planner/lower_reference_path scale=fullscale wheelbase=2.80m rear_offset=1.40m command_scale=0.350rad actuator_model=1 delay=0.00s tau=0.74s backend=disabled virtual=/cmd_control
[WARN] [1791231743.311641500] [upper_planner_node]: no valid preview interval at step=7; usable horizon=6 reason=3
"live_curve" "tau1.0" "cap12" "goal_reached" cycles=400
[INFO] [1791231743.397342214] [upper_planner_node]: planner state input: Odometry topic=/motive/vehicle/odom_map yaw=orientation.z scalar
[INFO] [1791231743.400301949] [upper_planner_node]: Egocentric MIQP planner ready: rate=2.00Hz pred_dt=0.750s Nmax=7 lower_dt=0.100s target_v=6.000m/s scale=fullscale wheelbase=2.80m length=4.70m bev=40.00m margin=2.00m state=odom grid=/bev/occupancy_grid sparse=/planner/upper_path_sparse dense=/planner/lower_reference_path
[INFO] [1791231743.400446049] [upper_planner_node]: upper branch model: cumulative_increment=1 turn_window_at_split=1 turn_target_absolute=1 split_continuity=6.75m r_dpsi=3.000 lambda_turn=0.600
[INFO] [1791231743.409358025] [lower_tracking_mpc_node]: LowerTrackingMpcNode ready: rate=10.00Hz dt=0.100s N=30 path=/planner/lower_reference_path scale=fullscale wheelbase=2.80m rear_offset=1.40m command_scale=0.350rad actuator_model=1 delay=0.00s tau=0.74s backend=disabled virtual=/cmd_control
"live_curve" "tau1.0" "cap10" "goal_reached" cycles=399
[INFO] [1791231743.609120837] [upper_planner_node]: planner state input: Odometry topic=/motive/vehicle/odom_map yaw=orientation.z scalar
[INFO] [1791231743.612342564] [upper_planner_node]: Egocentric MIQP planner ready: rate=2.00Hz pred_dt=0.750s Nmax=7 lower_dt=0.100s target_v=6.000m/s scale=fullscale wheelbase=2.80m length=4.70m bev=40.00m margin=2.00m state=odom grid=/bev/occupancy_grid sparse=/planner/upper_path_sparse dense=/planner/lower_reference_path
[INFO] [1791231743.612514665] [upper_planner_node]: upper branch model: cumulative_increment=1 turn_window_at_split=1 turn_target_absolute=1 split_continuity=6.75m r_dpsi=3.000 lambda_turn=0.600
[INFO] [1791231743.622126406] [lower_tracking_mpc_node]: LowerTrackingMpcNode ready: rate=10.00Hz dt=0.100s N=30 path=/planner/lower_reference_path scale=fullscale wheelbase=2.80m rear_offset=1.40m command_scale=0.350rad actuator_model=1 delay=0.00s tau=0.74s backend=disabled virtual=/cmd_control
[WARN] [1791231743.733626955] [upper_planner_node]: no valid preview interval at step=7; usable horizon=6 reason=3
"branch_width" "tau0.74_noise2" "cap_off" "goal_reached" cycles=401
[INFO] [1791231743.809822844] [upper_planner_node]: planner state input: Odometry topic=/motive/vehicle/odom_map yaw=orientation.z scalar
[INFO] [1791231743.813065244] [upper_planner_node]: Egocentric MIQP planner ready: rate=2.00Hz pred_dt=0.750s Nmax=7 lower_dt=0.100s target_v=6.000m/s scale=fullscale wheelbase=2.80m length=4.70m bev=40.00m margin=2.00m state=odom grid=/bev/occupancy_grid sparse=/planner/upper_path_sparse dense=/planner/lower_reference_path
[INFO] [1791231743.813206048] [upper_planner_node]: upper branch model: cumulative_increment=1 turn_window_at_split=1 turn_target_absolute=1 split_continuity=6.75m r_dpsi=3.000 lambda_turn=0.600
[INFO] [1791231743.822833213] [lower_tracking_mpc_node]: LowerTrackingMpcNode ready: rate=10.00Hz dt=0.100s N=30 path=/planner/lower_reference_path scale=fullscale wheelbase=2.80m rear_offset=1.40m command_scale=0.350rad actuator_model=1 delay=0.00s tau=0.74s backend=disabled virtual=/cmd_control
[WARN] [1791231743.934854834] [upper_planner_node]: no valid preview interval at step=7; usable horizon=6 reason=3
"branch_width" "tau0.74_noise2" "cap12" "goal_reached" cycles=401
[INFO] [1791231744.011784152] [upper_planner_node]: planner state input: Odometry topic=/motive/vehicle/odom_map yaw=orientation.z scalar
[INFO] [1791231744.014674638] [upper_planner_node]: Egocentric MIQP planner ready: rate=2.00Hz pred_dt=0.750s Nmax=7 lower_dt=0.100s target_v=6.000m/s scale=fullscale wheelbase=2.80m length=4.70m bev=40.00m margin=2.00m state=odom grid=/bev/occupancy_grid sparse=/planner/upper_path_sparse dense=/planner/lower_reference_path
[INFO] [1791231744.014817362] [upper_planner_node]: upper branch model: cumulative_increment=1 turn_window_at_split=1 turn_target_absolute=1 split_continuity=6.75m r_dpsi=3.000 lambda_turn=0.600
[INFO] [1791231744.023906783] [lower_tracking_mpc_node]: LowerTrackingMpcNode ready: rate=10.00Hz dt=0.100s N=30 path=/planner/lower_reference_path scale=fullscale wheelbase=2.80m rear_offset=1.40m command_scale=0.350rad actuator_model=1 delay=0.00s tau=0.74s backend=disabled virtual=/cmd_control
[WARN] [1791231744.134287396] [upper_planner_node]: no valid preview interval at step=7; usable horizon=6 reason=3
"branch_width" "tau0.74_noise2" "cap10" "goal_reached" cycles=401
[INFO] [1791231744.217795917] [upper_planner_node]: planner state input: Odometry topic=/motive/vehicle/odom_map yaw=orientation.z scalar
[INFO] [1791231744.220800966] [upper_planner_node]: Egocentric MIQP planner ready: rate=2.00Hz pred_dt=0.750s Nmax=7 lower_dt=0.100s target_v=6.000m/s scale=fullscale wheelbase=2.80m length=4.70m bev=40.00m margin=2.00m state=odom grid=/bev/occupancy_grid sparse=/planner/upper_path_sparse dense=/planner/lower_reference_path
[INFO] [1791231744.220992139] [upper_planner_node]: upper branch model: cumulative_increment=1 turn_window_at_split=1 turn_target_absolute=1 split_continuity=6.75m r_dpsi=3.000 lambda_turn=0.600
[INFO] [1791231744.230138266] [lower_tracking_mpc_node]: LowerTrackingMpcNode ready: rate=10.00Hz dt=0.100s N=30 path=/planner/lower_reference_path scale=fullscale wheelbase=2.80m rear_offset=1.40m command_scale=0.350rad actuator_model=1 delay=0.00s tau=0.74s backend=disabled virtual=/cmd_control
"branch_width" "tau0.5" "cap_off" "goal_reached" cycles=400
[INFO] [1791231744.421449627] [upper_planner_node]: planner state input: Odometry topic=/motive/vehicle/odom_map yaw=orientation.z scalar
[INFO] [1791231744.424503158] [upper_planner_node]: Egocentric MIQP planner ready: rate=2.00Hz pred_dt=0.750s Nmax=7 lower_dt=0.100s target_v=6.000m/s scale=fullscale wheelbase=2.80m length=4.70m bev=40.00m margin=2.00m state=odom grid=/bev/occupancy_grid sparse=/planner/upper_path_sparse dense=/planner/lower_reference_path
[INFO] [1791231744.424671227] [upper_planner_node]: upper branch model: cumulative_increment=1 turn_window_at_split=1 turn_target_absolute=1 split_continuity=6.75m r_dpsi=3.000 lambda_turn=0.600
[INFO] [1791231744.434095986] [lower_tracking_mpc_node]: LowerTrackingMpcNode ready: rate=10.00Hz dt=0.100s N=30 path=/planner/lower_reference_path scale=fullscale wheelbase=2.80m rear_offset=1.40m command_scale=0.350rad actuator_model=1 delay=0.00s tau=0.74s backend=disabled virtual=/cmd_control
"branch_width" "tau0.5" "cap12" "goal_reached" cycles=400
[INFO] [1791231744.627008067] [upper_planner_node]: planner state input: Odometry topic=/motive/vehicle/odom_map yaw=orientation.z scalar
[INFO] [1791231744.630025244] [upper_planner_node]: Egocentric MIQP planner ready: rate=2.00Hz pred_dt=0.750s Nmax=7 lower_dt=0.100s target_v=6.000m/s scale=fullscale wheelbase=2.80m length=4.70m bev=40.00m margin=2.00m state=odom grid=/bev/occupancy_grid sparse=/planner/upper_path_sparse dense=/planner/lower_reference_path
[INFO] [1791231744.630176833] [upper_planner_node]: upper branch model: cumulative_increment=1 turn_window_at_split=1 turn_target_absolute=1 split_continuity=6.75m r_dpsi=3.000 lambda_turn=0.600
[INFO] [1791231744.639752924] [lower_tracking_mpc_node]: LowerTrackingMpcNode ready: rate=10.00Hz dt=0.100s N=30 path=/planner/lower_reference_path scale=fullscale wheelbase=2.80m rear_offset=1.40m command_scale=0.350rad actuator_model=1 delay=0.00s tau=0.74s backend=disabled virtual=/cmd_control
"branch_width" "tau0.5" "cap10" "goal_reached" cycles=400
[INFO] [1791231744.833233470] [upper_planner_node]: planner state input: Odometry topic=/motive/vehicle/odom_map yaw=orientation.z scalar
[INFO] [1791231744.836256759] [upper_planner_node]: Egocentric MIQP planner ready: rate=2.00Hz pred_dt=0.750s Nmax=7 lower_dt=0.100s target_v=6.000m/s scale=fullscale wheelbase=2.80m length=4.70m bev=40.00m margin=2.00m state=odom grid=/bev/occupancy_grid sparse=/planner/upper_path_sparse dense=/planner/lower_reference_path
[INFO] [1791231744.836398203] [upper_planner_node]: upper branch model: cumulative_increment=1 turn_window_at_split=1 turn_target_absolute=1 split_continuity=6.75m r_dpsi=3.000 lambda_turn=0.600
[INFO] [1791231744.845523754] [lower_tracking_mpc_node]: LowerTrackingMpcNode ready: rate=10.00Hz dt=0.100s N=30 path=/planner/lower_reference_path scale=fullscale wheelbase=2.80m rear_offset=1.40m command_scale=0.350rad actuator_model=1 delay=0.00s tau=0.74s backend=disabled virtual=/cmd_control
"branch_width" "tau1.0" "cap_off" "goal_reached" cycles=402
[INFO] [1791231745.041429299] [upper_planner_node]: planner state input: Odometry topic=/motive/vehicle/odom_map yaw=orientation.z scalar
[INFO] [1791231745.044491118] [upper_planner_node]: Egocentric MIQP planner ready: rate=2.00Hz pred_dt=0.750s Nmax=7 lower_dt=0.100s target_v=6.000m/s scale=fullscale wheelbase=2.80m length=4.70m bev=40.00m margin=2.00m state=odom grid=/bev/occupancy_grid sparse=/planner/upper_path_sparse dense=/planner/lower_reference_path
[INFO] [1791231745.044636946] [upper_planner_node]: upper branch model: cumulative_increment=1 turn_window_at_split=1 turn_target_absolute=1 split_continuity=6.75m r_dpsi=3.000 lambda_turn=0.600
[INFO] [1791231745.053712447] [lower_tracking_mpc_node]: LowerTrackingMpcNode ready: rate=10.00Hz dt=0.100s N=30 path=/planner/lower_reference_path scale=fullscale wheelbase=2.80m rear_offset=1.40m command_scale=0.350rad actuator_model=1 delay=0.00s tau=0.74s backend=disabled virtual=/cmd_control
"branch_width" "tau1.0" "cap12" "goal_reached" cycles=402
[INFO] [1791231745.246099936] [upper_planner_node]: planner state input: Odometry topic=/motive/vehicle/odom_map yaw=orientation.z scalar
[INFO] [1791231745.249064536] [upper_planner_node]: Egocentric MIQP planner ready: rate=2.00Hz pred_dt=0.750s Nmax=7 lower_dt=0.100s target_v=6.000m/s scale=fullscale wheelbase=2.80m length=4.70m bev=40.00m margin=2.00m state=odom grid=/bev/occupancy_grid sparse=/planner/upper_path_sparse dense=/planner/lower_reference_path
[INFO] [1791231745.249224477] [upper_planner_node]: upper branch model: cumulative_increment=1 turn_window_at_split=1 turn_target_absolute=1 split_continuity=6.75m r_dpsi=3.000 lambda_turn=0.600
[INFO] [1791231745.258438030] [lower_tracking_mpc_node]: LowerTrackingMpcNode ready: rate=10.00Hz dt=0.100s N=30 path=/planner/lower_reference_path scale=fullscale wheelbase=2.80m rear_offset=1.40m command_scale=0.350rad actuator_model=1 delay=0.00s tau=0.74s backend=disabled virtual=/cmd_control
"branch_width" "tau1.0" "cap10" "goal_reached" cycles=402
[INFO] [1791231745.452049459] [upper_planner_node]: planner state input: Odometry topic=/motive/vehicle/odom_map yaw=orientation.z scalar
[INFO] [1791231745.455120430] [upper_planner_node]: Egocentric MIQP planner ready: rate=2.00Hz pred_dt=0.750s Nmax=7 lower_dt=0.100s target_v=6.000m/s scale=fullscale wheelbase=2.80m length=4.70m bev=40.00m margin=2.00m state=odom grid=/bev/occupancy_grid sparse=/planner/upper_path_sparse dense=/planner/lower_reference_path
[INFO] [1791231745.455281971] [upper_planner_node]: upper branch model: cumulative_increment=1 turn_window_at_split=1 turn_target_absolute=1 split_continuity=6.75m r_dpsi=3.000 lambda_turn=0.600
[INFO] [1791231745.464366912] [lower_tracking_mpc_node]: LowerTrackingMpcNode ready: rate=10.00Hz dt=0.100s N=30 path=/planner/lower_reference_path scale=fullscale wheelbase=2.80m rear_offset=1.40m command_scale=0.350rad actuator_model=1 delay=0.00s tau=0.74s backend=disabled virtual=/cmd_control
"replica_east(scenario1)_off+0.0_yaw+0" "tau0.74_noise2" "cap_off" "time_limit" cycles=160
[INFO] [1791231745.561411642] [upper_planner_node]: planner state input: Odometry topic=/motive/vehicle/odom_map yaw=orientation.z scalar
[INFO] [1791231745.564327025] [upper_planner_node]: Egocentric MIQP planner ready: rate=2.00Hz pred_dt=0.750s Nmax=7 lower_dt=0.100s target_v=6.000m/s scale=fullscale wheelbase=2.80m length=4.70m bev=40.00m margin=2.00m state=odom grid=/bev/occupancy_grid sparse=/planner/upper_path_sparse dense=/planner/lower_reference_path
[INFO] [1791231745.564487445] [upper_planner_node]: upper branch model: cumulative_increment=1 turn_window_at_split=1 turn_target_absolute=1 split_continuity=6.75m r_dpsi=3.000 lambda_turn=0.600
[INFO] [1791231745.573456127] [lower_tracking_mpc_node]: LowerTrackingMpcNode ready: rate=10.00Hz dt=0.100s N=30 path=/planner/lower_reference_path scale=fullscale wheelbase=2.80m rear_offset=1.40m command_scale=0.350rad actuator_model=1 delay=0.00s tau=0.74s backend=disabled virtual=/cmd_control
"replica_east(scenario1)_off+0.0_yaw+0" "tau0.74_noise2" "cap12" "time_limit" cycles=160
[INFO] [1791231745.672700570] [upper_planner_node]: planner state input: Odometry topic=/motive/vehicle/odom_map yaw=orientation.z scalar
[INFO] [1791231745.675746132] [upper_planner_node]: Egocentric MIQP planner ready: rate=2.00Hz pred_dt=0.750s Nmax=7 lower_dt=0.100s target_v=6.000m/s scale=fullscale wheelbase=2.80m length=4.70m bev=40.00m margin=2.00m state=odom grid=/bev/occupancy_grid sparse=/planner/upper_path_sparse dense=/planner/lower_reference_path
[INFO] [1791231745.675871064] [upper_planner_node]: upper branch model: cumulative_increment=1 turn_window_at_split=1 turn_target_absolute=1 split_continuity=6.75m r_dpsi=3.000 lambda_turn=0.600
[INFO] [1791231745.684829025] [lower_tracking_mpc_node]: LowerTrackingMpcNode ready: rate=10.00Hz dt=0.100s N=30 path=/planner/lower_reference_path scale=fullscale wheelbase=2.80m rear_offset=1.40m command_scale=0.350rad actuator_model=1 delay=0.00s tau=0.74s backend=disabled virtual=/cmd_control
"replica_east(scenario1)_off+0.0_yaw+0" "tau0.74_noise2" "cap10" "time_limit" cycles=160
[INFO] [1791231745.786495556] [upper_planner_node]: planner state input: Odometry topic=/motive/vehicle/odom_map yaw=orientation.z scalar
[INFO] [1791231745.789834311] [upper_planner_node]: Egocentric MIQP planner ready: rate=2.00Hz pred_dt=0.750s Nmax=7 lower_dt=0.100s target_v=6.000m/s scale=fullscale wheelbase=2.80m length=4.70m bev=40.00m margin=2.00m state=odom grid=/bev/occupancy_grid sparse=/planner/upper_path_sparse dense=/planner/lower_reference_path
[INFO] [1791231745.790013964] [upper_planner_node]: upper branch model: cumulative_increment=1 turn_window_at_split=1 turn_target_absolute=1 split_continuity=6.75m r_dpsi=3.000 lambda_turn=0.600
[INFO] [1791231745.798885939] [lower_tracking_mpc_node]: LowerTrackingMpcNode ready: rate=10.00Hz dt=0.100s N=30 path=/planner/lower_reference_path scale=fullscale wheelbase=2.80m rear_offset=1.40m command_scale=0.350rad actuator_model=1 delay=0.00s tau=0.74s backend=disabled virtual=/cmd_control
"replica_east(scenario1)_off+0.0_yaw+0" "tau0.5" "cap_off" "time_limit" cycles=160
[INFO] [1791231745.896093170] [upper_planner_node]: planner state input: Odometry topic=/motive/vehicle/odom_map yaw=orientation.z scalar
[INFO] [1791231745.898989000] [upper_planner_node]: Egocentric MIQP planner ready: rate=2.00Hz pred_dt=0.750s Nmax=7 lower_dt=0.100s target_v=6.000m/s scale=fullscale wheelbase=2.80m length=4.70m bev=40.00m margin=2.00m state=odom grid=/bev/occupancy_grid sparse=/planner/upper_path_sparse dense=/planner/lower_reference_path
[INFO] [1791231745.899118475] [upper_planner_node]: upper branch model: cumulative_increment=1 turn_window_at_split=1 turn_target_absolute=1 split_continuity=6.75m r_dpsi=3.000 lambda_turn=0.600
[INFO] [1791231745.908152023] [lower_tracking_mpc_node]: LowerTrackingMpcNode ready: rate=10.00Hz dt=0.100s N=30 path=/planner/lower_reference_path scale=fullscale wheelbase=2.80m rear_offset=1.40m command_scale=0.350rad actuator_model=1 delay=0.00s tau=0.74s backend=disabled virtual=/cmd_control
"replica_east(scenario1)_off+0.0_yaw+0" "tau0.5" "cap12" "time_limit" cycles=160
[INFO] [1791231746.003954028] [upper_planner_node]: planner state input: Odometry topic=/motive/vehicle/odom_map yaw=orientation.z scalar
[INFO] [1791231746.006823713] [upper_planner_node]: Egocentric MIQP planner ready: rate=2.00Hz pred_dt=0.750s Nmax=7 lower_dt=0.100s target_v=6.000m/s scale=fullscale wheelbase=2.80m length=4.70m bev=40.00m margin=2.00m state=odom grid=/bev/occupancy_grid sparse=/planner/upper_path_sparse dense=/planner/lower_reference_path
[INFO] [1791231746.006948933] [upper_planner_node]: upper branch model: cumulative_increment=1 turn_window_at_split=1 turn_target_absolute=1 split_continuity=6.75m r_dpsi=3.000 lambda_turn=0.600
[INFO] [1791231746.016015249] [lower_tracking_mpc_node]: LowerTrackingMpcNode ready: rate=10.00Hz dt=0.100s N=30 path=/planner/lower_reference_path scale=fullscale wheelbase=2.80m rear_offset=1.40m command_scale=0.350rad actuator_model=1 delay=0.00s tau=0.74s backend=disabled virtual=/cmd_control
"replica_east(scenario1)_off+0.0_yaw+0" "tau0.5" "cap10" "time_limit" cycles=160
[INFO] [1791231746.114311120] [upper_planner_node]: planner state input: Odometry topic=/motive/vehicle/odom_map yaw=orientation.z scalar
[INFO] [1791231746.117374603] [upper_planner_node]: Egocentric MIQP planner ready: rate=2.00Hz pred_dt=0.750s Nmax=7 lower_dt=0.100s target_v=6.000m/s scale=fullscale wheelbase=2.80m length=4.70m bev=40.00m margin=2.00m state=odom grid=/bev/occupancy_grid sparse=/planner/upper_path_sparse dense=/planner/lower_reference_path
[INFO] [1791231746.117599634] [upper_planner_node]: upper branch model: cumulative_increment=1 turn_window_at_split=1 turn_target_absolute=1 split_continuity=6.75m r_dpsi=3.000 lambda_turn=0.600
[INFO] [1791231746.126584476] [lower_tracking_mpc_node]: LowerTrackingMpcNode ready: rate=10.00Hz dt=0.100s N=30 path=/planner/lower_reference_path scale=fullscale wheelbase=2.80m rear_offset=1.40m command_scale=0.350rad actuator_model=1 delay=0.00s tau=0.74s backend=disabled virtual=/cmd_control
"replica_east(scenario1)_off+0.0_yaw+0" "tau1.0" "cap_off" "time_limit" cycles=160
[INFO] [1791231746.222047047] [upper_planner_node]: planner state input: Odometry topic=/motive/vehicle/odom_map yaw=orientation.z scalar
[INFO] [1791231746.225225861] [upper_planner_node]: Egocentric MIQP planner ready: rate=2.00Hz pred_dt=0.750s Nmax=7 lower_dt=0.100s target_v=6.000m/s scale=fullscale wheelbase=2.80m length=4.70m bev=40.00m margin=2.00m state=odom grid=/bev/occupancy_grid sparse=/planner/upper_path_sparse dense=/planner/lower_reference_path
[INFO] [1791231746.225386826] [upper_planner_node]: upper branch model: cumulative_increment=1 turn_window_at_split=1 turn_target_absolute=1 split_continuity=6.75m r_dpsi=3.000 lambda_turn=0.600
[INFO] [1791231746.234513144] [lower_tracking_mpc_node]: LowerTrackingMpcNode ready: rate=10.00Hz dt=0.100s N=30 path=/planner/lower_reference_path scale=fullscale wheelbase=2.80m rear_offset=1.40m command_scale=0.350rad actuator_model=1 delay=0.00s tau=0.74s backend=disabled virtual=/cmd_control
"replica_east(scenario1)_off+0.0_yaw+0" "tau1.0" "cap12" "time_limit" cycles=160
[INFO] [1791231746.334167904] [upper_planner_node]: planner state input: Odometry topic=/motive/vehicle/odom_map yaw=orientation.z scalar
[INFO] [1791231746.337523971] [upper_planner_node]: Egocentric MIQP planner ready: rate=2.00Hz pred_dt=0.750s Nmax=7 lower_dt=0.100s target_v=6.000m/s scale=fullscale wheelbase=2.80m length=4.70m bev=40.00m margin=2.00m state=odom grid=/bev/occupancy_grid sparse=/planner/upper_path_sparse dense=/planner/lower_reference_path
[INFO] [1791231746.337675304] [upper_planner_node]: upper branch model: cumulative_increment=1 turn_window_at_split=1 turn_target_absolute=1 split_continuity=6.75m r_dpsi=3.000 lambda_turn=0.600
[INFO] [1791231746.346650258] [lower_tracking_mpc_node]: LowerTrackingMpcNode ready: rate=10.00Hz dt=0.100s N=30 path=/planner/lower_reference_path scale=fullscale wheelbase=2.80m rear_offset=1.40m command_scale=0.350rad actuator_model=1 delay=0.00s tau=0.74s backend=disabled virtual=/cmd_control
"replica_east(scenario1)_off+0.0_yaw+0" "tau1.0" "cap10" "time_limit" cycles=160
[INFO] [1791231746.447540670] [upper_planner_node]: planner state input: Odometry topic=/motive/vehicle/odom_map yaw=orientation.z scalar
[INFO] [1791231746.450556375] [upper_planner_node]: Egocentric MIQP planner ready: rate=2.00Hz pred_dt=0.750s Nmax=7 lower_dt=0.100s target_v=6.000m/s scale=fullscale wheelbase=2.80m length=4.70m bev=40.00m margin=2.00m state=odom grid=/bev/occupancy_grid sparse=/planner/upper_path_sparse dense=/planner/lower_reference_path
[INFO] [1791231746.450699259] [upper_planner_node]: upper branch model: cumulative_increment=1 turn_window_at_split=1 turn_target_absolute=1 split_continuity=6.75m r_dpsi=3.000 lambda_turn=0.600
[INFO] [1791231746.459501824] [lower_tracking_mpc_node]: LowerTrackingMpcNode ready: rate=10.00Hz dt=0.100s N=30 path=/planner/lower_reference_path scale=fullscale wheelbase=2.80m rear_offset=1.40m command_scale=0.350rad actuator_model=1 delay=0.00s tau=0.74s backend=disabled virtual=/cmd_control
"replica_east(scenario1)_off+0.8_yaw+3" "tau0.74_noise2" "cap_off" "time_limit" cycles=160
[INFO] [1791231746.560684629] [upper_planner_node]: planner state input: Odometry topic=/motive/vehicle/odom_map yaw=orientation.z scalar
[INFO] [1791231746.563561674] [upper_planner_node]: Egocentric MIQP planner ready: rate=2.00Hz pred_dt=0.750s Nmax=7 lower_dt=0.100s target_v=6.000m/s scale=fullscale wheelbase=2.80m length=4.70m bev=40.00m margin=2.00m state=odom grid=/bev/occupancy_grid sparse=/planner/upper_path_sparse dense=/planner/lower_reference_path
[INFO] [1791231746.563879027] [upper_planner_node]: upper branch model: cumulative_increment=1 turn_window_at_split=1 turn_target_absolute=1 split_continuity=6.75m r_dpsi=3.000 lambda_turn=0.600
[INFO] [1791231746.573056387] [lower_tracking_mpc_node]: LowerTrackingMpcNode ready: rate=10.00Hz dt=0.100s N=30 path=/planner/lower_reference_path scale=fullscale wheelbase=2.80m rear_offset=1.40m command_scale=0.350rad actuator_model=1 delay=0.00s tau=0.74s backend=disabled virtual=/cmd_control
"replica_east(scenario1)_off+0.8_yaw+3" "tau0.74_noise2" "cap12" "time_limit" cycles=160
[INFO] [1791231746.676433177] [upper_planner_node]: planner state input: Odometry topic=/motive/vehicle/odom_map yaw=orientation.z scalar
[INFO] [1791231746.679257100] [upper_planner_node]: Egocentric MIQP planner ready: rate=2.00Hz pred_dt=0.750s Nmax=7 lower_dt=0.100s target_v=6.000m/s scale=fullscale wheelbase=2.80m length=4.70m bev=40.00m margin=2.00m state=odom grid=/bev/occupancy_grid sparse=/planner/upper_path_sparse dense=/planner/lower_reference_path
[INFO] [1791231746.679380784] [upper_planner_node]: upper branch model: cumulative_increment=1 turn_window_at_split=1 turn_target_absolute=1 split_continuity=6.75m r_dpsi=3.000 lambda_turn=0.600
[INFO] [1791231746.688782406] [lower_tracking_mpc_node]: LowerTrackingMpcNode ready: rate=10.00Hz dt=0.100s N=30 path=/planner/lower_reference_path scale=fullscale wheelbase=2.80m rear_offset=1.40m command_scale=0.350rad actuator_model=1 delay=0.00s tau=0.74s backend=disabled virtual=/cmd_control
"replica_east(scenario1)_off+0.8_yaw+3" "tau0.74_noise2" "cap10" "time_limit" cycles=160
[INFO] [1791231746.787329293] [upper_planner_node]: planner state input: Odometry topic=/motive/vehicle/odom_map yaw=orientation.z scalar
[INFO] [1791231746.790446953] [upper_planner_node]: Egocentric MIQP planner ready: rate=2.00Hz pred_dt=0.750s Nmax=7 lower_dt=0.100s target_v=6.000m/s scale=fullscale wheelbase=2.80m length=4.70m bev=40.00m margin=2.00m state=odom grid=/bev/occupancy_grid sparse=/planner/upper_path_sparse dense=/planner/lower_reference_path
[INFO] [1791231746.790616270] [upper_planner_node]: upper branch model: cumulative_increment=1 turn_window_at_split=1 turn_target_absolute=1 split_continuity=6.75m r_dpsi=3.000 lambda_turn=0.600
[INFO] [1791231746.800247820] [lower_tracking_mpc_node]: LowerTrackingMpcNode ready: rate=10.00Hz dt=0.100s N=30 path=/planner/lower_reference_path scale=fullscale wheelbase=2.80m rear_offset=1.40m command_scale=0.350rad actuator_model=1 delay=0.00s tau=0.74s backend=disabled virtual=/cmd_control
"replica_east(scenario1)_off+0.8_yaw+3" "tau0.5" "cap_off" "time_limit" cycles=160
[INFO] [1791231746.898067773] [upper_planner_node]: planner state input: Odometry topic=/motive/vehicle/odom_map yaw=orientation.z scalar
[INFO] [1791231746.901480098] [upper_planner_node]: Egocentric MIQP planner ready: rate=2.00Hz pred_dt=0.750s Nmax=7 lower_dt=0.100s target_v=6.000m/s scale=fullscale wheelbase=2.80m length=4.70m bev=40.00m margin=2.00m state=odom grid=/bev/occupancy_grid sparse=/planner/upper_path_sparse dense=/planner/lower_reference_path
[INFO] [1791231746.901647463] [upper_planner_node]: upper branch model: cumulative_increment=1 turn_window_at_split=1 turn_target_absolute=1 split_continuity=6.75m r_dpsi=3.000 lambda_turn=0.600
[INFO] [1791231746.911218658] [lower_tracking_mpc_node]: LowerTrackingMpcNode ready: rate=10.00Hz dt=0.100s N=30 path=/planner/lower_reference_path scale=fullscale wheelbase=2.80m rear_offset=1.40m command_scale=0.350rad actuator_model=1 delay=0.00s tau=0.74s backend=disabled virtual=/cmd_control
"replica_east(scenario1)_off+0.8_yaw+3" "tau0.5" "cap12" "time_limit" cycles=160
[INFO] [1791231747.010079090] [upper_planner_node]: planner state input: Odometry topic=/motive/vehicle/odom_map yaw=orientation.z scalar
[INFO] [1791231747.014341328] [upper_planner_node]: Egocentric MIQP planner ready: rate=2.00Hz pred_dt=0.750s Nmax=7 lower_dt=0.100s target_v=6.000m/s scale=fullscale wheelbase=2.80m length=4.70m bev=40.00m margin=2.00m state=odom grid=/bev/occupancy_grid sparse=/planner/upper_path_sparse dense=/planner/lower_reference_path
[INFO] [1791231747.014513717] [upper_planner_node]: upper branch model: cumulative_increment=1 turn_window_at_split=1 turn_target_absolute=1 split_continuity=6.75m r_dpsi=3.000 lambda_turn=0.600
[INFO] [1791231747.023835146] [lower_tracking_mpc_node]: LowerTrackingMpcNode ready: rate=10.00Hz dt=0.100s N=30 path=/planner/lower_reference_path scale=fullscale wheelbase=2.80m rear_offset=1.40m command_scale=0.350rad actuator_model=1 delay=0.00s tau=0.74s backend=disabled virtual=/cmd_control
"replica_east(scenario1)_off+0.8_yaw+3" "tau0.5" "cap10" "time_limit" cycles=160
[INFO] [1791231747.124737046] [upper_planner_node]: planner state input: Odometry topic=/motive/vehicle/odom_map yaw=orientation.z scalar
[INFO] [1791231747.127716942] [upper_planner_node]: Egocentric MIQP planner ready: rate=2.00Hz pred_dt=0.750s Nmax=7 lower_dt=0.100s target_v=6.000m/s scale=fullscale wheelbase=2.80m length=4.70m bev=40.00m margin=2.00m state=odom grid=/bev/occupancy_grid sparse=/planner/upper_path_sparse dense=/planner/lower_reference_path
[INFO] [1791231747.127951701] [upper_planner_node]: upper branch model: cumulative_increment=1 turn_window_at_split=1 turn_target_absolute=1 split_continuity=6.75m r_dpsi=3.000 lambda_turn=0.600
[INFO] [1791231747.137891164] [lower_tracking_mpc_node]: LowerTrackingMpcNode ready: rate=10.00Hz dt=0.100s N=30 path=/planner/lower_reference_path scale=fullscale wheelbase=2.80m rear_offset=1.40m command_scale=0.350rad actuator_model=1 delay=0.00s tau=0.74s backend=disabled virtual=/cmd_control
"replica_east(scenario1)_off+0.8_yaw+3" "tau1.0" "cap_off" "time_limit" cycles=160
[INFO] [1791231747.237334301] [upper_planner_node]: planner state input: Odometry topic=/motive/vehicle/odom_map yaw=orientation.z scalar
[INFO] [1791231747.240450617] [upper_planner_node]: Egocentric MIQP planner ready: rate=2.00Hz pred_dt=0.750s Nmax=7 lower_dt=0.100s target_v=6.000m/s scale=fullscale wheelbase=2.80m length=4.70m bev=40.00m margin=2.00m state=odom grid=/bev/occupancy_grid sparse=/planner/upper_path_sparse dense=/planner/lower_reference_path
[INFO] [1791231747.240637183] [upper_planner_node]: upper branch model: cumulative_increment=1 turn_window_at_split=1 turn_target_absolute=1 split_continuity=6.75m r_dpsi=3.000 lambda_turn=0.600
[INFO] [1791231747.250611462] [lower_tracking_mpc_node]: LowerTrackingMpcNode ready: rate=10.00Hz dt=0.100s N=30 path=/planner/lower_reference_path scale=fullscale wheelbase=2.80m rear_offset=1.40m command_scale=0.350rad actuator_model=1 delay=0.00s tau=0.74s backend=disabled virtual=/cmd_control
"replica_east(scenario1)_off+0.8_yaw+3" "tau1.0" "cap12" "time_limit" cycles=160
[INFO] [1791231747.352551986] [upper_planner_node]: planner state input: Odometry topic=/motive/vehicle/odom_map yaw=orientation.z scalar
[INFO] [1791231747.355883124] [upper_planner_node]: Egocentric MIQP planner ready: rate=2.00Hz pred_dt=0.750s Nmax=7 lower_dt=0.100s target_v=6.000m/s scale=fullscale wheelbase=2.80m length=4.70m bev=40.00m margin=2.00m state=odom grid=/bev/occupancy_grid sparse=/planner/upper_path_sparse dense=/planner/lower_reference_path
[INFO] [1791231747.356068154] [upper_planner_node]: upper branch model: cumulative_increment=1 turn_window_at_split=1 turn_target_absolute=1 split_continuity=6.75m r_dpsi=3.000 lambda_turn=0.600
[INFO] [1791231747.365203368] [lower_tracking_mpc_node]: LowerTrackingMpcNode ready: rate=10.00Hz dt=0.100s N=30 path=/planner/lower_reference_path scale=fullscale wheelbase=2.80m rear_offset=1.40m command_scale=0.350rad actuator_model=1 delay=0.00s tau=0.74s backend=disabled virtual=/cmd_control
"replica_east(scenario1)_off+0.8_yaw+3" "tau1.0" "cap10" "time_limit" cycles=160
[INFO] [1791231747.465990225] [upper_planner_node]: planner state input: Odometry topic=/motive/vehicle/odom_map yaw=orientation.z scalar
[INFO] [1791231747.469184240] [upper_planner_node]: Egocentric MIQP planner ready: rate=2.00Hz pred_dt=0.750s Nmax=7 lower_dt=0.100s target_v=6.000m/s scale=fullscale wheelbase=2.80m length=4.70m bev=40.00m margin=2.00m state=odom grid=/bev/occupancy_grid sparse=/planner/upper_path_sparse dense=/planner/lower_reference_path
[INFO] [1791231747.469337077] [upper_planner_node]: upper branch model: cumulative_increment=1 turn_window_at_split=1 turn_target_absolute=1 split_continuity=6.75m r_dpsi=3.000 lambda_turn=0.600
[INFO] [1791231747.478255837] [lower_tracking_mpc_node]: LowerTrackingMpcNode ready: rate=10.00Hz dt=0.100s N=30 path=/planner/lower_reference_path scale=fullscale wheelbase=2.80m rear_offset=1.40m command_scale=0.350rad actuator_model=1 delay=0.00s tau=0.74s backend=disabled virtual=/cmd_control
"replica_east(scenario1)_off-0.8_yaw-3" "tau0.74_noise2" "cap_off" "time_limit" cycles=160
[INFO] [1791231747.578738269] [upper_planner_node]: planner state input: Odometry topic=/motive/vehicle/odom_map yaw=orientation.z scalar
[INFO] [1791231747.581775927] [upper_planner_node]: Egocentric MIQP planner ready: rate=2.00Hz pred_dt=0.750s Nmax=7 lower_dt=0.100s target_v=6.000m/s scale=fullscale wheelbase=2.80m length=4.70m bev=40.00m margin=2.00m state=odom grid=/bev/occupancy_grid sparse=/planner/upper_path_sparse dense=/planner/lower_reference_path
[INFO] [1791231747.581932507] [upper_planner_node]: upper branch model: cumulative_increment=1 turn_window_at_split=1 turn_target_absolute=1 split_continuity=6.75m r_dpsi=3.000 lambda_turn=0.600
[INFO] [1791231747.591128364] [lower_tracking_mpc_node]: LowerTrackingMpcNode ready: rate=10.00Hz dt=0.100s N=30 path=/planner/lower_reference_path scale=fullscale wheelbase=2.80m rear_offset=1.40m command_scale=0.350rad actuator_model=1 delay=0.00s tau=0.74s backend=disabled virtual=/cmd_control
"replica_east(scenario1)_off-0.8_yaw-3" "tau0.74_noise2" "cap12" "time_limit" cycles=160
[INFO] [1791231747.688632404] [upper_planner_node]: planner state input: Odometry topic=/motive/vehicle/odom_map yaw=orientation.z scalar
[INFO] [1791231747.691751088] [upper_planner_node]: Egocentric MIQP planner ready: rate=2.00Hz pred_dt=0.750s Nmax=7 lower_dt=0.100s target_v=6.000m/s scale=fullscale wheelbase=2.80m length=4.70m bev=40.00m margin=2.00m state=odom grid=/bev/occupancy_grid sparse=/planner/upper_path_sparse dense=/planner/lower_reference_path
[INFO] [1791231747.691894804] [upper_planner_node]: upper branch model: cumulative_increment=1 turn_window_at_split=1 turn_target_absolute=1 split_continuity=6.75m r_dpsi=3.000 lambda_turn=0.600
[INFO] [1791231747.701623444] [lower_tracking_mpc_node]: LowerTrackingMpcNode ready: rate=10.00Hz dt=0.100s N=30 path=/planner/lower_reference_path scale=fullscale wheelbase=2.80m rear_offset=1.40m command_scale=0.350rad actuator_model=1 delay=0.00s tau=0.74s backend=disabled virtual=/cmd_control
"replica_east(scenario1)_off-0.8_yaw-3" "tau0.74_noise2" "cap10" "time_limit" cycles=160
[INFO] [1791231747.800183484] [upper_planner_node]: planner state input: Odometry topic=/motive/vehicle/odom_map yaw=orientation.z scalar
[INFO] [1791231747.803305432] [upper_planner_node]: Egocentric MIQP planner ready: rate=2.00Hz pred_dt=0.750s Nmax=7 lower_dt=0.100s target_v=6.000m/s scale=fullscale wheelbase=2.80m length=4.70m bev=40.00m margin=2.00m state=odom grid=/bev/occupancy_grid sparse=/planner/upper_path_sparse dense=/planner/lower_reference_path
[INFO] [1791231747.803439900] [upper_planner_node]: upper branch model: cumulative_increment=1 turn_window_at_split=1 turn_target_absolute=1 split_continuity=6.75m r_dpsi=3.000 lambda_turn=0.600
[INFO] [1791231747.812553866] [lower_tracking_mpc_node]: LowerTrackingMpcNode ready: rate=10.00Hz dt=0.100s N=30 path=/planner/lower_reference_path scale=fullscale wheelbase=2.80m rear_offset=1.40m command_scale=0.350rad actuator_model=1 delay=0.00s tau=0.74s backend=disabled virtual=/cmd_control
"replica_east(scenario1)_off-0.8_yaw-3" "tau0.5" "cap_off" "time_limit" cycles=160
[INFO] [1791231747.913811201] [upper_planner_node]: planner state input: Odometry topic=/motive/vehicle/odom_map yaw=orientation.z scalar
[INFO] [1791231747.916981183] [upper_planner_node]: Egocentric MIQP planner ready: rate=2.00Hz pred_dt=0.750s Nmax=7 lower_dt=0.100s target_v=6.000m/s scale=fullscale wheelbase=2.80m length=4.70m bev=40.00m margin=2.00m state=odom grid=/bev/occupancy_grid sparse=/planner/upper_path_sparse dense=/planner/lower_reference_path
[INFO] [1791231747.917141700] [upper_planner_node]: upper branch model: cumulative_increment=1 turn_window_at_split=1 turn_target_absolute=1 split_continuity=6.75m r_dpsi=3.000 lambda_turn=0.600
[INFO] [1791231747.926342036] [lower_tracking_mpc_node]: LowerTrackingMpcNode ready: rate=10.00Hz dt=0.100s N=30 path=/planner/lower_reference_path scale=fullscale wheelbase=2.80m rear_offset=1.40m command_scale=0.350rad actuator_model=1 delay=0.00s tau=0.74s backend=disabled virtual=/cmd_control
"replica_east(scenario1)_off-0.8_yaw-3" "tau0.5" "cap12" "time_limit" cycles=160
[INFO] [1791231748.025381162] [upper_planner_node]: planner state input: Odometry topic=/motive/vehicle/odom_map yaw=orientation.z scalar
[INFO] [1791231748.028486982] [upper_planner_node]: Egocentric MIQP planner ready: rate=2.00Hz pred_dt=0.750s Nmax=7 lower_dt=0.100s target_v=6.000m/s scale=fullscale wheelbase=2.80m length=4.70m bev=40.00m margin=2.00m state=odom grid=/bev/occupancy_grid sparse=/planner/upper_path_sparse dense=/planner/lower_reference_path
[INFO] [1791231748.028662475] [upper_planner_node]: upper branch model: cumulative_increment=1 turn_window_at_split=1 turn_target_absolute=1 split_continuity=6.75m r_dpsi=3.000 lambda_turn=0.600
[INFO] [1791231748.037573491] [lower_tracking_mpc_node]: LowerTrackingMpcNode ready: rate=10.00Hz dt=0.100s N=30 path=/planner/lower_reference_path scale=fullscale wheelbase=2.80m rear_offset=1.40m command_scale=0.350rad actuator_model=1 delay=0.00s tau=0.74s backend=disabled virtual=/cmd_control
"replica_east(scenario1)_off-0.8_yaw-3" "tau0.5" "cap10" "time_limit" cycles=160
[INFO] [1791231748.136291295] [upper_planner_node]: planner state input: Odometry topic=/motive/vehicle/odom_map yaw=orientation.z scalar
[INFO] [1791231748.139123315] [upper_planner_node]: Egocentric MIQP planner ready: rate=2.00Hz pred_dt=0.750s Nmax=7 lower_dt=0.100s target_v=6.000m/s scale=fullscale wheelbase=2.80m length=4.70m bev=40.00m margin=2.00m state=odom grid=/bev/occupancy_grid sparse=/planner/upper_path_sparse dense=/planner/lower_reference_path
[INFO] [1791231748.139254199] [upper_planner_node]: upper branch model: cumulative_increment=1 turn_window_at_split=1 turn_target_absolute=1 split_continuity=6.75m r_dpsi=3.000 lambda_turn=0.600
[INFO] [1791231748.148400198] [lower_tracking_mpc_node]: LowerTrackingMpcNode ready: rate=10.00Hz dt=0.100s N=30 path=/planner/lower_reference_path scale=fullscale wheelbase=2.80m rear_offset=1.40m command_scale=0.350rad actuator_model=1 delay=0.00s tau=0.74s backend=disabled virtual=/cmd_control
"replica_east(scenario1)_off-0.8_yaw-3" "tau1.0" "cap_off" "time_limit" cycles=160
[INFO] [1791231748.245485665] [upper_planner_node]: planner state input: Odometry topic=/motive/vehicle/odom_map yaw=orientation.z scalar
[INFO] [1791231748.248584701] [upper_planner_node]: Egocentric MIQP planner ready: rate=2.00Hz pred_dt=0.750s Nmax=7 lower_dt=0.100s target_v=6.000m/s scale=fullscale wheelbase=2.80m length=4.70m bev=40.00m margin=2.00m state=odom grid=/bev/occupancy_grid sparse=/planner/upper_path_sparse dense=/planner/lower_reference_path
[INFO] [1791231748.248739266] [upper_planner_node]: upper branch model: cumulative_increment=1 turn_window_at_split=1 turn_target_absolute=1 split_continuity=6.75m r_dpsi=3.000 lambda_turn=0.600
[INFO] [1791231748.257763853] [lower_tracking_mpc_node]: LowerTrackingMpcNode ready: rate=10.00Hz dt=0.100s N=30 path=/planner/lower_reference_path scale=fullscale wheelbase=2.80m rear_offset=1.40m command_scale=0.350rad actuator_model=1 delay=0.00s tau=0.74s backend=disabled virtual=/cmd_control
"replica_east(scenario1)_off-0.8_yaw-3" "tau1.0" "cap12" "time_limit" cycles=160
[INFO] [1791231748.356326292] [upper_planner_node]: planner state input: Odometry topic=/motive/vehicle/odom_map yaw=orientation.z scalar
[INFO] [1791231748.359284812] [upper_planner_node]: Egocentric MIQP planner ready: rate=2.00Hz pred_dt=0.750s Nmax=7 lower_dt=0.100s target_v=6.000m/s scale=fullscale wheelbase=2.80m length=4.70m bev=40.00m margin=2.00m state=odom grid=/bev/occupancy_grid sparse=/planner/upper_path_sparse dense=/planner/lower_reference_path
[INFO] [1791231748.359432656] [upper_planner_node]: upper branch model: cumulative_increment=1 turn_window_at_split=1 turn_target_absolute=1 split_continuity=6.75m r_dpsi=3.000 lambda_turn=0.600
[INFO] [1791231748.368425627] [lower_tracking_mpc_node]: LowerTrackingMpcNode ready: rate=10.00Hz dt=0.100s N=30 path=/planner/lower_reference_path scale=fullscale wheelbase=2.80m rear_offset=1.40m command_scale=0.350rad actuator_model=1 delay=0.00s tau=0.74s backend=disabled virtual=/cmd_control
"replica_east(scenario1)_off-0.8_yaw-3" "tau1.0" "cap10" "time_limit" cycles=160
[INFO] [1791231748.469197060] [upper_planner_node]: planner state input: Odometry topic=/motive/vehicle/odom_map yaw=orientation.z scalar
[INFO] [1791231748.472250590] [upper_planner_node]: Egocentric MIQP planner ready: rate=2.00Hz pred_dt=0.750s Nmax=7 lower_dt=0.100s target_v=6.000m/s scale=fullscale wheelbase=2.80m length=4.70m bev=40.00m margin=2.00m state=odom grid=/bev/occupancy_grid sparse=/planner/upper_path_sparse dense=/planner/lower_reference_path
[INFO] [1791231748.472406851] [upper_planner_node]: upper branch model: cumulative_increment=1 turn_window_at_split=1 turn_target_absolute=1 split_continuity=6.75m r_dpsi=3.000 lambda_turn=0.600
[INFO] [1791231748.481272681] [lower_tracking_mpc_node]: LowerTrackingMpcNode ready: rate=10.00Hz dt=0.100s N=30 path=/planner/lower_reference_path scale=fullscale wheelbase=2.80m rear_offset=1.40m command_scale=0.350rad actuator_model=1 delay=0.00s tau=0.74s backend=disabled virtual=/cmd_control
"replica_north(control)_off+0.0_yaw+0" "tau0.74_noise2" "cap_off" "time_limit" cycles=160
[INFO] [1791231748.583567263] [upper_planner_node]: planner state input: Odometry topic=/motive/vehicle/odom_map yaw=orientation.z scalar
[INFO] [1791231748.587158922] [upper_planner_node]: Egocentric MIQP planner ready: rate=2.00Hz pred_dt=0.750s Nmax=7 lower_dt=0.100s target_v=6.000m/s scale=fullscale wheelbase=2.80m length=4.70m bev=40.00m margin=2.00m state=odom grid=/bev/occupancy_grid sparse=/planner/upper_path_sparse dense=/planner/lower_reference_path
[INFO] [1791231748.587352079] [upper_planner_node]: upper branch model: cumulative_increment=1 turn_window_at_split=1 turn_target_absolute=1 split_continuity=6.75m r_dpsi=3.000 lambda_turn=0.600
[INFO] [1791231748.596904234] [lower_tracking_mpc_node]: LowerTrackingMpcNode ready: rate=10.00Hz dt=0.100s N=30 path=/planner/lower_reference_path scale=fullscale wheelbase=2.80m rear_offset=1.40m command_scale=0.350rad actuator_model=1 delay=0.00s tau=0.74s backend=disabled virtual=/cmd_control
"replica_north(control)_off+0.0_yaw+0" "tau0.74_noise2" "cap12" "time_limit" cycles=160
[INFO] [1791231748.694234477] [upper_planner_node]: planner state input: Odometry topic=/motive/vehicle/odom_map yaw=orientation.z scalar
[INFO] [1791231748.697291912] [upper_planner_node]: Egocentric MIQP planner ready: rate=2.00Hz pred_dt=0.750s Nmax=7 lower_dt=0.100s target_v=6.000m/s scale=fullscale wheelbase=2.80m length=4.70m bev=40.00m margin=2.00m state=odom grid=/bev/occupancy_grid sparse=/planner/upper_path_sparse dense=/planner/lower_reference_path
[INFO] [1791231748.697447372] [upper_planner_node]: upper branch model: cumulative_increment=1 turn_window_at_split=1 turn_target_absolute=1 split_continuity=6.75m r_dpsi=3.000 lambda_turn=0.600
[INFO] [1791231748.706405430] [lower_tracking_mpc_node]: LowerTrackingMpcNode ready: rate=10.00Hz dt=0.100s N=30 path=/planner/lower_reference_path scale=fullscale wheelbase=2.80m rear_offset=1.40m command_scale=0.350rad actuator_model=1 delay=0.00s tau=0.74s backend=disabled virtual=/cmd_control
"replica_north(control)_off+0.0_yaw+0" "tau0.74_noise2" "cap10" "time_limit" cycles=160
[INFO] [1791231748.807112381] [upper_planner_node]: planner state input: Odometry topic=/motive/vehicle/odom_map yaw=orientation.z scalar
[INFO] [1791231748.810478304] [upper_planner_node]: Egocentric MIQP planner ready: rate=2.00Hz pred_dt=0.750s Nmax=7 lower_dt=0.100s target_v=6.000m/s scale=fullscale wheelbase=2.80m length=4.70m bev=40.00m margin=2.00m state=odom grid=/bev/occupancy_grid sparse=/planner/upper_path_sparse dense=/planner/lower_reference_path
[INFO] [1791231748.810742184] [upper_planner_node]: upper branch model: cumulative_increment=1 turn_window_at_split=1 turn_target_absolute=1 split_continuity=6.75m r_dpsi=3.000 lambda_turn=0.600
[INFO] [1791231748.820146687] [lower_tracking_mpc_node]: LowerTrackingMpcNode ready: rate=10.00Hz dt=0.100s N=30 path=/planner/lower_reference_path scale=fullscale wheelbase=2.80m rear_offset=1.40m command_scale=0.350rad actuator_model=1 delay=0.00s tau=0.74s backend=disabled virtual=/cmd_control
"replica_north(control)_off+0.0_yaw+0" "tau0.5" "cap_off" "time_limit" cycles=160
[INFO] [1791231748.917146712] [upper_planner_node]: planner state input: Odometry topic=/motive/vehicle/odom_map yaw=orientation.z scalar
[INFO] [1791231748.920268244] [upper_planner_node]: Egocentric MIQP planner ready: rate=2.00Hz pred_dt=0.750s Nmax=7 lower_dt=0.100s target_v=6.000m/s scale=fullscale wheelbase=2.80m length=4.70m bev=40.00m margin=2.00m state=odom grid=/bev/occupancy_grid sparse=/planner/upper_path_sparse dense=/planner/lower_reference_path
[INFO] [1791231748.920560957] [upper_planner_node]: upper branch model: cumulative_increment=1 turn_window_at_split=1 turn_target_absolute=1 split_continuity=6.75m r_dpsi=3.000 lambda_turn=0.600
[INFO] [1791231748.929752973] [lower_tracking_mpc_node]: LowerTrackingMpcNode ready: rate=10.00Hz dt=0.100s N=30 path=/planner/lower_reference_path scale=fullscale wheelbase=2.80m rear_offset=1.40m command_scale=0.350rad actuator_model=1 delay=0.00s tau=0.74s backend=disabled virtual=/cmd_control
"replica_north(control)_off+0.0_yaw+0" "tau0.5" "cap12" "time_limit" cycles=160
[INFO] [1791231749.025170200] [upper_planner_node]: planner state input: Odometry topic=/motive/vehicle/odom_map yaw=orientation.z scalar
[INFO] [1791231749.028297460] [upper_planner_node]: Egocentric MIQP planner ready: rate=2.00Hz pred_dt=0.750s Nmax=7 lower_dt=0.100s target_v=6.000m/s scale=fullscale wheelbase=2.80m length=4.70m bev=40.00m margin=2.00m state=odom grid=/bev/occupancy_grid sparse=/planner/upper_path_sparse dense=/planner/lower_reference_path
[INFO] [1791231749.028637502] [upper_planner_node]: upper branch model: cumulative_increment=1 turn_window_at_split=1 turn_target_absolute=1 split_continuity=6.75m r_dpsi=3.000 lambda_turn=0.600
[INFO] [1791231749.037851663] [lower_tracking_mpc_node]: LowerTrackingMpcNode ready: rate=10.00Hz dt=0.100s N=30 path=/planner/lower_reference_path scale=fullscale wheelbase=2.80m rear_offset=1.40m command_scale=0.350rad actuator_model=1 delay=0.00s tau=0.74s backend=disabled virtual=/cmd_control
"replica_north(control)_off+0.0_yaw+0" "tau0.5" "cap10" "time_limit" cycles=160
[INFO] [1791231749.134590465] [upper_planner_node]: planner state input: Odometry topic=/motive/vehicle/odom_map yaw=orientation.z scalar
[INFO] [1791231749.137652220] [upper_planner_node]: Egocentric MIQP planner ready: rate=2.00Hz pred_dt=0.750s Nmax=7 lower_dt=0.100s target_v=6.000m/s scale=fullscale wheelbase=2.80m length=4.70m bev=40.00m margin=2.00m state=odom grid=/bev/occupancy_grid sparse=/planner/upper_path_sparse dense=/planner/lower_reference_path
[INFO] [1791231749.137799072] [upper_planner_node]: upper branch model: cumulative_increment=1 turn_window_at_split=1 turn_target_absolute=1 split_continuity=6.75m r_dpsi=3.000 lambda_turn=0.600
[INFO] [1791231749.146490049] [lower_tracking_mpc_node]: LowerTrackingMpcNode ready: rate=10.00Hz dt=0.100s N=30 path=/planner/lower_reference_path scale=fullscale wheelbase=2.80m rear_offset=1.40m command_scale=0.350rad actuator_model=1 delay=0.00s tau=0.74s backend=disabled virtual=/cmd_control
"replica_north(control)_off+0.0_yaw+0" "tau1.0" "cap_off" "time_limit" cycles=160
[INFO] [1791231749.239527653] [upper_planner_node]: planner state input: Odometry topic=/motive/vehicle/odom_map yaw=orientation.z scalar
[INFO] [1791231749.242704291] [upper_planner_node]: Egocentric MIQP planner ready: rate=2.00Hz pred_dt=0.750s Nmax=7 lower_dt=0.100s target_v=6.000m/s scale=fullscale wheelbase=2.80m length=4.70m bev=40.00m margin=2.00m state=odom grid=/bev/occupancy_grid sparse=/planner/upper_path_sparse dense=/planner/lower_reference_path
[INFO] [1791231749.242852904] [upper_planner_node]: upper branch model: cumulative_increment=1 turn_window_at_split=1 turn_target_absolute=1 split_continuity=6.75m r_dpsi=3.000 lambda_turn=0.600
[INFO] [1791231749.252046040] [lower_tracking_mpc_node]: LowerTrackingMpcNode ready: rate=10.00Hz dt=0.100s N=30 path=/planner/lower_reference_path scale=fullscale wheelbase=2.80m rear_offset=1.40m command_scale=0.350rad actuator_model=1 delay=0.00s tau=0.74s backend=disabled virtual=/cmd_control
"replica_north(control)_off+0.0_yaw+0" "tau1.0" "cap12" "time_limit" cycles=160
[INFO] [1791231749.349528832] [upper_planner_node]: planner state input: Odometry topic=/motive/vehicle/odom_map yaw=orientation.z scalar
[INFO] [1791231749.352900356] [upper_planner_node]: Egocentric MIQP planner ready: rate=2.00Hz pred_dt=0.750s Nmax=7 lower_dt=0.100s target_v=6.000m/s scale=fullscale wheelbase=2.80m length=4.70m bev=40.00m margin=2.00m state=odom grid=/bev/occupancy_grid sparse=/planner/upper_path_sparse dense=/planner/lower_reference_path
[INFO] [1791231749.353077737] [upper_planner_node]: upper branch model: cumulative_increment=1 turn_window_at_split=1 turn_target_absolute=1 split_continuity=6.75m r_dpsi=3.000 lambda_turn=0.600
[INFO] [1791231749.362122261] [lower_tracking_mpc_node]: LowerTrackingMpcNode ready: rate=10.00Hz dt=0.100s N=30 path=/planner/lower_reference_path scale=fullscale wheelbase=2.80m rear_offset=1.40m command_scale=0.350rad actuator_model=1 delay=0.00s tau=0.74s backend=disabled virtual=/cmd_control
"replica_north(control)_off+0.0_yaw+0" "tau1.0" "cap10" "time_limit" cycles=160
[INFO] [1791231749.459482745] [upper_planner_node]: planner state input: Odometry topic=/motive/vehicle/odom_map yaw=orientation.z scalar
[INFO] [1791231749.462534675] [upper_planner_node]: Egocentric MIQP planner ready: rate=2.00Hz pred_dt=0.750s Nmax=7 lower_dt=0.100s target_v=6.000m/s scale=fullscale wheelbase=2.80m length=4.70m bev=40.00m margin=2.00m state=odom grid=/bev/occupancy_grid sparse=/planner/upper_path_sparse dense=/planner/lower_reference_path
[INFO] [1791231749.462722073] [upper_planner_node]: upper branch model: cumulative_increment=1 turn_window_at_split=1 turn_target_absolute=1 split_continuity=6.75m r_dpsi=3.000 lambda_turn=0.600
[INFO] [1791231749.471834535] [lower_tracking_mpc_node]: LowerTrackingMpcNode ready: rate=10.00Hz dt=0.100s N=30 path=/planner/lower_reference_path scale=fullscale wheelbase=2.80m rear_offset=1.40m command_scale=0.350rad actuator_model=1 delay=0.00s tau=0.74s backend=disabled virtual=/cmd_control
"replica_north(control)_off+0.8_yaw+3" "tau0.74_noise2" "cap_off" "time_limit" cycles=160
[INFO] [1791231749.567675326] [upper_planner_node]: planner state input: Odometry topic=/motive/vehicle/odom_map yaw=orientation.z scalar
[INFO] [1791231749.570676471] [upper_planner_node]: Egocentric MIQP planner ready: rate=2.00Hz pred_dt=0.750s Nmax=7 lower_dt=0.100s target_v=6.000m/s scale=fullscale wheelbase=2.80m length=4.70m bev=40.00m margin=2.00m state=odom grid=/bev/occupancy_grid sparse=/planner/upper_path_sparse dense=/planner/lower_reference_path
[INFO] [1791231749.570846716] [upper_planner_node]: upper branch model: cumulative_increment=1 turn_window_at_split=1 turn_target_absolute=1 split_continuity=6.75m r_dpsi=3.000 lambda_turn=0.600
[INFO] [1791231749.580070381] [lower_tracking_mpc_node]: LowerTrackingMpcNode ready: rate=10.00Hz dt=0.100s N=30 path=/planner/lower_reference_path scale=fullscale wheelbase=2.80m rear_offset=1.40m command_scale=0.350rad actuator_model=1 delay=0.00s tau=0.74s backend=disabled virtual=/cmd_control
"replica_north(control)_off+0.8_yaw+3" "tau0.74_noise2" "cap12" "time_limit" cycles=160
[INFO] [1791231749.673942761] [upper_planner_node]: planner state input: Odometry topic=/motive/vehicle/odom_map yaw=orientation.z scalar
[INFO] [1791231749.676911617] [upper_planner_node]: Egocentric MIQP planner ready: rate=2.00Hz pred_dt=0.750s Nmax=7 lower_dt=0.100s target_v=6.000m/s scale=fullscale wheelbase=2.80m length=4.70m bev=40.00m margin=2.00m state=odom grid=/bev/occupancy_grid sparse=/planner/upper_path_sparse dense=/planner/lower_reference_path
[INFO] [1791231749.677060998] [upper_planner_node]: upper branch model: cumulative_increment=1 turn_window_at_split=1 turn_target_absolute=1 split_continuity=6.75m r_dpsi=3.000 lambda_turn=0.600
[INFO] [1791231749.685906540] [lower_tracking_mpc_node]: LowerTrackingMpcNode ready: rate=10.00Hz dt=0.100s N=30 path=/planner/lower_reference_path scale=fullscale wheelbase=2.80m rear_offset=1.40m command_scale=0.350rad actuator_model=1 delay=0.00s tau=0.74s backend=disabled virtual=/cmd_control
"replica_north(control)_off+0.8_yaw+3" "tau0.74_noise2" "cap10" "time_limit" cycles=160
[INFO] [1791231749.780348473] [upper_planner_node]: planner state input: Odometry topic=/motive/vehicle/odom_map yaw=orientation.z scalar
[INFO] [1791231749.784228492] [upper_planner_node]: Egocentric MIQP planner ready: rate=2.00Hz pred_dt=0.750s Nmax=7 lower_dt=0.100s target_v=6.000m/s scale=fullscale wheelbase=2.80m length=4.70m bev=40.00m margin=2.00m state=odom grid=/bev/occupancy_grid sparse=/planner/upper_path_sparse dense=/planner/lower_reference_path
[INFO] [1791231749.784511317] [upper_planner_node]: upper branch model: cumulative_increment=1 turn_window_at_split=1 turn_target_absolute=1 split_continuity=6.75m r_dpsi=3.000 lambda_turn=0.600
[INFO] [1791231749.793431645] [lower_tracking_mpc_node]: LowerTrackingMpcNode ready: rate=10.00Hz dt=0.100s N=30 path=/planner/lower_reference_path scale=fullscale wheelbase=2.80m rear_offset=1.40m command_scale=0.350rad actuator_model=1 delay=0.00s tau=0.74s backend=disabled virtual=/cmd_control
"replica_north(control)_off+0.8_yaw+3" "tau0.5" "cap_off" "time_limit" cycles=160
[INFO] [1791231749.886376030] [upper_planner_node]: planner state input: Odometry topic=/motive/vehicle/odom_map yaw=orientation.z scalar
[INFO] [1791231749.889441433] [upper_planner_node]: Egocentric MIQP planner ready: rate=2.00Hz pred_dt=0.750s Nmax=7 lower_dt=0.100s target_v=6.000m/s scale=fullscale wheelbase=2.80m length=4.70m bev=40.00m margin=2.00m state=odom grid=/bev/occupancy_grid sparse=/planner/upper_path_sparse dense=/planner/lower_reference_path
[INFO] [1791231749.889656575] [upper_planner_node]: upper branch model: cumulative_increment=1 turn_window_at_split=1 turn_target_absolute=1 split_continuity=6.75m r_dpsi=3.000 lambda_turn=0.600
[INFO] [1791231749.898784622] [lower_tracking_mpc_node]: LowerTrackingMpcNode ready: rate=10.00Hz dt=0.100s N=30 path=/planner/lower_reference_path scale=fullscale wheelbase=2.80m rear_offset=1.40m command_scale=0.350rad actuator_model=1 delay=0.00s tau=0.74s backend=disabled virtual=/cmd_control
"replica_north(control)_off+0.8_yaw+3" "tau0.5" "cap12" "time_limit" cycles=160
[INFO] [1791231749.993231451] [upper_planner_node]: planner state input: Odometry topic=/motive/vehicle/odom_map yaw=orientation.z scalar
[INFO] [1791231749.996613664] [upper_planner_node]: Egocentric MIQP planner ready: rate=2.00Hz pred_dt=0.750s Nmax=7 lower_dt=0.100s target_v=6.000m/s scale=fullscale wheelbase=2.80m length=4.70m bev=40.00m margin=2.00m state=odom grid=/bev/occupancy_grid sparse=/planner/upper_path_sparse dense=/planner/lower_reference_path
[INFO] [1791231749.996772804] [upper_planner_node]: upper branch model: cumulative_increment=1 turn_window_at_split=1 turn_target_absolute=1 split_continuity=6.75m r_dpsi=3.000 lambda_turn=0.600
[INFO] [1791231750.005802576] [lower_tracking_mpc_node]: LowerTrackingMpcNode ready: rate=10.00Hz dt=0.100s N=30 path=/planner/lower_reference_path scale=fullscale wheelbase=2.80m rear_offset=1.40m command_scale=0.350rad actuator_model=1 delay=0.00s tau=0.74s backend=disabled virtual=/cmd_control
"replica_north(control)_off+0.8_yaw+3" "tau0.5" "cap10" "time_limit" cycles=160
[INFO] [1791231750.100415715] [upper_planner_node]: planner state input: Odometry topic=/motive/vehicle/odom_map yaw=orientation.z scalar
[INFO] [1791231750.103367386] [upper_planner_node]: Egocentric MIQP planner ready: rate=2.00Hz pred_dt=0.750s Nmax=7 lower_dt=0.100s target_v=6.000m/s scale=fullscale wheelbase=2.80m length=4.70m bev=40.00m margin=2.00m state=odom grid=/bev/occupancy_grid sparse=/planner/upper_path_sparse dense=/planner/lower_reference_path
[INFO] [1791231750.103502174] [upper_planner_node]: upper branch model: cumulative_increment=1 turn_window_at_split=1 turn_target_absolute=1 split_continuity=6.75m r_dpsi=3.000 lambda_turn=0.600
[INFO] [1791231750.112524393] [lower_tracking_mpc_node]: LowerTrackingMpcNode ready: rate=10.00Hz dt=0.100s N=30 path=/planner/lower_reference_path scale=fullscale wheelbase=2.80m rear_offset=1.40m command_scale=0.350rad actuator_model=1 delay=0.00s tau=0.74s backend=disabled virtual=/cmd_control
"replica_north(control)_off+0.8_yaw+3" "tau1.0" "cap_off" "time_limit" cycles=160
[INFO] [1791231750.206581164] [upper_planner_node]: planner state input: Odometry topic=/motive/vehicle/odom_map yaw=orientation.z scalar
[INFO] [1791231750.209609189] [upper_planner_node]: Egocentric MIQP planner ready: rate=2.00Hz pred_dt=0.750s Nmax=7 lower_dt=0.100s target_v=6.000m/s scale=fullscale wheelbase=2.80m length=4.70m bev=40.00m margin=2.00m state=odom grid=/bev/occupancy_grid sparse=/planner/upper_path_sparse dense=/planner/lower_reference_path
[INFO] [1791231750.209754666] [upper_planner_node]: upper branch model: cumulative_increment=1 turn_window_at_split=1 turn_target_absolute=1 split_continuity=6.75m r_dpsi=3.000 lambda_turn=0.600
[INFO] [1791231750.218852855] [lower_tracking_mpc_node]: LowerTrackingMpcNode ready: rate=10.00Hz dt=0.100s N=30 path=/planner/lower_reference_path scale=fullscale wheelbase=2.80m rear_offset=1.40m command_scale=0.350rad actuator_model=1 delay=0.00s tau=0.74s backend=disabled virtual=/cmd_control
"replica_north(control)_off+0.8_yaw+3" "tau1.0" "cap12" "time_limit" cycles=160
[INFO] [1791231750.312468972] [upper_planner_node]: planner state input: Odometry topic=/motive/vehicle/odom_map yaw=orientation.z scalar
[INFO] [1791231750.315524807] [upper_planner_node]: Egocentric MIQP planner ready: rate=2.00Hz pred_dt=0.750s Nmax=7 lower_dt=0.100s target_v=6.000m/s scale=fullscale wheelbase=2.80m length=4.70m bev=40.00m margin=2.00m state=odom grid=/bev/occupancy_grid sparse=/planner/upper_path_sparse dense=/planner/lower_reference_path
[INFO] [1791231750.315852145] [upper_planner_node]: upper branch model: cumulative_increment=1 turn_window_at_split=1 turn_target_absolute=1 split_continuity=6.75m r_dpsi=3.000 lambda_turn=0.600
[INFO] [1791231750.325207622] [lower_tracking_mpc_node]: LowerTrackingMpcNode ready: rate=10.00Hz dt=0.100s N=30 path=/planner/lower_reference_path scale=fullscale wheelbase=2.80m rear_offset=1.40m command_scale=0.350rad actuator_model=1 delay=0.00s tau=0.74s backend=disabled virtual=/cmd_control
"replica_north(control)_off+0.8_yaw+3" "tau1.0" "cap10" "time_limit" cycles=160
[INFO] [1791231750.422064571] [upper_planner_node]: planner state input: Odometry topic=/motive/vehicle/odom_map yaw=orientation.z scalar
[INFO] [1791231750.425563971] [upper_planner_node]: Egocentric MIQP planner ready: rate=2.00Hz pred_dt=0.750s Nmax=7 lower_dt=0.100s target_v=6.000m/s scale=fullscale wheelbase=2.80m length=4.70m bev=40.00m margin=2.00m state=odom grid=/bev/occupancy_grid sparse=/planner/upper_path_sparse dense=/planner/lower_reference_path
[INFO] [1791231750.425809482] [upper_planner_node]: upper branch model: cumulative_increment=1 turn_window_at_split=1 turn_target_absolute=1 split_continuity=6.75m r_dpsi=3.000 lambda_turn=0.600
[INFO] [1791231750.434973401] [lower_tracking_mpc_node]: LowerTrackingMpcNode ready: rate=10.00Hz dt=0.100s N=30 path=/planner/lower_reference_path scale=fullscale wheelbase=2.80m rear_offset=1.40m command_scale=0.350rad actuator_model=1 delay=0.00s tau=0.74s backend=disabled virtual=/cmd_control
"replica_north(control)_off-0.8_yaw-3" "tau0.74_noise2" "cap_off" "time_limit" cycles=160
[INFO] [1791231750.530802608] [upper_planner_node]: planner state input: Odometry topic=/motive/vehicle/odom_map yaw=orientation.z scalar
[INFO] [1791231750.534363802] [upper_planner_node]: Egocentric MIQP planner ready: rate=2.00Hz pred_dt=0.750s Nmax=7 lower_dt=0.100s target_v=6.000m/s scale=fullscale wheelbase=2.80m length=4.70m bev=40.00m margin=2.00m state=odom grid=/bev/occupancy_grid sparse=/planner/upper_path_sparse dense=/planner/lower_reference_path
[INFO] [1791231750.534511038] [upper_planner_node]: upper branch model: cumulative_increment=1 turn_window_at_split=1 turn_target_absolute=1 split_continuity=6.75m r_dpsi=3.000 lambda_turn=0.600
[INFO] [1791231750.544241502] [lower_tracking_mpc_node]: LowerTrackingMpcNode ready: rate=10.00Hz dt=0.100s N=30 path=/planner/lower_reference_path scale=fullscale wheelbase=2.80m rear_offset=1.40m command_scale=0.350rad actuator_model=1 delay=0.00s tau=0.74s backend=disabled virtual=/cmd_control
"replica_north(control)_off-0.8_yaw-3" "tau0.74_noise2" "cap12" "time_limit" cycles=160
[INFO] [1791231750.640582116] [upper_planner_node]: planner state input: Odometry topic=/motive/vehicle/odom_map yaw=orientation.z scalar
[INFO] [1791231750.643498107] [upper_planner_node]: Egocentric MIQP planner ready: rate=2.00Hz pred_dt=0.750s Nmax=7 lower_dt=0.100s target_v=6.000m/s scale=fullscale wheelbase=2.80m length=4.70m bev=40.00m margin=2.00m state=odom grid=/bev/occupancy_grid sparse=/planner/upper_path_sparse dense=/planner/lower_reference_path
[INFO] [1791231750.643816804] [upper_planner_node]: upper branch model: cumulative_increment=1 turn_window_at_split=1 turn_target_absolute=1 split_continuity=6.75m r_dpsi=3.000 lambda_turn=0.600
[INFO] [1791231750.652898001] [lower_tracking_mpc_node]: LowerTrackingMpcNode ready: rate=10.00Hz dt=0.100s N=30 path=/planner/lower_reference_path scale=fullscale wheelbase=2.80m rear_offset=1.40m command_scale=0.350rad actuator_model=1 delay=0.00s tau=0.74s backend=disabled virtual=/cmd_control
"replica_north(control)_off-0.8_yaw-3" "tau0.74_noise2" "cap10" "time_limit" cycles=160
[INFO] [1791231750.747898895] [upper_planner_node]: planner state input: Odometry topic=/motive/vehicle/odom_map yaw=orientation.z scalar
[INFO] [1791231750.750777701] [upper_planner_node]: Egocentric MIQP planner ready: rate=2.00Hz pred_dt=0.750s Nmax=7 lower_dt=0.100s target_v=6.000m/s scale=fullscale wheelbase=2.80m length=4.70m bev=40.00m margin=2.00m state=odom grid=/bev/occupancy_grid sparse=/planner/upper_path_sparse dense=/planner/lower_reference_path
[INFO] [1791231750.750909289] [upper_planner_node]: upper branch model: cumulative_increment=1 turn_window_at_split=1 turn_target_absolute=1 split_continuity=6.75m r_dpsi=3.000 lambda_turn=0.600
[INFO] [1791231750.760254109] [lower_tracking_mpc_node]: LowerTrackingMpcNode ready: rate=10.00Hz dt=0.100s N=30 path=/planner/lower_reference_path scale=fullscale wheelbase=2.80m rear_offset=1.40m command_scale=0.350rad actuator_model=1 delay=0.00s tau=0.74s backend=disabled virtual=/cmd_control
"replica_north(control)_off-0.8_yaw-3" "tau0.5" "cap_off" "time_limit" cycles=160
[INFO] [1791231750.856021650] [upper_planner_node]: planner state input: Odometry topic=/motive/vehicle/odom_map yaw=orientation.z scalar
[INFO] [1791231750.858998123] [upper_planner_node]: Egocentric MIQP planner ready: rate=2.00Hz pred_dt=0.750s Nmax=7 lower_dt=0.100s target_v=6.000m/s scale=fullscale wheelbase=2.80m length=4.70m bev=40.00m margin=2.00m state=odom grid=/bev/occupancy_grid sparse=/planner/upper_path_sparse dense=/planner/lower_reference_path
[INFO] [1791231750.859145647] [upper_planner_node]: upper branch model: cumulative_increment=1 turn_window_at_split=1 turn_target_absolute=1 split_continuity=6.75m r_dpsi=3.000 lambda_turn=0.600
[INFO] [1791231750.868237276] [lower_tracking_mpc_node]: LowerTrackingMpcNode ready: rate=10.00Hz dt=0.100s N=30 path=/planner/lower_reference_path scale=fullscale wheelbase=2.80m rear_offset=1.40m command_scale=0.350rad actuator_model=1 delay=0.00s tau=0.74s backend=disabled virtual=/cmd_control
"replica_north(control)_off-0.8_yaw-3" "tau0.5" "cap12" "time_limit" cycles=160
[INFO] [1791231750.961303361] [upper_planner_node]: planner state input: Odometry topic=/motive/vehicle/odom_map yaw=orientation.z scalar
[INFO] [1791231750.964299002] [upper_planner_node]: Egocentric MIQP planner ready: rate=2.00Hz pred_dt=0.750s Nmax=7 lower_dt=0.100s target_v=6.000m/s scale=fullscale wheelbase=2.80m length=4.70m bev=40.00m margin=2.00m state=odom grid=/bev/occupancy_grid sparse=/planner/upper_path_sparse dense=/planner/lower_reference_path
[INFO] [1791231750.964439486] [upper_planner_node]: upper branch model: cumulative_increment=1 turn_window_at_split=1 turn_target_absolute=1 split_continuity=6.75m r_dpsi=3.000 lambda_turn=0.600
[INFO] [1791231750.973338438] [lower_tracking_mpc_node]: LowerTrackingMpcNode ready: rate=10.00Hz dt=0.100s N=30 path=/planner/lower_reference_path scale=fullscale wheelbase=2.80m rear_offset=1.40m command_scale=0.350rad actuator_model=1 delay=0.00s tau=0.74s backend=disabled virtual=/cmd_control
"replica_north(control)_off-0.8_yaw-3" "tau0.5" "cap10" "time_limit" cycles=160
[INFO] [1791231751.066940219] [upper_planner_node]: planner state input: Odometry topic=/motive/vehicle/odom_map yaw=orientation.z scalar
[INFO] [1791231751.069961140] [upper_planner_node]: Egocentric MIQP planner ready: rate=2.00Hz pred_dt=0.750s Nmax=7 lower_dt=0.100s target_v=6.000m/s scale=fullscale wheelbase=2.80m length=4.70m bev=40.00m margin=2.00m state=odom grid=/bev/occupancy_grid sparse=/planner/upper_path_sparse dense=/planner/lower_reference_path
[INFO] [1791231751.070124729] [upper_planner_node]: upper branch model: cumulative_increment=1 turn_window_at_split=1 turn_target_absolute=1 split_continuity=6.75m r_dpsi=3.000 lambda_turn=0.600
[INFO] [1791231751.079141636] [lower_tracking_mpc_node]: LowerTrackingMpcNode ready: rate=10.00Hz dt=0.100s N=30 path=/planner/lower_reference_path scale=fullscale wheelbase=2.80m rear_offset=1.40m command_scale=0.350rad actuator_model=1 delay=0.00s tau=0.74s backend=disabled virtual=/cmd_control
"replica_north(control)_off-0.8_yaw-3" "tau1.0" "cap_off" "time_limit" cycles=160
[INFO] [1791231751.172094918] [upper_planner_node]: planner state input: Odometry topic=/motive/vehicle/odom_map yaw=orientation.z scalar
[INFO] [1791231751.175037501] [upper_planner_node]: Egocentric MIQP planner ready: rate=2.00Hz pred_dt=0.750s Nmax=7 lower_dt=0.100s target_v=6.000m/s scale=fullscale wheelbase=2.80m length=4.70m bev=40.00m margin=2.00m state=odom grid=/bev/occupancy_grid sparse=/planner/upper_path_sparse dense=/planner/lower_reference_path
[INFO] [1791231751.175176961] [upper_planner_node]: upper branch model: cumulative_increment=1 turn_window_at_split=1 turn_target_absolute=1 split_continuity=6.75m r_dpsi=3.000 lambda_turn=0.600
[INFO] [1791231751.184226701] [lower_tracking_mpc_node]: LowerTrackingMpcNode ready: rate=10.00Hz dt=0.100s N=30 path=/planner/lower_reference_path scale=fullscale wheelbase=2.80m rear_offset=1.40m command_scale=0.350rad actuator_model=1 delay=0.00s tau=0.74s backend=disabled virtual=/cmd_control
"replica_north(control)_off-0.8_yaw-3" "tau1.0" "cap12" "time_limit" cycles=160
[INFO] [1791231751.280250570] [upper_planner_node]: planner state input: Odometry topic=/motive/vehicle/odom_map yaw=orientation.z scalar
[INFO] [1791231751.283293700] [upper_planner_node]: Egocentric MIQP planner ready: rate=2.00Hz pred_dt=0.750s Nmax=7 lower_dt=0.100s target_v=6.000m/s scale=fullscale wheelbase=2.80m length=4.70m bev=40.00m margin=2.00m state=odom grid=/bev/occupancy_grid sparse=/planner/upper_path_sparse dense=/planner/lower_reference_path
[INFO] [1791231751.283468969] [upper_planner_node]: upper branch model: cumulative_increment=1 turn_window_at_split=1 turn_target_absolute=1 split_continuity=6.75m r_dpsi=3.000 lambda_turn=0.600
[INFO] [1791231751.292982147] [lower_tracking_mpc_node]: LowerTrackingMpcNode ready: rate=10.00Hz dt=0.100s N=30 path=/planner/lower_reference_path scale=fullscale wheelbase=2.80m rear_offset=1.40m command_scale=0.350rad actuator_model=1 delay=0.00s tau=0.74s backend=disabled virtual=/cmd_control
"replica_north(control)_off-0.8_yaw-3" "tau1.0" "cap10" "time_limit" cycles=160
[INFO] [1791231751.395672453] [upper_planner_node]: planner state input: Odometry topic=/motive/vehicle/odom_map yaw=orientation.z scalar
[INFO] [1791231751.398689471] [upper_planner_node]: Egocentric MIQP planner ready: rate=2.00Hz pred_dt=0.750s Nmax=7 lower_dt=0.100s target_v=6.000m/s scale=fullscale wheelbase=2.80m length=4.70m bev=40.00m margin=2.00m state=odom grid=/bev/occupancy_grid sparse=/planner/upper_path_sparse dense=/planner/lower_reference_path
[INFO] [1791231751.398879876] [upper_planner_node]: upper branch model: cumulative_increment=1 turn_window_at_split=1 turn_target_absolute=1 split_continuity=6.75m r_dpsi=3.000 lambda_turn=0.600
[INFO] [1791231751.408263002] [lower_tracking_mpc_node]: LowerTrackingMpcNode ready: rate=10.00Hz dt=0.100s N=30 path=/planner/lower_reference_path scale=fullscale wheelbase=2.80m rear_offset=1.40m command_scale=0.350rad actuator_model=1 delay=0.00s tau=0.74s backend=disabled virtual=/cmd_control
"Yright_target_diverging_off+0_yaw+0" "tau0.74_noise2" "cap_off" "goal_reached" cycles=256
[INFO] [1791231751.535934305] [upper_planner_node]: planner state input: Odometry topic=/motive/vehicle/odom_map yaw=orientation.z scalar
[INFO] [1791231751.538888312] [upper_planner_node]: Egocentric MIQP planner ready: rate=2.00Hz pred_dt=0.750s Nmax=7 lower_dt=0.100s target_v=6.000m/s scale=fullscale wheelbase=2.80m length=4.70m bev=40.00m margin=2.00m state=odom grid=/bev/occupancy_grid sparse=/planner/upper_path_sparse dense=/planner/lower_reference_path
[INFO] [1791231751.539047069] [upper_planner_node]: upper branch model: cumulative_increment=1 turn_window_at_split=1 turn_target_absolute=1 split_continuity=6.75m r_dpsi=3.000 lambda_turn=0.600
[INFO] [1791231751.548136394] [lower_tracking_mpc_node]: LowerTrackingMpcNode ready: rate=10.00Hz dt=0.100s N=30 path=/planner/lower_reference_path scale=fullscale wheelbase=2.80m rear_offset=1.40m command_scale=0.350rad actuator_model=1 delay=0.00s tau=0.74s backend=disabled virtual=/cmd_control
"Yright_target_diverging_off+0_yaw+0" "tau0.74_noise2" "cap12" "goal_reached" cycles=256
[INFO] [1791231751.675414885] [upper_planner_node]: planner state input: Odometry topic=/motive/vehicle/odom_map yaw=orientation.z scalar
[INFO] [1791231751.678477248] [upper_planner_node]: Egocentric MIQP planner ready: rate=2.00Hz pred_dt=0.750s Nmax=7 lower_dt=0.100s target_v=6.000m/s scale=fullscale wheelbase=2.80m length=4.70m bev=40.00m margin=2.00m state=odom grid=/bev/occupancy_grid sparse=/planner/upper_path_sparse dense=/planner/lower_reference_path
[INFO] [1791231751.678663013] [upper_planner_node]: upper branch model: cumulative_increment=1 turn_window_at_split=1 turn_target_absolute=1 split_continuity=6.75m r_dpsi=3.000 lambda_turn=0.600
[INFO] [1791231751.688262306] [lower_tracking_mpc_node]: LowerTrackingMpcNode ready: rate=10.00Hz dt=0.100s N=30 path=/planner/lower_reference_path scale=fullscale wheelbase=2.80m rear_offset=1.40m command_scale=0.350rad actuator_model=1 delay=0.00s tau=0.74s backend=disabled virtual=/cmd_control
"Yright_target_diverging_off+0_yaw+0" "tau0.74_noise2" "cap10" "goal_reached" cycles=255
[INFO] [1791231751.813026386] [upper_planner_node]: planner state input: Odometry topic=/motive/vehicle/odom_map yaw=orientation.z scalar
[INFO] [1791231751.815977801] [upper_planner_node]: Egocentric MIQP planner ready: rate=2.00Hz pred_dt=0.750s Nmax=7 lower_dt=0.100s target_v=6.000m/s scale=fullscale wheelbase=2.80m length=4.70m bev=40.00m margin=2.00m state=odom grid=/bev/occupancy_grid sparse=/planner/upper_path_sparse dense=/planner/lower_reference_path
[INFO] [1791231751.816173583] [upper_planner_node]: upper branch model: cumulative_increment=1 turn_window_at_split=1 turn_target_absolute=1 split_continuity=6.75m r_dpsi=3.000 lambda_turn=0.600
[INFO] [1791231751.825577862] [lower_tracking_mpc_node]: LowerTrackingMpcNode ready: rate=10.00Hz dt=0.100s N=30 path=/planner/lower_reference_path scale=fullscale wheelbase=2.80m rear_offset=1.40m command_scale=0.350rad actuator_model=1 delay=0.00s tau=0.74s backend=disabled virtual=/cmd_control
"Yright_target_diverging_off+0_yaw+0" "tau0.5" "cap_off" "goal_reached" cycles=255
[INFO] [1791231751.950520347] [upper_planner_node]: planner state input: Odometry topic=/motive/vehicle/odom_map yaw=orientation.z scalar
[INFO] [1791231751.953664088] [upper_planner_node]: Egocentric MIQP planner ready: rate=2.00Hz pred_dt=0.750s Nmax=7 lower_dt=0.100s target_v=6.000m/s scale=fullscale wheelbase=2.80m length=4.70m bev=40.00m margin=2.00m state=odom grid=/bev/occupancy_grid sparse=/planner/upper_path_sparse dense=/planner/lower_reference_path
[INFO] [1791231751.953843069] [upper_planner_node]: upper branch model: cumulative_increment=1 turn_window_at_split=1 turn_target_absolute=1 split_continuity=6.75m r_dpsi=3.000 lambda_turn=0.600
[INFO] [1791231751.963015277] [lower_tracking_mpc_node]: LowerTrackingMpcNode ready: rate=10.00Hz dt=0.100s N=30 path=/planner/lower_reference_path scale=fullscale wheelbase=2.80m rear_offset=1.40m command_scale=0.350rad actuator_model=1 delay=0.00s tau=0.74s backend=disabled virtual=/cmd_control
"Yright_target_diverging_off+0_yaw+0" "tau0.5" "cap12" "goal_reached" cycles=255
[INFO] [1791231752.088430769] [upper_planner_node]: planner state input: Odometry topic=/motive/vehicle/odom_map yaw=orientation.z scalar
[INFO] [1791231752.091676145] [upper_planner_node]: Egocentric MIQP planner ready: rate=2.00Hz pred_dt=0.750s Nmax=7 lower_dt=0.100s target_v=6.000m/s scale=fullscale wheelbase=2.80m length=4.70m bev=40.00m margin=2.00m state=odom grid=/bev/occupancy_grid sparse=/planner/upper_path_sparse dense=/planner/lower_reference_path
[INFO] [1791231752.091853110] [upper_planner_node]: upper branch model: cumulative_increment=1 turn_window_at_split=1 turn_target_absolute=1 split_continuity=6.75m r_dpsi=3.000 lambda_turn=0.600
[INFO] [1791231752.100797695] [lower_tracking_mpc_node]: LowerTrackingMpcNode ready: rate=10.00Hz dt=0.100s N=30 path=/planner/lower_reference_path scale=fullscale wheelbase=2.80m rear_offset=1.40m command_scale=0.350rad actuator_model=1 delay=0.00s tau=0.74s backend=disabled virtual=/cmd_control
"Yright_target_diverging_off+0_yaw+0" "tau0.5" "cap10" "goal_reached" cycles=255
[INFO] [1791231752.228369059] [upper_planner_node]: planner state input: Odometry topic=/motive/vehicle/odom_map yaw=orientation.z scalar
[INFO] [1791231752.231640996] [upper_planner_node]: Egocentric MIQP planner ready: rate=2.00Hz pred_dt=0.750s Nmax=7 lower_dt=0.100s target_v=6.000m/s scale=fullscale wheelbase=2.80m length=4.70m bev=40.00m margin=2.00m state=odom grid=/bev/occupancy_grid sparse=/planner/upper_path_sparse dense=/planner/lower_reference_path
[INFO] [1791231752.231894219] [upper_planner_node]: upper branch model: cumulative_increment=1 turn_window_at_split=1 turn_target_absolute=1 split_continuity=6.75m r_dpsi=3.000 lambda_turn=0.600
[INFO] [1791231752.242071961] [lower_tracking_mpc_node]: LowerTrackingMpcNode ready: rate=10.00Hz dt=0.100s N=30 path=/planner/lower_reference_path scale=fullscale wheelbase=2.80m rear_offset=1.40m command_scale=0.350rad actuator_model=1 delay=0.00s tau=0.74s backend=disabled virtual=/cmd_control
"Yright_target_diverging_off+0_yaw+0" "tau1.0" "cap_off" "goal_reached" cycles=256
[INFO] [1791231752.374630096] [upper_planner_node]: planner state input: Odometry topic=/motive/vehicle/odom_map yaw=orientation.z scalar
[INFO] [1791231752.378121592] [upper_planner_node]: Egocentric MIQP planner ready: rate=2.00Hz pred_dt=0.750s Nmax=7 lower_dt=0.100s target_v=6.000m/s scale=fullscale wheelbase=2.80m length=4.70m bev=40.00m margin=2.00m state=odom grid=/bev/occupancy_grid sparse=/planner/upper_path_sparse dense=/planner/lower_reference_path
[INFO] [1791231752.378311357] [upper_planner_node]: upper branch model: cumulative_increment=1 turn_window_at_split=1 turn_target_absolute=1 split_continuity=6.75m r_dpsi=3.000 lambda_turn=0.600
[INFO] [1791231752.388377031] [lower_tracking_mpc_node]: LowerTrackingMpcNode ready: rate=10.00Hz dt=0.100s N=30 path=/planner/lower_reference_path scale=fullscale wheelbase=2.80m rear_offset=1.40m command_scale=0.350rad actuator_model=1 delay=0.00s tau=0.74s backend=disabled virtual=/cmd_control
"Yright_target_diverging_off+0_yaw+0" "tau1.0" "cap12" "goal_reached" cycles=256
[INFO] [1791231752.518037545] [upper_planner_node]: planner state input: Odometry topic=/motive/vehicle/odom_map yaw=orientation.z scalar
[INFO] [1791231752.521508944] [upper_planner_node]: Egocentric MIQP planner ready: rate=2.00Hz pred_dt=0.750s Nmax=7 lower_dt=0.100s target_v=6.000m/s scale=fullscale wheelbase=2.80m length=4.70m bev=40.00m margin=2.00m state=odom grid=/bev/occupancy_grid sparse=/planner/upper_path_sparse dense=/planner/lower_reference_path
[INFO] [1791231752.521663316] [upper_planner_node]: upper branch model: cumulative_increment=1 turn_window_at_split=1 turn_target_absolute=1 split_continuity=6.75m r_dpsi=3.000 lambda_turn=0.600
[INFO] [1791231752.531090668] [lower_tracking_mpc_node]: LowerTrackingMpcNode ready: rate=10.00Hz dt=0.100s N=30 path=/planner/lower_reference_path scale=fullscale wheelbase=2.80m rear_offset=1.40m command_scale=0.350rad actuator_model=1 delay=0.00s tau=0.74s backend=disabled virtual=/cmd_control
"Yright_target_diverging_off+0_yaw+0" "tau1.0" "cap10" "goal_reached" cycles=256
[INFO] [1791231752.666140621] [upper_planner_node]: planner state input: Odometry topic=/motive/vehicle/odom_map yaw=orientation.z scalar
[INFO] [1791231752.669548402] [upper_planner_node]: Egocentric MIQP planner ready: rate=2.00Hz pred_dt=0.750s Nmax=7 lower_dt=0.100s target_v=6.000m/s scale=fullscale wheelbase=2.80m length=4.70m bev=40.00m margin=2.00m state=odom grid=/bev/occupancy_grid sparse=/planner/upper_path_sparse dense=/planner/lower_reference_path
[INFO] [1791231752.669696150] [upper_planner_node]: upper branch model: cumulative_increment=1 turn_window_at_split=1 turn_target_absolute=1 split_continuity=6.75m r_dpsi=3.000 lambda_turn=0.600
[INFO] [1791231752.679244945] [lower_tracking_mpc_node]: LowerTrackingMpcNode ready: rate=10.00Hz dt=0.100s N=30 path=/planner/lower_reference_path scale=fullscale wheelbase=2.80m rear_offset=1.40m command_scale=0.350rad actuator_model=1 delay=0.00s tau=0.74s backend=disabled virtual=/cmd_control
"Yright_target_continuing_off+0_yaw+0" "tau0.74_noise2" "cap_off" "goal_reached" cycles=256
[INFO] [1791231752.806760531] [upper_planner_node]: planner state input: Odometry topic=/motive/vehicle/odom_map yaw=orientation.z scalar
[INFO] [1791231752.809821230] [upper_planner_node]: Egocentric MIQP planner ready: rate=2.00Hz pred_dt=0.750s Nmax=7 lower_dt=0.100s target_v=6.000m/s scale=fullscale wheelbase=2.80m length=4.70m bev=40.00m margin=2.00m state=odom grid=/bev/occupancy_grid sparse=/planner/upper_path_sparse dense=/planner/lower_reference_path
[INFO] [1791231752.809985266] [upper_planner_node]: upper branch model: cumulative_increment=1 turn_window_at_split=1 turn_target_absolute=1 split_continuity=6.75m r_dpsi=3.000 lambda_turn=0.600
[INFO] [1791231752.820632590] [lower_tracking_mpc_node]: LowerTrackingMpcNode ready: rate=10.00Hz dt=0.100s N=30 path=/planner/lower_reference_path scale=fullscale wheelbase=2.80m rear_offset=1.40m command_scale=0.350rad actuator_model=1 delay=0.00s tau=0.74s backend=disabled virtual=/cmd_control
"Yright_target_continuing_off+0_yaw+0" "tau0.74_noise2" "cap12" "goal_reached" cycles=256
[INFO] [1791231755.264428199] [upper_planner_node]: planner state input: Odometry topic=/motive/vehicle/odom_map yaw=orientation.z scalar
[INFO] [1791231755.267466785] [upper_planner_node]: Egocentric MIQP planner ready: rate=2.00Hz pred_dt=0.750s Nmax=7 lower_dt=0.100s target_v=6.000m/s scale=fullscale wheelbase=2.80m length=4.70m bev=40.00m margin=2.00m state=odom grid=/bev/occupancy_grid sparse=/planner/upper_path_sparse dense=/planner/lower_reference_path
[INFO] [1791231755.267654279] [upper_planner_node]: upper branch model: cumulative_increment=1 turn_window_at_split=1 turn_target_absolute=1 split_continuity=6.75m r_dpsi=3.000 lambda_turn=0.600
[INFO] [1791231755.278020058] [lower_tracking_mpc_node]: LowerTrackingMpcNode ready: rate=10.00Hz dt=0.100s N=30 path=/planner/lower_reference_path scale=fullscale wheelbase=2.80m rear_offset=1.40m command_scale=0.350rad actuator_model=1 delay=0.00s tau=0.74s backend=disabled virtual=/cmd_control
"Yright_target_continuing_off+0_yaw+0" "tau0.74_noise2" "cap10" "goal_reached" cycles=256
[INFO] [1791231755.412486602] [upper_planner_node]: planner state input: Odometry topic=/motive/vehicle/odom_map yaw=orientation.z scalar
[INFO] [1791231755.416334908] [upper_planner_node]: Egocentric MIQP planner ready: rate=2.00Hz pred_dt=0.750s Nmax=7 lower_dt=0.100s target_v=6.000m/s scale=fullscale wheelbase=2.80m length=4.70m bev=40.00m margin=2.00m state=odom grid=/bev/occupancy_grid sparse=/planner/upper_path_sparse dense=/planner/lower_reference_path
[INFO] [1791231755.416493601] [upper_planner_node]: upper branch model: cumulative_increment=1 turn_window_at_split=1 turn_target_absolute=1 split_continuity=6.75m r_dpsi=3.000 lambda_turn=0.600
[INFO] [1791231755.427022297] [lower_tracking_mpc_node]: LowerTrackingMpcNode ready: rate=10.00Hz dt=0.100s N=30 path=/planner/lower_reference_path scale=fullscale wheelbase=2.80m rear_offset=1.40m command_scale=0.350rad actuator_model=1 delay=0.00s tau=0.74s backend=disabled virtual=/cmd_control
"Yright_target_continuing_off+0_yaw+0" "tau0.5" "cap_off" "goal_reached" cycles=256
[INFO] [1791231755.558093093] [upper_planner_node]: planner state input: Odometry topic=/motive/vehicle/odom_map yaw=orientation.z scalar
[INFO] [1791231755.561374438] [upper_planner_node]: Egocentric MIQP planner ready: rate=2.00Hz pred_dt=0.750s Nmax=7 lower_dt=0.100s target_v=6.000m/s scale=fullscale wheelbase=2.80m length=4.70m bev=40.00m margin=2.00m state=odom grid=/bev/occupancy_grid sparse=/planner/upper_path_sparse dense=/planner/lower_reference_path
[INFO] [1791231755.561558988] [upper_planner_node]: upper branch model: cumulative_increment=1 turn_window_at_split=1 turn_target_absolute=1 split_continuity=6.75m r_dpsi=3.000 lambda_turn=0.600
[INFO] [1791231755.571410736] [lower_tracking_mpc_node]: LowerTrackingMpcNode ready: rate=10.00Hz dt=0.100s N=30 path=/planner/lower_reference_path scale=fullscale wheelbase=2.80m rear_offset=1.40m command_scale=0.350rad actuator_model=1 delay=0.00s tau=0.74s backend=disabled virtual=/cmd_control
"Yright_target_continuing_off+0_yaw+0" "tau0.5" "cap12" "goal_reached" cycles=256
[INFO] [1791231755.701624418] [upper_planner_node]: planner state input: Odometry topic=/motive/vehicle/odom_map yaw=orientation.z scalar
[INFO] [1791231755.704722366] [upper_planner_node]: Egocentric MIQP planner ready: rate=2.00Hz pred_dt=0.750s Nmax=7 lower_dt=0.100s target_v=6.000m/s scale=fullscale wheelbase=2.80m length=4.70m bev=40.00m margin=2.00m state=odom grid=/bev/occupancy_grid sparse=/planner/upper_path_sparse dense=/planner/lower_reference_path
[INFO] [1791231755.704894691] [upper_planner_node]: upper branch model: cumulative_increment=1 turn_window_at_split=1 turn_target_absolute=1 split_continuity=6.75m r_dpsi=3.000 lambda_turn=0.600
[INFO] [1791231755.715326840] [lower_tracking_mpc_node]: LowerTrackingMpcNode ready: rate=10.00Hz dt=0.100s N=30 path=/planner/lower_reference_path scale=fullscale wheelbase=2.80m rear_offset=1.40m command_scale=0.350rad actuator_model=1 delay=0.00s tau=0.74s backend=disabled virtual=/cmd_control
"Yright_target_continuing_off+0_yaw+0" "tau0.5" "cap10" "goal_reached" cycles=256
[INFO] [1791231755.842213032] [upper_planner_node]: planner state input: Odometry topic=/motive/vehicle/odom_map yaw=orientation.z scalar
[INFO] [1791231755.846016121] [upper_planner_node]: Egocentric MIQP planner ready: rate=2.00Hz pred_dt=0.750s Nmax=7 lower_dt=0.100s target_v=6.000m/s scale=fullscale wheelbase=2.80m length=4.70m bev=40.00m margin=2.00m state=odom grid=/bev/occupancy_grid sparse=/planner/upper_path_sparse dense=/planner/lower_reference_path
[INFO] [1791231755.846234911] [upper_planner_node]: upper branch model: cumulative_increment=1 turn_window_at_split=1 turn_target_absolute=1 split_continuity=6.75m r_dpsi=3.000 lambda_turn=0.600
[INFO] [1791231755.857114818] [lower_tracking_mpc_node]: LowerTrackingMpcNode ready: rate=10.00Hz dt=0.100s N=30 path=/planner/lower_reference_path scale=fullscale wheelbase=2.80m rear_offset=1.40m command_scale=0.350rad actuator_model=1 delay=0.00s tau=0.74s backend=disabled virtual=/cmd_control
"Yright_target_continuing_off+0_yaw+0" "tau1.0" "cap_off" "goal_reached" cycles=256
[INFO] [1791231755.986125553] [upper_planner_node]: planner state input: Odometry topic=/motive/vehicle/odom_map yaw=orientation.z scalar
[INFO] [1791231755.989636473] [upper_planner_node]: Egocentric MIQP planner ready: rate=2.00Hz pred_dt=0.750s Nmax=7 lower_dt=0.100s target_v=6.000m/s scale=fullscale wheelbase=2.80m length=4.70m bev=40.00m margin=2.00m state=odom grid=/bev/occupancy_grid sparse=/planner/upper_path_sparse dense=/planner/lower_reference_path
[INFO] [1791231755.989856671] [upper_planner_node]: upper branch model: cumulative_increment=1 turn_window_at_split=1 turn_target_absolute=1 split_continuity=6.75m r_dpsi=3.000 lambda_turn=0.600
[INFO] [1791231756.001294386] [lower_tracking_mpc_node]: LowerTrackingMpcNode ready: rate=10.00Hz dt=0.100s N=30 path=/planner/lower_reference_path scale=fullscale wheelbase=2.80m rear_offset=1.40m command_scale=0.350rad actuator_model=1 delay=0.00s tau=0.74s backend=disabled virtual=/cmd_control
"Yright_target_continuing_off+0_yaw+0" "tau1.0" "cap12" "goal_reached" cycles=256
[INFO] [1791231756.129853172] [upper_planner_node]: planner state input: Odometry topic=/motive/vehicle/odom_map yaw=orientation.z scalar
[INFO] [1791231756.133106964] [upper_planner_node]: Egocentric MIQP planner ready: rate=2.00Hz pred_dt=0.750s Nmax=7 lower_dt=0.100s target_v=6.000m/s scale=fullscale wheelbase=2.80m length=4.70m bev=40.00m margin=2.00m state=odom grid=/bev/occupancy_grid sparse=/planner/upper_path_sparse dense=/planner/lower_reference_path
[INFO] [1791231756.133267257] [upper_planner_node]: upper branch model: cumulative_increment=1 turn_window_at_split=1 turn_target_absolute=1 split_continuity=6.75m r_dpsi=3.000 lambda_turn=0.600
[INFO] [1791231756.142945848] [lower_tracking_mpc_node]: LowerTrackingMpcNode ready: rate=10.00Hz dt=0.100s N=30 path=/planner/lower_reference_path scale=fullscale wheelbase=2.80m rear_offset=1.40m command_scale=0.350rad actuator_model=1 delay=0.00s tau=0.74s backend=disabled virtual=/cmd_control
"Yright_target_continuing_off+0_yaw+0" "tau1.0" "cap10" "goal_reached" cycles=256
[INFO] [1791231756.272142252] [upper_planner_node]: planner state input: Odometry topic=/motive/vehicle/odom_map yaw=orientation.z scalar
[INFO] [1791231756.275029346] [upper_planner_node]: Egocentric MIQP planner ready: rate=2.00Hz pred_dt=0.750s Nmax=7 lower_dt=0.100s target_v=6.000m/s scale=fullscale wheelbase=2.80m length=4.70m bev=40.00m margin=2.00m state=odom grid=/bev/occupancy_grid sparse=/planner/upper_path_sparse dense=/planner/lower_reference_path
[INFO] [1791231756.275167334] [upper_planner_node]: upper branch model: cumulative_increment=1 turn_window_at_split=1 turn_target_absolute=1 split_continuity=6.75m r_dpsi=3.000 lambda_turn=0.600
[INFO] [1791231756.284556092] [lower_tracking_mpc_node]: LowerTrackingMpcNode ready: rate=10.00Hz dt=0.100s N=30 path=/planner/lower_reference_path scale=fullscale wheelbase=2.80m rear_offset=1.40m command_scale=0.350rad actuator_model=1 delay=0.00s tau=0.74s backend=disabled virtual=/cmd_control
"Yleft_target_diverging_off+0_yaw+0" "tau0.74_noise2" "cap_off" "goal_reached" cycles=256
[INFO] [1791231756.419386296] [upper_planner_node]: planner state input: Odometry topic=/motive/vehicle/odom_map yaw=orientation.z scalar
[INFO] [1791231756.422917921] [upper_planner_node]: Egocentric MIQP planner ready: rate=2.00Hz pred_dt=0.750s Nmax=7 lower_dt=0.100s target_v=6.000m/s scale=fullscale wheelbase=2.80m length=4.70m bev=40.00m margin=2.00m state=odom grid=/bev/occupancy_grid sparse=/planner/upper_path_sparse dense=/planner/lower_reference_path
[INFO] [1791231756.423087750] [upper_planner_node]: upper branch model: cumulative_increment=1 turn_window_at_split=1 turn_target_absolute=1 split_continuity=6.75m r_dpsi=3.000 lambda_turn=0.600
[INFO] [1791231756.432401562] [lower_tracking_mpc_node]: LowerTrackingMpcNode ready: rate=10.00Hz dt=0.100s N=30 path=/planner/lower_reference_path scale=fullscale wheelbase=2.80m rear_offset=1.40m command_scale=0.350rad actuator_model=1 delay=0.00s tau=0.74s backend=disabled virtual=/cmd_control
"Yleft_target_diverging_off+0_yaw+0" "tau0.74_noise2" "cap12" "goal_reached" cycles=256
[INFO] [1791231757.117176638] [upper_planner_node]: planner state input: Odometry topic=/motive/vehicle/odom_map yaw=orientation.z scalar
[INFO] [1791231757.120620068] [upper_planner_node]: Egocentric MIQP planner ready: rate=2.00Hz pred_dt=0.750s Nmax=7 lower_dt=0.100s target_v=6.000m/s scale=fullscale wheelbase=2.80m length=4.70m bev=40.00m margin=2.00m state=odom grid=/bev/occupancy_grid sparse=/planner/upper_path_sparse dense=/planner/lower_reference_path
[INFO] [1791231757.120829131] [upper_planner_node]: upper branch model: cumulative_increment=1 turn_window_at_split=1 turn_target_absolute=1 split_continuity=6.75m r_dpsi=3.000 lambda_turn=0.600
[INFO] [1791231757.130731984] [lower_tracking_mpc_node]: LowerTrackingMpcNode ready: rate=10.00Hz dt=0.100s N=30 path=/planner/lower_reference_path scale=fullscale wheelbase=2.80m rear_offset=1.40m command_scale=0.350rad actuator_model=1 delay=0.00s tau=0.74s backend=disabled virtual=/cmd_control
"Yleft_target_diverging_off+0_yaw+0" "tau0.74_noise2" "cap10" "goal_reached" cycles=256
[INFO] [1791231757.266139901] [upper_planner_node]: planner state input: Odometry topic=/motive/vehicle/odom_map yaw=orientation.z scalar
[INFO] [1791231757.269325371] [upper_planner_node]: Egocentric MIQP planner ready: rate=2.00Hz pred_dt=0.750s Nmax=7 lower_dt=0.100s target_v=6.000m/s scale=fullscale wheelbase=2.80m length=4.70m bev=40.00m margin=2.00m state=odom grid=/bev/occupancy_grid sparse=/planner/upper_path_sparse dense=/planner/lower_reference_path
[INFO] [1791231757.269481184] [upper_planner_node]: upper branch model: cumulative_increment=1 turn_window_at_split=1 turn_target_absolute=1 split_continuity=6.75m r_dpsi=3.000 lambda_turn=0.600
[INFO] [1791231757.279122846] [lower_tracking_mpc_node]: LowerTrackingMpcNode ready: rate=10.00Hz dt=0.100s N=30 path=/planner/lower_reference_path scale=fullscale wheelbase=2.80m rear_offset=1.40m command_scale=0.350rad actuator_model=1 delay=0.00s tau=0.74s backend=disabled virtual=/cmd_control
"Yleft_target_diverging_off+0_yaw+0" "tau0.5" "cap_off" "goal_reached" cycles=255
[INFO] [1791231757.409301872] [upper_planner_node]: planner state input: Odometry topic=/motive/vehicle/odom_map yaw=orientation.z scalar
[INFO] [1791231757.412605810] [upper_planner_node]: Egocentric MIQP planner ready: rate=2.00Hz pred_dt=0.750s Nmax=7 lower_dt=0.100s target_v=6.000m/s scale=fullscale wheelbase=2.80m length=4.70m bev=40.00m margin=2.00m state=odom grid=/bev/occupancy_grid sparse=/planner/upper_path_sparse dense=/planner/lower_reference_path
[INFO] [1791231757.412790807] [upper_planner_node]: upper branch model: cumulative_increment=1 turn_window_at_split=1 turn_target_absolute=1 split_continuity=6.75m r_dpsi=3.000 lambda_turn=0.600
[INFO] [1791231757.422240015] [lower_tracking_mpc_node]: LowerTrackingMpcNode ready: rate=10.00Hz dt=0.100s N=30 path=/planner/lower_reference_path scale=fullscale wheelbase=2.80m rear_offset=1.40m command_scale=0.350rad actuator_model=1 delay=0.00s tau=0.74s backend=disabled virtual=/cmd_control
"Yleft_target_diverging_off+0_yaw+0" "tau0.5" "cap12" "goal_reached" cycles=255
[INFO] [1791231757.550622380] [upper_planner_node]: planner state input: Odometry topic=/motive/vehicle/odom_map yaw=orientation.z scalar
[INFO] [1791231757.553813195] [upper_planner_node]: Egocentric MIQP planner ready: rate=2.00Hz pred_dt=0.750s Nmax=7 lower_dt=0.100s target_v=6.000m/s scale=fullscale wheelbase=2.80m length=4.70m bev=40.00m margin=2.00m state=odom grid=/bev/occupancy_grid sparse=/planner/upper_path_sparse dense=/planner/lower_reference_path
[INFO] [1791231757.554022769] [upper_planner_node]: upper branch model: cumulative_increment=1 turn_window_at_split=1 turn_target_absolute=1 split_continuity=6.75m r_dpsi=3.000 lambda_turn=0.600
[INFO] [1791231757.564120572] [lower_tracking_mpc_node]: LowerTrackingMpcNode ready: rate=10.00Hz dt=0.100s N=30 path=/planner/lower_reference_path scale=fullscale wheelbase=2.80m rear_offset=1.40m command_scale=0.350rad actuator_model=1 delay=0.00s tau=0.74s backend=disabled virtual=/cmd_control
"Yleft_target_diverging_off+0_yaw+0" "tau0.5" "cap10" "goal_reached" cycles=255
[INFO] [1791231757.691447769] [upper_planner_node]: planner state input: Odometry topic=/motive/vehicle/odom_map yaw=orientation.z scalar
[INFO] [1791231757.694681529] [upper_planner_node]: Egocentric MIQP planner ready: rate=2.00Hz pred_dt=0.750s Nmax=7 lower_dt=0.100s target_v=6.000m/s scale=fullscale wheelbase=2.80m length=4.70m bev=40.00m margin=2.00m state=odom grid=/bev/occupancy_grid sparse=/planner/upper_path_sparse dense=/planner/lower_reference_path
[INFO] [1791231757.694949921] [upper_planner_node]: upper branch model: cumulative_increment=1 turn_window_at_split=1 turn_target_absolute=1 split_continuity=6.75m r_dpsi=3.000 lambda_turn=0.600
[INFO] [1791231757.704205332] [lower_tracking_mpc_node]: LowerTrackingMpcNode ready: rate=10.00Hz dt=0.100s N=30 path=/planner/lower_reference_path scale=fullscale wheelbase=2.80m rear_offset=1.40m command_scale=0.350rad actuator_model=1 delay=0.00s tau=0.74s backend=disabled virtual=/cmd_control
"Yleft_target_diverging_off+0_yaw+0" "tau1.0" "cap_off" "goal_reached" cycles=256
[INFO] [1791231757.831353132] [upper_planner_node]: planner state input: Odometry topic=/motive/vehicle/odom_map yaw=orientation.z scalar
[INFO] [1791231757.834589004] [upper_planner_node]: Egocentric MIQP planner ready: rate=2.00Hz pred_dt=0.750s Nmax=7 lower_dt=0.100s target_v=6.000m/s scale=fullscale wheelbase=2.80m length=4.70m bev=40.00m margin=2.00m state=odom grid=/bev/occupancy_grid sparse=/planner/upper_path_sparse dense=/planner/lower_reference_path
[INFO] [1791231757.834755664] [upper_planner_node]: upper branch model: cumulative_increment=1 turn_window_at_split=1 turn_target_absolute=1 split_continuity=6.75m r_dpsi=3.000 lambda_turn=0.600
[INFO] [1791231757.844311564] [lower_tracking_mpc_node]: LowerTrackingMpcNode ready: rate=10.00Hz dt=0.100s N=30 path=/planner/lower_reference_path scale=fullscale wheelbase=2.80m rear_offset=1.40m command_scale=0.350rad actuator_model=1 delay=0.00s tau=0.74s backend=disabled virtual=/cmd_control
"Yleft_target_diverging_off+0_yaw+0" "tau1.0" "cap12" "goal_reached" cycles=256
[INFO] [1791231757.973488128] [upper_planner_node]: planner state input: Odometry topic=/motive/vehicle/odom_map yaw=orientation.z scalar
[INFO] [1791231757.976491417] [upper_planner_node]: Egocentric MIQP planner ready: rate=2.00Hz pred_dt=0.750s Nmax=7 lower_dt=0.100s target_v=6.000m/s scale=fullscale wheelbase=2.80m length=4.70m bev=40.00m margin=2.00m state=odom grid=/bev/occupancy_grid sparse=/planner/upper_path_sparse dense=/planner/lower_reference_path
[INFO] [1791231757.976643805] [upper_planner_node]: upper branch model: cumulative_increment=1 turn_window_at_split=1 turn_target_absolute=1 split_continuity=6.75m r_dpsi=3.000 lambda_turn=0.600
[INFO] [1791231757.985787340] [lower_tracking_mpc_node]: LowerTrackingMpcNode ready: rate=10.00Hz dt=0.100s N=30 path=/planner/lower_reference_path scale=fullscale wheelbase=2.80m rear_offset=1.40m command_scale=0.350rad actuator_model=1 delay=0.00s tau=0.74s backend=disabled virtual=/cmd_control
"Yleft_target_diverging_off+0_yaw+0" "tau1.0" "cap10" "goal_reached" cycles=256
[INFO] [1791231758.118037788] [upper_planner_node]: planner state input: Odometry topic=/motive/vehicle/odom_map yaw=orientation.z scalar
[INFO] [1791231758.121068374] [upper_planner_node]: Egocentric MIQP planner ready: rate=2.00Hz pred_dt=0.750s Nmax=7 lower_dt=0.100s target_v=6.000m/s scale=fullscale wheelbase=2.80m length=4.70m bev=40.00m margin=2.00m state=odom grid=/bev/occupancy_grid sparse=/planner/upper_path_sparse dense=/planner/lower_reference_path
[INFO] [1791231758.121226490] [upper_planner_node]: upper branch model: cumulative_increment=1 turn_window_at_split=1 turn_target_absolute=1 split_continuity=6.75m r_dpsi=3.000 lambda_turn=0.600
[INFO] [1791231758.130253446] [lower_tracking_mpc_node]: LowerTrackingMpcNode ready: rate=10.00Hz dt=0.100s N=30 path=/planner/lower_reference_path scale=fullscale wheelbase=2.80m rear_offset=1.40m command_scale=0.350rad actuator_model=1 delay=0.00s tau=0.74s backend=disabled virtual=/cmd_control
"Yleft_target_continuing_off+0_yaw+0" "tau0.74_noise2" "cap_off" "goal_reached" cycles=256
[INFO] [1791231758.254813650] [upper_planner_node]: planner state input: Odometry topic=/motive/vehicle/odom_map yaw=orientation.z scalar
[INFO] [1791231758.257922094] [upper_planner_node]: Egocentric MIQP planner ready: rate=2.00Hz pred_dt=0.750s Nmax=7 lower_dt=0.100s target_v=6.000m/s scale=fullscale wheelbase=2.80m length=4.70m bev=40.00m margin=2.00m state=odom grid=/bev/occupancy_grid sparse=/planner/upper_path_sparse dense=/planner/lower_reference_path
[INFO] [1791231758.258095539] [upper_planner_node]: upper branch model: cumulative_increment=1 turn_window_at_split=1 turn_target_absolute=1 split_continuity=6.75m r_dpsi=3.000 lambda_turn=0.600
[INFO] [1791231758.267050396] [lower_tracking_mpc_node]: LowerTrackingMpcNode ready: rate=10.00Hz dt=0.100s N=30 path=/planner/lower_reference_path scale=fullscale wheelbase=2.80m rear_offset=1.40m command_scale=0.350rad actuator_model=1 delay=0.00s tau=0.74s backend=disabled virtual=/cmd_control
"Yleft_target_continuing_off+0_yaw+0" "tau0.74_noise2" "cap12" "goal_reached" cycles=256
[INFO] [1791231758.392189945] [upper_planner_node]: planner state input: Odometry topic=/motive/vehicle/odom_map yaw=orientation.z scalar
[INFO] [1791231758.396042027] [upper_planner_node]: Egocentric MIQP planner ready: rate=2.00Hz pred_dt=0.750s Nmax=7 lower_dt=0.100s target_v=6.000m/s scale=fullscale wheelbase=2.80m length=4.70m bev=40.00m margin=2.00m state=odom grid=/bev/occupancy_grid sparse=/planner/upper_path_sparse dense=/planner/lower_reference_path
[INFO] [1791231758.396251922] [upper_planner_node]: upper branch model: cumulative_increment=1 turn_window_at_split=1 turn_target_absolute=1 split_continuity=6.75m r_dpsi=3.000 lambda_turn=0.600
[INFO] [1791231758.405254492] [lower_tracking_mpc_node]: LowerTrackingMpcNode ready: rate=10.00Hz dt=0.100s N=30 path=/planner/lower_reference_path scale=fullscale wheelbase=2.80m rear_offset=1.40m command_scale=0.350rad actuator_model=1 delay=0.00s tau=0.74s backend=disabled virtual=/cmd_control
"Yleft_target_continuing_off+0_yaw+0" "tau0.74_noise2" "cap10" "goal_reached" cycles=256
[INFO] [1791231758.533107594] [upper_planner_node]: planner state input: Odometry topic=/motive/vehicle/odom_map yaw=orientation.z scalar
[INFO] [1791231758.536599697] [upper_planner_node]: Egocentric MIQP planner ready: rate=2.00Hz pred_dt=0.750s Nmax=7 lower_dt=0.100s target_v=6.000m/s scale=fullscale wheelbase=2.80m length=4.70m bev=40.00m margin=2.00m state=odom grid=/bev/occupancy_grid sparse=/planner/upper_path_sparse dense=/planner/lower_reference_path
[INFO] [1791231758.536780438] [upper_planner_node]: upper branch model: cumulative_increment=1 turn_window_at_split=1 turn_target_absolute=1 split_continuity=6.75m r_dpsi=3.000 lambda_turn=0.600
[INFO] [1791231758.546804832] [lower_tracking_mpc_node]: LowerTrackingMpcNode ready: rate=10.00Hz dt=0.100s N=30 path=/planner/lower_reference_path scale=fullscale wheelbase=2.80m rear_offset=1.40m command_scale=0.350rad actuator_model=1 delay=0.00s tau=0.74s backend=disabled virtual=/cmd_control
"Yleft_target_continuing_off+0_yaw+0" "tau0.5" "cap_off" "goal_reached" cycles=256
[INFO] [1791231758.673409064] [upper_planner_node]: planner state input: Odometry topic=/motive/vehicle/odom_map yaw=orientation.z scalar
[INFO] [1791231758.676634919] [upper_planner_node]: Egocentric MIQP planner ready: rate=2.00Hz pred_dt=0.750s Nmax=7 lower_dt=0.100s target_v=6.000m/s scale=fullscale wheelbase=2.80m length=4.70m bev=40.00m margin=2.00m state=odom grid=/bev/occupancy_grid sparse=/planner/upper_path_sparse dense=/planner/lower_reference_path
[INFO] [1791231758.676801612] [upper_planner_node]: upper branch model: cumulative_increment=1 turn_window_at_split=1 turn_target_absolute=1 split_continuity=6.75m r_dpsi=3.000 lambda_turn=0.600
[INFO] [1791231758.686077375] [lower_tracking_mpc_node]: LowerTrackingMpcNode ready: rate=10.00Hz dt=0.100s N=30 path=/planner/lower_reference_path scale=fullscale wheelbase=2.80m rear_offset=1.40m command_scale=0.350rad actuator_model=1 delay=0.00s tau=0.74s backend=disabled virtual=/cmd_control
"Yleft_target_continuing_off+0_yaw+0" "tau0.5" "cap12" "goal_reached" cycles=256
[INFO] [1791231758.810346946] [upper_planner_node]: planner state input: Odometry topic=/motive/vehicle/odom_map yaw=orientation.z scalar
[INFO] [1791231758.813469343] [upper_planner_node]: Egocentric MIQP planner ready: rate=2.00Hz pred_dt=0.750s Nmax=7 lower_dt=0.100s target_v=6.000m/s scale=fullscale wheelbase=2.80m length=4.70m bev=40.00m margin=2.00m state=odom grid=/bev/occupancy_grid sparse=/planner/upper_path_sparse dense=/planner/lower_reference_path
[INFO] [1791231758.813648452] [upper_planner_node]: upper branch model: cumulative_increment=1 turn_window_at_split=1 turn_target_absolute=1 split_continuity=6.75m r_dpsi=3.000 lambda_turn=0.600
[INFO] [1791231758.823609099] [lower_tracking_mpc_node]: LowerTrackingMpcNode ready: rate=10.00Hz dt=0.100s N=30 path=/planner/lower_reference_path scale=fullscale wheelbase=2.80m rear_offset=1.40m command_scale=0.350rad actuator_model=1 delay=0.00s tau=0.74s backend=disabled virtual=/cmd_control
"Yleft_target_continuing_off+0_yaw+0" "tau0.5" "cap10" "goal_reached" cycles=256
[INFO] [1791231758.946950451] [upper_planner_node]: planner state input: Odometry topic=/motive/vehicle/odom_map yaw=orientation.z scalar
[INFO] [1791231758.950227092] [upper_planner_node]: Egocentric MIQP planner ready: rate=2.00Hz pred_dt=0.750s Nmax=7 lower_dt=0.100s target_v=6.000m/s scale=fullscale wheelbase=2.80m length=4.70m bev=40.00m margin=2.00m state=odom grid=/bev/occupancy_grid sparse=/planner/upper_path_sparse dense=/planner/lower_reference_path
[INFO] [1791231758.950566686] [upper_planner_node]: upper branch model: cumulative_increment=1 turn_window_at_split=1 turn_target_absolute=1 split_continuity=6.75m r_dpsi=3.000 lambda_turn=0.600
[INFO] [1791231758.960010998] [lower_tracking_mpc_node]: LowerTrackingMpcNode ready: rate=10.00Hz dt=0.100s N=30 path=/planner/lower_reference_path scale=fullscale wheelbase=2.80m rear_offset=1.40m command_scale=0.350rad actuator_model=1 delay=0.00s tau=0.74s backend=disabled virtual=/cmd_control
"Yleft_target_continuing_off+0_yaw+0" "tau1.0" "cap_off" "goal_reached" cycles=256
[INFO] [1791231759.085650530] [upper_planner_node]: planner state input: Odometry topic=/motive/vehicle/odom_map yaw=orientation.z scalar
[INFO] [1791231759.088848961] [upper_planner_node]: Egocentric MIQP planner ready: rate=2.00Hz pred_dt=0.750s Nmax=7 lower_dt=0.100s target_v=6.000m/s scale=fullscale wheelbase=2.80m length=4.70m bev=40.00m margin=2.00m state=odom grid=/bev/occupancy_grid sparse=/planner/upper_path_sparse dense=/planner/lower_reference_path
[INFO] [1791231759.089019046] [upper_planner_node]: upper branch model: cumulative_increment=1 turn_window_at_split=1 turn_target_absolute=1 split_continuity=6.75m r_dpsi=3.000 lambda_turn=0.600
[INFO] [1791231759.098546304] [lower_tracking_mpc_node]: LowerTrackingMpcNode ready: rate=10.00Hz dt=0.100s N=30 path=/planner/lower_reference_path scale=fullscale wheelbase=2.80m rear_offset=1.40m command_scale=0.350rad actuator_model=1 delay=0.00s tau=0.74s backend=disabled virtual=/cmd_control
"Yleft_target_continuing_off+0_yaw+0" "tau1.0" "cap12" "goal_reached" cycles=256
[INFO] [1791231759.226314379] [upper_planner_node]: planner state input: Odometry topic=/motive/vehicle/odom_map yaw=orientation.z scalar
[INFO] [1791231759.229389190] [upper_planner_node]: Egocentric MIQP planner ready: rate=2.00Hz pred_dt=0.750s Nmax=7 lower_dt=0.100s target_v=6.000m/s scale=fullscale wheelbase=2.80m length=4.70m bev=40.00m margin=2.00m state=odom grid=/bev/occupancy_grid sparse=/planner/upper_path_sparse dense=/planner/lower_reference_path
[INFO] [1791231759.229535306] [upper_planner_node]: upper branch model: cumulative_increment=1 turn_window_at_split=1 turn_target_absolute=1 split_continuity=6.75m r_dpsi=3.000 lambda_turn=0.600
[INFO] [1791231759.239153351] [lower_tracking_mpc_node]: LowerTrackingMpcNode ready: rate=10.00Hz dt=0.100s N=30 path=/planner/lower_reference_path scale=fullscale wheelbase=2.80m rear_offset=1.40m command_scale=0.350rad actuator_model=1 delay=0.00s tau=0.74s backend=disabled virtual=/cmd_control
"Yleft_target_continuing_off+0_yaw+0" "tau1.0" "cap10" "goal_reached" cycles=256
