getifaddrs: Operation not permitted
getifaddrs: Operation not permitted
getifaddrs: Operation not permitted
getifaddrs: Operation not permitted
[37;1m2026-10-06 03:23:12.558 [31;1m[[37;1mTRANSPORT[31;1m Error] [37mAll whitelist interfaces were filtered out[34;1m -> Function [36mUDPv4Transport[m
[37;1m2026-10-06 03:23:12.559 [31;1m[[37;1mTRANSPORT_UDP[31;1m Error] [37mError creating socket: Operation not permitted[34;1m -> Function [36minit[m
[37;1m2026-10-06 03:23:12.559 [31;1m[[37;1mRTPS_PARTICIPANT[31;1m Error] [37mUser transport failed to register.[34;1m -> Function [36mRTPSParticipantImpl[m
[INFO] [1791224592.586633703] [upper_planner_node]: planner state input: Odometry topic=/motive/vehicle/odom_map yaw=orientation.z scalar
[INFO] [1791224592.591733388] [upper_planner_node]: Egocentric MIQP planner ready: rate=1.00Hz pred_dt=0.750s Nmax=7 lower_dt=0.100s target_v=6.000m/s scale=fullscale wheelbase=2.80m length=4.70m bev=40.00m margin=2.00m state=odom grid=/bev/occupancy_grid sparse=/planner/upper_path_sparse dense=/planner/lower_reference_path
[INFO] [1791224592.591921779] [upper_planner_node]: upper branch model: cumulative_increment=1 turn_window_at_split=1 turn_target_absolute=1 split_continuity=6.75m r_dpsi=3.000 lambda_turn=0.600
[INFO] [1791224592.602358981] [lower_tracking_mpc_node]: LowerTrackingMpcNode ready: rate=10.00Hz dt=0.100s N=30 path=/planner/lower_reference_path scale=fullscale wheelbase=2.80m rear_offset=1.40m command_scale=0.350rad actuator_model=1 delay=0.00s tau=0.74s backend=disabled virtual=/cmd_control
[WARN] [1791224592.709449210] [upper_planner_node]: interval_diag step=7 reason=3 ref_body=(24.664,17.994) heading_deg=43.58 center_cell=(78,121) center_value=100 line_free=1 blocked=249 unknown=0 outside=2 longest_run=1 min_run=2 grid_free=3218 zero=3218 positive=13166 unknown=0 topic=/bev/occupancy_grid frame=Vehicle origin=(0.000,-20.000) origin_yaw_deg=0.00 size=128x128 res=0.3125 positive_is_drivable=0 threshold=0 waypoint_bias=0 previous=1
[WARN] [1791224592.709721187] [upper_planner_node]: no valid preview interval at step=7; usable horizon=6 reason=3
"live_curve" "tau0.74_noise2" "baseline" "goal_reached" cycles=399
getifaddrs: Operation not permitted
getifaddrs: Operation not permitted
[37;1m2026-10-06 03:23:12.784 [31;1m[[37;1mTRANSPORT[31;1m Error] [37mAll whitelist interfaces were filtered out[34;1m -> Function [36mUDPv4Transport[m
[37;1m2026-10-06 03:23:12.784 [31;1m[[37;1mTRANSPORT_UDP[31;1m Error] [37mError creating socket: Operation not permitted[34;1m -> Function [36minit[m
[37;1m2026-10-06 03:23:12.784 [31;1m[[37;1mRTPS_PARTICIPANT[31;1m Error] [37mUser transport failed to register.[34;1m -> Function [36mRTPSParticipantImpl[m
[INFO] [1791224592.795289085] [upper_planner_node]: planner state input: Odometry topic=/motive/vehicle/odom_map yaw=orientation.z scalar
[INFO] [1791224592.798203196] [upper_planner_node]: Egocentric MIQP planner ready: rate=1.00Hz pred_dt=0.750s Nmax=7 lower_dt=0.100s target_v=6.000m/s scale=fullscale wheelbase=2.80m length=4.70m bev=40.00m margin=2.00m state=odom grid=/bev/occupancy_grid sparse=/planner/upper_path_sparse dense=/planner/lower_reference_path
[INFO] [1791224592.798351905] [upper_planner_node]: upper branch model: cumulative_increment=1 turn_window_at_split=1 turn_target_absolute=1 split_continuity=6.75m r_dpsi=3.000 lambda_turn=0.600
[INFO] [1791224592.807050651] [lower_tracking_mpc_node]: LowerTrackingMpcNode ready: rate=10.00Hz dt=0.100s N=30 path=/planner/lower_reference_path scale=fullscale wheelbase=2.80m rear_offset=1.40m command_scale=0.350rad actuator_model=1 delay=0.00s tau=0.74s backend=disabled virtual=/cmd_control
"live_curve" "tau0.74_noise2" "lower_rd180" "goal_reached" cycles=399
getifaddrs: Operation not permitted
getifaddrs: Operation not permitted
[37;1m2026-10-06 03:23:12.977 [31;1m[[37;1mTRANSPORT[31;1m Error] [37mAll whitelist interfaces were filtered out[34;1m -> Function [36mUDPv4Transport[m
[37;1m2026-10-06 03:23:12.977 [31;1m[[37;1mTRANSPORT_UDP[31;1m Error] [37mError creating socket: Operation not permitted[34;1m -> Function [36minit[m
[37;1m2026-10-06 03:23:12.977 [31;1m[[37;1mRTPS_PARTICIPANT[31;1m Error] [37mUser transport failed to register.[34;1m -> Function [36mRTPSParticipantImpl[m
[INFO] [1791224592.988861866] [upper_planner_node]: planner state input: Odometry topic=/motive/vehicle/odom_map yaw=orientation.z scalar
[INFO] [1791224592.991775945] [upper_planner_node]: Egocentric MIQP planner ready: rate=1.00Hz pred_dt=0.750s Nmax=7 lower_dt=0.100s target_v=6.000m/s scale=fullscale wheelbase=2.80m length=4.70m bev=40.00m margin=2.00m state=odom grid=/bev/occupancy_grid sparse=/planner/upper_path_sparse dense=/planner/lower_reference_path
[INFO] [1791224592.991929550] [upper_planner_node]: upper branch model: cumulative_increment=1 turn_window_at_split=1 turn_target_absolute=1 split_continuity=6.75m r_dpsi=3.000 lambda_turn=0.600
[INFO] [1791224593.000941490] [lower_tracking_mpc_node]: LowerTrackingMpcNode ready: rate=10.00Hz dt=0.100s N=30 path=/planner/lower_reference_path scale=fullscale wheelbase=2.80m rear_offset=1.40m command_scale=0.350rad actuator_model=1 delay=0.00s tau=0.74s backend=disabled virtual=/cmd_control
"live_curve" "tau0.74_noise2" "lower_rd240" "goal_reached" cycles=399
getifaddrs: Operation not permitted
getifaddrs: Operation not permitted
[37;1m2026-10-06 03:23:13.169 [31;1m[[37;1mTRANSPORT[31;1m Error] [37mAll whitelist interfaces were filtered out[34;1m -> Function [36mUDPv4Transport[m
[37;1m2026-10-06 03:23:13.169 [31;1m[[37;1mTRANSPORT_UDP[31;1m Error] [37mError creating socket: Operation not permitted[34;1m -> Function [36minit[m
[37;1m2026-10-06 03:23:13.169 [31;1m[[37;1mRTPS_PARTICIPANT[31;1m Error] [37mUser transport failed to register.[34;1m -> Function [36mRTPSParticipantImpl[m
[INFO] [1791224593.180944550] [upper_planner_node]: planner state input: Odometry topic=/motive/vehicle/odom_map yaw=orientation.z scalar
[INFO] [1791224593.183945704] [upper_planner_node]: Egocentric MIQP planner ready: rate=1.00Hz pred_dt=0.750s Nmax=7 lower_dt=0.100s target_v=6.000m/s scale=fullscale wheelbase=2.80m length=4.70m bev=40.00m margin=2.00m state=odom grid=/bev/occupancy_grid sparse=/planner/upper_path_sparse dense=/planner/lower_reference_path
[INFO] [1791224593.184099469] [upper_planner_node]: upper branch model: cumulative_increment=1 turn_window_at_split=1 turn_target_absolute=1 split_continuity=6.75m r_dpsi=3.000 lambda_turn=0.600
[INFO] [1791224593.192995725] [lower_tracking_mpc_node]: LowerTrackingMpcNode ready: rate=10.00Hz dt=0.100s N=30 path=/planner/lower_reference_path scale=fullscale wheelbase=2.80m rear_offset=1.40m command_scale=0.350rad actuator_model=1 delay=0.00s tau=0.74s backend=disabled virtual=/cmd_control
"live_curve" "tau0.5" "baseline" "goal_reached" cycles=401
getifaddrs: Operation not permitted
getifaddrs: Operation not permitted
[37;1m2026-10-06 03:23:13.363 [31;1m[[37;1mTRANSPORT[31;1m Error] [37mAll whitelist interfaces were filtered out[34;1m -> Function [36mUDPv4Transport[m
[37;1m2026-10-06 03:23:13.363 [31;1m[[37;1mTRANSPORT_UDP[31;1m Error] [37mError creating socket: Operation not permitted[34;1m -> Function [36minit[m
[37;1m2026-10-06 03:23:13.363 [31;1m[[37;1mRTPS_PARTICIPANT[31;1m Error] [37mUser transport failed to register.[34;1m -> Function [36mRTPSParticipantImpl[m
[INFO] [1791224593.374916544] [upper_planner_node]: planner state input: Odometry topic=/motive/vehicle/odom_map yaw=orientation.z scalar
[INFO] [1791224593.378004164] [upper_planner_node]: Egocentric MIQP planner ready: rate=1.00Hz pred_dt=0.750s Nmax=7 lower_dt=0.100s target_v=6.000m/s scale=fullscale wheelbase=2.80m length=4.70m bev=40.00m margin=2.00m state=odom grid=/bev/occupancy_grid sparse=/planner/upper_path_sparse dense=/planner/lower_reference_path
[INFO] [1791224593.378165385] [upper_planner_node]: upper branch model: cumulative_increment=1 turn_window_at_split=1 turn_target_absolute=1 split_continuity=6.75m r_dpsi=3.000 lambda_turn=0.600
[INFO] [1791224593.387201422] [lower_tracking_mpc_node]: LowerTrackingMpcNode ready: rate=10.00Hz dt=0.100s N=30 path=/planner/lower_reference_path scale=fullscale wheelbase=2.80m rear_offset=1.40m command_scale=0.350rad actuator_model=1 delay=0.00s tau=0.74s backend=disabled virtual=/cmd_control
[WARN] [1791224593.491946263] [upper_planner_node]: no valid preview interval at step=7; usable horizon=6 reason=3
"live_curve" "tau0.5" "lower_rd180" "goal_reached" cycles=399
getifaddrs: Operation not permitted
getifaddrs: Operation not permitted
[37;1m2026-10-06 03:23:13.555 [31;1m[[37;1mTRANSPORT[31;1m Error] [37mAll whitelist interfaces were filtered out[34;1m -> Function [36mUDPv4Transport[m
[37;1m2026-10-06 03:23:13.555 [31;1m[[37;1mTRANSPORT_UDP[31;1m Error] [37mError creating socket: Operation not permitted[34;1m -> Function [36minit[m
[37;1m2026-10-06 03:23:13.555 [31;1m[[37;1mRTPS_PARTICIPANT[31;1m Error] [37mUser transport failed to register.[34;1m -> Function [36mRTPSParticipantImpl[m
[INFO] [1791224593.566715475] [upper_planner_node]: planner state input: Odometry topic=/motive/vehicle/odom_map yaw=orientation.z scalar
[INFO] [1791224593.569657426] [upper_planner_node]: Egocentric MIQP planner ready: rate=1.00Hz pred_dt=0.750s Nmax=7 lower_dt=0.100s target_v=6.000m/s scale=fullscale wheelbase=2.80m length=4.70m bev=40.00m margin=2.00m state=odom grid=/bev/occupancy_grid sparse=/planner/upper_path_sparse dense=/planner/lower_reference_path
[INFO] [1791224593.569833240] [upper_planner_node]: upper branch model: cumulative_increment=1 turn_window_at_split=1 turn_target_absolute=1 split_continuity=6.75m r_dpsi=3.000 lambda_turn=0.600
[INFO] [1791224593.579691192] [lower_tracking_mpc_node]: LowerTrackingMpcNode ready: rate=10.00Hz dt=0.100s N=30 path=/planner/lower_reference_path scale=fullscale wheelbase=2.80m rear_offset=1.40m command_scale=0.350rad actuator_model=1 delay=0.00s tau=0.74s backend=disabled virtual=/cmd_control
"live_curve" "tau0.5" "lower_rd240" "goal_reached" cycles=399
getifaddrs: Operation not permitted
getifaddrs: Operation not permitted
[37;1m2026-10-06 03:23:13.747 [31;1m[[37;1mTRANSPORT[31;1m Error] [37mAll whitelist interfaces were filtered out[34;1m -> Function [36mUDPv4Transport[m
[37;1m2026-10-06 03:23:13.747 [31;1m[[37;1mTRANSPORT_UDP[31;1m Error] [37mError creating socket: Operation not permitted[34;1m -> Function [36minit[m
[37;1m2026-10-06 03:23:13.747 [31;1m[[37;1mRTPS_PARTICIPANT[31;1m Error] [37mUser transport failed to register.[34;1m -> Function [36mRTPSParticipantImpl[m
[INFO] [1791224593.758858193] [upper_planner_node]: planner state input: Odometry topic=/motive/vehicle/odom_map yaw=orientation.z scalar
[INFO] [1791224593.761943733] [upper_planner_node]: Egocentric MIQP planner ready: rate=1.00Hz pred_dt=0.750s Nmax=7 lower_dt=0.100s target_v=6.000m/s scale=fullscale wheelbase=2.80m length=4.70m bev=40.00m margin=2.00m state=odom grid=/bev/occupancy_grid sparse=/planner/upper_path_sparse dense=/planner/lower_reference_path
[INFO] [1791224593.762104378] [upper_planner_node]: upper branch model: cumulative_increment=1 turn_window_at_split=1 turn_target_absolute=1 split_continuity=6.75m r_dpsi=3.000 lambda_turn=0.600
[INFO] [1791224593.771209858] [lower_tracking_mpc_node]: LowerTrackingMpcNode ready: rate=10.00Hz dt=0.100s N=30 path=/planner/lower_reference_path scale=fullscale wheelbase=2.80m rear_offset=1.40m command_scale=0.350rad actuator_model=1 delay=0.00s tau=0.74s backend=disabled virtual=/cmd_control
[WARN] [1791224593.875371255] [upper_planner_node]: no valid preview interval at step=7; usable horizon=6 reason=3
"live_curve" "tau1.0" "baseline" "goal_reached" cycles=400
getifaddrs: Operation not permitted
getifaddrs: Operation not permitted
[37;1m2026-10-06 03:23:13.940 [31;1m[[37;1mTRANSPORT[31;1m Error] [37mAll whitelist interfaces were filtered out[34;1m -> Function [36mUDPv4Transport[m
[37;1m2026-10-06 03:23:13.941 [31;1m[[37;1mTRANSPORT_UDP[31;1m Error] [37mError creating socket: Operation not permitted[34;1m -> Function [36minit[m
[37;1m2026-10-06 03:23:13.941 [31;1m[[37;1mRTPS_PARTICIPANT[31;1m Error] [37mUser transport failed to register.[34;1m -> Function [36mRTPSParticipantImpl[m
[INFO] [1791224593.952442109] [upper_planner_node]: planner state input: Odometry topic=/motive/vehicle/odom_map yaw=orientation.z scalar
[INFO] [1791224593.955447327] [upper_planner_node]: Egocentric MIQP planner ready: rate=1.00Hz pred_dt=0.750s Nmax=7 lower_dt=0.100s target_v=6.000m/s scale=fullscale wheelbase=2.80m length=4.70m bev=40.00m margin=2.00m state=odom grid=/bev/occupancy_grid sparse=/planner/upper_path_sparse dense=/planner/lower_reference_path
[INFO] [1791224593.955620101] [upper_planner_node]: upper branch model: cumulative_increment=1 turn_window_at_split=1 turn_target_absolute=1 split_continuity=6.75m r_dpsi=3.000 lambda_turn=0.600
[INFO] [1791224593.964668490] [lower_tracking_mpc_node]: LowerTrackingMpcNode ready: rate=10.00Hz dt=0.100s N=30 path=/planner/lower_reference_path scale=fullscale wheelbase=2.80m rear_offset=1.40m command_scale=0.350rad actuator_model=1 delay=0.00s tau=0.74s backend=disabled virtual=/cmd_control
[WARN] [1791224594.069617977] [upper_planner_node]: no valid preview interval at step=7; usable horizon=6 reason=3
"live_curve" "tau1.0" "lower_rd180" "goal_reached" cycles=401
getifaddrs: Operation not permitted
getifaddrs: Operation not permitted
[37;1m2026-10-06 03:23:14.134 [31;1m[[37;1mTRANSPORT[31;1m Error] [37mAll whitelist interfaces were filtered out[34;1m -> Function [36mUDPv4Transport[m
[37;1m2026-10-06 03:23:14.134 [31;1m[[37;1mTRANSPORT_UDP[31;1m Error] [37mError creating socket: Operation not permitted[34;1m -> Function [36minit[m
[37;1m2026-10-06 03:23:14.134 [31;1m[[37;1mRTPS_PARTICIPANT[31;1m Error] [37mUser transport failed to register.[34;1m -> Function [36mRTPSParticipantImpl[m
[INFO] [1791224594.146029450] [upper_planner_node]: planner state input: Odometry topic=/motive/vehicle/odom_map yaw=orientation.z scalar
[INFO] [1791224594.149161328] [upper_planner_node]: Egocentric MIQP planner ready: rate=1.00Hz pred_dt=0.750s Nmax=7 lower_dt=0.100s target_v=6.000m/s scale=fullscale wheelbase=2.80m length=4.70m bev=40.00m margin=2.00m state=odom grid=/bev/occupancy_grid sparse=/planner/upper_path_sparse dense=/planner/lower_reference_path
[INFO] [1791224594.149356950] [upper_planner_node]: upper branch model: cumulative_increment=1 turn_window_at_split=1 turn_target_absolute=1 split_continuity=6.75m r_dpsi=3.000 lambda_turn=0.600
[INFO] [1791224594.158269943] [lower_tracking_mpc_node]: LowerTrackingMpcNode ready: rate=10.00Hz dt=0.100s N=30 path=/planner/lower_reference_path scale=fullscale wheelbase=2.80m rear_offset=1.40m command_scale=0.350rad actuator_model=1 delay=0.00s tau=0.74s backend=disabled virtual=/cmd_control
[WARN] [1791224594.262510992] [upper_planner_node]: no valid preview interval at step=7; usable horizon=6 reason=3
"live_curve" "tau1.0" "lower_rd240" "goal_reached" cycles=400
getifaddrs: Operation not permitted
getifaddrs: Operation not permitted
[37;1m2026-10-06 03:23:14.340 [31;1m[[37;1mTRANSPORT[31;1m Error] [37mAll whitelist interfaces were filtered out[34;1m -> Function [36mUDPv4Transport[m
[37;1m2026-10-06 03:23:14.340 [31;1m[[37;1mTRANSPORT_UDP[31;1m Error] [37mError creating socket: Operation not permitted[34;1m -> Function [36minit[m
[37;1m2026-10-06 03:23:14.340 [31;1m[[37;1mRTPS_PARTICIPANT[31;1m Error] [37mUser transport failed to register.[34;1m -> Function [36mRTPSParticipantImpl[m
[INFO] [1791224594.351790786] [upper_planner_node]: planner state input: Odometry topic=/motive/vehicle/odom_map yaw=orientation.z scalar
[INFO] [1791224594.354825124] [upper_planner_node]: Egocentric MIQP planner ready: rate=1.00Hz pred_dt=0.750s Nmax=7 lower_dt=0.100s target_v=6.000m/s scale=fullscale wheelbase=2.80m length=4.70m bev=40.00m margin=2.00m state=odom grid=/bev/occupancy_grid sparse=/planner/upper_path_sparse dense=/planner/lower_reference_path
[INFO] [1791224594.354978505] [upper_planner_node]: upper branch model: cumulative_increment=1 turn_window_at_split=1 turn_target_absolute=1 split_continuity=6.75m r_dpsi=3.000 lambda_turn=0.600
[INFO] [1791224594.364322425] [lower_tracking_mpc_node]: LowerTrackingMpcNode ready: rate=10.00Hz dt=0.100s N=30 path=/planner/lower_reference_path scale=fullscale wheelbase=2.80m rear_offset=1.40m command_scale=0.350rad actuator_model=1 delay=0.00s tau=0.74s backend=disabled virtual=/cmd_control
"branch_width" "tau0.74_noise2" "baseline" "goal_reached" cycles=401
getifaddrs: Operation not permitted
getifaddrs: Operation not permitted
[37;1m2026-10-06 03:23:14.543 [31;1m[[37;1mTRANSPORT[31;1m Error] [37mAll whitelist interfaces were filtered out[34;1m -> Function [36mUDPv4Transport[m
[37;1m2026-10-06 03:23:14.544 [31;1m[[37;1mTRANSPORT_UDP[31;1m Error] [37mError creating socket: Operation not permitted[34;1m -> Function [36minit[m
[37;1m2026-10-06 03:23:14.544 [31;1m[[37;1mRTPS_PARTICIPANT[31;1m Error] [37mUser transport failed to register.[34;1m -> Function [36mRTPSParticipantImpl[m
[INFO] [1791224594.555516568] [upper_planner_node]: planner state input: Odometry topic=/motive/vehicle/odom_map yaw=orientation.z scalar
[INFO] [1791224594.558505241] [upper_planner_node]: Egocentric MIQP planner ready: rate=1.00Hz pred_dt=0.750s Nmax=7 lower_dt=0.100s target_v=6.000m/s scale=fullscale wheelbase=2.80m length=4.70m bev=40.00m margin=2.00m state=odom grid=/bev/occupancy_grid sparse=/planner/upper_path_sparse dense=/planner/lower_reference_path
[INFO] [1791224594.558659614] [upper_planner_node]: upper branch model: cumulative_increment=1 turn_window_at_split=1 turn_target_absolute=1 split_continuity=6.75m r_dpsi=3.000 lambda_turn=0.600
[INFO] [1791224594.567498781] [lower_tracking_mpc_node]: LowerTrackingMpcNode ready: rate=10.00Hz dt=0.100s N=30 path=/planner/lower_reference_path scale=fullscale wheelbase=2.80m rear_offset=1.40m command_scale=0.350rad actuator_model=1 delay=0.00s tau=0.74s backend=disabled virtual=/cmd_control
"branch_width" "tau0.74_noise2" "lower_rd180" "goal_reached" cycles=401
getifaddrs: Operation not permitted
getifaddrs: Operation not permitted
[37;1m2026-10-06 03:23:14.745 [31;1m[[37;1mTRANSPORT[31;1m Error] [37mAll whitelist interfaces were filtered out[34;1m -> Function [36mUDPv4Transport[m
[37;1m2026-10-06 03:23:14.746 [31;1m[[37;1mTRANSPORT_UDP[31;1m Error] [37mError creating socket: Operation not permitted[34;1m -> Function [36minit[m
[37;1m2026-10-06 03:23:14.746 [31;1m[[37;1mRTPS_PARTICIPANT[31;1m Error] [37mUser transport failed to register.[34;1m -> Function [36mRTPSParticipantImpl[m
[INFO] [1791224594.757535734] [upper_planner_node]: planner state input: Odometry topic=/motive/vehicle/odom_map yaw=orientation.z scalar
[INFO] [1791224594.760353426] [upper_planner_node]: Egocentric MIQP planner ready: rate=1.00Hz pred_dt=0.750s Nmax=7 lower_dt=0.100s target_v=6.000m/s scale=fullscale wheelbase=2.80m length=4.70m bev=40.00m margin=2.00m state=odom grid=/bev/occupancy_grid sparse=/planner/upper_path_sparse dense=/planner/lower_reference_path
[INFO] [1791224594.760529111] [upper_planner_node]: upper branch model: cumulative_increment=1 turn_window_at_split=1 turn_target_absolute=1 split_continuity=6.75m r_dpsi=3.000 lambda_turn=0.600
[INFO] [1791224594.769450457] [lower_tracking_mpc_node]: LowerTrackingMpcNode ready: rate=10.00Hz dt=0.100s N=30 path=/planner/lower_reference_path scale=fullscale wheelbase=2.80m rear_offset=1.40m command_scale=0.350rad actuator_model=1 delay=0.00s tau=0.74s backend=disabled virtual=/cmd_control
"branch_width" "tau0.74_noise2" "lower_rd240" "goal_reached" cycles=401
getifaddrs: Operation not permitted
getifaddrs: Operation not permitted
[37;1m2026-10-06 03:23:14.945 [31;1m[[37;1mTRANSPORT[31;1m Error] [37mAll whitelist interfaces were filtered out[34;1m -> Function [36mUDPv4Transport[m
[37;1m2026-10-06 03:23:14.946 [31;1m[[37;1mTRANSPORT_UDP[31;1m Error] [37mError creating socket: Operation not permitted[34;1m -> Function [36minit[m
[37;1m2026-10-06 03:23:14.946 [31;1m[[37;1mRTPS_PARTICIPANT[31;1m Error] [37mUser transport failed to register.[34;1m -> Function [36mRTPSParticipantImpl[m
[INFO] [1791224594.958917728] [upper_planner_node]: planner state input: Odometry topic=/motive/vehicle/odom_map yaw=orientation.z scalar
[INFO] [1791224594.962110887] [upper_planner_node]: Egocentric MIQP planner ready: rate=1.00Hz pred_dt=0.750s Nmax=7 lower_dt=0.100s target_v=6.000m/s scale=fullscale wheelbase=2.80m length=4.70m bev=40.00m margin=2.00m state=odom grid=/bev/occupancy_grid sparse=/planner/upper_path_sparse dense=/planner/lower_reference_path
[INFO] [1791224594.962287533] [upper_planner_node]: upper branch model: cumulative_increment=1 turn_window_at_split=1 turn_target_absolute=1 split_continuity=6.75m r_dpsi=3.000 lambda_turn=0.600
[INFO] [1791224594.971968712] [lower_tracking_mpc_node]: LowerTrackingMpcNode ready: rate=10.00Hz dt=0.100s N=30 path=/planner/lower_reference_path scale=fullscale wheelbase=2.80m rear_offset=1.40m command_scale=0.350rad actuator_model=1 delay=0.00s tau=0.74s backend=disabled virtual=/cmd_control
[WARN] [1791224595.076842452] [upper_planner_node]: interval_diag step=7 reason=3 ref_body=(22.704,19.751) heading_deg=50.40 center_cell=(72,127) center_value=100 line_free=0 blocked=228 unknown=0 outside=2 longest_run=0 min_run=2 grid_free=5133 zero=5133 positive=11251 unknown=0 topic=/bev/occupancy_grid frame=Vehicle origin=(0.000,-20.000) origin_yaw_deg=0.00 size=128x128 res=0.3125 positive_is_drivable=0 threshold=0 waypoint_bias=0 previous=1
[WARN] [1791224595.077186495] [upper_planner_node]: no valid preview interval at step=7; usable horizon=6 reason=3
"branch_width" "tau0.5" "baseline" "goal_reached" cycles=400
getifaddrs: Operation not permitted
getifaddrs: Operation not permitted
[37;1m2026-10-06 03:23:15.144 [31;1m[[37;1mTRANSPORT[31;1m Error] [37mAll whitelist interfaces were filtered out[34;1m -> Function [36mUDPv4Transport[m
[37;1m2026-10-06 03:23:15.144 [31;1m[[37;1mTRANSPORT_UDP[31;1m Error] [37mError creating socket: Operation not permitted[34;1m -> Function [36minit[m
[37;1m2026-10-06 03:23:15.144 [31;1m[[37;1mRTPS_PARTICIPANT[31;1m Error] [37mUser transport failed to register.[34;1m -> Function [36mRTPSParticipantImpl[m
[INFO] [1791224595.155541263] [upper_planner_node]: planner state input: Odometry topic=/motive/vehicle/odom_map yaw=orientation.z scalar
[INFO] [1791224595.158454477] [upper_planner_node]: Egocentric MIQP planner ready: rate=1.00Hz pred_dt=0.750s Nmax=7 lower_dt=0.100s target_v=6.000m/s scale=fullscale wheelbase=2.80m length=4.70m bev=40.00m margin=2.00m state=odom grid=/bev/occupancy_grid sparse=/planner/upper_path_sparse dense=/planner/lower_reference_path
[INFO] [1791224595.158603858] [upper_planner_node]: upper branch model: cumulative_increment=1 turn_window_at_split=1 turn_target_absolute=1 split_continuity=6.75m r_dpsi=3.000 lambda_turn=0.600
[INFO] [1791224595.167579606] [lower_tracking_mpc_node]: LowerTrackingMpcNode ready: rate=10.00Hz dt=0.100s N=30 path=/planner/lower_reference_path scale=fullscale wheelbase=2.80m rear_offset=1.40m command_scale=0.350rad actuator_model=1 delay=0.00s tau=0.74s backend=disabled virtual=/cmd_control
"branch_width" "tau0.5" "lower_rd180" "goal_reached" cycles=400
getifaddrs: Operation not permitted
getifaddrs: Operation not permitted
[37;1m2026-10-06 03:23:15.348 [31;1m[[37;1mTRANSPORT[31;1m Error] [37mAll whitelist interfaces were filtered out[34;1m -> Function [36mUDPv4Transport[m
[37;1m2026-10-06 03:23:15.348 [31;1m[[37;1mTRANSPORT_UDP[31;1m Error] [37mError creating socket: Operation not permitted[34;1m -> Function [36minit[m
[37;1m2026-10-06 03:23:15.348 [31;1m[[37;1mRTPS_PARTICIPANT[31;1m Error] [37mUser transport failed to register.[34;1m -> Function [36mRTPSParticipantImpl[m
[INFO] [1791224595.360496268] [upper_planner_node]: planner state input: Odometry topic=/motive/vehicle/odom_map yaw=orientation.z scalar
[INFO] [1791224595.363391370] [upper_planner_node]: Egocentric MIQP planner ready: rate=1.00Hz pred_dt=0.750s Nmax=7 lower_dt=0.100s target_v=6.000m/s scale=fullscale wheelbase=2.80m length=4.70m bev=40.00m margin=2.00m state=odom grid=/bev/occupancy_grid sparse=/planner/upper_path_sparse dense=/planner/lower_reference_path
[INFO] [1791224595.363717045] [upper_planner_node]: upper branch model: cumulative_increment=1 turn_window_at_split=1 turn_target_absolute=1 split_continuity=6.75m r_dpsi=3.000 lambda_turn=0.600
[INFO] [1791224595.372691352] [lower_tracking_mpc_node]: LowerTrackingMpcNode ready: rate=10.00Hz dt=0.100s N=30 path=/planner/lower_reference_path scale=fullscale wheelbase=2.80m rear_offset=1.40m command_scale=0.350rad actuator_model=1 delay=0.00s tau=0.74s backend=disabled virtual=/cmd_control
"branch_width" "tau0.5" "lower_rd240" "goal_reached" cycles=400
getifaddrs: Operation not permitted
getifaddrs: Operation not permitted
[37;1m2026-10-06 03:23:15.546 [31;1m[[37;1mTRANSPORT[31;1m Error] [37mAll whitelist interfaces were filtered out[34;1m -> Function [36mUDPv4Transport[m
[37;1m2026-10-06 03:23:15.546 [31;1m[[37;1mTRANSPORT_UDP[31;1m Error] [37mError creating socket: Operation not permitted[34;1m -> Function [36minit[m
[37;1m2026-10-06 03:23:15.546 [31;1m[[37;1mRTPS_PARTICIPANT[31;1m Error] [37mUser transport failed to register.[34;1m -> Function [36mRTPSParticipantImpl[m
[INFO] [1791224595.558244480] [upper_planner_node]: planner state input: Odometry topic=/motive/vehicle/odom_map yaw=orientation.z scalar
[INFO] [1791224595.561260130] [upper_planner_node]: Egocentric MIQP planner ready: rate=1.00Hz pred_dt=0.750s Nmax=7 lower_dt=0.100s target_v=6.000m/s scale=fullscale wheelbase=2.80m length=4.70m bev=40.00m margin=2.00m state=odom grid=/bev/occupancy_grid sparse=/planner/upper_path_sparse dense=/planner/lower_reference_path
[INFO] [1791224595.561521610] [upper_planner_node]: upper branch model: cumulative_increment=1 turn_window_at_split=1 turn_target_absolute=1 split_continuity=6.75m r_dpsi=3.000 lambda_turn=0.600
[INFO] [1791224595.570690900] [lower_tracking_mpc_node]: LowerTrackingMpcNode ready: rate=10.00Hz dt=0.100s N=30 path=/planner/lower_reference_path scale=fullscale wheelbase=2.80m rear_offset=1.40m command_scale=0.350rad actuator_model=1 delay=0.00s tau=0.74s backend=disabled virtual=/cmd_control
[WARN] [1791224595.680960623] [upper_planner_node]: no valid preview interval at step=7; usable horizon=6 reason=3
"branch_width" "tau1.0" "baseline" "goal_reached" cycles=401
getifaddrs: Operation not permitted
getifaddrs: Operation not permitted
[37;1m2026-10-06 03:23:15.744 [31;1m[[37;1mTRANSPORT[31;1m Error] [37mAll whitelist interfaces were filtered out[34;1m -> Function [36mUDPv4Transport[m
[37;1m2026-10-06 03:23:15.745 [31;1m[[37;1mTRANSPORT_UDP[31;1m Error] [37mError creating socket: Operation not permitted[34;1m -> Function [36minit[m
[37;1m2026-10-06 03:23:15.745 [31;1m[[37;1mRTPS_PARTICIPANT[31;1m Error] [37mUser transport failed to register.[34;1m -> Function [36mRTPSParticipantImpl[m
[INFO] [1791224595.756532869] [upper_planner_node]: planner state input: Odometry topic=/motive/vehicle/odom_map yaw=orientation.z scalar
[INFO] [1791224595.759515205] [upper_planner_node]: Egocentric MIQP planner ready: rate=1.00Hz pred_dt=0.750s Nmax=7 lower_dt=0.100s target_v=6.000m/s scale=fullscale wheelbase=2.80m length=4.70m bev=40.00m margin=2.00m state=odom grid=/bev/occupancy_grid sparse=/planner/upper_path_sparse dense=/planner/lower_reference_path
[INFO] [1791224595.759690123] [upper_planner_node]: upper branch model: cumulative_increment=1 turn_window_at_split=1 turn_target_absolute=1 split_continuity=6.75m r_dpsi=3.000 lambda_turn=0.600
[INFO] [1791224595.768748401] [lower_tracking_mpc_node]: LowerTrackingMpcNode ready: rate=10.00Hz dt=0.100s N=30 path=/planner/lower_reference_path scale=fullscale wheelbase=2.80m rear_offset=1.40m command_scale=0.350rad actuator_model=1 delay=0.00s tau=0.74s backend=disabled virtual=/cmd_control
[WARN] [1791224595.878413657] [upper_planner_node]: no valid preview interval at step=7; usable horizon=6 reason=3
"branch_width" "tau1.0" "lower_rd180" "goal_reached" cycles=401
getifaddrs: Operation not permitted
getifaddrs: Operation not permitted
[37;1m2026-10-06 03:23:15.942 [31;1m[[37;1mTRANSPORT[31;1m Error] [37mAll whitelist interfaces were filtered out[34;1m -> Function [36mUDPv4Transport[m
[37;1m2026-10-06 03:23:15.943 [31;1m[[37;1mTRANSPORT_UDP[31;1m Error] [37mError creating socket: Operation not permitted[34;1m -> Function [36minit[m
[37;1m2026-10-06 03:23:15.943 [31;1m[[37;1mRTPS_PARTICIPANT[31;1m Error] [37mUser transport failed to register.[34;1m -> Function [36mRTPSParticipantImpl[m
[INFO] [1791224595.957382429] [upper_planner_node]: planner state input: Odometry topic=/motive/vehicle/odom_map yaw=orientation.z scalar
[INFO] [1791224595.960398399] [upper_planner_node]: Egocentric MIQP planner ready: rate=1.00Hz pred_dt=0.750s Nmax=7 lower_dt=0.100s target_v=6.000m/s scale=fullscale wheelbase=2.80m length=4.70m bev=40.00m margin=2.00m state=odom grid=/bev/occupancy_grid sparse=/planner/upper_path_sparse dense=/planner/lower_reference_path
[INFO] [1791224595.960568132] [upper_planner_node]: upper branch model: cumulative_increment=1 turn_window_at_split=1 turn_target_absolute=1 split_continuity=6.75m r_dpsi=3.000 lambda_turn=0.600
[INFO] [1791224595.969654379] [lower_tracking_mpc_node]: LowerTrackingMpcNode ready: rate=10.00Hz dt=0.100s N=30 path=/planner/lower_reference_path scale=fullscale wheelbase=2.80m rear_offset=1.40m command_scale=0.350rad actuator_model=1 delay=0.00s tau=0.74s backend=disabled virtual=/cmd_control
[WARN] [1791224596.094130516] [upper_planner_node]: no valid preview interval at step=7; usable horizon=6 reason=3
[WARN] [1791224596.112004024] [upper_planner_node]: no valid interval at the measured k=0 state; retaining future horizon=7 reason=3
"branch_width" "tau1.0" "lower_rd240" "left_road_stop" cycles=394
getifaddrs: Operation not permitted
getifaddrs: Operation not permitted
[37;1m2026-10-06 03:23:16.149 [31;1m[[37;1mTRANSPORT[31;1m Error] [37mAll whitelist interfaces were filtered out[34;1m -> Function [36mUDPv4Transport[m
[37;1m2026-10-06 03:23:16.149 [31;1m[[37;1mTRANSPORT_UDP[31;1m Error] [37mError creating socket: Operation not permitted[34;1m -> Function [36minit[m
[37;1m2026-10-06 03:23:16.149 [31;1m[[37;1mRTPS_PARTICIPANT[31;1m Error] [37mUser transport failed to register.[34;1m -> Function [36mRTPSParticipantImpl[m
[INFO] [1791224596.161298680] [upper_planner_node]: planner state input: Odometry topic=/motive/vehicle/odom_map yaw=orientation.z scalar
[INFO] [1791224596.164295641] [upper_planner_node]: Egocentric MIQP planner ready: rate=1.00Hz pred_dt=0.750s Nmax=7 lower_dt=0.100s target_v=6.000m/s scale=fullscale wheelbase=2.80m length=4.70m bev=40.00m margin=2.00m state=odom grid=/bev/occupancy_grid sparse=/planner/upper_path_sparse dense=/planner/lower_reference_path
[INFO] [1791224596.164449502] [upper_planner_node]: upper branch model: cumulative_increment=1 turn_window_at_split=1 turn_target_absolute=1 split_continuity=6.75m r_dpsi=3.000 lambda_turn=0.600
[INFO] [1791224596.173904785] [lower_tracking_mpc_node]: LowerTrackingMpcNode ready: rate=10.00Hz dt=0.100s N=30 path=/planner/lower_reference_path scale=fullscale wheelbase=2.80m rear_offset=1.40m command_scale=0.350rad actuator_model=1 delay=0.00s tau=0.74s backend=disabled virtual=/cmd_control
"replica_east(scenario1)_off+0.0_yaw+0" "tau0.74_noise2" "baseline" "time_limit" cycles=160
getifaddrs: Operation not permitted
getifaddrs: Operation not permitted
[37;1m2026-10-06 03:23:16.262 [31;1m[[37;1mTRANSPORT[31;1m Error] [37mAll whitelist interfaces were filtered out[34;1m -> Function [36mUDPv4Transport[m
[37;1m2026-10-06 03:23:16.262 [31;1m[[37;1mTRANSPORT_UDP[31;1m Error] [37mError creating socket: Operation not permitted[34;1m -> Function [36minit[m
[37;1m2026-10-06 03:23:16.262 [31;1m[[37;1mRTPS_PARTICIPANT[31;1m Error] [37mUser transport failed to register.[34;1m -> Function [36mRTPSParticipantImpl[m
[INFO] [1791224596.273417040] [upper_planner_node]: planner state input: Odometry topic=/motive/vehicle/odom_map yaw=orientation.z scalar
[INFO] [1791224596.276400464] [upper_planner_node]: Egocentric MIQP planner ready: rate=1.00Hz pred_dt=0.750s Nmax=7 lower_dt=0.100s target_v=6.000m/s scale=fullscale wheelbase=2.80m length=4.70m bev=40.00m margin=2.00m state=odom grid=/bev/occupancy_grid sparse=/planner/upper_path_sparse dense=/planner/lower_reference_path
[INFO] [1791224596.276668057] [upper_planner_node]: upper branch model: cumulative_increment=1 turn_window_at_split=1 turn_target_absolute=1 split_continuity=6.75m r_dpsi=3.000 lambda_turn=0.600
[INFO] [1791224596.285466167] [lower_tracking_mpc_node]: LowerTrackingMpcNode ready: rate=10.00Hz dt=0.100s N=30 path=/planner/lower_reference_path scale=fullscale wheelbase=2.80m rear_offset=1.40m command_scale=0.350rad actuator_model=1 delay=0.00s tau=0.74s backend=disabled virtual=/cmd_control
"replica_east(scenario1)_off+0.0_yaw+0" "tau0.74_noise2" "lower_rd180" "time_limit" cycles=160
getifaddrs: Operation not permitted
getifaddrs: Operation not permitted
[37;1m2026-10-06 03:23:16.369 [31;1m[[37;1mTRANSPORT[31;1m Error] [37mAll whitelist interfaces were filtered out[34;1m -> Function [36mUDPv4Transport[m
[37;1m2026-10-06 03:23:16.370 [31;1m[[37;1mTRANSPORT_UDP[31;1m Error] [37mError creating socket: Operation not permitted[34;1m -> Function [36minit[m
[37;1m2026-10-06 03:23:16.370 [31;1m[[37;1mRTPS_PARTICIPANT[31;1m Error] [37mUser transport failed to register.[34;1m -> Function [36mRTPSParticipantImpl[m
[INFO] [1791224596.381121560] [upper_planner_node]: planner state input: Odometry topic=/motive/vehicle/odom_map yaw=orientation.z scalar
[INFO] [1791224596.384062519] [upper_planner_node]: Egocentric MIQP planner ready: rate=1.00Hz pred_dt=0.750s Nmax=7 lower_dt=0.100s target_v=6.000m/s scale=fullscale wheelbase=2.80m length=4.70m bev=40.00m margin=2.00m state=odom grid=/bev/occupancy_grid sparse=/planner/upper_path_sparse dense=/planner/lower_reference_path
[INFO] [1791224596.384221821] [upper_planner_node]: upper branch model: cumulative_increment=1 turn_window_at_split=1 turn_target_absolute=1 split_continuity=6.75m r_dpsi=3.000 lambda_turn=0.600
[INFO] [1791224596.392883222] [lower_tracking_mpc_node]: LowerTrackingMpcNode ready: rate=10.00Hz dt=0.100s N=30 path=/planner/lower_reference_path scale=fullscale wheelbase=2.80m rear_offset=1.40m command_scale=0.350rad actuator_model=1 delay=0.00s tau=0.74s backend=disabled virtual=/cmd_control
"replica_east(scenario1)_off+0.0_yaw+0" "tau0.74_noise2" "lower_rd240" "time_limit" cycles=160
getifaddrs: Operation not permitted
getifaddrs: Operation not permitted
[37;1m2026-10-06 03:23:16.477 [31;1m[[37;1mTRANSPORT[31;1m Error] [37mAll whitelist interfaces were filtered out[34;1m -> Function [36mUDPv4Transport[m
[37;1m2026-10-06 03:23:16.478 [31;1m[[37;1mTRANSPORT_UDP[31;1m Error] [37mError creating socket: Operation not permitted[34;1m -> Function [36minit[m
[37;1m2026-10-06 03:23:16.478 [31;1m[[37;1mRTPS_PARTICIPANT[31;1m Error] [37mUser transport failed to register.[34;1m -> Function [36mRTPSParticipantImpl[m
[INFO] [1791224596.489109161] [upper_planner_node]: planner state input: Odometry topic=/motive/vehicle/odom_map yaw=orientation.z scalar
[INFO] [1791224596.492000455] [upper_planner_node]: Egocentric MIQP planner ready: rate=1.00Hz pred_dt=0.750s Nmax=7 lower_dt=0.100s target_v=6.000m/s scale=fullscale wheelbase=2.80m length=4.70m bev=40.00m margin=2.00m state=odom grid=/bev/occupancy_grid sparse=/planner/upper_path_sparse dense=/planner/lower_reference_path
[INFO] [1791224596.492148684] [upper_planner_node]: upper branch model: cumulative_increment=1 turn_window_at_split=1 turn_target_absolute=1 split_continuity=6.75m r_dpsi=3.000 lambda_turn=0.600
[INFO] [1791224596.500998571] [lower_tracking_mpc_node]: LowerTrackingMpcNode ready: rate=10.00Hz dt=0.100s N=30 path=/planner/lower_reference_path scale=fullscale wheelbase=2.80m rear_offset=1.40m command_scale=0.350rad actuator_model=1 delay=0.00s tau=0.74s backend=disabled virtual=/cmd_control
"replica_east(scenario1)_off+0.0_yaw+0" "tau0.5" "baseline" "time_limit" cycles=160
getifaddrs: Operation not permitted
getifaddrs: Operation not permitted
[37;1m2026-10-06 03:23:16.587 [31;1m[[37;1mTRANSPORT[31;1m Error] [37mAll whitelist interfaces were filtered out[34;1m -> Function [36mUDPv4Transport[m
[37;1m2026-10-06 03:23:16.587 [31;1m[[37;1mTRANSPORT_UDP[31;1m Error] [37mError creating socket: Operation not permitted[34;1m -> Function [36minit[m
[37;1m2026-10-06 03:23:16.587 [31;1m[[37;1mRTPS_PARTICIPANT[31;1m Error] [37mUser transport failed to register.[34;1m -> Function [36mRTPSParticipantImpl[m
[INFO] [1791224596.598965623] [upper_planner_node]: planner state input: Odometry topic=/motive/vehicle/odom_map yaw=orientation.z scalar
[INFO] [1791224596.601878102] [upper_planner_node]: Egocentric MIQP planner ready: rate=1.00Hz pred_dt=0.750s Nmax=7 lower_dt=0.100s target_v=6.000m/s scale=fullscale wheelbase=2.80m length=4.70m bev=40.00m margin=2.00m state=odom grid=/bev/occupancy_grid sparse=/planner/upper_path_sparse dense=/planner/lower_reference_path
[INFO] [1791224596.602037371] [upper_planner_node]: upper branch model: cumulative_increment=1 turn_window_at_split=1 turn_target_absolute=1 split_continuity=6.75m r_dpsi=3.000 lambda_turn=0.600
[INFO] [1791224596.611006526] [lower_tracking_mpc_node]: LowerTrackingMpcNode ready: rate=10.00Hz dt=0.100s N=30 path=/planner/lower_reference_path scale=fullscale wheelbase=2.80m rear_offset=1.40m command_scale=0.350rad actuator_model=1 delay=0.00s tau=0.74s backend=disabled virtual=/cmd_control
"replica_east(scenario1)_off+0.0_yaw+0" "tau0.5" "lower_rd180" "time_limit" cycles=160
getifaddrs: Operation not permitted
getifaddrs: Operation not permitted
[37;1m2026-10-06 03:23:16.697 [31;1m[[37;1mTRANSPORT[31;1m Error] [37mAll whitelist interfaces were filtered out[34;1m -> Function [36mUDPv4Transport[m
[37;1m2026-10-06 03:23:16.698 [31;1m[[37;1mTRANSPORT_UDP[31;1m Error] [37mError creating socket: Operation not permitted[34;1m -> Function [36minit[m
[37;1m2026-10-06 03:23:16.698 [31;1m[[37;1mRTPS_PARTICIPANT[31;1m Error] [37mUser transport failed to register.[34;1m -> Function [36mRTPSParticipantImpl[m
[INFO] [1791224596.709278068] [upper_planner_node]: planner state input: Odometry topic=/motive/vehicle/odom_map yaw=orientation.z scalar
[INFO] [1791224596.712240948] [upper_planner_node]: Egocentric MIQP planner ready: rate=1.00Hz pred_dt=0.750s Nmax=7 lower_dt=0.100s target_v=6.000m/s scale=fullscale wheelbase=2.80m length=4.70m bev=40.00m margin=2.00m state=odom grid=/bev/occupancy_grid sparse=/planner/upper_path_sparse dense=/planner/lower_reference_path
[INFO] [1791224596.712427386] [upper_planner_node]: upper branch model: cumulative_increment=1 turn_window_at_split=1 turn_target_absolute=1 split_continuity=6.75m r_dpsi=3.000 lambda_turn=0.600
[INFO] [1791224596.721754537] [lower_tracking_mpc_node]: LowerTrackingMpcNode ready: rate=10.00Hz dt=0.100s N=30 path=/planner/lower_reference_path scale=fullscale wheelbase=2.80m rear_offset=1.40m command_scale=0.350rad actuator_model=1 delay=0.00s tau=0.74s backend=disabled virtual=/cmd_control
"replica_east(scenario1)_off+0.0_yaw+0" "tau0.5" "lower_rd240" "time_limit" cycles=160
getifaddrs: Operation not permitted
getifaddrs: Operation not permitted
[37;1m2026-10-06 03:23:16.807 [31;1m[[37;1mTRANSPORT[31;1m Error] [37mAll whitelist interfaces were filtered out[34;1m -> Function [36mUDPv4Transport[m
[37;1m2026-10-06 03:23:16.808 [31;1m[[37;1mTRANSPORT_UDP[31;1m Error] [37mError creating socket: Operation not permitted[34;1m -> Function [36minit[m
[37;1m2026-10-06 03:23:16.808 [31;1m[[37;1mRTPS_PARTICIPANT[31;1m Error] [37mUser transport failed to register.[34;1m -> Function [36mRTPSParticipantImpl[m
[INFO] [1791224596.819081377] [upper_planner_node]: planner state input: Odometry topic=/motive/vehicle/odom_map yaw=orientation.z scalar
[INFO] [1791224596.822163333] [upper_planner_node]: Egocentric MIQP planner ready: rate=1.00Hz pred_dt=0.750s Nmax=7 lower_dt=0.100s target_v=6.000m/s scale=fullscale wheelbase=2.80m length=4.70m bev=40.00m margin=2.00m state=odom grid=/bev/occupancy_grid sparse=/planner/upper_path_sparse dense=/planner/lower_reference_path
[INFO] [1791224596.822470799] [upper_planner_node]: upper branch model: cumulative_increment=1 turn_window_at_split=1 turn_target_absolute=1 split_continuity=6.75m r_dpsi=3.000 lambda_turn=0.600
[INFO] [1791224596.831282477] [lower_tracking_mpc_node]: LowerTrackingMpcNode ready: rate=10.00Hz dt=0.100s N=30 path=/planner/lower_reference_path scale=fullscale wheelbase=2.80m rear_offset=1.40m command_scale=0.350rad actuator_model=1 delay=0.00s tau=0.74s backend=disabled virtual=/cmd_control
"replica_east(scenario1)_off+0.0_yaw+0" "tau1.0" "baseline" "time_limit" cycles=160
getifaddrs: Operation not permitted
getifaddrs: Operation not permitted
[37;1m2026-10-06 03:23:16.915 [31;1m[[37;1mTRANSPORT[31;1m Error] [37mAll whitelist interfaces were filtered out[34;1m -> Function [36mUDPv4Transport[m
[37;1m2026-10-06 03:23:16.915 [31;1m[[37;1mTRANSPORT_UDP[31;1m Error] [37mError creating socket: Operation not permitted[34;1m -> Function [36minit[m
[37;1m2026-10-06 03:23:16.915 [31;1m[[37;1mRTPS_PARTICIPANT[31;1m Error] [37mUser transport failed to register.[34;1m -> Function [36mRTPSParticipantImpl[m
[INFO] [1791224596.926870060] [upper_planner_node]: planner state input: Odometry topic=/motive/vehicle/odom_map yaw=orientation.z scalar
[INFO] [1791224596.929884013] [upper_planner_node]: Egocentric MIQP planner ready: rate=1.00Hz pred_dt=0.750s Nmax=7 lower_dt=0.100s target_v=6.000m/s scale=fullscale wheelbase=2.80m length=4.70m bev=40.00m margin=2.00m state=odom grid=/bev/occupancy_grid sparse=/planner/upper_path_sparse dense=/planner/lower_reference_path
[INFO] [1791224596.930069971] [upper_planner_node]: upper branch model: cumulative_increment=1 turn_window_at_split=1 turn_target_absolute=1 split_continuity=6.75m r_dpsi=3.000 lambda_turn=0.600
[INFO] [1791224596.940628682] [lower_tracking_mpc_node]: LowerTrackingMpcNode ready: rate=10.00Hz dt=0.100s N=30 path=/planner/lower_reference_path scale=fullscale wheelbase=2.80m rear_offset=1.40m command_scale=0.350rad actuator_model=1 delay=0.00s tau=0.74s backend=disabled virtual=/cmd_control
"replica_east(scenario1)_off+0.0_yaw+0" "tau1.0" "lower_rd180" "time_limit" cycles=160
getifaddrs: Operation not permitted
getifaddrs: Operation not permitted
[37;1m2026-10-06 03:23:17.025 [31;1m[[37;1mTRANSPORT[31;1m Error] [37mAll whitelist interfaces were filtered out[34;1m -> Function [36mUDPv4Transport[m
[37;1m2026-10-06 03:23:17.026 [31;1m[[37;1mTRANSPORT_UDP[31;1m Error] [37mError creating socket: Operation not permitted[34;1m -> Function [36minit[m
[37;1m2026-10-06 03:23:17.026 [31;1m[[37;1mRTPS_PARTICIPANT[31;1m Error] [37mUser transport failed to register.[34;1m -> Function [36mRTPSParticipantImpl[m
[INFO] [1791224597.037002658] [upper_planner_node]: planner state input: Odometry topic=/motive/vehicle/odom_map yaw=orientation.z scalar
[INFO] [1791224597.039921377] [upper_planner_node]: Egocentric MIQP planner ready: rate=1.00Hz pred_dt=0.750s Nmax=7 lower_dt=0.100s target_v=6.000m/s scale=fullscale wheelbase=2.80m length=4.70m bev=40.00m margin=2.00m state=odom grid=/bev/occupancy_grid sparse=/planner/upper_path_sparse dense=/planner/lower_reference_path
[INFO] [1791224597.040090951] [upper_planner_node]: upper branch model: cumulative_increment=1 turn_window_at_split=1 turn_target_absolute=1 split_continuity=6.75m r_dpsi=3.000 lambda_turn=0.600
[INFO] [1791224597.049032073] [lower_tracking_mpc_node]: LowerTrackingMpcNode ready: rate=10.00Hz dt=0.100s N=30 path=/planner/lower_reference_path scale=fullscale wheelbase=2.80m rear_offset=1.40m command_scale=0.350rad actuator_model=1 delay=0.00s tau=0.74s backend=disabled virtual=/cmd_control
"replica_east(scenario1)_off+0.0_yaw+0" "tau1.0" "lower_rd240" "time_limit" cycles=160
getifaddrs: Operation not permitted
getifaddrs: Operation not permitted
[37;1m2026-10-06 03:23:17.139 [31;1m[[37;1mTRANSPORT[31;1m Error] [37mAll whitelist interfaces were filtered out[34;1m -> Function [36mUDPv4Transport[m
[37;1m2026-10-06 03:23:17.139 [31;1m[[37;1mTRANSPORT_UDP[31;1m Error] [37mError creating socket: Operation not permitted[34;1m -> Function [36minit[m
[37;1m2026-10-06 03:23:17.139 [31;1m[[37;1mRTPS_PARTICIPANT[31;1m Error] [37mUser transport failed to register.[34;1m -> Function [36mRTPSParticipantImpl[m
[INFO] [1791224597.151000119] [upper_planner_node]: planner state input: Odometry topic=/motive/vehicle/odom_map yaw=orientation.z scalar
[INFO] [1791224597.153881076] [upper_planner_node]: Egocentric MIQP planner ready: rate=1.00Hz pred_dt=0.750s Nmax=7 lower_dt=0.100s target_v=6.000m/s scale=fullscale wheelbase=2.80m length=4.70m bev=40.00m margin=2.00m state=odom grid=/bev/occupancy_grid sparse=/planner/upper_path_sparse dense=/planner/lower_reference_path
[INFO] [1791224597.154054970] [upper_planner_node]: upper branch model: cumulative_increment=1 turn_window_at_split=1 turn_target_absolute=1 split_continuity=6.75m r_dpsi=3.000 lambda_turn=0.600
[INFO] [1791224597.162916250] [lower_tracking_mpc_node]: LowerTrackingMpcNode ready: rate=10.00Hz dt=0.100s N=30 path=/planner/lower_reference_path scale=fullscale wheelbase=2.80m rear_offset=1.40m command_scale=0.350rad actuator_model=1 delay=0.00s tau=0.74s backend=disabled virtual=/cmd_control
"replica_east(scenario1)_off+0.8_yaw+3" "tau0.74_noise2" "baseline" "time_limit" cycles=160
getifaddrs: Operation not permitted
getifaddrs: Operation not permitted
[37;1m2026-10-06 03:23:17.248 [31;1m[[37;1mTRANSPORT[31;1m Error] [37mAll whitelist interfaces were filtered out[34;1m -> Function [36mUDPv4Transport[m
[37;1m2026-10-06 03:23:17.248 [31;1m[[37;1mTRANSPORT_UDP[31;1m Error] [37mError creating socket: Operation not permitted[34;1m -> Function [36minit[m
[37;1m2026-10-06 03:23:17.248 [31;1m[[37;1mRTPS_PARTICIPANT[31;1m Error] [37mUser transport failed to register.[34;1m -> Function [36mRTPSParticipantImpl[m
[INFO] [1791224597.259796930] [upper_planner_node]: planner state input: Odometry topic=/motive/vehicle/odom_map yaw=orientation.z scalar
[INFO] [1791224597.262771747] [upper_planner_node]: Egocentric MIQP planner ready: rate=1.00Hz pred_dt=0.750s Nmax=7 lower_dt=0.100s target_v=6.000m/s scale=fullscale wheelbase=2.80m length=4.70m bev=40.00m margin=2.00m state=odom grid=/bev/occupancy_grid sparse=/planner/upper_path_sparse dense=/planner/lower_reference_path
[INFO] [1791224597.262923912] [upper_planner_node]: upper branch model: cumulative_increment=1 turn_window_at_split=1 turn_target_absolute=1 split_continuity=6.75m r_dpsi=3.000 lambda_turn=0.600
[INFO] [1791224597.272189749] [lower_tracking_mpc_node]: LowerTrackingMpcNode ready: rate=10.00Hz dt=0.100s N=30 path=/planner/lower_reference_path scale=fullscale wheelbase=2.80m rear_offset=1.40m command_scale=0.350rad actuator_model=1 delay=0.00s tau=0.74s backend=disabled virtual=/cmd_control
"replica_east(scenario1)_off+0.8_yaw+3" "tau0.74_noise2" "lower_rd180" "time_limit" cycles=160
getifaddrs: Operation not permitted
getifaddrs: Operation not permitted
[37;1m2026-10-06 03:23:17.361 [31;1m[[37;1mTRANSPORT[31;1m Error] [37mAll whitelist interfaces were filtered out[34;1m -> Function [36mUDPv4Transport[m
[37;1m2026-10-06 03:23:17.361 [31;1m[[37;1mTRANSPORT_UDP[31;1m Error] [37mError creating socket: Operation not permitted[34;1m -> Function [36minit[m
[37;1m2026-10-06 03:23:17.361 [31;1m[[37;1mRTPS_PARTICIPANT[31;1m Error] [37mUser transport failed to register.[34;1m -> Function [36mRTPSParticipantImpl[m
[INFO] [1791224597.372991005] [upper_planner_node]: planner state input: Odometry topic=/motive/vehicle/odom_map yaw=orientation.z scalar
[INFO] [1791224597.375824281] [upper_planner_node]: Egocentric MIQP planner ready: rate=1.00Hz pred_dt=0.750s Nmax=7 lower_dt=0.100s target_v=6.000m/s scale=fullscale wheelbase=2.80m length=4.70m bev=40.00m margin=2.00m state=odom grid=/bev/occupancy_grid sparse=/planner/upper_path_sparse dense=/planner/lower_reference_path
[INFO] [1791224597.375978302] [upper_planner_node]: upper branch model: cumulative_increment=1 turn_window_at_split=1 turn_target_absolute=1 split_continuity=6.75m r_dpsi=3.000 lambda_turn=0.600
[INFO] [1791224597.384932288] [lower_tracking_mpc_node]: LowerTrackingMpcNode ready: rate=10.00Hz dt=0.100s N=30 path=/planner/lower_reference_path scale=fullscale wheelbase=2.80m rear_offset=1.40m command_scale=0.350rad actuator_model=1 delay=0.00s tau=0.74s backend=disabled virtual=/cmd_control
"replica_east(scenario1)_off+0.8_yaw+3" "tau0.74_noise2" "lower_rd240" "time_limit" cycles=160
getifaddrs: Operation not permitted
getifaddrs: Operation not permitted
[37;1m2026-10-06 03:23:17.469 [31;1m[[37;1mTRANSPORT[31;1m Error] [37mAll whitelist interfaces were filtered out[34;1m -> Function [36mUDPv4Transport[m
[37;1m2026-10-06 03:23:17.469 [31;1m[[37;1mTRANSPORT_UDP[31;1m Error] [37mError creating socket: Operation not permitted[34;1m -> Function [36minit[m
[37;1m2026-10-06 03:23:17.469 [31;1m[[37;1mRTPS_PARTICIPANT[31;1m Error] [37mUser transport failed to register.[34;1m -> Function [36mRTPSParticipantImpl[m
[INFO] [1791224597.480244854] [upper_planner_node]: planner state input: Odometry topic=/motive/vehicle/odom_map yaw=orientation.z scalar
[INFO] [1791224597.483074994] [upper_planner_node]: Egocentric MIQP planner ready: rate=1.00Hz pred_dt=0.750s Nmax=7 lower_dt=0.100s target_v=6.000m/s scale=fullscale wheelbase=2.80m length=4.70m bev=40.00m margin=2.00m state=odom grid=/bev/occupancy_grid sparse=/planner/upper_path_sparse dense=/planner/lower_reference_path
[INFO] [1791224597.483222231] [upper_planner_node]: upper branch model: cumulative_increment=1 turn_window_at_split=1 turn_target_absolute=1 split_continuity=6.75m r_dpsi=3.000 lambda_turn=0.600
[INFO] [1791224597.491852655] [lower_tracking_mpc_node]: LowerTrackingMpcNode ready: rate=10.00Hz dt=0.100s N=30 path=/planner/lower_reference_path scale=fullscale wheelbase=2.80m rear_offset=1.40m command_scale=0.350rad actuator_model=1 delay=0.00s tau=0.74s backend=disabled virtual=/cmd_control
"replica_east(scenario1)_off+0.8_yaw+3" "tau0.5" "baseline" "time_limit" cycles=160
getifaddrs: Operation not permitted
getifaddrs: Operation not permitted
[37;1m2026-10-06 03:23:17.580 [31;1m[[37;1mTRANSPORT[31;1m Error] [37mAll whitelist interfaces were filtered out[34;1m -> Function [36mUDPv4Transport[m
[37;1m2026-10-06 03:23:17.581 [31;1m[[37;1mTRANSPORT_UDP[31;1m Error] [37mError creating socket: Operation not permitted[34;1m -> Function [36minit[m
[37;1m2026-10-06 03:23:17.581 [31;1m[[37;1mRTPS_PARTICIPANT[31;1m Error] [37mUser transport failed to register.[34;1m -> Function [36mRTPSParticipantImpl[m
[INFO] [1791224597.592076836] [upper_planner_node]: planner state input: Odometry topic=/motive/vehicle/odom_map yaw=orientation.z scalar
[INFO] [1791224597.594943553] [upper_planner_node]: Egocentric MIQP planner ready: rate=1.00Hz pred_dt=0.750s Nmax=7 lower_dt=0.100s target_v=6.000m/s scale=fullscale wheelbase=2.80m length=4.70m bev=40.00m margin=2.00m state=odom grid=/bev/occupancy_grid sparse=/planner/upper_path_sparse dense=/planner/lower_reference_path
[INFO] [1791224597.595103878] [upper_planner_node]: upper branch model: cumulative_increment=1 turn_window_at_split=1 turn_target_absolute=1 split_continuity=6.75m r_dpsi=3.000 lambda_turn=0.600
[INFO] [1791224597.604214830] [lower_tracking_mpc_node]: LowerTrackingMpcNode ready: rate=10.00Hz dt=0.100s N=30 path=/planner/lower_reference_path scale=fullscale wheelbase=2.80m rear_offset=1.40m command_scale=0.350rad actuator_model=1 delay=0.00s tau=0.74s backend=disabled virtual=/cmd_control
"replica_east(scenario1)_off+0.8_yaw+3" "tau0.5" "lower_rd180" "time_limit" cycles=160
getifaddrs: Operation not permitted
getifaddrs: Operation not permitted
[37;1m2026-10-06 03:23:17.690 [31;1m[[37;1mTRANSPORT[31;1m Error] [37mAll whitelist interfaces were filtered out[34;1m -> Function [36mUDPv4Transport[m
[37;1m2026-10-06 03:23:17.690 [31;1m[[37;1mTRANSPORT_UDP[31;1m Error] [37mError creating socket: Operation not permitted[34;1m -> Function [36minit[m
[37;1m2026-10-06 03:23:17.690 [31;1m[[37;1mRTPS_PARTICIPANT[31;1m Error] [37mUser transport failed to register.[34;1m -> Function [36mRTPSParticipantImpl[m
[INFO] [1791224597.701324446] [upper_planner_node]: planner state input: Odometry topic=/motive/vehicle/odom_map yaw=orientation.z scalar
[INFO] [1791224597.704194779] [upper_planner_node]: Egocentric MIQP planner ready: rate=1.00Hz pred_dt=0.750s Nmax=7 lower_dt=0.100s target_v=6.000m/s scale=fullscale wheelbase=2.80m length=4.70m bev=40.00m margin=2.00m state=odom grid=/bev/occupancy_grid sparse=/planner/upper_path_sparse dense=/planner/lower_reference_path
[INFO] [1791224597.704351872] [upper_planner_node]: upper branch model: cumulative_increment=1 turn_window_at_split=1 turn_target_absolute=1 split_continuity=6.75m r_dpsi=3.000 lambda_turn=0.600
[INFO] [1791224597.713059675] [lower_tracking_mpc_node]: LowerTrackingMpcNode ready: rate=10.00Hz dt=0.100s N=30 path=/planner/lower_reference_path scale=fullscale wheelbase=2.80m rear_offset=1.40m command_scale=0.350rad actuator_model=1 delay=0.00s tau=0.74s backend=disabled virtual=/cmd_control
"replica_east(scenario1)_off+0.8_yaw+3" "tau0.5" "lower_rd240" "time_limit" cycles=160
getifaddrs: Operation not permitted
getifaddrs: Operation not permitted
[37;1m2026-10-06 03:23:17.798 [31;1m[[37;1mTRANSPORT[31;1m Error] [37mAll whitelist interfaces were filtered out[34;1m -> Function [36mUDPv4Transport[m
[37;1m2026-10-06 03:23:17.798 [31;1m[[37;1mTRANSPORT_UDP[31;1m Error] [37mError creating socket: Operation not permitted[34;1m -> Function [36minit[m
[37;1m2026-10-06 03:23:17.798 [31;1m[[37;1mRTPS_PARTICIPANT[31;1m Error] [37mUser transport failed to register.[34;1m -> Function [36mRTPSParticipantImpl[m
[INFO] [1791224597.809927491] [upper_planner_node]: planner state input: Odometry topic=/motive/vehicle/odom_map yaw=orientation.z scalar
[INFO] [1791224597.813881060] [upper_planner_node]: Egocentric MIQP planner ready: rate=1.00Hz pred_dt=0.750s Nmax=7 lower_dt=0.100s target_v=6.000m/s scale=fullscale wheelbase=2.80m length=4.70m bev=40.00m margin=2.00m state=odom grid=/bev/occupancy_grid sparse=/planner/upper_path_sparse dense=/planner/lower_reference_path
[INFO] [1791224597.814051561] [upper_planner_node]: upper branch model: cumulative_increment=1 turn_window_at_split=1 turn_target_absolute=1 split_continuity=6.75m r_dpsi=3.000 lambda_turn=0.600
[INFO] [1791224597.824804454] [lower_tracking_mpc_node]: LowerTrackingMpcNode ready: rate=10.00Hz dt=0.100s N=30 path=/planner/lower_reference_path scale=fullscale wheelbase=2.80m rear_offset=1.40m command_scale=0.350rad actuator_model=1 delay=0.00s tau=0.74s backend=disabled virtual=/cmd_control
"replica_east(scenario1)_off+0.8_yaw+3" "tau1.0" "baseline" "time_limit" cycles=160
getifaddrs: Operation not permitted
getifaddrs: Operation not permitted
[37;1m2026-10-06 03:23:17.911 [31;1m[[37;1mTRANSPORT[31;1m Error] [37mAll whitelist interfaces were filtered out[34;1m -> Function [36mUDPv4Transport[m
[37;1m2026-10-06 03:23:17.911 [31;1m[[37;1mTRANSPORT_UDP[31;1m Error] [37mError creating socket: Operation not permitted[34;1m -> Function [36minit[m
[37;1m2026-10-06 03:23:17.911 [31;1m[[37;1mRTPS_PARTICIPANT[31;1m Error] [37mUser transport failed to register.[34;1m -> Function [36mRTPSParticipantImpl[m
[INFO] [1791224597.922103741] [upper_planner_node]: planner state input: Odometry topic=/motive/vehicle/odom_map yaw=orientation.z scalar
[INFO] [1791224597.925008731] [upper_planner_node]: Egocentric MIQP planner ready: rate=1.00Hz pred_dt=0.750s Nmax=7 lower_dt=0.100s target_v=6.000m/s scale=fullscale wheelbase=2.80m length=4.70m bev=40.00m margin=2.00m state=odom grid=/bev/occupancy_grid sparse=/planner/upper_path_sparse dense=/planner/lower_reference_path
[INFO] [1791224597.925184225] [upper_planner_node]: upper branch model: cumulative_increment=1 turn_window_at_split=1 turn_target_absolute=1 split_continuity=6.75m r_dpsi=3.000 lambda_turn=0.600
[INFO] [1791224597.934033184] [lower_tracking_mpc_node]: LowerTrackingMpcNode ready: rate=10.00Hz dt=0.100s N=30 path=/planner/lower_reference_path scale=fullscale wheelbase=2.80m rear_offset=1.40m command_scale=0.350rad actuator_model=1 delay=0.00s tau=0.74s backend=disabled virtual=/cmd_control
"replica_east(scenario1)_off+0.8_yaw+3" "tau1.0" "lower_rd180" "time_limit" cycles=160
getifaddrs: Operation not permitted
getifaddrs: Operation not permitted
[37;1m2026-10-06 03:23:18.019 [31;1m[[37;1mTRANSPORT[31;1m Error] [37mAll whitelist interfaces were filtered out[34;1m -> Function [36mUDPv4Transport[m
[37;1m2026-10-06 03:23:18.019 [31;1m[[37;1mTRANSPORT_UDP[31;1m Error] [37mError creating socket: Operation not permitted[34;1m -> Function [36minit[m
[37;1m2026-10-06 03:23:18.019 [31;1m[[37;1mRTPS_PARTICIPANT[31;1m Error] [37mUser transport failed to register.[34;1m -> Function [36mRTPSParticipantImpl[m
[INFO] [1791224598.030149008] [upper_planner_node]: planner state input: Odometry topic=/motive/vehicle/odom_map yaw=orientation.z scalar
[INFO] [1791224598.033000844] [upper_planner_node]: Egocentric MIQP planner ready: rate=1.00Hz pred_dt=0.750s Nmax=7 lower_dt=0.100s target_v=6.000m/s scale=fullscale wheelbase=2.80m length=4.70m bev=40.00m margin=2.00m state=odom grid=/bev/occupancy_grid sparse=/planner/upper_path_sparse dense=/planner/lower_reference_path
[INFO] [1791224598.033280245] [upper_planner_node]: upper branch model: cumulative_increment=1 turn_window_at_split=1 turn_target_absolute=1 split_continuity=6.75m r_dpsi=3.000 lambda_turn=0.600
[INFO] [1791224598.042029873] [lower_tracking_mpc_node]: LowerTrackingMpcNode ready: rate=10.00Hz dt=0.100s N=30 path=/planner/lower_reference_path scale=fullscale wheelbase=2.80m rear_offset=1.40m command_scale=0.350rad actuator_model=1 delay=0.00s tau=0.74s backend=disabled virtual=/cmd_control
"replica_east(scenario1)_off+0.8_yaw+3" "tau1.0" "lower_rd240" "time_limit" cycles=160
getifaddrs: Operation not permitted
getifaddrs: Operation not permitted
[37;1m2026-10-06 03:23:18.129 [31;1m[[37;1mTRANSPORT[31;1m Error] [37mAll whitelist interfaces were filtered out[34;1m -> Function [36mUDPv4Transport[m
[37;1m2026-10-06 03:23:18.129 [31;1m[[37;1mTRANSPORT_UDP[31;1m Error] [37mError creating socket: Operation not permitted[34;1m -> Function [36minit[m
[37;1m2026-10-06 03:23:18.130 [31;1m[[37;1mRTPS_PARTICIPANT[31;1m Error] [37mUser transport failed to register.[34;1m -> Function [36mRTPSParticipantImpl[m
[INFO] [1791224598.141348361] [upper_planner_node]: planner state input: Odometry topic=/motive/vehicle/odom_map yaw=orientation.z scalar
[INFO] [1791224598.144368811] [upper_planner_node]: Egocentric MIQP planner ready: rate=1.00Hz pred_dt=0.750s Nmax=7 lower_dt=0.100s target_v=6.000m/s scale=fullscale wheelbase=2.80m length=4.70m bev=40.00m margin=2.00m state=odom grid=/bev/occupancy_grid sparse=/planner/upper_path_sparse dense=/planner/lower_reference_path
[INFO] [1791224598.144552913] [upper_planner_node]: upper branch model: cumulative_increment=1 turn_window_at_split=1 turn_target_absolute=1 split_continuity=6.75m r_dpsi=3.000 lambda_turn=0.600
[INFO] [1791224598.153320526] [lower_tracking_mpc_node]: LowerTrackingMpcNode ready: rate=10.00Hz dt=0.100s N=30 path=/planner/lower_reference_path scale=fullscale wheelbase=2.80m rear_offset=1.40m command_scale=0.350rad actuator_model=1 delay=0.00s tau=0.74s backend=disabled virtual=/cmd_control
"replica_east(scenario1)_off-0.8_yaw-3" "tau0.74_noise2" "baseline" "time_limit" cycles=160
getifaddrs: Operation not permitted
getifaddrs: Operation not permitted
[37;1m2026-10-06 03:23:18.240 [31;1m[[37;1mTRANSPORT[31;1m Error] [37mAll whitelist interfaces were filtered out[34;1m -> Function [36mUDPv4Transport[m
[37;1m2026-10-06 03:23:18.240 [31;1m[[37;1mTRANSPORT_UDP[31;1m Error] [37mError creating socket: Operation not permitted[34;1m -> Function [36minit[m
[37;1m2026-10-06 03:23:18.240 [31;1m[[37;1mRTPS_PARTICIPANT[31;1m Error] [37mUser transport failed to register.[34;1m -> Function [36mRTPSParticipantImpl[m
[INFO] [1791224598.251111412] [upper_planner_node]: planner state input: Odometry topic=/motive/vehicle/odom_map yaw=orientation.z scalar
[INFO] [1791224598.253997361] [upper_planner_node]: Egocentric MIQP planner ready: rate=1.00Hz pred_dt=0.750s Nmax=7 lower_dt=0.100s target_v=6.000m/s scale=fullscale wheelbase=2.80m length=4.70m bev=40.00m margin=2.00m state=odom grid=/bev/occupancy_grid sparse=/planner/upper_path_sparse dense=/planner/lower_reference_path
[INFO] [1791224598.254156503] [upper_planner_node]: upper branch model: cumulative_increment=1 turn_window_at_split=1 turn_target_absolute=1 split_continuity=6.75m r_dpsi=3.000 lambda_turn=0.600
[INFO] [1791224598.262896178] [lower_tracking_mpc_node]: LowerTrackingMpcNode ready: rate=10.00Hz dt=0.100s N=30 path=/planner/lower_reference_path scale=fullscale wheelbase=2.80m rear_offset=1.40m command_scale=0.350rad actuator_model=1 delay=0.00s tau=0.74s backend=disabled virtual=/cmd_control
"replica_east(scenario1)_off-0.8_yaw-3" "tau0.74_noise2" "lower_rd180" "time_limit" cycles=160
getifaddrs: Operation not permitted
getifaddrs: Operation not permitted
[37;1m2026-10-06 03:23:18.348 [31;1m[[37;1mTRANSPORT[31;1m Error] [37mAll whitelist interfaces were filtered out[34;1m -> Function [36mUDPv4Transport[m
[37;1m2026-10-06 03:23:18.348 [31;1m[[37;1mTRANSPORT_UDP[31;1m Error] [37mError creating socket: Operation not permitted[34;1m -> Function [36minit[m
[37;1m2026-10-06 03:23:18.348 [31;1m[[37;1mRTPS_PARTICIPANT[31;1m Error] [37mUser transport failed to register.[34;1m -> Function [36mRTPSParticipantImpl[m
[INFO] [1791224598.359883070] [upper_planner_node]: planner state input: Odometry topic=/motive/vehicle/odom_map yaw=orientation.z scalar
[INFO] [1791224598.362848159] [upper_planner_node]: Egocentric MIQP planner ready: rate=1.00Hz pred_dt=0.750s Nmax=7 lower_dt=0.100s target_v=6.000m/s scale=fullscale wheelbase=2.80m length=4.70m bev=40.00m margin=2.00m state=odom grid=/bev/occupancy_grid sparse=/planner/upper_path_sparse dense=/planner/lower_reference_path
[INFO] [1791224598.362996963] [upper_planner_node]: upper branch model: cumulative_increment=1 turn_window_at_split=1 turn_target_absolute=1 split_continuity=6.75m r_dpsi=3.000 lambda_turn=0.600
[INFO] [1791224598.372062794] [lower_tracking_mpc_node]: LowerTrackingMpcNode ready: rate=10.00Hz dt=0.100s N=30 path=/planner/lower_reference_path scale=fullscale wheelbase=2.80m rear_offset=1.40m command_scale=0.350rad actuator_model=1 delay=0.00s tau=0.74s backend=disabled virtual=/cmd_control
"replica_east(scenario1)_off-0.8_yaw-3" "tau0.74_noise2" "lower_rd240" "time_limit" cycles=160
getifaddrs: Operation not permitted
getifaddrs: Operation not permitted
[37;1m2026-10-06 03:23:18.458 [31;1m[[37;1mTRANSPORT[31;1m Error] [37mAll whitelist interfaces were filtered out[34;1m -> Function [36mUDPv4Transport[m
[37;1m2026-10-06 03:23:18.458 [31;1m[[37;1mTRANSPORT_UDP[31;1m Error] [37mError creating socket: Operation not permitted[34;1m -> Function [36minit[m
[37;1m2026-10-06 03:23:18.458 [31;1m[[37;1mRTPS_PARTICIPANT[31;1m Error] [37mUser transport failed to register.[34;1m -> Function [36mRTPSParticipantImpl[m
[INFO] [1791224598.469505412] [upper_planner_node]: planner state input: Odometry topic=/motive/vehicle/odom_map yaw=orientation.z scalar
[INFO] [1791224598.472374818] [upper_planner_node]: Egocentric MIQP planner ready: rate=1.00Hz pred_dt=0.750s Nmax=7 lower_dt=0.100s target_v=6.000m/s scale=fullscale wheelbase=2.80m length=4.70m bev=40.00m margin=2.00m state=odom grid=/bev/occupancy_grid sparse=/planner/upper_path_sparse dense=/planner/lower_reference_path
[INFO] [1791224598.472544103] [upper_planner_node]: upper branch model: cumulative_increment=1 turn_window_at_split=1 turn_target_absolute=1 split_continuity=6.75m r_dpsi=3.000 lambda_turn=0.600
[INFO] [1791224598.481571980] [lower_tracking_mpc_node]: LowerTrackingMpcNode ready: rate=10.00Hz dt=0.100s N=30 path=/planner/lower_reference_path scale=fullscale wheelbase=2.80m rear_offset=1.40m command_scale=0.350rad actuator_model=1 delay=0.00s tau=0.74s backend=disabled virtual=/cmd_control
"replica_east(scenario1)_off-0.8_yaw-3" "tau0.5" "baseline" "time_limit" cycles=160
getifaddrs: Operation not permitted
getifaddrs: Operation not permitted
[37;1m2026-10-06 03:23:18.565 [31;1m[[37;1mTRANSPORT[31;1m Error] [37mAll whitelist interfaces were filtered out[34;1m -> Function [36mUDPv4Transport[m
[37;1m2026-10-06 03:23:18.565 [31;1m[[37;1mTRANSPORT_UDP[31;1m Error] [37mError creating socket: Operation not permitted[34;1m -> Function [36minit[m
[37;1m2026-10-06 03:23:18.565 [31;1m[[37;1mRTPS_PARTICIPANT[31;1m Error] [37mUser transport failed to register.[34;1m -> Function [36mRTPSParticipantImpl[m
[INFO] [1791224598.576063751] [upper_planner_node]: planner state input: Odometry topic=/motive/vehicle/odom_map yaw=orientation.z scalar
[INFO] [1791224598.578905475] [upper_planner_node]: Egocentric MIQP planner ready: rate=1.00Hz pred_dt=0.750s Nmax=7 lower_dt=0.100s target_v=6.000m/s scale=fullscale wheelbase=2.80m length=4.70m bev=40.00m margin=2.00m state=odom grid=/bev/occupancy_grid sparse=/planner/upper_path_sparse dense=/planner/lower_reference_path
[INFO] [1791224598.579049128] [upper_planner_node]: upper branch model: cumulative_increment=1 turn_window_at_split=1 turn_target_absolute=1 split_continuity=6.75m r_dpsi=3.000 lambda_turn=0.600
[INFO] [1791224598.588013771] [lower_tracking_mpc_node]: LowerTrackingMpcNode ready: rate=10.00Hz dt=0.100s N=30 path=/planner/lower_reference_path scale=fullscale wheelbase=2.80m rear_offset=1.40m command_scale=0.350rad actuator_model=1 delay=0.00s tau=0.74s backend=disabled virtual=/cmd_control
"replica_east(scenario1)_off-0.8_yaw-3" "tau0.5" "lower_rd180" "time_limit" cycles=160
getifaddrs: Operation not permitted
getifaddrs: Operation not permitted
[37;1m2026-10-06 03:23:18.674 [31;1m[[37;1mTRANSPORT[31;1m Error] [37mAll whitelist interfaces were filtered out[34;1m -> Function [36mUDPv4Transport[m
[37;1m2026-10-06 03:23:18.675 [31;1m[[37;1mTRANSPORT_UDP[31;1m Error] [37mError creating socket: Operation not permitted[34;1m -> Function [36minit[m
[37;1m2026-10-06 03:23:18.675 [31;1m[[37;1mRTPS_PARTICIPANT[31;1m Error] [37mUser transport failed to register.[34;1m -> Function [36mRTPSParticipantImpl[m
[INFO] [1791224598.686469991] [upper_planner_node]: planner state input: Odometry topic=/motive/vehicle/odom_map yaw=orientation.z scalar
[INFO] [1791224598.689430471] [upper_planner_node]: Egocentric MIQP planner ready: rate=1.00Hz pred_dt=0.750s Nmax=7 lower_dt=0.100s target_v=6.000m/s scale=fullscale wheelbase=2.80m length=4.70m bev=40.00m margin=2.00m state=odom grid=/bev/occupancy_grid sparse=/planner/upper_path_sparse dense=/planner/lower_reference_path
[INFO] [1791224598.689609837] [upper_planner_node]: upper branch model: cumulative_increment=1 turn_window_at_split=1 turn_target_absolute=1 split_continuity=6.75m r_dpsi=3.000 lambda_turn=0.600
[INFO] [1791224598.699256550] [lower_tracking_mpc_node]: LowerTrackingMpcNode ready: rate=10.00Hz dt=0.100s N=30 path=/planner/lower_reference_path scale=fullscale wheelbase=2.80m rear_offset=1.40m command_scale=0.350rad actuator_model=1 delay=0.00s tau=0.74s backend=disabled virtual=/cmd_control
"replica_east(scenario1)_off-0.8_yaw-3" "tau0.5" "lower_rd240" "time_limit" cycles=160
getifaddrs: Operation not permitted
getifaddrs: Operation not permitted
[37;1m2026-10-06 03:23:18.784 [31;1m[[37;1mTRANSPORT[31;1m Error] [37mAll whitelist interfaces were filtered out[34;1m -> Function [36mUDPv4Transport[m
[37;1m2026-10-06 03:23:18.784 [31;1m[[37;1mTRANSPORT_UDP[31;1m Error] [37mError creating socket: Operation not permitted[34;1m -> Function [36minit[m
[37;1m2026-10-06 03:23:18.784 [31;1m[[37;1mRTPS_PARTICIPANT[31;1m Error] [37mUser transport failed to register.[34;1m -> Function [36mRTPSParticipantImpl[m
[INFO] [1791224598.795835493] [upper_planner_node]: planner state input: Odometry topic=/motive/vehicle/odom_map yaw=orientation.z scalar
[INFO] [1791224598.798891368] [upper_planner_node]: Egocentric MIQP planner ready: rate=1.00Hz pred_dt=0.750s Nmax=7 lower_dt=0.100s target_v=6.000m/s scale=fullscale wheelbase=2.80m length=4.70m bev=40.00m margin=2.00m state=odom grid=/bev/occupancy_grid sparse=/planner/upper_path_sparse dense=/planner/lower_reference_path
[INFO] [1791224598.799119951] [upper_planner_node]: upper branch model: cumulative_increment=1 turn_window_at_split=1 turn_target_absolute=1 split_continuity=6.75m r_dpsi=3.000 lambda_turn=0.600
[INFO] [1791224598.808161749] [lower_tracking_mpc_node]: LowerTrackingMpcNode ready: rate=10.00Hz dt=0.100s N=30 path=/planner/lower_reference_path scale=fullscale wheelbase=2.80m rear_offset=1.40m command_scale=0.350rad actuator_model=1 delay=0.00s tau=0.74s backend=disabled virtual=/cmd_control
"replica_east(scenario1)_off-0.8_yaw-3" "tau1.0" "baseline" "time_limit" cycles=160
getifaddrs: Operation not permitted
getifaddrs: Operation not permitted
[37;1m2026-10-06 03:23:18.890 [31;1m[[37;1mTRANSPORT[31;1m Error] [37mAll whitelist interfaces were filtered out[34;1m -> Function [36mUDPv4Transport[m
[37;1m2026-10-06 03:23:18.891 [31;1m[[37;1mTRANSPORT_UDP[31;1m Error] [37mError creating socket: Operation not permitted[34;1m -> Function [36minit[m
[37;1m2026-10-06 03:23:18.891 [31;1m[[37;1mRTPS_PARTICIPANT[31;1m Error] [37mUser transport failed to register.[34;1m -> Function [36mRTPSParticipantImpl[m
[INFO] [1791224598.902154719] [upper_planner_node]: planner state input: Odometry topic=/motive/vehicle/odom_map yaw=orientation.z scalar
[INFO] [1791224598.905015996] [upper_planner_node]: Egocentric MIQP planner ready: rate=1.00Hz pred_dt=0.750s Nmax=7 lower_dt=0.100s target_v=6.000m/s scale=fullscale wheelbase=2.80m length=4.70m bev=40.00m margin=2.00m state=odom grid=/bev/occupancy_grid sparse=/planner/upper_path_sparse dense=/planner/lower_reference_path
[INFO] [1791224598.905171905] [upper_planner_node]: upper branch model: cumulative_increment=1 turn_window_at_split=1 turn_target_absolute=1 split_continuity=6.75m r_dpsi=3.000 lambda_turn=0.600
[INFO] [1791224598.913882332] [lower_tracking_mpc_node]: LowerTrackingMpcNode ready: rate=10.00Hz dt=0.100s N=30 path=/planner/lower_reference_path scale=fullscale wheelbase=2.80m rear_offset=1.40m command_scale=0.350rad actuator_model=1 delay=0.00s tau=0.74s backend=disabled virtual=/cmd_control
"replica_east(scenario1)_off-0.8_yaw-3" "tau1.0" "lower_rd180" "time_limit" cycles=160
getifaddrs: Operation not permitted
getifaddrs: Operation not permitted
[37;1m2026-10-06 03:23:18.998 [31;1m[[37;1mTRANSPORT[31;1m Error] [37mAll whitelist interfaces were filtered out[34;1m -> Function [36mUDPv4Transport[m
[37;1m2026-10-06 03:23:18.998 [31;1m[[37;1mTRANSPORT_UDP[31;1m Error] [37mError creating socket: Operation not permitted[34;1m -> Function [36minit[m
[37;1m2026-10-06 03:23:18.998 [31;1m[[37;1mRTPS_PARTICIPANT[31;1m Error] [37mUser transport failed to register.[34;1m -> Function [36mRTPSParticipantImpl[m
[INFO] [1791224599.009579166] [upper_planner_node]: planner state input: Odometry topic=/motive/vehicle/odom_map yaw=orientation.z scalar
[INFO] [1791224599.012644642] [upper_planner_node]: Egocentric MIQP planner ready: rate=1.00Hz pred_dt=0.750s Nmax=7 lower_dt=0.100s target_v=6.000m/s scale=fullscale wheelbase=2.80m length=4.70m bev=40.00m margin=2.00m state=odom grid=/bev/occupancy_grid sparse=/planner/upper_path_sparse dense=/planner/lower_reference_path
[INFO] [1791224599.012824264] [upper_planner_node]: upper branch model: cumulative_increment=1 turn_window_at_split=1 turn_target_absolute=1 split_continuity=6.75m r_dpsi=3.000 lambda_turn=0.600
[INFO] [1791224599.021701960] [lower_tracking_mpc_node]: LowerTrackingMpcNode ready: rate=10.00Hz dt=0.100s N=30 path=/planner/lower_reference_path scale=fullscale wheelbase=2.80m rear_offset=1.40m command_scale=0.350rad actuator_model=1 delay=0.00s tau=0.74s backend=disabled virtual=/cmd_control
"replica_east(scenario1)_off-0.8_yaw-3" "tau1.0" "lower_rd240" "time_limit" cycles=160
getifaddrs: Operation not permitted
getifaddrs: Operation not permitted
[37;1m2026-10-06 03:23:19.109 [31;1m[[37;1mTRANSPORT[31;1m Error] [37mAll whitelist interfaces were filtered out[34;1m -> Function [36mUDPv4Transport[m
[37;1m2026-10-06 03:23:19.110 [31;1m[[37;1mTRANSPORT_UDP[31;1m Error] [37mError creating socket: Operation not permitted[34;1m -> Function [36minit[m
[37;1m2026-10-06 03:23:19.110 [31;1m[[37;1mRTPS_PARTICIPANT[31;1m Error] [37mUser transport failed to register.[34;1m -> Function [36mRTPSParticipantImpl[m
[INFO] [1791224599.121113154] [upper_planner_node]: planner state input: Odometry topic=/motive/vehicle/odom_map yaw=orientation.z scalar
[INFO] [1791224599.124084675] [upper_planner_node]: Egocentric MIQP planner ready: rate=1.00Hz pred_dt=0.750s Nmax=7 lower_dt=0.100s target_v=6.000m/s scale=fullscale wheelbase=2.80m length=4.70m bev=40.00m margin=2.00m state=odom grid=/bev/occupancy_grid sparse=/planner/upper_path_sparse dense=/planner/lower_reference_path
[INFO] [1791224599.124277513] [upper_planner_node]: upper branch model: cumulative_increment=1 turn_window_at_split=1 turn_target_absolute=1 split_continuity=6.75m r_dpsi=3.000 lambda_turn=0.600
[INFO] [1791224599.133067270] [lower_tracking_mpc_node]: LowerTrackingMpcNode ready: rate=10.00Hz dt=0.100s N=30 path=/planner/lower_reference_path scale=fullscale wheelbase=2.80m rear_offset=1.40m command_scale=0.350rad actuator_model=1 delay=0.00s tau=0.74s backend=disabled virtual=/cmd_control
"replica_north(control)_off+0.0_yaw+0" "tau0.74_noise2" "baseline" "time_limit" cycles=160
getifaddrs: Operation not permitted
getifaddrs: Operation not permitted
[37;1m2026-10-06 03:23:19.217 [31;1m[[37;1mTRANSPORT[31;1m Error] [37mAll whitelist interfaces were filtered out[34;1m -> Function [36mUDPv4Transport[m
[37;1m2026-10-06 03:23:19.217 [31;1m[[37;1mTRANSPORT_UDP[31;1m Error] [37mError creating socket: Operation not permitted[34;1m -> Function [36minit[m
[37;1m2026-10-06 03:23:19.217 [31;1m[[37;1mRTPS_PARTICIPANT[31;1m Error] [37mUser transport failed to register.[34;1m -> Function [36mRTPSParticipantImpl[m
[INFO] [1791224599.228616227] [upper_planner_node]: planner state input: Odometry topic=/motive/vehicle/odom_map yaw=orientation.z scalar
[INFO] [1791224599.231438239] [upper_planner_node]: Egocentric MIQP planner ready: rate=1.00Hz pred_dt=0.750s Nmax=7 lower_dt=0.100s target_v=6.000m/s scale=fullscale wheelbase=2.80m length=4.70m bev=40.00m margin=2.00m state=odom grid=/bev/occupancy_grid sparse=/planner/upper_path_sparse dense=/planner/lower_reference_path
[INFO] [1791224599.231631589] [upper_planner_node]: upper branch model: cumulative_increment=1 turn_window_at_split=1 turn_target_absolute=1 split_continuity=6.75m r_dpsi=3.000 lambda_turn=0.600
[INFO] [1791224599.240633802] [lower_tracking_mpc_node]: LowerTrackingMpcNode ready: rate=10.00Hz dt=0.100s N=30 path=/planner/lower_reference_path scale=fullscale wheelbase=2.80m rear_offset=1.40m command_scale=0.350rad actuator_model=1 delay=0.00s tau=0.74s backend=disabled virtual=/cmd_control
"replica_north(control)_off+0.0_yaw+0" "tau0.74_noise2" "lower_rd180" "time_limit" cycles=160
getifaddrs: Operation not permitted
getifaddrs: Operation not permitted
[37;1m2026-10-06 03:23:19.322 [31;1m[[37;1mTRANSPORT[31;1m Error] [37mAll whitelist interfaces were filtered out[34;1m -> Function [36mUDPv4Transport[m
[37;1m2026-10-06 03:23:19.322 [31;1m[[37;1mTRANSPORT_UDP[31;1m Error] [37mError creating socket: Operation not permitted[34;1m -> Function [36minit[m
[37;1m2026-10-06 03:23:19.322 [31;1m[[37;1mRTPS_PARTICIPANT[31;1m Error] [37mUser transport failed to register.[34;1m -> Function [36mRTPSParticipantImpl[m
[INFO] [1791224599.333186245] [upper_planner_node]: planner state input: Odometry topic=/motive/vehicle/odom_map yaw=orientation.z scalar
[INFO] [1791224599.336091332] [upper_planner_node]: Egocentric MIQP planner ready: rate=1.00Hz pred_dt=0.750s Nmax=7 lower_dt=0.100s target_v=6.000m/s scale=fullscale wheelbase=2.80m length=4.70m bev=40.00m margin=2.00m state=odom grid=/bev/occupancy_grid sparse=/planner/upper_path_sparse dense=/planner/lower_reference_path
[INFO] [1791224599.336300427] [upper_planner_node]: upper branch model: cumulative_increment=1 turn_window_at_split=1 turn_target_absolute=1 split_continuity=6.75m r_dpsi=3.000 lambda_turn=0.600
[INFO] [1791224599.345238669] [lower_tracking_mpc_node]: LowerTrackingMpcNode ready: rate=10.00Hz dt=0.100s N=30 path=/planner/lower_reference_path scale=fullscale wheelbase=2.80m rear_offset=1.40m command_scale=0.350rad actuator_model=1 delay=0.00s tau=0.74s backend=disabled virtual=/cmd_control
"replica_north(control)_off+0.0_yaw+0" "tau0.74_noise2" "lower_rd240" "time_limit" cycles=160
getifaddrs: Operation not permitted
getifaddrs: Operation not permitted
[37;1m2026-10-06 03:23:19.427 [31;1m[[37;1mTRANSPORT[31;1m Error] [37mAll whitelist interfaces were filtered out[34;1m -> Function [36mUDPv4Transport[m
[37;1m2026-10-06 03:23:19.427 [31;1m[[37;1mTRANSPORT_UDP[31;1m Error] [37mError creating socket: Operation not permitted[34;1m -> Function [36minit[m
[37;1m2026-10-06 03:23:19.427 [31;1m[[37;1mRTPS_PARTICIPANT[31;1m Error] [37mUser transport failed to register.[34;1m -> Function [36mRTPSParticipantImpl[m
[INFO] [1791224599.438595811] [upper_planner_node]: planner state input: Odometry topic=/motive/vehicle/odom_map yaw=orientation.z scalar
[INFO] [1791224599.441649510] [upper_planner_node]: Egocentric MIQP planner ready: rate=1.00Hz pred_dt=0.750s Nmax=7 lower_dt=0.100s target_v=6.000m/s scale=fullscale wheelbase=2.80m length=4.70m bev=40.00m margin=2.00m state=odom grid=/bev/occupancy_grid sparse=/planner/upper_path_sparse dense=/planner/lower_reference_path
[INFO] [1791224599.441797323] [upper_planner_node]: upper branch model: cumulative_increment=1 turn_window_at_split=1 turn_target_absolute=1 split_continuity=6.75m r_dpsi=3.000 lambda_turn=0.600
[INFO] [1791224599.450882354] [lower_tracking_mpc_node]: LowerTrackingMpcNode ready: rate=10.00Hz dt=0.100s N=30 path=/planner/lower_reference_path scale=fullscale wheelbase=2.80m rear_offset=1.40m command_scale=0.350rad actuator_model=1 delay=0.00s tau=0.74s backend=disabled virtual=/cmd_control
"replica_north(control)_off+0.0_yaw+0" "tau0.5" "baseline" "time_limit" cycles=160
getifaddrs: Operation not permitted
getifaddrs: Operation not permitted
[37;1m2026-10-06 03:23:19.533 [31;1m[[37;1mTRANSPORT[31;1m Error] [37mAll whitelist interfaces were filtered out[34;1m -> Function [36mUDPv4Transport[m
[37;1m2026-10-06 03:23:19.533 [31;1m[[37;1mTRANSPORT_UDP[31;1m Error] [37mError creating socket: Operation not permitted[34;1m -> Function [36minit[m
[37;1m2026-10-06 03:23:19.533 [31;1m[[37;1mRTPS_PARTICIPANT[31;1m Error] [37mUser transport failed to register.[34;1m -> Function [36mRTPSParticipantImpl[m
[INFO] [1791224599.544675030] [upper_planner_node]: planner state input: Odometry topic=/motive/vehicle/odom_map yaw=orientation.z scalar
[INFO] [1791224599.547671351] [upper_planner_node]: Egocentric MIQP planner ready: rate=1.00Hz pred_dt=0.750s Nmax=7 lower_dt=0.100s target_v=6.000m/s scale=fullscale wheelbase=2.80m length=4.70m bev=40.00m margin=2.00m state=odom grid=/bev/occupancy_grid sparse=/planner/upper_path_sparse dense=/planner/lower_reference_path
[INFO] [1791224599.547837788] [upper_planner_node]: upper branch model: cumulative_increment=1 turn_window_at_split=1 turn_target_absolute=1 split_continuity=6.75m r_dpsi=3.000 lambda_turn=0.600
[INFO] [1791224599.556808928] [lower_tracking_mpc_node]: LowerTrackingMpcNode ready: rate=10.00Hz dt=0.100s N=30 path=/planner/lower_reference_path scale=fullscale wheelbase=2.80m rear_offset=1.40m command_scale=0.350rad actuator_model=1 delay=0.00s tau=0.74s backend=disabled virtual=/cmd_control
"replica_north(control)_off+0.0_yaw+0" "tau0.5" "lower_rd180" "time_limit" cycles=160
getifaddrs: Operation not permitted
getifaddrs: Operation not permitted
[37;1m2026-10-06 03:23:19.639 [31;1m[[37;1mTRANSPORT[31;1m Error] [37mAll whitelist interfaces were filtered out[34;1m -> Function [36mUDPv4Transport[m
[37;1m2026-10-06 03:23:19.639 [31;1m[[37;1mTRANSPORT_UDP[31;1m Error] [37mError creating socket: Operation not permitted[34;1m -> Function [36minit[m
[37;1m2026-10-06 03:23:19.639 [31;1m[[37;1mRTPS_PARTICIPANT[31;1m Error] [37mUser transport failed to register.[34;1m -> Function [36mRTPSParticipantImpl[m
[INFO] [1791224599.650529793] [upper_planner_node]: planner state input: Odometry topic=/motive/vehicle/odom_map yaw=orientation.z scalar
[INFO] [1791224599.653482753] [upper_planner_node]: Egocentric MIQP planner ready: rate=1.00Hz pred_dt=0.750s Nmax=7 lower_dt=0.100s target_v=6.000m/s scale=fullscale wheelbase=2.80m length=4.70m bev=40.00m margin=2.00m state=odom grid=/bev/occupancy_grid sparse=/planner/upper_path_sparse dense=/planner/lower_reference_path
[INFO] [1791224599.653652967] [upper_planner_node]: upper branch model: cumulative_increment=1 turn_window_at_split=1 turn_target_absolute=1 split_continuity=6.75m r_dpsi=3.000 lambda_turn=0.600
[INFO] [1791224599.662330624] [lower_tracking_mpc_node]: LowerTrackingMpcNode ready: rate=10.00Hz dt=0.100s N=30 path=/planner/lower_reference_path scale=fullscale wheelbase=2.80m rear_offset=1.40m command_scale=0.350rad actuator_model=1 delay=0.00s tau=0.74s backend=disabled virtual=/cmd_control
"replica_north(control)_off+0.0_yaw+0" "tau0.5" "lower_rd240" "time_limit" cycles=160
getifaddrs: Operation not permitted
getifaddrs: Operation not permitted
[37;1m2026-10-06 03:23:19.744 [31;1m[[37;1mTRANSPORT[31;1m Error] [37mAll whitelist interfaces were filtered out[34;1m -> Function [36mUDPv4Transport[m
[37;1m2026-10-06 03:23:19.745 [31;1m[[37;1mTRANSPORT_UDP[31;1m Error] [37mError creating socket: Operation not permitted[34;1m -> Function [36minit[m
[37;1m2026-10-06 03:23:19.745 [31;1m[[37;1mRTPS_PARTICIPANT[31;1m Error] [37mUser transport failed to register.[34;1m -> Function [36mRTPSParticipantImpl[m
[INFO] [1791224599.755971296] [upper_planner_node]: planner state input: Odometry topic=/motive/vehicle/odom_map yaw=orientation.z scalar
[INFO] [1791224599.758858813] [upper_planner_node]: Egocentric MIQP planner ready: rate=1.00Hz pred_dt=0.750s Nmax=7 lower_dt=0.100s target_v=6.000m/s scale=fullscale wheelbase=2.80m length=4.70m bev=40.00m margin=2.00m state=odom grid=/bev/occupancy_grid sparse=/planner/upper_path_sparse dense=/planner/lower_reference_path
[INFO] [1791224599.759030979] [upper_planner_node]: upper branch model: cumulative_increment=1 turn_window_at_split=1 turn_target_absolute=1 split_continuity=6.75m r_dpsi=3.000 lambda_turn=0.600
[INFO] [1791224599.768161611] [lower_tracking_mpc_node]: LowerTrackingMpcNode ready: rate=10.00Hz dt=0.100s N=30 path=/planner/lower_reference_path scale=fullscale wheelbase=2.80m rear_offset=1.40m command_scale=0.350rad actuator_model=1 delay=0.00s tau=0.74s backend=disabled virtual=/cmd_control
"replica_north(control)_off+0.0_yaw+0" "tau1.0" "baseline" "time_limit" cycles=160
getifaddrs: Operation not permitted
getifaddrs: Operation not permitted
[37;1m2026-10-06 03:23:19.850 [31;1m[[37;1mTRANSPORT[31;1m Error] [37mAll whitelist interfaces were filtered out[34;1m -> Function [36mUDPv4Transport[m
[37;1m2026-10-06 03:23:19.850 [31;1m[[37;1mTRANSPORT_UDP[31;1m Error] [37mError creating socket: Operation not permitted[34;1m -> Function [36minit[m
[37;1m2026-10-06 03:23:19.850 [31;1m[[37;1mRTPS_PARTICIPANT[31;1m Error] [37mUser transport failed to register.[34;1m -> Function [36mRTPSParticipantImpl[m
[INFO] [1791224599.861173654] [upper_planner_node]: planner state input: Odometry topic=/motive/vehicle/odom_map yaw=orientation.z scalar
[INFO] [1791224599.864184568] [upper_planner_node]: Egocentric MIQP planner ready: rate=1.00Hz pred_dt=0.750s Nmax=7 lower_dt=0.100s target_v=6.000m/s scale=fullscale wheelbase=2.80m length=4.70m bev=40.00m margin=2.00m state=odom grid=/bev/occupancy_grid sparse=/planner/upper_path_sparse dense=/planner/lower_reference_path
[INFO] [1791224599.864477953] [upper_planner_node]: upper branch model: cumulative_increment=1 turn_window_at_split=1 turn_target_absolute=1 split_continuity=6.75m r_dpsi=3.000 lambda_turn=0.600
[INFO] [1791224599.873609610] [lower_tracking_mpc_node]: LowerTrackingMpcNode ready: rate=10.00Hz dt=0.100s N=30 path=/planner/lower_reference_path scale=fullscale wheelbase=2.80m rear_offset=1.40m command_scale=0.350rad actuator_model=1 delay=0.00s tau=0.74s backend=disabled virtual=/cmd_control
"replica_north(control)_off+0.0_yaw+0" "tau1.0" "lower_rd180" "time_limit" cycles=160
getifaddrs: Operation not permitted
getifaddrs: Operation not permitted
[37;1m2026-10-06 03:23:19.957 [31;1m[[37;1mTRANSPORT[31;1m Error] [37mAll whitelist interfaces were filtered out[34;1m -> Function [36mUDPv4Transport[m
[37;1m2026-10-06 03:23:19.957 [31;1m[[37;1mTRANSPORT_UDP[31;1m Error] [37mError creating socket: Operation not permitted[34;1m -> Function [36minit[m
[37;1m2026-10-06 03:23:19.957 [31;1m[[37;1mRTPS_PARTICIPANT[31;1m Error] [37mUser transport failed to register.[34;1m -> Function [36mRTPSParticipantImpl[m
[INFO] [1791224599.968572180] [upper_planner_node]: planner state input: Odometry topic=/motive/vehicle/odom_map yaw=orientation.z scalar
[INFO] [1791224599.971435025] [upper_planner_node]: Egocentric MIQP planner ready: rate=1.00Hz pred_dt=0.750s Nmax=7 lower_dt=0.100s target_v=6.000m/s scale=fullscale wheelbase=2.80m length=4.70m bev=40.00m margin=2.00m state=odom grid=/bev/occupancy_grid sparse=/planner/upper_path_sparse dense=/planner/lower_reference_path
[INFO] [1791224599.971622199] [upper_planner_node]: upper branch model: cumulative_increment=1 turn_window_at_split=1 turn_target_absolute=1 split_continuity=6.75m r_dpsi=3.000 lambda_turn=0.600
[INFO] [1791224599.980683645] [lower_tracking_mpc_node]: LowerTrackingMpcNode ready: rate=10.00Hz dt=0.100s N=30 path=/planner/lower_reference_path scale=fullscale wheelbase=2.80m rear_offset=1.40m command_scale=0.350rad actuator_model=1 delay=0.00s tau=0.74s backend=disabled virtual=/cmd_control
"replica_north(control)_off+0.0_yaw+0" "tau1.0" "lower_rd240" "time_limit" cycles=160
getifaddrs: Operation not permitted
getifaddrs: Operation not permitted
[37;1m2026-10-06 03:23:20.068 [31;1m[[37;1mTRANSPORT[31;1m Error] [37mAll whitelist interfaces were filtered out[34;1m -> Function [36mUDPv4Transport[m
[37;1m2026-10-06 03:23:20.068 [31;1m[[37;1mTRANSPORT_UDP[31;1m Error] [37mError creating socket: Operation not permitted[34;1m -> Function [36minit[m
[37;1m2026-10-06 03:23:20.068 [31;1m[[37;1mRTPS_PARTICIPANT[31;1m Error] [37mUser transport failed to register.[34;1m -> Function [36mRTPSParticipantImpl[m
[INFO] [1791224600.079733772] [upper_planner_node]: planner state input: Odometry topic=/motive/vehicle/odom_map yaw=orientation.z scalar
[INFO] [1791224600.082832720] [upper_planner_node]: Egocentric MIQP planner ready: rate=1.00Hz pred_dt=0.750s Nmax=7 lower_dt=0.100s target_v=6.000m/s scale=fullscale wheelbase=2.80m length=4.70m bev=40.00m margin=2.00m state=odom grid=/bev/occupancy_grid sparse=/planner/upper_path_sparse dense=/planner/lower_reference_path
[INFO] [1791224600.082997718] [upper_planner_node]: upper branch model: cumulative_increment=1 turn_window_at_split=1 turn_target_absolute=1 split_continuity=6.75m r_dpsi=3.000 lambda_turn=0.600
[INFO] [1791224600.092199232] [lower_tracking_mpc_node]: LowerTrackingMpcNode ready: rate=10.00Hz dt=0.100s N=30 path=/planner/lower_reference_path scale=fullscale wheelbase=2.80m rear_offset=1.40m command_scale=0.350rad actuator_model=1 delay=0.00s tau=0.74s backend=disabled virtual=/cmd_control
"replica_north(control)_off+0.8_yaw+3" "tau0.74_noise2" "baseline" "time_limit" cycles=160
getifaddrs: Operation not permitted
getifaddrs: Operation not permitted
[37;1m2026-10-06 03:23:20.175 [31;1m[[37;1mTRANSPORT[31;1m Error] [37mAll whitelist interfaces were filtered out[34;1m -> Function [36mUDPv4Transport[m
[37;1m2026-10-06 03:23:20.175 [31;1m[[37;1mTRANSPORT_UDP[31;1m Error] [37mError creating socket: Operation not permitted[34;1m -> Function [36minit[m
[37;1m2026-10-06 03:23:20.175 [31;1m[[37;1mRTPS_PARTICIPANT[31;1m Error] [37mUser transport failed to register.[34;1m -> Function [36mRTPSParticipantImpl[m
[INFO] [1791224600.186255117] [upper_planner_node]: planner state input: Odometry topic=/motive/vehicle/odom_map yaw=orientation.z scalar
[INFO] [1791224600.189097353] [upper_planner_node]: Egocentric MIQP planner ready: rate=1.00Hz pred_dt=0.750s Nmax=7 lower_dt=0.100s target_v=6.000m/s scale=fullscale wheelbase=2.80m length=4.70m bev=40.00m margin=2.00m state=odom grid=/bev/occupancy_grid sparse=/planner/upper_path_sparse dense=/planner/lower_reference_path
[INFO] [1791224600.189297200] [upper_planner_node]: upper branch model: cumulative_increment=1 turn_window_at_split=1 turn_target_absolute=1 split_continuity=6.75m r_dpsi=3.000 lambda_turn=0.600
[INFO] [1791224600.198088813] [lower_tracking_mpc_node]: LowerTrackingMpcNode ready: rate=10.00Hz dt=0.100s N=30 path=/planner/lower_reference_path scale=fullscale wheelbase=2.80m rear_offset=1.40m command_scale=0.350rad actuator_model=1 delay=0.00s tau=0.74s backend=disabled virtual=/cmd_control
"replica_north(control)_off+0.8_yaw+3" "tau0.74_noise2" "lower_rd180" "time_limit" cycles=160
getifaddrs: Operation not permitted
getifaddrs: Operation not permitted
[37;1m2026-10-06 03:23:20.280 [31;1m[[37;1mTRANSPORT[31;1m Error] [37mAll whitelist interfaces were filtered out[34;1m -> Function [36mUDPv4Transport[m
[37;1m2026-10-06 03:23:20.281 [31;1m[[37;1mTRANSPORT_UDP[31;1m Error] [37mError creating socket: Operation not permitted[34;1m -> Function [36minit[m
[37;1m2026-10-06 03:23:20.281 [31;1m[[37;1mRTPS_PARTICIPANT[31;1m Error] [37mUser transport failed to register.[34;1m -> Function [36mRTPSParticipantImpl[m
[INFO] [1791224600.292200412] [upper_planner_node]: planner state input: Odometry topic=/motive/vehicle/odom_map yaw=orientation.z scalar
[INFO] [1791224600.295087289] [upper_planner_node]: Egocentric MIQP planner ready: rate=1.00Hz pred_dt=0.750s Nmax=7 lower_dt=0.100s target_v=6.000m/s scale=fullscale wheelbase=2.80m length=4.70m bev=40.00m margin=2.00m state=odom grid=/bev/occupancy_grid sparse=/planner/upper_path_sparse dense=/planner/lower_reference_path
[INFO] [1791224600.295246206] [upper_planner_node]: upper branch model: cumulative_increment=1 turn_window_at_split=1 turn_target_absolute=1 split_continuity=6.75m r_dpsi=3.000 lambda_turn=0.600
[INFO] [1791224600.304300772] [lower_tracking_mpc_node]: LowerTrackingMpcNode ready: rate=10.00Hz dt=0.100s N=30 path=/planner/lower_reference_path scale=fullscale wheelbase=2.80m rear_offset=1.40m command_scale=0.350rad actuator_model=1 delay=0.00s tau=0.74s backend=disabled virtual=/cmd_control
"replica_north(control)_off+0.8_yaw+3" "tau0.74_noise2" "lower_rd240" "time_limit" cycles=160
getifaddrs: Operation not permitted
getifaddrs: Operation not permitted
[37;1m2026-10-06 03:23:20.385 [31;1m[[37;1mTRANSPORT[31;1m Error] [37mAll whitelist interfaces were filtered out[34;1m -> Function [36mUDPv4Transport[m
[37;1m2026-10-06 03:23:20.385 [31;1m[[37;1mTRANSPORT_UDP[31;1m Error] [37mError creating socket: Operation not permitted[34;1m -> Function [36minit[m
[37;1m2026-10-06 03:23:20.385 [31;1m[[37;1mRTPS_PARTICIPANT[31;1m Error] [37mUser transport failed to register.[34;1m -> Function [36mRTPSParticipantImpl[m
[INFO] [1791224600.396620409] [upper_planner_node]: planner state input: Odometry topic=/motive/vehicle/odom_map yaw=orientation.z scalar
[INFO] [1791224600.399507382] [upper_planner_node]: Egocentric MIQP planner ready: rate=1.00Hz pred_dt=0.750s Nmax=7 lower_dt=0.100s target_v=6.000m/s scale=fullscale wheelbase=2.80m length=4.70m bev=40.00m margin=2.00m state=odom grid=/bev/occupancy_grid sparse=/planner/upper_path_sparse dense=/planner/lower_reference_path
[INFO] [1791224600.399687676] [upper_planner_node]: upper branch model: cumulative_increment=1 turn_window_at_split=1 turn_target_absolute=1 split_continuity=6.75m r_dpsi=3.000 lambda_turn=0.600
[INFO] [1791224600.408499322] [lower_tracking_mpc_node]: LowerTrackingMpcNode ready: rate=10.00Hz dt=0.100s N=30 path=/planner/lower_reference_path scale=fullscale wheelbase=2.80m rear_offset=1.40m command_scale=0.350rad actuator_model=1 delay=0.00s tau=0.74s backend=disabled virtual=/cmd_control
"replica_north(control)_off+0.8_yaw+3" "tau0.5" "baseline" "time_limit" cycles=160
getifaddrs: Operation not permitted
getifaddrs: Operation not permitted
[37;1m2026-10-06 03:23:20.494 [31;1m[[37;1mTRANSPORT[31;1m Error] [37mAll whitelist interfaces were filtered out[34;1m -> Function [36mUDPv4Transport[m
[37;1m2026-10-06 03:23:20.494 [31;1m[[37;1mTRANSPORT_UDP[31;1m Error] [37mError creating socket: Operation not permitted[34;1m -> Function [36minit[m
[37;1m2026-10-06 03:23:20.494 [31;1m[[37;1mRTPS_PARTICIPANT[31;1m Error] [37mUser transport failed to register.[34;1m -> Function [36mRTPSParticipantImpl[m
[INFO] [1791224600.505183484] [upper_planner_node]: planner state input: Odometry topic=/motive/vehicle/odom_map yaw=orientation.z scalar
[INFO] [1791224600.508130780] [upper_planner_node]: Egocentric MIQP planner ready: rate=1.00Hz pred_dt=0.750s Nmax=7 lower_dt=0.100s target_v=6.000m/s scale=fullscale wheelbase=2.80m length=4.70m bev=40.00m margin=2.00m state=odom grid=/bev/occupancy_grid sparse=/planner/upper_path_sparse dense=/planner/lower_reference_path
[INFO] [1791224600.508300449] [upper_planner_node]: upper branch model: cumulative_increment=1 turn_window_at_split=1 turn_target_absolute=1 split_continuity=6.75m r_dpsi=3.000 lambda_turn=0.600
[INFO] [1791224600.517122879] [lower_tracking_mpc_node]: LowerTrackingMpcNode ready: rate=10.00Hz dt=0.100s N=30 path=/planner/lower_reference_path scale=fullscale wheelbase=2.80m rear_offset=1.40m command_scale=0.350rad actuator_model=1 delay=0.00s tau=0.74s backend=disabled virtual=/cmd_control
"replica_north(control)_off+0.8_yaw+3" "tau0.5" "lower_rd180" "time_limit" cycles=160
getifaddrs: Operation not permitted
getifaddrs: Operation not permitted
[37;1m2026-10-06 03:23:20.598 [31;1m[[37;1mTRANSPORT[31;1m Error] [37mAll whitelist interfaces were filtered out[34;1m -> Function [36mUDPv4Transport[m
[37;1m2026-10-06 03:23:20.598 [31;1m[[37;1mTRANSPORT_UDP[31;1m Error] [37mError creating socket: Operation not permitted[34;1m -> Function [36minit[m
[37;1m2026-10-06 03:23:20.598 [31;1m[[37;1mRTPS_PARTICIPANT[31;1m Error] [37mUser transport failed to register.[34;1m -> Function [36mRTPSParticipantImpl[m
[INFO] [1791224600.609594905] [upper_planner_node]: planner state input: Odometry topic=/motive/vehicle/odom_map yaw=orientation.z scalar
[INFO] [1791224600.612494487] [upper_planner_node]: Egocentric MIQP planner ready: rate=1.00Hz pred_dt=0.750s Nmax=7 lower_dt=0.100s target_v=6.000m/s scale=fullscale wheelbase=2.80m length=4.70m bev=40.00m margin=2.00m state=odom grid=/bev/occupancy_grid sparse=/planner/upper_path_sparse dense=/planner/lower_reference_path
[INFO] [1791224600.612651100] [upper_planner_node]: upper branch model: cumulative_increment=1 turn_window_at_split=1 turn_target_absolute=1 split_continuity=6.75m r_dpsi=3.000 lambda_turn=0.600
[INFO] [1791224600.621490875] [lower_tracking_mpc_node]: LowerTrackingMpcNode ready: rate=10.00Hz dt=0.100s N=30 path=/planner/lower_reference_path scale=fullscale wheelbase=2.80m rear_offset=1.40m command_scale=0.350rad actuator_model=1 delay=0.00s tau=0.74s backend=disabled virtual=/cmd_control
"replica_north(control)_off+0.8_yaw+3" "tau0.5" "lower_rd240" "time_limit" cycles=160
getifaddrs: Operation not permitted
getifaddrs: Operation not permitted
[37;1m2026-10-06 03:23:20.704 [31;1m[[37;1mTRANSPORT[31;1m Error] [37mAll whitelist interfaces were filtered out[34;1m -> Function [36mUDPv4Transport[m
[37;1m2026-10-06 03:23:20.705 [31;1m[[37;1mTRANSPORT_UDP[31;1m Error] [37mError creating socket: Operation not permitted[34;1m -> Function [36minit[m
[37;1m2026-10-06 03:23:20.705 [31;1m[[37;1mRTPS_PARTICIPANT[31;1m Error] [37mUser transport failed to register.[34;1m -> Function [36mRTPSParticipantImpl[m
[INFO] [1791224600.716445253] [upper_planner_node]: planner state input: Odometry topic=/motive/vehicle/odom_map yaw=orientation.z scalar
[INFO] [1791224600.719315874] [upper_planner_node]: Egocentric MIQP planner ready: rate=1.00Hz pred_dt=0.750s Nmax=7 lower_dt=0.100s target_v=6.000m/s scale=fullscale wheelbase=2.80m length=4.70m bev=40.00m margin=2.00m state=odom grid=/bev/occupancy_grid sparse=/planner/upper_path_sparse dense=/planner/lower_reference_path
[INFO] [1791224600.719464647] [upper_planner_node]: upper branch model: cumulative_increment=1 turn_window_at_split=1 turn_target_absolute=1 split_continuity=6.75m r_dpsi=3.000 lambda_turn=0.600
[INFO] [1791224600.728180673] [lower_tracking_mpc_node]: LowerTrackingMpcNode ready: rate=10.00Hz dt=0.100s N=30 path=/planner/lower_reference_path scale=fullscale wheelbase=2.80m rear_offset=1.40m command_scale=0.350rad actuator_model=1 delay=0.00s tau=0.74s backend=disabled virtual=/cmd_control
"replica_north(control)_off+0.8_yaw+3" "tau1.0" "baseline" "time_limit" cycles=160
getifaddrs: Operation not permitted
getifaddrs: Operation not permitted
[37;1m2026-10-06 03:23:20.810 [31;1m[[37;1mTRANSPORT[31;1m Error] [37mAll whitelist interfaces were filtered out[34;1m -> Function [36mUDPv4Transport[m
[37;1m2026-10-06 03:23:20.810 [31;1m[[37;1mTRANSPORT_UDP[31;1m Error] [37mError creating socket: Operation not permitted[34;1m -> Function [36minit[m
[37;1m2026-10-06 03:23:20.810 [31;1m[[37;1mRTPS_PARTICIPANT[31;1m Error] [37mUser transport failed to register.[34;1m -> Function [36mRTPSParticipantImpl[m
[INFO] [1791224600.821791776] [upper_planner_node]: planner state input: Odometry topic=/motive/vehicle/odom_map yaw=orientation.z scalar
[INFO] [1791224600.824690622] [upper_planner_node]: Egocentric MIQP planner ready: rate=1.00Hz pred_dt=0.750s Nmax=7 lower_dt=0.100s target_v=6.000m/s scale=fullscale wheelbase=2.80m length=4.70m bev=40.00m margin=2.00m state=odom grid=/bev/occupancy_grid sparse=/planner/upper_path_sparse dense=/planner/lower_reference_path
[INFO] [1791224600.824865123] [upper_planner_node]: upper branch model: cumulative_increment=1 turn_window_at_split=1 turn_target_absolute=1 split_continuity=6.75m r_dpsi=3.000 lambda_turn=0.600
[INFO] [1791224600.833614047] [lower_tracking_mpc_node]: LowerTrackingMpcNode ready: rate=10.00Hz dt=0.100s N=30 path=/planner/lower_reference_path scale=fullscale wheelbase=2.80m rear_offset=1.40m command_scale=0.350rad actuator_model=1 delay=0.00s tau=0.74s backend=disabled virtual=/cmd_control
"replica_north(control)_off+0.8_yaw+3" "tau1.0" "lower_rd180" "time_limit" cycles=160
getifaddrs: Operation not permitted
getifaddrs: Operation not permitted
[37;1m2026-10-06 03:23:20.915 [31;1m[[37;1mTRANSPORT[31;1m Error] [37mAll whitelist interfaces were filtered out[34;1m -> Function [36mUDPv4Transport[m
[37;1m2026-10-06 03:23:20.915 [31;1m[[37;1mTRANSPORT_UDP[31;1m Error] [37mError creating socket: Operation not permitted[34;1m -> Function [36minit[m
[37;1m2026-10-06 03:23:20.915 [31;1m[[37;1mRTPS_PARTICIPANT[31;1m Error] [37mUser transport failed to register.[34;1m -> Function [36mRTPSParticipantImpl[m
[INFO] [1791224600.926797808] [upper_planner_node]: planner state input: Odometry topic=/motive/vehicle/odom_map yaw=orientation.z scalar
[INFO] [1791224600.929680589] [upper_planner_node]: Egocentric MIQP planner ready: rate=1.00Hz pred_dt=0.750s Nmax=7 lower_dt=0.100s target_v=6.000m/s scale=fullscale wheelbase=2.80m length=4.70m bev=40.00m margin=2.00m state=odom grid=/bev/occupancy_grid sparse=/planner/upper_path_sparse dense=/planner/lower_reference_path
[INFO] [1791224600.929845427] [upper_planner_node]: upper branch model: cumulative_increment=1 turn_window_at_split=1 turn_target_absolute=1 split_continuity=6.75m r_dpsi=3.000 lambda_turn=0.600
[INFO] [1791224600.938762100] [lower_tracking_mpc_node]: LowerTrackingMpcNode ready: rate=10.00Hz dt=0.100s N=30 path=/planner/lower_reference_path scale=fullscale wheelbase=2.80m rear_offset=1.40m command_scale=0.350rad actuator_model=1 delay=0.00s tau=0.74s backend=disabled virtual=/cmd_control
"replica_north(control)_off+0.8_yaw+3" "tau1.0" "lower_rd240" "time_limit" cycles=160
getifaddrs: Operation not permitted
getifaddrs: Operation not permitted
[37;1m2026-10-06 03:23:23.427 [31;1m[[37;1mTRANSPORT[31;1m Error] [37mAll whitelist interfaces were filtered out[34;1m -> Function [36mUDPv4Transport[m
[37;1m2026-10-06 03:23:23.427 [31;1m[[37;1mTRANSPORT_UDP[31;1m Error] [37mError creating socket: Operation not permitted[34;1m -> Function [36minit[m
[37;1m2026-10-06 03:23:23.427 [31;1m[[37;1mRTPS_PARTICIPANT[31;1m Error] [37mUser transport failed to register.[34;1m -> Function [36mRTPSParticipantImpl[m
[INFO] [1791224603.440356916] [upper_planner_node]: planner state input: Odometry topic=/motive/vehicle/odom_map yaw=orientation.z scalar
[INFO] [1791224603.444323348] [upper_planner_node]: Egocentric MIQP planner ready: rate=1.00Hz pred_dt=0.750s Nmax=7 lower_dt=0.100s target_v=6.000m/s scale=fullscale wheelbase=2.80m length=4.70m bev=40.00m margin=2.00m state=odom grid=/bev/occupancy_grid sparse=/planner/upper_path_sparse dense=/planner/lower_reference_path
[INFO] [1791224603.444670080] [upper_planner_node]: upper branch model: cumulative_increment=1 turn_window_at_split=1 turn_target_absolute=1 split_continuity=6.75m r_dpsi=3.000 lambda_turn=0.600
[INFO] [1791224603.456154996] [lower_tracking_mpc_node]: LowerTrackingMpcNode ready: rate=10.00Hz dt=0.100s N=30 path=/planner/lower_reference_path scale=fullscale wheelbase=2.80m rear_offset=1.40m command_scale=0.350rad actuator_model=1 delay=0.00s tau=0.74s backend=disabled virtual=/cmd_control
"replica_north(control)_off-0.8_yaw-3" "tau0.74_noise2" "baseline" "time_limit" cycles=160
getifaddrs: Operation not permitted
getifaddrs: Operation not permitted
[37;1m2026-10-06 03:23:23.552 [31;1m[[37;1mTRANSPORT[31;1m Error] [37mAll whitelist interfaces were filtered out[34;1m -> Function [36mUDPv4Transport[m
[37;1m2026-10-06 03:23:23.553 [31;1m[[37;1mTRANSPORT_UDP[31;1m Error] [37mError creating socket: Operation not permitted[34;1m -> Function [36minit[m
[37;1m2026-10-06 03:23:23.553 [31;1m[[37;1mRTPS_PARTICIPANT[31;1m Error] [37mUser transport failed to register.[34;1m -> Function [36mRTPSParticipantImpl[m
[INFO] [1791224603.568737786] [upper_planner_node]: planner state input: Odometry topic=/motive/vehicle/odom_map yaw=orientation.z scalar
[INFO] [1791224603.571861279] [upper_planner_node]: Egocentric MIQP planner ready: rate=1.00Hz pred_dt=0.750s Nmax=7 lower_dt=0.100s target_v=6.000m/s scale=fullscale wheelbase=2.80m length=4.70m bev=40.00m margin=2.00m state=odom grid=/bev/occupancy_grid sparse=/planner/upper_path_sparse dense=/planner/lower_reference_path
[INFO] [1791224603.572023972] [upper_planner_node]: upper branch model: cumulative_increment=1 turn_window_at_split=1 turn_target_absolute=1 split_continuity=6.75m r_dpsi=3.000 lambda_turn=0.600
[INFO] [1791224603.581008808] [lower_tracking_mpc_node]: LowerTrackingMpcNode ready: rate=10.00Hz dt=0.100s N=30 path=/planner/lower_reference_path scale=fullscale wheelbase=2.80m rear_offset=1.40m command_scale=0.350rad actuator_model=1 delay=0.00s tau=0.74s backend=disabled virtual=/cmd_control
"replica_north(control)_off-0.8_yaw-3" "tau0.74_noise2" "lower_rd180" "time_limit" cycles=160
getifaddrs: Operation not permitted
getifaddrs: Operation not permitted
[37;1m2026-10-06 03:23:23.664 [31;1m[[37;1mTRANSPORT[31;1m Error] [37mAll whitelist interfaces were filtered out[34;1m -> Function [36mUDPv4Transport[m
[37;1m2026-10-06 03:23:23.664 [31;1m[[37;1mTRANSPORT_UDP[31;1m Error] [37mError creating socket: Operation not permitted[34;1m -> Function [36minit[m
[37;1m2026-10-06 03:23:23.664 [31;1m[[37;1mRTPS_PARTICIPANT[31;1m Error] [37mUser transport failed to register.[34;1m -> Function [36mRTPSParticipantImpl[m
[INFO] [1791224603.675552612] [upper_planner_node]: planner state input: Odometry topic=/motive/vehicle/odom_map yaw=orientation.z scalar
[INFO] [1791224603.678550629] [upper_planner_node]: Egocentric MIQP planner ready: rate=1.00Hz pred_dt=0.750s Nmax=7 lower_dt=0.100s target_v=6.000m/s scale=fullscale wheelbase=2.80m length=4.70m bev=40.00m margin=2.00m state=odom grid=/bev/occupancy_grid sparse=/planner/upper_path_sparse dense=/planner/lower_reference_path
[INFO] [1791224603.678746828] [upper_planner_node]: upper branch model: cumulative_increment=1 turn_window_at_split=1 turn_target_absolute=1 split_continuity=6.75m r_dpsi=3.000 lambda_turn=0.600
[INFO] [1791224603.687554249] [lower_tracking_mpc_node]: LowerTrackingMpcNode ready: rate=10.00Hz dt=0.100s N=30 path=/planner/lower_reference_path scale=fullscale wheelbase=2.80m rear_offset=1.40m command_scale=0.350rad actuator_model=1 delay=0.00s tau=0.74s backend=disabled virtual=/cmd_control
"replica_north(control)_off-0.8_yaw-3" "tau0.74_noise2" "lower_rd240" "time_limit" cycles=160
getifaddrs: Operation not permitted
getifaddrs: Operation not permitted
[37;1m2026-10-06 03:23:23.771 [31;1m[[37;1mTRANSPORT[31;1m Error] [37mAll whitelist interfaces were filtered out[34;1m -> Function [36mUDPv4Transport[m
[37;1m2026-10-06 03:23:23.771 [31;1m[[37;1mTRANSPORT_UDP[31;1m Error] [37mError creating socket: Operation not permitted[34;1m -> Function [36minit[m
[37;1m2026-10-06 03:23:23.771 [31;1m[[37;1mRTPS_PARTICIPANT[31;1m Error] [37mUser transport failed to register.[34;1m -> Function [36mRTPSParticipantImpl[m
[INFO] [1791224603.782645015] [upper_planner_node]: planner state input: Odometry topic=/motive/vehicle/odom_map yaw=orientation.z scalar
[INFO] [1791224603.785688602] [upper_planner_node]: Egocentric MIQP planner ready: rate=1.00Hz pred_dt=0.750s Nmax=7 lower_dt=0.100s target_v=6.000m/s scale=fullscale wheelbase=2.80m length=4.70m bev=40.00m margin=2.00m state=odom grid=/bev/occupancy_grid sparse=/planner/upper_path_sparse dense=/planner/lower_reference_path
[INFO] [1791224603.785855967] [upper_planner_node]: upper branch model: cumulative_increment=1 turn_window_at_split=1 turn_target_absolute=1 split_continuity=6.75m r_dpsi=3.000 lambda_turn=0.600
[INFO] [1791224603.794755840] [lower_tracking_mpc_node]: LowerTrackingMpcNode ready: rate=10.00Hz dt=0.100s N=30 path=/planner/lower_reference_path scale=fullscale wheelbase=2.80m rear_offset=1.40m command_scale=0.350rad actuator_model=1 delay=0.00s tau=0.74s backend=disabled virtual=/cmd_control
"replica_north(control)_off-0.8_yaw-3" "tau0.5" "baseline" "time_limit" cycles=160
getifaddrs: Operation not permitted
getifaddrs: Operation not permitted
[37;1m2026-10-06 03:23:23.876 [31;1m[[37;1mTRANSPORT[31;1m Error] [37mAll whitelist interfaces were filtered out[34;1m -> Function [36mUDPv4Transport[m
[37;1m2026-10-06 03:23:23.877 [31;1m[[37;1mTRANSPORT_UDP[31;1m Error] [37mError creating socket: Operation not permitted[34;1m -> Function [36minit[m
[37;1m2026-10-06 03:23:23.877 [31;1m[[37;1mRTPS_PARTICIPANT[31;1m Error] [37mUser transport failed to register.[34;1m -> Function [36mRTPSParticipantImpl[m
[INFO] [1791224603.887936048] [upper_planner_node]: planner state input: Odometry topic=/motive/vehicle/odom_map yaw=orientation.z scalar
[INFO] [1791224603.890875087] [upper_planner_node]: Egocentric MIQP planner ready: rate=1.00Hz pred_dt=0.750s Nmax=7 lower_dt=0.100s target_v=6.000m/s scale=fullscale wheelbase=2.80m length=4.70m bev=40.00m margin=2.00m state=odom grid=/bev/occupancy_grid sparse=/planner/upper_path_sparse dense=/planner/lower_reference_path
[INFO] [1791224603.891236859] [upper_planner_node]: upper branch model: cumulative_increment=1 turn_window_at_split=1 turn_target_absolute=1 split_continuity=6.75m r_dpsi=3.000 lambda_turn=0.600
[INFO] [1791224603.900058233] [lower_tracking_mpc_node]: LowerTrackingMpcNode ready: rate=10.00Hz dt=0.100s N=30 path=/planner/lower_reference_path scale=fullscale wheelbase=2.80m rear_offset=1.40m command_scale=0.350rad actuator_model=1 delay=0.00s tau=0.74s backend=disabled virtual=/cmd_control
"replica_north(control)_off-0.8_yaw-3" "tau0.5" "lower_rd180" "time_limit" cycles=160
getifaddrs: Operation not permitted
getifaddrs: Operation not permitted
[37;1m2026-10-06 03:23:23.983 [31;1m[[37;1mTRANSPORT[31;1m Error] [37mAll whitelist interfaces were filtered out[34;1m -> Function [36mUDPv4Transport[m
[37;1m2026-10-06 03:23:23.984 [31;1m[[37;1mTRANSPORT_UDP[31;1m Error] [37mError creating socket: Operation not permitted[34;1m -> Function [36minit[m
[37;1m2026-10-06 03:23:23.984 [31;1m[[37;1mRTPS_PARTICIPANT[31;1m Error] [37mUser transport failed to register.[34;1m -> Function [36mRTPSParticipantImpl[m
[INFO] [1791224603.994711385] [upper_planner_node]: planner state input: Odometry topic=/motive/vehicle/odom_map yaw=orientation.z scalar
[INFO] [1791224603.997579382] [upper_planner_node]: Egocentric MIQP planner ready: rate=1.00Hz pred_dt=0.750s Nmax=7 lower_dt=0.100s target_v=6.000m/s scale=fullscale wheelbase=2.80m length=4.70m bev=40.00m margin=2.00m state=odom grid=/bev/occupancy_grid sparse=/planner/upper_path_sparse dense=/planner/lower_reference_path
[INFO] [1791224603.997738299] [upper_planner_node]: upper branch model: cumulative_increment=1 turn_window_at_split=1 turn_target_absolute=1 split_continuity=6.75m r_dpsi=3.000 lambda_turn=0.600
[INFO] [1791224604.006942054] [lower_tracking_mpc_node]: LowerTrackingMpcNode ready: rate=10.00Hz dt=0.100s N=30 path=/planner/lower_reference_path scale=fullscale wheelbase=2.80m rear_offset=1.40m command_scale=0.350rad actuator_model=1 delay=0.00s tau=0.74s backend=disabled virtual=/cmd_control
"replica_north(control)_off-0.8_yaw-3" "tau0.5" "lower_rd240" "time_limit" cycles=160
getifaddrs: Operation not permitted
getifaddrs: Operation not permitted
[37;1m2026-10-06 03:23:24.090 [31;1m[[37;1mTRANSPORT[31;1m Error] [37mAll whitelist interfaces were filtered out[34;1m -> Function [36mUDPv4Transport[m
[37;1m2026-10-06 03:23:24.090 [31;1m[[37;1mTRANSPORT_UDP[31;1m Error] [37mError creating socket: Operation not permitted[34;1m -> Function [36minit[m
[37;1m2026-10-06 03:23:24.090 [31;1m[[37;1mRTPS_PARTICIPANT[31;1m Error] [37mUser transport failed to register.[34;1m -> Function [36mRTPSParticipantImpl[m
[INFO] [1791224604.101440032] [upper_planner_node]: planner state input: Odometry topic=/motive/vehicle/odom_map yaw=orientation.z scalar
[INFO] [1791224604.104339582] [upper_planner_node]: Egocentric MIQP planner ready: rate=1.00Hz pred_dt=0.750s Nmax=7 lower_dt=0.100s target_v=6.000m/s scale=fullscale wheelbase=2.80m length=4.70m bev=40.00m margin=2.00m state=odom grid=/bev/occupancy_grid sparse=/planner/upper_path_sparse dense=/planner/lower_reference_path
[INFO] [1791224604.104493219] [upper_planner_node]: upper branch model: cumulative_increment=1 turn_window_at_split=1 turn_target_absolute=1 split_continuity=6.75m r_dpsi=3.000 lambda_turn=0.600
[INFO] [1791224604.113212702] [lower_tracking_mpc_node]: LowerTrackingMpcNode ready: rate=10.00Hz dt=0.100s N=30 path=/planner/lower_reference_path scale=fullscale wheelbase=2.80m rear_offset=1.40m command_scale=0.350rad actuator_model=1 delay=0.00s tau=0.74s backend=disabled virtual=/cmd_control
"replica_north(control)_off-0.8_yaw-3" "tau1.0" "baseline" "time_limit" cycles=160
getifaddrs: Operation not permitted
getifaddrs: Operation not permitted
[37;1m2026-10-06 03:23:24.195 [31;1m[[37;1mTRANSPORT[31;1m Error] [37mAll whitelist interfaces were filtered out[34;1m -> Function [36mUDPv4Transport[m
[37;1m2026-10-06 03:23:24.195 [31;1m[[37;1mTRANSPORT_UDP[31;1m Error] [37mError creating socket: Operation not permitted[34;1m -> Function [36minit[m
[37;1m2026-10-06 03:23:24.195 [31;1m[[37;1mRTPS_PARTICIPANT[31;1m Error] [37mUser transport failed to register.[34;1m -> Function [36mRTPSParticipantImpl[m
[INFO] [1791224604.206051971] [upper_planner_node]: planner state input: Odometry topic=/motive/vehicle/odom_map yaw=orientation.z scalar
[INFO] [1791224604.208984514] [upper_planner_node]: Egocentric MIQP planner ready: rate=1.00Hz pred_dt=0.750s Nmax=7 lower_dt=0.100s target_v=6.000m/s scale=fullscale wheelbase=2.80m length=4.70m bev=40.00m margin=2.00m state=odom grid=/bev/occupancy_grid sparse=/planner/upper_path_sparse dense=/planner/lower_reference_path
[INFO] [1791224604.209236874] [upper_planner_node]: upper branch model: cumulative_increment=1 turn_window_at_split=1 turn_target_absolute=1 split_continuity=6.75m r_dpsi=3.000 lambda_turn=0.600
[INFO] [1791224604.218076425] [lower_tracking_mpc_node]: LowerTrackingMpcNode ready: rate=10.00Hz dt=0.100s N=30 path=/planner/lower_reference_path scale=fullscale wheelbase=2.80m rear_offset=1.40m command_scale=0.350rad actuator_model=1 delay=0.00s tau=0.74s backend=disabled virtual=/cmd_control
"replica_north(control)_off-0.8_yaw-3" "tau1.0" "lower_rd180" "time_limit" cycles=160
getifaddrs: Operation not permitted
getifaddrs: Operation not permitted
[37;1m2026-10-06 03:23:24.300 [31;1m[[37;1mTRANSPORT[31;1m Error] [37mAll whitelist interfaces were filtered out[34;1m -> Function [36mUDPv4Transport[m
[37;1m2026-10-06 03:23:24.300 [31;1m[[37;1mTRANSPORT_UDP[31;1m Error] [37mError creating socket: Operation not permitted[34;1m -> Function [36minit[m
[37;1m2026-10-06 03:23:24.300 [31;1m[[37;1mRTPS_PARTICIPANT[31;1m Error] [37mUser transport failed to register.[34;1m -> Function [36mRTPSParticipantImpl[m
[INFO] [1791224604.311125972] [upper_planner_node]: planner state input: Odometry topic=/motive/vehicle/odom_map yaw=orientation.z scalar
[INFO] [1791224604.313975121] [upper_planner_node]: Egocentric MIQP planner ready: rate=1.00Hz pred_dt=0.750s Nmax=7 lower_dt=0.100s target_v=6.000m/s scale=fullscale wheelbase=2.80m length=4.70m bev=40.00m margin=2.00m state=odom grid=/bev/occupancy_grid sparse=/planner/upper_path_sparse dense=/planner/lower_reference_path
[INFO] [1791224604.314130262] [upper_planner_node]: upper branch model: cumulative_increment=1 turn_window_at_split=1 turn_target_absolute=1 split_continuity=6.75m r_dpsi=3.000 lambda_turn=0.600
[INFO] [1791224604.322745965] [lower_tracking_mpc_node]: LowerTrackingMpcNode ready: rate=10.00Hz dt=0.100s N=30 path=/planner/lower_reference_path scale=fullscale wheelbase=2.80m rear_offset=1.40m command_scale=0.350rad actuator_model=1 delay=0.00s tau=0.74s backend=disabled virtual=/cmd_control
"replica_north(control)_off-0.8_yaw-3" "tau1.0" "lower_rd240" "time_limit" cycles=160
getifaddrs: Operation not permitted
getifaddrs: Operation not permitted
[37;1m2026-10-06 03:23:24.411 [31;1m[[37;1mTRANSPORT[31;1m Error] [37mAll whitelist interfaces were filtered out[34;1m -> Function [36mUDPv4Transport[m
[37;1m2026-10-06 03:23:24.411 [31;1m[[37;1mTRANSPORT_UDP[31;1m Error] [37mError creating socket: Operation not permitted[34;1m -> Function [36minit[m
[37;1m2026-10-06 03:23:24.411 [31;1m[[37;1mRTPS_PARTICIPANT[31;1m Error] [37mUser transport failed to register.[34;1m -> Function [36mRTPSParticipantImpl[m
[INFO] [1791224604.423133319] [upper_planner_node]: planner state input: Odometry topic=/motive/vehicle/odom_map yaw=orientation.z scalar
[INFO] [1791224604.426044197] [upper_planner_node]: Egocentric MIQP planner ready: rate=1.00Hz pred_dt=0.750s Nmax=7 lower_dt=0.100s target_v=6.000m/s scale=fullscale wheelbase=2.80m length=4.70m bev=40.00m margin=2.00m state=odom grid=/bev/occupancy_grid sparse=/planner/upper_path_sparse dense=/planner/lower_reference_path
[INFO] [1791224604.426213035] [upper_planner_node]: upper branch model: cumulative_increment=1 turn_window_at_split=1 turn_target_absolute=1 split_continuity=6.75m r_dpsi=3.000 lambda_turn=0.600
[INFO] [1791224604.435263825] [lower_tracking_mpc_node]: LowerTrackingMpcNode ready: rate=10.00Hz dt=0.100s N=30 path=/planner/lower_reference_path scale=fullscale wheelbase=2.80m rear_offset=1.40m command_scale=0.350rad actuator_model=1 delay=0.00s tau=0.74s backend=disabled virtual=/cmd_control
"Yright_target_diverging_off+0_yaw+0" "tau0.74_noise2" "baseline" "goal_reached" cycles=255
getifaddrs: Operation not permitted
getifaddrs: Operation not permitted
[37;1m2026-10-06 03:23:24.547 [31;1m[[37;1mTRANSPORT[31;1m Error] [37mAll whitelist interfaces were filtered out[34;1m -> Function [36mUDPv4Transport[m
[37;1m2026-10-06 03:23:24.547 [31;1m[[37;1mTRANSPORT_UDP[31;1m Error] [37mError creating socket: Operation not permitted[34;1m -> Function [36minit[m
[37;1m2026-10-06 03:23:24.547 [31;1m[[37;1mRTPS_PARTICIPANT[31;1m Error] [37mUser transport failed to register.[34;1m -> Function [36mRTPSParticipantImpl[m
[INFO] [1791224604.558705526] [upper_planner_node]: planner state input: Odometry topic=/motive/vehicle/odom_map yaw=orientation.z scalar
[INFO] [1791224604.561634613] [upper_planner_node]: Egocentric MIQP planner ready: rate=1.00Hz pred_dt=0.750s Nmax=7 lower_dt=0.100s target_v=6.000m/s scale=fullscale wheelbase=2.80m length=4.70m bev=40.00m margin=2.00m state=odom grid=/bev/occupancy_grid sparse=/planner/upper_path_sparse dense=/planner/lower_reference_path
[INFO] [1791224604.561888765] [upper_planner_node]: upper branch model: cumulative_increment=1 turn_window_at_split=1 turn_target_absolute=1 split_continuity=6.75m r_dpsi=3.000 lambda_turn=0.600
[INFO] [1791224604.571137290] [lower_tracking_mpc_node]: LowerTrackingMpcNode ready: rate=10.00Hz dt=0.100s N=30 path=/planner/lower_reference_path scale=fullscale wheelbase=2.80m rear_offset=1.40m command_scale=0.350rad actuator_model=1 delay=0.00s tau=0.74s backend=disabled virtual=/cmd_control
"Yright_target_diverging_off+0_yaw+0" "tau0.74_noise2" "lower_rd180" "goal_reached" cycles=256
getifaddrs: Operation not permitted
getifaddrs: Operation not permitted
[37;1m2026-10-06 03:23:24.686 [31;1m[[37;1mTRANSPORT[31;1m Error] [37mAll whitelist interfaces were filtered out[34;1m -> Function [36mUDPv4Transport[m
[37;1m2026-10-06 03:23:24.686 [31;1m[[37;1mTRANSPORT_UDP[31;1m Error] [37mError creating socket: Operation not permitted[34;1m -> Function [36minit[m
[37;1m2026-10-06 03:23:24.686 [31;1m[[37;1mRTPS_PARTICIPANT[31;1m Error] [37mUser transport failed to register.[34;1m -> Function [36mRTPSParticipantImpl[m
[INFO] [1791224604.697900155] [upper_planner_node]: planner state input: Odometry topic=/motive/vehicle/odom_map yaw=orientation.z scalar
[INFO] [1791224604.701050177] [upper_planner_node]: Egocentric MIQP planner ready: rate=1.00Hz pred_dt=0.750s Nmax=7 lower_dt=0.100s target_v=6.000m/s scale=fullscale wheelbase=2.80m length=4.70m bev=40.00m margin=2.00m state=odom grid=/bev/occupancy_grid sparse=/planner/upper_path_sparse dense=/planner/lower_reference_path
[INFO] [1791224604.701265192] [upper_planner_node]: upper branch model: cumulative_increment=1 turn_window_at_split=1 turn_target_absolute=1 split_continuity=6.75m r_dpsi=3.000 lambda_turn=0.600
[INFO] [1791224604.710622488] [lower_tracking_mpc_node]: LowerTrackingMpcNode ready: rate=10.00Hz dt=0.100s N=30 path=/planner/lower_reference_path scale=fullscale wheelbase=2.80m rear_offset=1.40m command_scale=0.350rad actuator_model=1 delay=0.00s tau=0.74s backend=disabled virtual=/cmd_control
"Yright_target_diverging_off+0_yaw+0" "tau0.74_noise2" "lower_rd240" "goal_reached" cycles=255
getifaddrs: Operation not permitted
getifaddrs: Operation not permitted
[37;1m2026-10-06 03:23:24.825 [31;1m[[37;1mTRANSPORT[31;1m Error] [37mAll whitelist interfaces were filtered out[34;1m -> Function [36mUDPv4Transport[m
[37;1m2026-10-06 03:23:24.825 [31;1m[[37;1mTRANSPORT_UDP[31;1m Error] [37mError creating socket: Operation not permitted[34;1m -> Function [36minit[m
[37;1m2026-10-06 03:23:24.825 [31;1m[[37;1mRTPS_PARTICIPANT[31;1m Error] [37mUser transport failed to register.[34;1m -> Function [36mRTPSParticipantImpl[m
[INFO] [1791224604.836799190] [upper_planner_node]: planner state input: Odometry topic=/motive/vehicle/odom_map yaw=orientation.z scalar
[INFO] [1791224604.840035839] [upper_planner_node]: Egocentric MIQP planner ready: rate=1.00Hz pred_dt=0.750s Nmax=7 lower_dt=0.100s target_v=6.000m/s scale=fullscale wheelbase=2.80m length=4.70m bev=40.00m margin=2.00m state=odom grid=/bev/occupancy_grid sparse=/planner/upper_path_sparse dense=/planner/lower_reference_path
[INFO] [1791224604.840397099] [upper_planner_node]: upper branch model: cumulative_increment=1 turn_window_at_split=1 turn_target_absolute=1 split_continuity=6.75m r_dpsi=3.000 lambda_turn=0.600
[INFO] [1791224604.849551924] [lower_tracking_mpc_node]: LowerTrackingMpcNode ready: rate=10.00Hz dt=0.100s N=30 path=/planner/lower_reference_path scale=fullscale wheelbase=2.80m rear_offset=1.40m command_scale=0.350rad actuator_model=1 delay=0.00s tau=0.74s backend=disabled virtual=/cmd_control
"Yright_target_diverging_off+0_yaw+0" "tau0.5" "baseline" "goal_reached" cycles=255
getifaddrs: Operation not permitted
getifaddrs: Operation not permitted
[37;1m2026-10-06 03:23:24.962 [31;1m[[37;1mTRANSPORT[31;1m Error] [37mAll whitelist interfaces were filtered out[34;1m -> Function [36mUDPv4Transport[m
[37;1m2026-10-06 03:23:24.963 [31;1m[[37;1mTRANSPORT_UDP[31;1m Error] [37mError creating socket: Operation not permitted[34;1m -> Function [36minit[m
[37;1m2026-10-06 03:23:24.963 [31;1m[[37;1mRTPS_PARTICIPANT[31;1m Error] [37mUser transport failed to register.[34;1m -> Function [36mRTPSParticipantImpl[m
[INFO] [1791224604.974309956] [upper_planner_node]: planner state input: Odometry topic=/motive/vehicle/odom_map yaw=orientation.z scalar
[INFO] [1791224604.977216035] [upper_planner_node]: Egocentric MIQP planner ready: rate=1.00Hz pred_dt=0.750s Nmax=7 lower_dt=0.100s target_v=6.000m/s scale=fullscale wheelbase=2.80m length=4.70m bev=40.00m margin=2.00m state=odom grid=/bev/occupancy_grid sparse=/planner/upper_path_sparse dense=/planner/lower_reference_path
[INFO] [1791224604.977408137] [upper_planner_node]: upper branch model: cumulative_increment=1 turn_window_at_split=1 turn_target_absolute=1 split_continuity=6.75m r_dpsi=3.000 lambda_turn=0.600
[INFO] [1791224604.986536881] [lower_tracking_mpc_node]: LowerTrackingMpcNode ready: rate=10.00Hz dt=0.100s N=30 path=/planner/lower_reference_path scale=fullscale wheelbase=2.80m rear_offset=1.40m command_scale=0.350rad actuator_model=1 delay=0.00s tau=0.74s backend=disabled virtual=/cmd_control
"Yright_target_diverging_off+0_yaw+0" "tau0.5" "lower_rd180" "goal_reached" cycles=255
getifaddrs: Operation not permitted
getifaddrs: Operation not permitted
[37;1m2026-10-06 03:23:25.100 [31;1m[[37;1mTRANSPORT[31;1m Error] [37mAll whitelist interfaces were filtered out[34;1m -> Function [36mUDPv4Transport[m
[37;1m2026-10-06 03:23:25.100 [31;1m[[37;1mTRANSPORT_UDP[31;1m Error] [37mError creating socket: Operation not permitted[34;1m -> Function [36minit[m
[37;1m2026-10-06 03:23:25.101 [31;1m[[37;1mRTPS_PARTICIPANT[31;1m Error] [37mUser transport failed to register.[34;1m -> Function [36mRTPSParticipantImpl[m
[INFO] [1791224605.112185822] [upper_planner_node]: planner state input: Odometry topic=/motive/vehicle/odom_map yaw=orientation.z scalar
[INFO] [1791224605.115166239] [upper_planner_node]: Egocentric MIQP planner ready: rate=1.00Hz pred_dt=0.750s Nmax=7 lower_dt=0.100s target_v=6.000m/s scale=fullscale wheelbase=2.80m length=4.70m bev=40.00m margin=2.00m state=odom grid=/bev/occupancy_grid sparse=/planner/upper_path_sparse dense=/planner/lower_reference_path
[INFO] [1791224605.115314724] [upper_planner_node]: upper branch model: cumulative_increment=1 turn_window_at_split=1 turn_target_absolute=1 split_continuity=6.75m r_dpsi=3.000 lambda_turn=0.600
[INFO] [1791224605.124207844] [lower_tracking_mpc_node]: LowerTrackingMpcNode ready: rate=10.00Hz dt=0.100s N=30 path=/planner/lower_reference_path scale=fullscale wheelbase=2.80m rear_offset=1.40m command_scale=0.350rad actuator_model=1 delay=0.00s tau=0.74s backend=disabled virtual=/cmd_control
"Yright_target_diverging_off+0_yaw+0" "tau0.5" "lower_rd240" "goal_reached" cycles=255
getifaddrs: Operation not permitted
getifaddrs: Operation not permitted
[37;1m2026-10-06 03:23:25.236 [31;1m[[37;1mTRANSPORT[31;1m Error] [37mAll whitelist interfaces were filtered out[34;1m -> Function [36mUDPv4Transport[m
[37;1m2026-10-06 03:23:25.236 [31;1m[[37;1mTRANSPORT_UDP[31;1m Error] [37mError creating socket: Operation not permitted[34;1m -> Function [36minit[m
[37;1m2026-10-06 03:23:25.237 [31;1m[[37;1mRTPS_PARTICIPANT[31;1m Error] [37mUser transport failed to register.[34;1m -> Function [36mRTPSParticipantImpl[m
[INFO] [1791224605.248134809] [upper_planner_node]: planner state input: Odometry topic=/motive/vehicle/odom_map yaw=orientation.z scalar
[INFO] [1791224605.250951093] [upper_planner_node]: Egocentric MIQP planner ready: rate=1.00Hz pred_dt=0.750s Nmax=7 lower_dt=0.100s target_v=6.000m/s scale=fullscale wheelbase=2.80m length=4.70m bev=40.00m margin=2.00m state=odom grid=/bev/occupancy_grid sparse=/planner/upper_path_sparse dense=/planner/lower_reference_path
[INFO] [1791224605.251100090] [upper_planner_node]: upper branch model: cumulative_increment=1 turn_window_at_split=1 turn_target_absolute=1 split_continuity=6.75m r_dpsi=3.000 lambda_turn=0.600
[INFO] [1791224605.259871062] [lower_tracking_mpc_node]: LowerTrackingMpcNode ready: rate=10.00Hz dt=0.100s N=30 path=/planner/lower_reference_path scale=fullscale wheelbase=2.80m rear_offset=1.40m command_scale=0.350rad actuator_model=1 delay=0.00s tau=0.74s backend=disabled virtual=/cmd_control
"Yright_target_diverging_off+0_yaw+0" "tau1.0" "baseline" "goal_reached" cycles=256
getifaddrs: Operation not permitted
getifaddrs: Operation not permitted
[37;1m2026-10-06 03:23:25.373 [31;1m[[37;1mTRANSPORT[31;1m Error] [37mAll whitelist interfaces were filtered out[34;1m -> Function [36mUDPv4Transport[m
[37;1m2026-10-06 03:23:25.373 [31;1m[[37;1mTRANSPORT_UDP[31;1m Error] [37mError creating socket: Operation not permitted[34;1m -> Function [36minit[m
[37;1m2026-10-06 03:23:25.373 [31;1m[[37;1mRTPS_PARTICIPANT[31;1m Error] [37mUser transport failed to register.[34;1m -> Function [36mRTPSParticipantImpl[m
[INFO] [1791224605.384520483] [upper_planner_node]: planner state input: Odometry topic=/motive/vehicle/odom_map yaw=orientation.z scalar
[INFO] [1791224605.387366591] [upper_planner_node]: Egocentric MIQP planner ready: rate=1.00Hz pred_dt=0.750s Nmax=7 lower_dt=0.100s target_v=6.000m/s scale=fullscale wheelbase=2.80m length=4.70m bev=40.00m margin=2.00m state=odom grid=/bev/occupancy_grid sparse=/planner/upper_path_sparse dense=/planner/lower_reference_path
[INFO] [1791224605.387533573] [upper_planner_node]: upper branch model: cumulative_increment=1 turn_window_at_split=1 turn_target_absolute=1 split_continuity=6.75m r_dpsi=3.000 lambda_turn=0.600
[INFO] [1791224605.396553673] [lower_tracking_mpc_node]: LowerTrackingMpcNode ready: rate=10.00Hz dt=0.100s N=30 path=/planner/lower_reference_path scale=fullscale wheelbase=2.80m rear_offset=1.40m command_scale=0.350rad actuator_model=1 delay=0.00s tau=0.74s backend=disabled virtual=/cmd_control
"Yright_target_diverging_off+0_yaw+0" "tau1.0" "lower_rd180" "goal_reached" cycles=256
getifaddrs: Operation not permitted
getifaddrs: Operation not permitted
[37;1m2026-10-06 03:23:25.511 [31;1m[[37;1mTRANSPORT[31;1m Error] [37mAll whitelist interfaces were filtered out[34;1m -> Function [36mUDPv4Transport[m
[37;1m2026-10-06 03:23:25.511 [31;1m[[37;1mTRANSPORT_UDP[31;1m Error] [37mError creating socket: Operation not permitted[34;1m -> Function [36minit[m
[37;1m2026-10-06 03:23:25.511 [31;1m[[37;1mRTPS_PARTICIPANT[31;1m Error] [37mUser transport failed to register.[34;1m -> Function [36mRTPSParticipantImpl[m
[INFO] [1791224605.522189430] [upper_planner_node]: planner state input: Odometry topic=/motive/vehicle/odom_map yaw=orientation.z scalar
[INFO] [1791224605.526100341] [upper_planner_node]: Egocentric MIQP planner ready: rate=1.00Hz pred_dt=0.750s Nmax=7 lower_dt=0.100s target_v=6.000m/s scale=fullscale wheelbase=2.80m length=4.70m bev=40.00m margin=2.00m state=odom grid=/bev/occupancy_grid sparse=/planner/upper_path_sparse dense=/planner/lower_reference_path
[INFO] [1791224605.526283739] [upper_planner_node]: upper branch model: cumulative_increment=1 turn_window_at_split=1 turn_target_absolute=1 split_continuity=6.75m r_dpsi=3.000 lambda_turn=0.600
[INFO] [1791224605.535485573] [lower_tracking_mpc_node]: LowerTrackingMpcNode ready: rate=10.00Hz dt=0.100s N=30 path=/planner/lower_reference_path scale=fullscale wheelbase=2.80m rear_offset=1.40m command_scale=0.350rad actuator_model=1 delay=0.00s tau=0.74s backend=disabled virtual=/cmd_control
"Yright_target_diverging_off+0_yaw+0" "tau1.0" "lower_rd240" "goal_reached" cycles=255
getifaddrs: Operation not permitted
getifaddrs: Operation not permitted
[37;1m2026-10-06 03:23:25.654 [31;1m[[37;1mTRANSPORT[31;1m Error] [37mAll whitelist interfaces were filtered out[34;1m -> Function [36mUDPv4Transport[m
[37;1m2026-10-06 03:23:25.654 [31;1m[[37;1mTRANSPORT_UDP[31;1m Error] [37mError creating socket: Operation not permitted[34;1m -> Function [36minit[m
[37;1m2026-10-06 03:23:25.654 [31;1m[[37;1mRTPS_PARTICIPANT[31;1m Error] [37mUser transport failed to register.[34;1m -> Function [36mRTPSParticipantImpl[m
[INFO] [1791224605.665713607] [upper_planner_node]: planner state input: Odometry topic=/motive/vehicle/odom_map yaw=orientation.z scalar
[INFO] [1791224605.668632646] [upper_planner_node]: Egocentric MIQP planner ready: rate=1.00Hz pred_dt=0.750s Nmax=7 lower_dt=0.100s target_v=6.000m/s scale=fullscale wheelbase=2.80m length=4.70m bev=40.00m margin=2.00m state=odom grid=/bev/occupancy_grid sparse=/planner/upper_path_sparse dense=/planner/lower_reference_path
[INFO] [1791224605.668808235] [upper_planner_node]: upper branch model: cumulative_increment=1 turn_window_at_split=1 turn_target_absolute=1 split_continuity=6.75m r_dpsi=3.000 lambda_turn=0.600
[INFO] [1791224605.678456612] [lower_tracking_mpc_node]: LowerTrackingMpcNode ready: rate=10.00Hz dt=0.100s N=30 path=/planner/lower_reference_path scale=fullscale wheelbase=2.80m rear_offset=1.40m command_scale=0.350rad actuator_model=1 delay=0.00s tau=0.74s backend=disabled virtual=/cmd_control
"Yright_target_continuing_off+0_yaw+0" "tau0.74_noise2" "baseline" "goal_reached" cycles=256
getifaddrs: Operation not permitted
getifaddrs: Operation not permitted
[37;1m2026-10-06 03:23:25.790 [31;1m[[37;1mTRANSPORT[31;1m Error] [37mAll whitelist interfaces were filtered out[34;1m -> Function [36mUDPv4Transport[m
[37;1m2026-10-06 03:23:25.790 [31;1m[[37;1mTRANSPORT_UDP[31;1m Error] [37mError creating socket: Operation not permitted[34;1m -> Function [36minit[m
[37;1m2026-10-06 03:23:25.790 [31;1m[[37;1mRTPS_PARTICIPANT[31;1m Error] [37mUser transport failed to register.[34;1m -> Function [36mRTPSParticipantImpl[m
[INFO] [1791224605.801669762] [upper_planner_node]: planner state input: Odometry topic=/motive/vehicle/odom_map yaw=orientation.z scalar
[INFO] [1791224605.804596321] [upper_planner_node]: Egocentric MIQP planner ready: rate=1.00Hz pred_dt=0.750s Nmax=7 lower_dt=0.100s target_v=6.000m/s scale=fullscale wheelbase=2.80m length=4.70m bev=40.00m margin=2.00m state=odom grid=/bev/occupancy_grid sparse=/planner/upper_path_sparse dense=/planner/lower_reference_path
[INFO] [1791224605.804763879] [upper_planner_node]: upper branch model: cumulative_increment=1 turn_window_at_split=1 turn_target_absolute=1 split_continuity=6.75m r_dpsi=3.000 lambda_turn=0.600
[INFO] [1791224605.813675496] [lower_tracking_mpc_node]: LowerTrackingMpcNode ready: rate=10.00Hz dt=0.100s N=30 path=/planner/lower_reference_path scale=fullscale wheelbase=2.80m rear_offset=1.40m command_scale=0.350rad actuator_model=1 delay=0.00s tau=0.74s backend=disabled virtual=/cmd_control
"Yright_target_continuing_off+0_yaw+0" "tau0.74_noise2" "lower_rd180" "goal_reached" cycles=256
getifaddrs: Operation not permitted
getifaddrs: Operation not permitted
[37;1m2026-10-06 03:23:25.925 [31;1m[[37;1mTRANSPORT[31;1m Error] [37mAll whitelist interfaces were filtered out[34;1m -> Function [36mUDPv4Transport[m
[37;1m2026-10-06 03:23:25.926 [31;1m[[37;1mTRANSPORT_UDP[31;1m Error] [37mError creating socket: Operation not permitted[34;1m -> Function [36minit[m
[37;1m2026-10-06 03:23:25.926 [31;1m[[37;1mRTPS_PARTICIPANT[31;1m Error] [37mUser transport failed to register.[34;1m -> Function [36mRTPSParticipantImpl[m
[INFO] [1791224605.937636350] [upper_planner_node]: planner state input: Odometry topic=/motive/vehicle/odom_map yaw=orientation.z scalar
[INFO] [1791224605.940733411] [upper_planner_node]: Egocentric MIQP planner ready: rate=1.00Hz pred_dt=0.750s Nmax=7 lower_dt=0.100s target_v=6.000m/s scale=fullscale wheelbase=2.80m length=4.70m bev=40.00m margin=2.00m state=odom grid=/bev/occupancy_grid sparse=/planner/upper_path_sparse dense=/planner/lower_reference_path
[INFO] [1791224605.940959434] [upper_planner_node]: upper branch model: cumulative_increment=1 turn_window_at_split=1 turn_target_absolute=1 split_continuity=6.75m r_dpsi=3.000 lambda_turn=0.600
[INFO] [1791224605.949964430] [lower_tracking_mpc_node]: LowerTrackingMpcNode ready: rate=10.00Hz dt=0.100s N=30 path=/planner/lower_reference_path scale=fullscale wheelbase=2.80m rear_offset=1.40m command_scale=0.350rad actuator_model=1 delay=0.00s tau=0.74s backend=disabled virtual=/cmd_control
"Yright_target_continuing_off+0_yaw+0" "tau0.74_noise2" "lower_rd240" "goal_reached" cycles=256
getifaddrs: Operation not permitted
getifaddrs: Operation not permitted
[37;1m2026-10-06 03:23:26.062 [31;1m[[37;1mTRANSPORT[31;1m Error] [37mAll whitelist interfaces were filtered out[34;1m -> Function [36mUDPv4Transport[m
[37;1m2026-10-06 03:23:26.063 [31;1m[[37;1mTRANSPORT_UDP[31;1m Error] [37mError creating socket: Operation not permitted[34;1m -> Function [36minit[m
[37;1m2026-10-06 03:23:26.063 [31;1m[[37;1mRTPS_PARTICIPANT[31;1m Error] [37mUser transport failed to register.[34;1m -> Function [36mRTPSParticipantImpl[m
[INFO] [1791224606.074366803] [upper_planner_node]: planner state input: Odometry topic=/motive/vehicle/odom_map yaw=orientation.z scalar
[INFO] [1791224606.077248816] [upper_planner_node]: Egocentric MIQP planner ready: rate=1.00Hz pred_dt=0.750s Nmax=7 lower_dt=0.100s target_v=6.000m/s scale=fullscale wheelbase=2.80m length=4.70m bev=40.00m margin=2.00m state=odom grid=/bev/occupancy_grid sparse=/planner/upper_path_sparse dense=/planner/lower_reference_path
[INFO] [1791224606.077562075] [upper_planner_node]: upper branch model: cumulative_increment=1 turn_window_at_split=1 turn_target_absolute=1 split_continuity=6.75m r_dpsi=3.000 lambda_turn=0.600
[INFO] [1791224606.086606016] [lower_tracking_mpc_node]: LowerTrackingMpcNode ready: rate=10.00Hz dt=0.100s N=30 path=/planner/lower_reference_path scale=fullscale wheelbase=2.80m rear_offset=1.40m command_scale=0.350rad actuator_model=1 delay=0.00s tau=0.74s backend=disabled virtual=/cmd_control
"Yright_target_continuing_off+0_yaw+0" "tau0.5" "baseline" "goal_reached" cycles=256
getifaddrs: Operation not permitted
getifaddrs: Operation not permitted
[37;1m2026-10-06 03:23:26.314 [31;1m[[37;1mTRANSPORT[31;1m Error] [37mAll whitelist interfaces were filtered out[34;1m -> Function [36mUDPv4Transport[m
[37;1m2026-10-06 03:23:26.315 [31;1m[[37;1mTRANSPORT_UDP[31;1m Error] [37mError creating socket: Operation not permitted[34;1m -> Function [36minit[m
[37;1m2026-10-06 03:23:26.315 [31;1m[[37;1mRTPS_PARTICIPANT[31;1m Error] [37mUser transport failed to register.[34;1m -> Function [36mRTPSParticipantImpl[m
[INFO] [1791224606.327494152] [upper_planner_node]: planner state input: Odometry topic=/motive/vehicle/odom_map yaw=orientation.z scalar
[INFO] [1791224606.330437767] [upper_planner_node]: Egocentric MIQP planner ready: rate=1.00Hz pred_dt=0.750s Nmax=7 lower_dt=0.100s target_v=6.000m/s scale=fullscale wheelbase=2.80m length=4.70m bev=40.00m margin=2.00m state=odom grid=/bev/occupancy_grid sparse=/planner/upper_path_sparse dense=/planner/lower_reference_path
[INFO] [1791224606.330602925] [upper_planner_node]: upper branch model: cumulative_increment=1 turn_window_at_split=1 turn_target_absolute=1 split_continuity=6.75m r_dpsi=3.000 lambda_turn=0.600
[INFO] [1791224606.339499309] [lower_tracking_mpc_node]: LowerTrackingMpcNode ready: rate=10.00Hz dt=0.100s N=30 path=/planner/lower_reference_path scale=fullscale wheelbase=2.80m rear_offset=1.40m command_scale=0.350rad actuator_model=1 delay=0.00s tau=0.74s backend=disabled virtual=/cmd_control
"Yright_target_continuing_off+0_yaw+0" "tau0.5" "lower_rd180" "goal_reached" cycles=256
getifaddrs: Operation not permitted
getifaddrs: Operation not permitted
[37;1m2026-10-06 03:23:26.451 [31;1m[[37;1mTRANSPORT[31;1m Error] [37mAll whitelist interfaces were filtered out[34;1m -> Function [36mUDPv4Transport[m
[37;1m2026-10-06 03:23:26.451 [31;1m[[37;1mTRANSPORT_UDP[31;1m Error] [37mError creating socket: Operation not permitted[34;1m -> Function [36minit[m
[37;1m2026-10-06 03:23:26.451 [31;1m[[37;1mRTPS_PARTICIPANT[31;1m Error] [37mUser transport failed to register.[34;1m -> Function [36mRTPSParticipantImpl[m
[INFO] [1791224606.462934482] [upper_planner_node]: planner state input: Odometry topic=/motive/vehicle/odom_map yaw=orientation.z scalar
[INFO] [1791224606.465861617] [upper_planner_node]: Egocentric MIQP planner ready: rate=1.00Hz pred_dt=0.750s Nmax=7 lower_dt=0.100s target_v=6.000m/s scale=fullscale wheelbase=2.80m length=4.70m bev=40.00m margin=2.00m state=odom grid=/bev/occupancy_grid sparse=/planner/upper_path_sparse dense=/planner/lower_reference_path
[INFO] [1791224606.466279103] [upper_planner_node]: upper branch model: cumulative_increment=1 turn_window_at_split=1 turn_target_absolute=1 split_continuity=6.75m r_dpsi=3.000 lambda_turn=0.600
[INFO] [1791224606.475200640] [lower_tracking_mpc_node]: LowerTrackingMpcNode ready: rate=10.00Hz dt=0.100s N=30 path=/planner/lower_reference_path scale=fullscale wheelbase=2.80m rear_offset=1.40m command_scale=0.350rad actuator_model=1 delay=0.00s tau=0.74s backend=disabled virtual=/cmd_control
"Yright_target_continuing_off+0_yaw+0" "tau0.5" "lower_rd240" "goal_reached" cycles=256
getifaddrs: Operation not permitted
getifaddrs: Operation not permitted
[37;1m2026-10-06 03:23:26.585 [31;1m[[37;1mTRANSPORT[31;1m Error] [37mAll whitelist interfaces were filtered out[34;1m -> Function [36mUDPv4Transport[m
[37;1m2026-10-06 03:23:26.586 [31;1m[[37;1mTRANSPORT_UDP[31;1m Error] [37mError creating socket: Operation not permitted[34;1m -> Function [36minit[m
[37;1m2026-10-06 03:23:26.586 [31;1m[[37;1mRTPS_PARTICIPANT[31;1m Error] [37mUser transport failed to register.[34;1m -> Function [36mRTPSParticipantImpl[m
[INFO] [1791224606.597621893] [upper_planner_node]: planner state input: Odometry topic=/motive/vehicle/odom_map yaw=orientation.z scalar
[INFO] [1791224606.600799212] [upper_planner_node]: Egocentric MIQP planner ready: rate=1.00Hz pred_dt=0.750s Nmax=7 lower_dt=0.100s target_v=6.000m/s scale=fullscale wheelbase=2.80m length=4.70m bev=40.00m margin=2.00m state=odom grid=/bev/occupancy_grid sparse=/planner/upper_path_sparse dense=/planner/lower_reference_path
[INFO] [1791224606.601014035] [upper_planner_node]: upper branch model: cumulative_increment=1 turn_window_at_split=1 turn_target_absolute=1 split_continuity=6.75m r_dpsi=3.000 lambda_turn=0.600
[INFO] [1791224606.610741486] [lower_tracking_mpc_node]: LowerTrackingMpcNode ready: rate=10.00Hz dt=0.100s N=30 path=/planner/lower_reference_path scale=fullscale wheelbase=2.80m rear_offset=1.40m command_scale=0.350rad actuator_model=1 delay=0.00s tau=0.74s backend=disabled virtual=/cmd_control
"Yright_target_continuing_off+0_yaw+0" "tau1.0" "baseline" "goal_reached" cycles=256
getifaddrs: Operation not permitted
getifaddrs: Operation not permitted
[37;1m2026-10-06 03:23:26.723 [31;1m[[37;1mTRANSPORT[31;1m Error] [37mAll whitelist interfaces were filtered out[34;1m -> Function [36mUDPv4Transport[m
[37;1m2026-10-06 03:23:26.723 [31;1m[[37;1mTRANSPORT_UDP[31;1m Error] [37mError creating socket: Operation not permitted[34;1m -> Function [36minit[m
[37;1m2026-10-06 03:23:26.723 [31;1m[[37;1mRTPS_PARTICIPANT[31;1m Error] [37mUser transport failed to register.[34;1m -> Function [36mRTPSParticipantImpl[m
[INFO] [1791224606.734936108] [upper_planner_node]: planner state input: Odometry topic=/motive/vehicle/odom_map yaw=orientation.z scalar
[INFO] [1791224606.737908524] [upper_planner_node]: Egocentric MIQP planner ready: rate=1.00Hz pred_dt=0.750s Nmax=7 lower_dt=0.100s target_v=6.000m/s scale=fullscale wheelbase=2.80m length=4.70m bev=40.00m margin=2.00m state=odom grid=/bev/occupancy_grid sparse=/planner/upper_path_sparse dense=/planner/lower_reference_path
[INFO] [1791224606.738183797] [upper_planner_node]: upper branch model: cumulative_increment=1 turn_window_at_split=1 turn_target_absolute=1 split_continuity=6.75m r_dpsi=3.000 lambda_turn=0.600
[INFO] [1791224606.747197178] [lower_tracking_mpc_node]: LowerTrackingMpcNode ready: rate=10.00Hz dt=0.100s N=30 path=/planner/lower_reference_path scale=fullscale wheelbase=2.80m rear_offset=1.40m command_scale=0.350rad actuator_model=1 delay=0.00s tau=0.74s backend=disabled virtual=/cmd_control
"Yright_target_continuing_off+0_yaw+0" "tau1.0" "lower_rd180" "goal_reached" cycles=256
getifaddrs: Operation not permitted
getifaddrs: Operation not permitted
[37;1m2026-10-06 03:23:26.856 [31;1m[[37;1mTRANSPORT[31;1m Error] [37mAll whitelist interfaces were filtered out[34;1m -> Function [36mUDPv4Transport[m
[37;1m2026-10-06 03:23:26.856 [31;1m[[37;1mTRANSPORT_UDP[31;1m Error] [37mError creating socket: Operation not permitted[34;1m -> Function [36minit[m
[37;1m2026-10-06 03:23:26.856 [31;1m[[37;1mRTPS_PARTICIPANT[31;1m Error] [37mUser transport failed to register.[34;1m -> Function [36mRTPSParticipantImpl[m
[INFO] [1791224606.867704768] [upper_planner_node]: planner state input: Odometry topic=/motive/vehicle/odom_map yaw=orientation.z scalar
[INFO] [1791224606.870586525] [upper_planner_node]: Egocentric MIQP planner ready: rate=1.00Hz pred_dt=0.750s Nmax=7 lower_dt=0.100s target_v=6.000m/s scale=fullscale wheelbase=2.80m length=4.70m bev=40.00m margin=2.00m state=odom grid=/bev/occupancy_grid sparse=/planner/upper_path_sparse dense=/planner/lower_reference_path
[INFO] [1791224606.870729122] [upper_planner_node]: upper branch model: cumulative_increment=1 turn_window_at_split=1 turn_target_absolute=1 split_continuity=6.75m r_dpsi=3.000 lambda_turn=0.600
[INFO] [1791224606.879513727] [lower_tracking_mpc_node]: LowerTrackingMpcNode ready: rate=10.00Hz dt=0.100s N=30 path=/planner/lower_reference_path scale=fullscale wheelbase=2.80m rear_offset=1.40m command_scale=0.350rad actuator_model=1 delay=0.00s tau=0.74s backend=disabled virtual=/cmd_control
"Yright_target_continuing_off+0_yaw+0" "tau1.0" "lower_rd240" "goal_reached" cycles=256
getifaddrs: Operation not permitted
getifaddrs: Operation not permitted
[37;1m2026-10-06 03:23:26.993 [31;1m[[37;1mTRANSPORT[31;1m Error] [37mAll whitelist interfaces were filtered out[34;1m -> Function [36mUDPv4Transport[m
[37;1m2026-10-06 03:23:26.993 [31;1m[[37;1mTRANSPORT_UDP[31;1m Error] [37mError creating socket: Operation not permitted[34;1m -> Function [36minit[m
[37;1m2026-10-06 03:23:26.993 [31;1m[[37;1mRTPS_PARTICIPANT[31;1m Error] [37mUser transport failed to register.[34;1m -> Function [36mRTPSParticipantImpl[m
[INFO] [1791224607.005610010] [upper_planner_node]: planner state input: Odometry topic=/motive/vehicle/odom_map yaw=orientation.z scalar
[INFO] [1791224607.008624220] [upper_planner_node]: Egocentric MIQP planner ready: rate=1.00Hz pred_dt=0.750s Nmax=7 lower_dt=0.100s target_v=6.000m/s scale=fullscale wheelbase=2.80m length=4.70m bev=40.00m margin=2.00m state=odom grid=/bev/occupancy_grid sparse=/planner/upper_path_sparse dense=/planner/lower_reference_path
[INFO] [1791224607.008837667] [upper_planner_node]: upper branch model: cumulative_increment=1 turn_window_at_split=1 turn_target_absolute=1 split_continuity=6.75m r_dpsi=3.000 lambda_turn=0.600
[INFO] [1791224607.017914570] [lower_tracking_mpc_node]: LowerTrackingMpcNode ready: rate=10.00Hz dt=0.100s N=30 path=/planner/lower_reference_path scale=fullscale wheelbase=2.80m rear_offset=1.40m command_scale=0.350rad actuator_model=1 delay=0.00s tau=0.74s backend=disabled virtual=/cmd_control
"Yleft_target_diverging_off+0_yaw+0" "tau0.74_noise2" "baseline" "goal_reached" cycles=255
getifaddrs: Operation not permitted
getifaddrs: Operation not permitted
[37;1m2026-10-06 03:23:27.135 [31;1m[[37;1mTRANSPORT[31;1m Error] [37mAll whitelist interfaces were filtered out[34;1m -> Function [36mUDPv4Transport[m
[37;1m2026-10-06 03:23:27.135 [31;1m[[37;1mTRANSPORT_UDP[31;1m Error] [37mError creating socket: Operation not permitted[34;1m -> Function [36minit[m
[37;1m2026-10-06 03:23:27.135 [31;1m[[37;1mRTPS_PARTICIPANT[31;1m Error] [37mUser transport failed to register.[34;1m -> Function [36mRTPSParticipantImpl[m
[INFO] [1791224607.146763294] [upper_planner_node]: planner state input: Odometry topic=/motive/vehicle/odom_map yaw=orientation.z scalar
[INFO] [1791224607.149710494] [upper_planner_node]: Egocentric MIQP planner ready: rate=1.00Hz pred_dt=0.750s Nmax=7 lower_dt=0.100s target_v=6.000m/s scale=fullscale wheelbase=2.80m length=4.70m bev=40.00m margin=2.00m state=odom grid=/bev/occupancy_grid sparse=/planner/upper_path_sparse dense=/planner/lower_reference_path
[INFO] [1791224607.149893028] [upper_planner_node]: upper branch model: cumulative_increment=1 turn_window_at_split=1 turn_target_absolute=1 split_continuity=6.75m r_dpsi=3.000 lambda_turn=0.600
[INFO] [1791224607.158837990] [lower_tracking_mpc_node]: LowerTrackingMpcNode ready: rate=10.00Hz dt=0.100s N=30 path=/planner/lower_reference_path scale=fullscale wheelbase=2.80m rear_offset=1.40m command_scale=0.350rad actuator_model=1 delay=0.00s tau=0.74s backend=disabled virtual=/cmd_control
"Yleft_target_diverging_off+0_yaw+0" "tau0.74_noise2" "lower_rd180" "goal_reached" cycles=256
getifaddrs: Operation not permitted
getifaddrs: Operation not permitted
[37;1m2026-10-06 03:23:27.275 [31;1m[[37;1mTRANSPORT[31;1m Error] [37mAll whitelist interfaces were filtered out[34;1m -> Function [36mUDPv4Transport[m
[37;1m2026-10-06 03:23:27.276 [31;1m[[37;1mTRANSPORT_UDP[31;1m Error] [37mError creating socket: Operation not permitted[34;1m -> Function [36minit[m
[37;1m2026-10-06 03:23:27.276 [31;1m[[37;1mRTPS_PARTICIPANT[31;1m Error] [37mUser transport failed to register.[34;1m -> Function [36mRTPSParticipantImpl[m
[INFO] [1791224607.287275085] [upper_planner_node]: planner state input: Odometry topic=/motive/vehicle/odom_map yaw=orientation.z scalar
[INFO] [1791224607.290298095] [upper_planner_node]: Egocentric MIQP planner ready: rate=1.00Hz pred_dt=0.750s Nmax=7 lower_dt=0.100s target_v=6.000m/s scale=fullscale wheelbase=2.80m length=4.70m bev=40.00m margin=2.00m state=odom grid=/bev/occupancy_grid sparse=/planner/upper_path_sparse dense=/planner/lower_reference_path
[INFO] [1791224607.290451572] [upper_planner_node]: upper branch model: cumulative_increment=1 turn_window_at_split=1 turn_target_absolute=1 split_continuity=6.75m r_dpsi=3.000 lambda_turn=0.600
[INFO] [1791224607.299768610] [lower_tracking_mpc_node]: LowerTrackingMpcNode ready: rate=10.00Hz dt=0.100s N=30 path=/planner/lower_reference_path scale=fullscale wheelbase=2.80m rear_offset=1.40m command_scale=0.350rad actuator_model=1 delay=0.00s tau=0.74s backend=disabled virtual=/cmd_control
"Yleft_target_diverging_off+0_yaw+0" "tau0.74_noise2" "lower_rd240" "goal_reached" cycles=256
getifaddrs: Operation not permitted
getifaddrs: Operation not permitted
[37;1m2026-10-06 03:23:27.415 [31;1m[[37;1mTRANSPORT[31;1m Error] [37mAll whitelist interfaces were filtered out[34;1m -> Function [36mUDPv4Transport[m
[37;1m2026-10-06 03:23:27.415 [31;1m[[37;1mTRANSPORT_UDP[31;1m Error] [37mError creating socket: Operation not permitted[34;1m -> Function [36minit[m
[37;1m2026-10-06 03:23:27.415 [31;1m[[37;1mRTPS_PARTICIPANT[31;1m Error] [37mUser transport failed to register.[34;1m -> Function [36mRTPSParticipantImpl[m
[INFO] [1791224607.426814460] [upper_planner_node]: planner state input: Odometry topic=/motive/vehicle/odom_map yaw=orientation.z scalar
[INFO] [1791224607.429755804] [upper_planner_node]: Egocentric MIQP planner ready: rate=1.00Hz pred_dt=0.750s Nmax=7 lower_dt=0.100s target_v=6.000m/s scale=fullscale wheelbase=2.80m length=4.70m bev=40.00m margin=2.00m state=odom grid=/bev/occupancy_grid sparse=/planner/upper_path_sparse dense=/planner/lower_reference_path
[INFO] [1791224607.429931202] [upper_planner_node]: upper branch model: cumulative_increment=1 turn_window_at_split=1 turn_target_absolute=1 split_continuity=6.75m r_dpsi=3.000 lambda_turn=0.600
[INFO] [1791224607.439065130] [lower_tracking_mpc_node]: LowerTrackingMpcNode ready: rate=10.00Hz dt=0.100s N=30 path=/planner/lower_reference_path scale=fullscale wheelbase=2.80m rear_offset=1.40m command_scale=0.350rad actuator_model=1 delay=0.00s tau=0.74s backend=disabled virtual=/cmd_control
"Yleft_target_diverging_off+0_yaw+0" "tau0.5" "baseline" "goal_reached" cycles=255
getifaddrs: Operation not permitted
getifaddrs: Operation not permitted
[37;1m2026-10-06 03:23:27.552 [31;1m[[37;1mTRANSPORT[31;1m Error] [37mAll whitelist interfaces were filtered out[34;1m -> Function [36mUDPv4Transport[m
[37;1m2026-10-06 03:23:27.552 [31;1m[[37;1mTRANSPORT_UDP[31;1m Error] [37mError creating socket: Operation not permitted[34;1m -> Function [36minit[m
[37;1m2026-10-06 03:23:27.552 [31;1m[[37;1mRTPS_PARTICIPANT[31;1m Error] [37mUser transport failed to register.[34;1m -> Function [36mRTPSParticipantImpl[m
[INFO] [1791224607.563139555] [upper_planner_node]: planner state input: Odometry topic=/motive/vehicle/odom_map yaw=orientation.z scalar
[INFO] [1791224607.565979680] [upper_planner_node]: Egocentric MIQP planner ready: rate=1.00Hz pred_dt=0.750s Nmax=7 lower_dt=0.100s target_v=6.000m/s scale=fullscale wheelbase=2.80m length=4.70m bev=40.00m margin=2.00m state=odom grid=/bev/occupancy_grid sparse=/planner/upper_path_sparse dense=/planner/lower_reference_path
[INFO] [1791224607.566259913] [upper_planner_node]: upper branch model: cumulative_increment=1 turn_window_at_split=1 turn_target_absolute=1 split_continuity=6.75m r_dpsi=3.000 lambda_turn=0.600
[INFO] [1791224607.575330543] [lower_tracking_mpc_node]: LowerTrackingMpcNode ready: rate=10.00Hz dt=0.100s N=30 path=/planner/lower_reference_path scale=fullscale wheelbase=2.80m rear_offset=1.40m command_scale=0.350rad actuator_model=1 delay=0.00s tau=0.74s backend=disabled virtual=/cmd_control
"Yleft_target_diverging_off+0_yaw+0" "tau0.5" "lower_rd180" "goal_reached" cycles=255
getifaddrs: Operation not permitted
getifaddrs: Operation not permitted
[37;1m2026-10-06 03:23:27.690 [31;1m[[37;1mTRANSPORT[31;1m Error] [37mAll whitelist interfaces were filtered out[34;1m -> Function [36mUDPv4Transport[m
[37;1m2026-10-06 03:23:27.690 [31;1m[[37;1mTRANSPORT_UDP[31;1m Error] [37mError creating socket: Operation not permitted[34;1m -> Function [36minit[m
[37;1m2026-10-06 03:23:27.690 [31;1m[[37;1mRTPS_PARTICIPANT[31;1m Error] [37mUser transport failed to register.[34;1m -> Function [36mRTPSParticipantImpl[m
[INFO] [1791224607.701520749] [upper_planner_node]: planner state input: Odometry topic=/motive/vehicle/odom_map yaw=orientation.z scalar
[INFO] [1791224607.704427468] [upper_planner_node]: Egocentric MIQP planner ready: rate=1.00Hz pred_dt=0.750s Nmax=7 lower_dt=0.100s target_v=6.000m/s scale=fullscale wheelbase=2.80m length=4.70m bev=40.00m margin=2.00m state=odom grid=/bev/occupancy_grid sparse=/planner/upper_path_sparse dense=/planner/lower_reference_path
[INFO] [1791224607.704626706] [upper_planner_node]: upper branch model: cumulative_increment=1 turn_window_at_split=1 turn_target_absolute=1 split_continuity=6.75m r_dpsi=3.000 lambda_turn=0.600
[INFO] [1791224607.713412431] [lower_tracking_mpc_node]: LowerTrackingMpcNode ready: rate=10.00Hz dt=0.100s N=30 path=/planner/lower_reference_path scale=fullscale wheelbase=2.80m rear_offset=1.40m command_scale=0.350rad actuator_model=1 delay=0.00s tau=0.74s backend=disabled virtual=/cmd_control
"Yleft_target_diverging_off+0_yaw+0" "tau0.5" "lower_rd240" "goal_reached" cycles=255
getifaddrs: Operation not permitted
getifaddrs: Operation not permitted
[37;1m2026-10-06 03:23:27.829 [31;1m[[37;1mTRANSPORT[31;1m Error] [37mAll whitelist interfaces were filtered out[34;1m -> Function [36mUDPv4Transport[m
[37;1m2026-10-06 03:23:27.829 [31;1m[[37;1mTRANSPORT_UDP[31;1m Error] [37mError creating socket: Operation not permitted[34;1m -> Function [36minit[m
[37;1m2026-10-06 03:23:27.829 [31;1m[[37;1mRTPS_PARTICIPANT[31;1m Error] [37mUser transport failed to register.[34;1m -> Function [36mRTPSParticipantImpl[m
[INFO] [1791224607.840827669] [upper_planner_node]: planner state input: Odometry topic=/motive/vehicle/odom_map yaw=orientation.z scalar
[INFO] [1791224607.843834935] [upper_planner_node]: Egocentric MIQP planner ready: rate=1.00Hz pred_dt=0.750s Nmax=7 lower_dt=0.100s target_v=6.000m/s scale=fullscale wheelbase=2.80m length=4.70m bev=40.00m margin=2.00m state=odom grid=/bev/occupancy_grid sparse=/planner/upper_path_sparse dense=/planner/lower_reference_path
[INFO] [1791224607.844015005] [upper_planner_node]: upper branch model: cumulative_increment=1 turn_window_at_split=1 turn_target_absolute=1 split_continuity=6.75m r_dpsi=3.000 lambda_turn=0.600
[INFO] [1791224607.853028801] [lower_tracking_mpc_node]: LowerTrackingMpcNode ready: rate=10.00Hz dt=0.100s N=30 path=/planner/lower_reference_path scale=fullscale wheelbase=2.80m rear_offset=1.40m command_scale=0.350rad actuator_model=1 delay=0.00s tau=0.74s backend=disabled virtual=/cmd_control
"Yleft_target_diverging_off+0_yaw+0" "tau1.0" "baseline" "goal_reached" cycles=256
getifaddrs: Operation not permitted
getifaddrs: Operation not permitted
[37;1m2026-10-06 03:23:27.968 [31;1m[[37;1mTRANSPORT[31;1m Error] [37mAll whitelist interfaces were filtered out[34;1m -> Function [36mUDPv4Transport[m
[37;1m2026-10-06 03:23:27.968 [31;1m[[37;1mTRANSPORT_UDP[31;1m Error] [37mError creating socket: Operation not permitted[34;1m -> Function [36minit[m
[37;1m2026-10-06 03:23:27.968 [31;1m[[37;1mRTPS_PARTICIPANT[31;1m Error] [37mUser transport failed to register.[34;1m -> Function [36mRTPSParticipantImpl[m
[INFO] [1791224607.979375748] [upper_planner_node]: planner state input: Odometry topic=/motive/vehicle/odom_map yaw=orientation.z scalar
[INFO] [1791224607.982337220] [upper_planner_node]: Egocentric MIQP planner ready: rate=1.00Hz pred_dt=0.750s Nmax=7 lower_dt=0.100s target_v=6.000m/s scale=fullscale wheelbase=2.80m length=4.70m bev=40.00m margin=2.00m state=odom grid=/bev/occupancy_grid sparse=/planner/upper_path_sparse dense=/planner/lower_reference_path
[INFO] [1791224607.982620430] [upper_planner_node]: upper branch model: cumulative_increment=1 turn_window_at_split=1 turn_target_absolute=1 split_continuity=6.75m r_dpsi=3.000 lambda_turn=0.600
[INFO] [1791224607.991940060] [lower_tracking_mpc_node]: LowerTrackingMpcNode ready: rate=10.00Hz dt=0.100s N=30 path=/planner/lower_reference_path scale=fullscale wheelbase=2.80m rear_offset=1.40m command_scale=0.350rad actuator_model=1 delay=0.00s tau=0.74s backend=disabled virtual=/cmd_control
"Yleft_target_diverging_off+0_yaw+0" "tau1.0" "lower_rd180" "goal_reached" cycles=256
getifaddrs: Operation not permitted
getifaddrs: Operation not permitted
[37;1m2026-10-06 03:23:28.107 [31;1m[[37;1mTRANSPORT[31;1m Error] [37mAll whitelist interfaces were filtered out[34;1m -> Function [36mUDPv4Transport[m
[37;1m2026-10-06 03:23:28.108 [31;1m[[37;1mTRANSPORT_UDP[31;1m Error] [37mError creating socket: Operation not permitted[34;1m -> Function [36minit[m
[37;1m2026-10-06 03:23:28.108 [31;1m[[37;1mRTPS_PARTICIPANT[31;1m Error] [37mUser transport failed to register.[34;1m -> Function [36mRTPSParticipantImpl[m
[INFO] [1791224608.119569481] [upper_planner_node]: planner state input: Odometry topic=/motive/vehicle/odom_map yaw=orientation.z scalar
[INFO] [1791224608.122871572] [upper_planner_node]: Egocentric MIQP planner ready: rate=1.00Hz pred_dt=0.750s Nmax=7 lower_dt=0.100s target_v=6.000m/s scale=fullscale wheelbase=2.80m length=4.70m bev=40.00m margin=2.00m state=odom grid=/bev/occupancy_grid sparse=/planner/upper_path_sparse dense=/planner/lower_reference_path
[INFO] [1791224608.123080763] [upper_planner_node]: upper branch model: cumulative_increment=1 turn_window_at_split=1 turn_target_absolute=1 split_continuity=6.75m r_dpsi=3.000 lambda_turn=0.600
[INFO] [1791224608.132662930] [lower_tracking_mpc_node]: LowerTrackingMpcNode ready: rate=10.00Hz dt=0.100s N=30 path=/planner/lower_reference_path scale=fullscale wheelbase=2.80m rear_offset=1.40m command_scale=0.350rad actuator_model=1 delay=0.00s tau=0.74s backend=disabled virtual=/cmd_control
"Yleft_target_diverging_off+0_yaw+0" "tau1.0" "lower_rd240" "goal_reached" cycles=256
getifaddrs: Operation not permitted
getifaddrs: Operation not permitted
[37;1m2026-10-06 03:23:28.253 [31;1m[[37;1mTRANSPORT[31;1m Error] [37mAll whitelist interfaces were filtered out[34;1m -> Function [36mUDPv4Transport[m
[37;1m2026-10-06 03:23:28.253 [31;1m[[37;1mTRANSPORT_UDP[31;1m Error] [37mError creating socket: Operation not permitted[34;1m -> Function [36minit[m
[37;1m2026-10-06 03:23:28.253 [31;1m[[37;1mRTPS_PARTICIPANT[31;1m Error] [37mUser transport failed to register.[34;1m -> Function [36mRTPSParticipantImpl[m
[INFO] [1791224608.265054521] [upper_planner_node]: planner state input: Odometry topic=/motive/vehicle/odom_map yaw=orientation.z scalar
[INFO] [1791224608.268096956] [upper_planner_node]: Egocentric MIQP planner ready: rate=1.00Hz pred_dt=0.750s Nmax=7 lower_dt=0.100s target_v=6.000m/s scale=fullscale wheelbase=2.80m length=4.70m bev=40.00m margin=2.00m state=odom grid=/bev/occupancy_grid sparse=/planner/upper_path_sparse dense=/planner/lower_reference_path
[INFO] [1791224608.268314371] [upper_planner_node]: upper branch model: cumulative_increment=1 turn_window_at_split=1 turn_target_absolute=1 split_continuity=6.75m r_dpsi=3.000 lambda_turn=0.600
[INFO] [1791224608.277631345] [lower_tracking_mpc_node]: LowerTrackingMpcNode ready: rate=10.00Hz dt=0.100s N=30 path=/planner/lower_reference_path scale=fullscale wheelbase=2.80m rear_offset=1.40m command_scale=0.350rad actuator_model=1 delay=0.00s tau=0.74s backend=disabled virtual=/cmd_control
"Yleft_target_continuing_off+0_yaw+0" "tau0.74_noise2" "baseline" "goal_reached" cycles=256
getifaddrs: Operation not permitted
getifaddrs: Operation not permitted
[37;1m2026-10-06 03:23:28.389 [31;1m[[37;1mTRANSPORT[31;1m Error] [37mAll whitelist interfaces were filtered out[34;1m -> Function [36mUDPv4Transport[m
[37;1m2026-10-06 03:23:28.389 [31;1m[[37;1mTRANSPORT_UDP[31;1m Error] [37mError creating socket: Operation not permitted[34;1m -> Function [36minit[m
[37;1m2026-10-06 03:23:28.389 [31;1m[[37;1mRTPS_PARTICIPANT[31;1m Error] [37mUser transport failed to register.[34;1m -> Function [36mRTPSParticipantImpl[m
[INFO] [1791224608.401339678] [upper_planner_node]: planner state input: Odometry topic=/motive/vehicle/odom_map yaw=orientation.z scalar
[INFO] [1791224608.404195067] [upper_planner_node]: Egocentric MIQP planner ready: rate=1.00Hz pred_dt=0.750s Nmax=7 lower_dt=0.100s target_v=6.000m/s scale=fullscale wheelbase=2.80m length=4.70m bev=40.00m margin=2.00m state=odom grid=/bev/occupancy_grid sparse=/planner/upper_path_sparse dense=/planner/lower_reference_path
[INFO] [1791224608.404364289] [upper_planner_node]: upper branch model: cumulative_increment=1 turn_window_at_split=1 turn_target_absolute=1 split_continuity=6.75m r_dpsi=3.000 lambda_turn=0.600
[INFO] [1791224608.413419622] [lower_tracking_mpc_node]: LowerTrackingMpcNode ready: rate=10.00Hz dt=0.100s N=30 path=/planner/lower_reference_path scale=fullscale wheelbase=2.80m rear_offset=1.40m command_scale=0.350rad actuator_model=1 delay=0.00s tau=0.74s backend=disabled virtual=/cmd_control
"Yleft_target_continuing_off+0_yaw+0" "tau0.74_noise2" "lower_rd180" "goal_reached" cycles=256
getifaddrs: Operation not permitted
getifaddrs: Operation not permitted
[37;1m2026-10-06 03:23:28.525 [31;1m[[37;1mTRANSPORT[31;1m Error] [37mAll whitelist interfaces were filtered out[34;1m -> Function [36mUDPv4Transport[m
[37;1m2026-10-06 03:23:28.526 [31;1m[[37;1mTRANSPORT_UDP[31;1m Error] [37mError creating socket: Operation not permitted[34;1m -> Function [36minit[m
[37;1m2026-10-06 03:23:28.526 [31;1m[[37;1mRTPS_PARTICIPANT[31;1m Error] [37mUser transport failed to register.[34;1m -> Function [36mRTPSParticipantImpl[m
[INFO] [1791224608.537278489] [upper_planner_node]: planner state input: Odometry topic=/motive/vehicle/odom_map yaw=orientation.z scalar
[INFO] [1791224608.540268474] [upper_planner_node]: Egocentric MIQP planner ready: rate=1.00Hz pred_dt=0.750s Nmax=7 lower_dt=0.100s target_v=6.000m/s scale=fullscale wheelbase=2.80m length=4.70m bev=40.00m margin=2.00m state=odom grid=/bev/occupancy_grid sparse=/planner/upper_path_sparse dense=/planner/lower_reference_path
[INFO] [1791224608.540430431] [upper_planner_node]: upper branch model: cumulative_increment=1 turn_window_at_split=1 turn_target_absolute=1 split_continuity=6.75m r_dpsi=3.000 lambda_turn=0.600
[INFO] [1791224608.549444227] [lower_tracking_mpc_node]: LowerTrackingMpcNode ready: rate=10.00Hz dt=0.100s N=30 path=/planner/lower_reference_path scale=fullscale wheelbase=2.80m rear_offset=1.40m command_scale=0.350rad actuator_model=1 delay=0.00s tau=0.74s backend=disabled virtual=/cmd_control
"Yleft_target_continuing_off+0_yaw+0" "tau0.74_noise2" "lower_rd240" "goal_reached" cycles=256
getifaddrs: Operation not permitted
getifaddrs: Operation not permitted
[37;1m2026-10-06 03:23:28.661 [31;1m[[37;1mTRANSPORT[31;1m Error] [37mAll whitelist interfaces were filtered out[34;1m -> Function [36mUDPv4Transport[m
[37;1m2026-10-06 03:23:28.662 [31;1m[[37;1mTRANSPORT_UDP[31;1m Error] [37mError creating socket: Operation not permitted[34;1m -> Function [36minit[m
[37;1m2026-10-06 03:23:28.662 [31;1m[[37;1mRTPS_PARTICIPANT[31;1m Error] [37mUser transport failed to register.[34;1m -> Function [36mRTPSParticipantImpl[m
[INFO] [1791224608.673112848] [upper_planner_node]: planner state input: Odometry topic=/motive/vehicle/odom_map yaw=orientation.z scalar
[INFO] [1791224608.675980749] [upper_planner_node]: Egocentric MIQP planner ready: rate=1.00Hz pred_dt=0.750s Nmax=7 lower_dt=0.100s target_v=6.000m/s scale=fullscale wheelbase=2.80m length=4.70m bev=40.00m margin=2.00m state=odom grid=/bev/occupancy_grid sparse=/planner/upper_path_sparse dense=/planner/lower_reference_path
[INFO] [1791224608.676150738] [upper_planner_node]: upper branch model: cumulative_increment=1 turn_window_at_split=1 turn_target_absolute=1 split_continuity=6.75m r_dpsi=3.000 lambda_turn=0.600
[INFO] [1791224608.685249049] [lower_tracking_mpc_node]: LowerTrackingMpcNode ready: rate=10.00Hz dt=0.100s N=30 path=/planner/lower_reference_path scale=fullscale wheelbase=2.80m rear_offset=1.40m command_scale=0.350rad actuator_model=1 delay=0.00s tau=0.74s backend=disabled virtual=/cmd_control
"Yleft_target_continuing_off+0_yaw+0" "tau0.5" "baseline" "goal_reached" cycles=256
getifaddrs: Operation not permitted
getifaddrs: Operation not permitted
[37;1m2026-10-06 03:23:28.795 [31;1m[[37;1mTRANSPORT[31;1m Error] [37mAll whitelist interfaces were filtered out[34;1m -> Function [36mUDPv4Transport[m
[37;1m2026-10-06 03:23:28.795 [31;1m[[37;1mTRANSPORT_UDP[31;1m Error] [37mError creating socket: Operation not permitted[34;1m -> Function [36minit[m
[37;1m2026-10-06 03:23:28.795 [31;1m[[37;1mRTPS_PARTICIPANT[31;1m Error] [37mUser transport failed to register.[34;1m -> Function [36mRTPSParticipantImpl[m
[INFO] [1791224608.806917541] [upper_planner_node]: planner state input: Odometry topic=/motive/vehicle/odom_map yaw=orientation.z scalar
[INFO] [1791224608.809817315] [upper_planner_node]: Egocentric MIQP planner ready: rate=1.00Hz pred_dt=0.750s Nmax=7 lower_dt=0.100s target_v=6.000m/s scale=fullscale wheelbase=2.80m length=4.70m bev=40.00m margin=2.00m state=odom grid=/bev/occupancy_grid sparse=/planner/upper_path_sparse dense=/planner/lower_reference_path
[INFO] [1791224608.809990088] [upper_planner_node]: upper branch model: cumulative_increment=1 turn_window_at_split=1 turn_target_absolute=1 split_continuity=6.75m r_dpsi=3.000 lambda_turn=0.600
[INFO] [1791224608.818830855] [lower_tracking_mpc_node]: LowerTrackingMpcNode ready: rate=10.00Hz dt=0.100s N=30 path=/planner/lower_reference_path scale=fullscale wheelbase=2.80m rear_offset=1.40m command_scale=0.350rad actuator_model=1 delay=0.00s tau=0.74s backend=disabled virtual=/cmd_control
"Yleft_target_continuing_off+0_yaw+0" "tau0.5" "lower_rd180" "goal_reached" cycles=256
getifaddrs: Operation not permitted
getifaddrs: Operation not permitted
[37;1m2026-10-06 03:23:28.929 [31;1m[[37;1mTRANSPORT[31;1m Error] [37mAll whitelist interfaces were filtered out[34;1m -> Function [36mUDPv4Transport[m
[37;1m2026-10-06 03:23:28.929 [31;1m[[37;1mTRANSPORT_UDP[31;1m Error] [37mError creating socket: Operation not permitted[34;1m -> Function [36minit[m
[37;1m2026-10-06 03:23:28.929 [31;1m[[37;1mRTPS_PARTICIPANT[31;1m Error] [37mUser transport failed to register.[34;1m -> Function [36mRTPSParticipantImpl[m
[INFO] [1791224608.940642135] [upper_planner_node]: planner state input: Odometry topic=/motive/vehicle/odom_map yaw=orientation.z scalar
[INFO] [1791224608.943473491] [upper_planner_node]: Egocentric MIQP planner ready: rate=1.00Hz pred_dt=0.750s Nmax=7 lower_dt=0.100s target_v=6.000m/s scale=fullscale wheelbase=2.80m length=4.70m bev=40.00m margin=2.00m state=odom grid=/bev/occupancy_grid sparse=/planner/upper_path_sparse dense=/planner/lower_reference_path
[INFO] [1791224608.943659897] [upper_planner_node]: upper branch model: cumulative_increment=1 turn_window_at_split=1 turn_target_absolute=1 split_continuity=6.75m r_dpsi=3.000 lambda_turn=0.600
[INFO] [1791224608.952604731] [lower_tracking_mpc_node]: LowerTrackingMpcNode ready: rate=10.00Hz dt=0.100s N=30 path=/planner/lower_reference_path scale=fullscale wheelbase=2.80m rear_offset=1.40m command_scale=0.350rad actuator_model=1 delay=0.00s tau=0.74s backend=disabled virtual=/cmd_control
"Yleft_target_continuing_off+0_yaw+0" "tau0.5" "lower_rd240" "goal_reached" cycles=256
getifaddrs: Operation not permitted
getifaddrs: Operation not permitted
[37;1m2026-10-06 03:23:29.061 [31;1m[[37;1mTRANSPORT[31;1m Error] [37mAll whitelist interfaces were filtered out[34;1m -> Function [36mUDPv4Transport[m
[37;1m2026-10-06 03:23:29.061 [31;1m[[37;1mTRANSPORT_UDP[31;1m Error] [37mError creating socket: Operation not permitted[34;1m -> Function [36minit[m
[37;1m2026-10-06 03:23:29.061 [31;1m[[37;1mRTPS_PARTICIPANT[31;1m Error] [37mUser transport failed to register.[34;1m -> Function [36mRTPSParticipantImpl[m
[INFO] [1791224609.072992669] [upper_planner_node]: planner state input: Odometry topic=/motive/vehicle/odom_map yaw=orientation.z scalar
[INFO] [1791224609.076002911] [upper_planner_node]: Egocentric MIQP planner ready: rate=1.00Hz pred_dt=0.750s Nmax=7 lower_dt=0.100s target_v=6.000m/s scale=fullscale wheelbase=2.80m length=4.70m bev=40.00m margin=2.00m state=odom grid=/bev/occupancy_grid sparse=/planner/upper_path_sparse dense=/planner/lower_reference_path
[INFO] [1791224609.076292808] [upper_planner_node]: upper branch model: cumulative_increment=1 turn_window_at_split=1 turn_target_absolute=1 split_continuity=6.75m r_dpsi=3.000 lambda_turn=0.600
[INFO] [1791224609.084979234] [lower_tracking_mpc_node]: LowerTrackingMpcNode ready: rate=10.00Hz dt=0.100s N=30 path=/planner/lower_reference_path scale=fullscale wheelbase=2.80m rear_offset=1.40m command_scale=0.350rad actuator_model=1 delay=0.00s tau=0.74s backend=disabled virtual=/cmd_control
"Yleft_target_continuing_off+0_yaw+0" "tau1.0" "baseline" "goal_reached" cycles=256
getifaddrs: Operation not permitted
getifaddrs: Operation not permitted
[37;1m2026-10-06 03:23:29.194 [31;1m[[37;1mTRANSPORT[31;1m Error] [37mAll whitelist interfaces were filtered out[34;1m -> Function [36mUDPv4Transport[m
[37;1m2026-10-06 03:23:29.195 [31;1m[[37;1mTRANSPORT_UDP[31;1m Error] [37mError creating socket: Operation not permitted[34;1m -> Function [36minit[m
[37;1m2026-10-06 03:23:29.195 [31;1m[[37;1mRTPS_PARTICIPANT[31;1m Error] [37mUser transport failed to register.[34;1m -> Function [36mRTPSParticipantImpl[m
[INFO] [1791224609.206222815] [upper_planner_node]: planner state input: Odometry topic=/motive/vehicle/odom_map yaw=orientation.z scalar
[INFO] [1791224609.209136062] [upper_planner_node]: Egocentric MIQP planner ready: rate=1.00Hz pred_dt=0.750s Nmax=7 lower_dt=0.100s target_v=6.000m/s scale=fullscale wheelbase=2.80m length=4.70m bev=40.00m margin=2.00m state=odom grid=/bev/occupancy_grid sparse=/planner/upper_path_sparse dense=/planner/lower_reference_path
[INFO] [1791224609.209393798] [upper_planner_node]: upper branch model: cumulative_increment=1 turn_window_at_split=1 turn_target_absolute=1 split_continuity=6.75m r_dpsi=3.000 lambda_turn=0.600
[INFO] [1791224609.218180291] [lower_tracking_mpc_node]: LowerTrackingMpcNode ready: rate=10.00Hz dt=0.100s N=30 path=/planner/lower_reference_path scale=fullscale wheelbase=2.80m rear_offset=1.40m command_scale=0.350rad actuator_model=1 delay=0.00s tau=0.74s backend=disabled virtual=/cmd_control
"Yleft_target_continuing_off+0_yaw+0" "tau1.0" "lower_rd180" "goal_reached" cycles=256
getifaddrs: Operation not permitted
getifaddrs: Operation not permitted
[37;1m2026-10-06 03:23:29.328 [31;1m[[37;1mTRANSPORT[31;1m Error] [37mAll whitelist interfaces were filtered out[34;1m -> Function [36mUDPv4Transport[m
[37;1m2026-10-06 03:23:29.328 [31;1m[[37;1mTRANSPORT_UDP[31;1m Error] [37mError creating socket: Operation not permitted[34;1m -> Function [36minit[m
[37;1m2026-10-06 03:23:29.328 [31;1m[[37;1mRTPS_PARTICIPANT[31;1m Error] [37mUser transport failed to register.[34;1m -> Function [36mRTPSParticipantImpl[m
[INFO] [1791224609.339234523] [upper_planner_node]: planner state input: Odometry topic=/motive/vehicle/odom_map yaw=orientation.z scalar
[INFO] [1791224609.342249500] [upper_planner_node]: Egocentric MIQP planner ready: rate=1.00Hz pred_dt=0.750s Nmax=7 lower_dt=0.100s target_v=6.000m/s scale=fullscale wheelbase=2.80m length=4.70m bev=40.00m margin=2.00m state=odom grid=/bev/occupancy_grid sparse=/planner/upper_path_sparse dense=/planner/lower_reference_path
[INFO] [1791224609.342405953] [upper_planner_node]: upper branch model: cumulative_increment=1 turn_window_at_split=1 turn_target_absolute=1 split_continuity=6.75m r_dpsi=3.000 lambda_turn=0.600
[INFO] [1791224609.351241952] [lower_tracking_mpc_node]: LowerTrackingMpcNode ready: rate=10.00Hz dt=0.100s N=30 path=/planner/lower_reference_path scale=fullscale wheelbase=2.80m rear_offset=1.40m command_scale=0.350rad actuator_model=1 delay=0.00s tau=0.74s backend=disabled virtual=/cmd_control
"Yleft_target_continuing_off+0_yaw+0" "tau1.0" "lower_rd240" "goal_reached" cycles=256
