[INFO] [1791269828.180249007] [upper_planner_node]: planner state input: Odometry topic=/motive/vehicle/odom_map yaw=orientation.z scalar
[INFO] [1791269828.185510265] [upper_planner_node]: Egocentric MIQP planner ready: rate=2.00Hz pred_dt=0.750s Nmax=7 lower_dt=0.100s target_v=6.000m/s scale=fullscale wheelbase=2.80m length=4.70m bev=40.00m margin=2.00m state=odom grid=/bev/occupancy_grid sparse=/planner/upper_path_sparse dense=/planner/lower_reference_path
[INFO] [1791269828.185664092] [upper_planner_node]: upper branch model: cumulative_increment=1 turn_window_at_split=1 turn_target_absolute=1 split_continuity=6.75m r_dpsi=2.000 lambda_turn=0.600
[INFO] [1791269828.195836236] [lower_tracking_mpc_node]: LowerTrackingMpcNode ready: rate=10.00Hz dt=0.100s N=30 path=/planner/lower_reference_path scale=fullscale wheelbase=2.80m rear_offset=1.40m command_scale=0.350rad actuator_model=1 delay=0.00s tau=0.74s backend=disabled virtual=/cmd_control
[WARN] [1791269828.307352441] [upper_planner_node]: interval_diag step=7 reason=3 ref_body=(24.892,18.376) heading_deg=41.87 center_cell=(79,122) center_value=100 line_free=0 blocked=248 unknown=0 outside=2 longest_run=0 min_run=2 grid_free=5603 zero=5603 positive=10781 unknown=0 topic=/bev/occupancy_grid frame=Vehicle origin=(0.000,-20.000) origin_yaw_deg=0.00 size=128x128 res=0.3125 positive_is_drivable=0 threshold=0 waypoint_bias=0 previous=1
[WARN] [1791269828.307590140] [upper_planner_node]: no valid preview interval at step=7; usable horizon=6 reason=3
"branch_width_off-0.6_yaw-2" "tau0.74" "V0" "goal_reached" cycles=401
[INFO] [1791269828.390720183] [upper_planner_node]: planner state input: Odometry topic=/motive/vehicle/odom_map yaw=orientation.z scalar
[INFO] [1791269828.393650497] [upper_planner_node]: Egocentric MIQP planner ready: rate=2.00Hz pred_dt=0.750s Nmax=7 lower_dt=0.100s target_v=6.000m/s scale=fullscale wheelbase=2.80m length=4.70m bev=40.00m margin=2.00m state=odom grid=/bev/occupancy_grid sparse=/planner/upper_path_sparse dense=/planner/lower_reference_path
[INFO] [1791269828.393778882] [upper_planner_node]: upper branch model: cumulative_increment=1 turn_window_at_split=1 turn_target_absolute=1 split_continuity=6.75m r_dpsi=2.000 lambda_turn=0.600
[INFO] [1791269828.402696001] [lower_tracking_mpc_node]: LowerTrackingMpcNode ready: rate=10.00Hz dt=0.100s N=30 path=/planner/lower_reference_path scale=fullscale wheelbase=2.80m rear_offset=1.40m command_scale=0.350rad actuator_model=1 delay=0.00s tau=0.74s backend=disabled virtual=/cmd_control
[WARN] [1791269828.548174736] [upper_planner_node]: no valid preview interval at step=7; usable horizon=6 reason=3
[WARN] [1791269828.567924104] [upper_planner_node]: no valid interval at the measured k=0 state; retaining future horizon=7 reason=3
"branch_width_off-0.6_yaw-2" "tau0.74" "V0+2hz" "left_road_stop" cycles=393
[INFO] [1791269828.607740220] [upper_planner_node]: planner state input: Odometry topic=/motive/vehicle/odom_map yaw=orientation.z scalar
[INFO] [1791269828.610643333] [upper_planner_node]: Egocentric MIQP planner ready: rate=2.00Hz pred_dt=0.750s Nmax=7 lower_dt=0.100s target_v=6.000m/s scale=fullscale wheelbase=2.80m length=4.70m bev=40.00m margin=2.00m state=odom grid=/bev/occupancy_grid sparse=/planner/upper_path_sparse dense=/planner/lower_reference_path
[INFO] [1791269828.610764999] [upper_planner_node]: upper branch model: cumulative_increment=1 turn_window_at_split=1 turn_target_absolute=1 split_continuity=6.75m r_dpsi=2.000 lambda_turn=0.600
[INFO] [1791269828.619681797] [lower_tracking_mpc_node]: LowerTrackingMpcNode ready: rate=10.00Hz dt=0.100s N=30 path=/planner/lower_reference_path scale=fullscale wheelbase=2.80m rear_offset=1.40m command_scale=0.350rad actuator_model=1 delay=0.00s tau=0.74s backend=disabled virtual=/cmd_control
"branch_width_off-0.6_yaw-2" "tau0.74" "V0+soft08" "goal_reached" cycles=398
[INFO] [1791269828.806661793] [upper_planner_node]: planner state input: Odometry topic=/motive/vehicle/odom_map yaw=orientation.z scalar
[INFO] [1791269828.809641803] [upper_planner_node]: Egocentric MIQP planner ready: rate=2.00Hz pred_dt=0.750s Nmax=7 lower_dt=0.100s target_v=6.000m/s scale=fullscale wheelbase=2.80m length=4.70m bev=40.00m margin=2.00m state=odom grid=/bev/occupancy_grid sparse=/planner/upper_path_sparse dense=/planner/lower_reference_path
[INFO] [1791269828.809901551] [upper_planner_node]: upper branch model: cumulative_increment=1 turn_window_at_split=1 turn_target_absolute=1 split_continuity=6.75m r_dpsi=2.000 lambda_turn=0.600
[INFO] [1791269828.818691915] [lower_tracking_mpc_node]: LowerTrackingMpcNode ready: rate=10.00Hz dt=0.100s N=30 path=/planner/lower_reference_path scale=fullscale wheelbase=2.80m rear_offset=1.40m command_scale=0.350rad actuator_model=1 delay=0.00s tau=0.74s backend=disabled virtual=/cmd_control
[WARN] [1791269828.927310031] [upper_planner_node]: no valid preview interval at step=7; usable horizon=6 reason=3
"branch_width_off-0.6_yaw-2" "tau0.74" "V0+r2" "goal_reached" cycles=402
[INFO] [1791269829.007722019] [upper_planner_node]: planner state input: Odometry topic=/motive/vehicle/odom_map yaw=orientation.z scalar
[INFO] [1791269829.010694670] [upper_planner_node]: Egocentric MIQP planner ready: rate=2.00Hz pred_dt=0.750s Nmax=7 lower_dt=0.100s target_v=6.000m/s scale=fullscale wheelbase=2.80m length=4.70m bev=40.00m margin=2.00m state=odom grid=/bev/occupancy_grid sparse=/planner/upper_path_sparse dense=/planner/lower_reference_path
[INFO] [1791269829.010814639] [upper_planner_node]: upper branch model: cumulative_increment=1 turn_window_at_split=1 turn_target_absolute=1 split_continuity=6.75m r_dpsi=2.000 lambda_turn=0.600
[INFO] [1791269829.019966481] [lower_tracking_mpc_node]: LowerTrackingMpcNode ready: rate=10.00Hz dt=0.100s N=30 path=/planner/lower_reference_path scale=fullscale wheelbase=2.80m rear_offset=1.40m command_scale=0.350rad actuator_model=1 delay=0.00s tau=0.74s backend=disabled virtual=/cmd_control
[WARN] [1791269829.129597475] [upper_planner_node]: no valid preview interval at step=7; usable horizon=6 reason=3
"branch_width_off-0.6_yaw-2" "tau0.74" "V0+wp1520" "goal_reached" cycles=401
[INFO] [1791269829.208745061] [upper_planner_node]: planner state input: Odometry topic=/motive/vehicle/odom_map yaw=orientation.z scalar
[INFO] [1791269829.211659246] [upper_planner_node]: Egocentric MIQP planner ready: rate=2.00Hz pred_dt=0.750s Nmax=7 lower_dt=0.100s target_v=6.000m/s scale=fullscale wheelbase=2.80m length=4.70m bev=40.00m margin=2.00m state=odom grid=/bev/occupancy_grid sparse=/planner/upper_path_sparse dense=/planner/lower_reference_path
[INFO] [1791269829.211784848] [upper_planner_node]: upper branch model: cumulative_increment=1 turn_window_at_split=1 turn_target_absolute=1 split_continuity=6.75m r_dpsi=2.000 lambda_turn=0.600
[INFO] [1791269829.220575341] [lower_tracking_mpc_node]: LowerTrackingMpcNode ready: rate=10.00Hz dt=0.100s N=30 path=/planner/lower_reference_path scale=fullscale wheelbase=2.80m rear_offset=1.40m command_scale=0.350rad actuator_model=1 delay=0.00s tau=0.74s backend=disabled virtual=/cmd_control
"branch_width_off-0.6_yaw-2" "tau0.74" "V0+rd150" "goal_reached" cycles=400
[INFO] [1791269829.411546848] [upper_planner_node]: planner state input: Odometry topic=/motive/vehicle/odom_map yaw=orientation.z scalar
[INFO] [1791269829.414453641] [upper_planner_node]: Egocentric MIQP planner ready: rate=2.00Hz pred_dt=0.750s Nmax=7 lower_dt=0.100s target_v=6.000m/s scale=fullscale wheelbase=2.80m length=4.70m bev=40.00m margin=2.00m state=odom grid=/bev/occupancy_grid sparse=/planner/upper_path_sparse dense=/planner/lower_reference_path
[INFO] [1791269829.414581227] [upper_planner_node]: upper branch model: cumulative_increment=1 turn_window_at_split=1 turn_target_absolute=1 split_continuity=6.75m r_dpsi=2.000 lambda_turn=0.600
[INFO] [1791269829.423400680] [lower_tracking_mpc_node]: LowerTrackingMpcNode ready: rate=10.00Hz dt=0.100s N=30 path=/planner/lower_reference_path scale=fullscale wheelbase=2.80m rear_offset=1.40m command_scale=0.350rad actuator_model=1 delay=0.00s tau=0.74s backend=disabled virtual=/cmd_control
[WARN] [1791269829.554886000] [upper_planner_node]: no valid preview interval at step=7; usable horizon=6 reason=3
"branch_width_off-0.6_yaw-2" "tau0.74" "CUR" "goal_reached" cycles=403
[INFO] [1791269829.642233894] [upper_planner_node]: planner state input: Odometry topic=/motive/vehicle/odom_map yaw=orientation.z scalar
[INFO] [1791269829.645253329] [upper_planner_node]: Egocentric MIQP planner ready: rate=2.00Hz pred_dt=0.750s Nmax=7 lower_dt=0.100s target_v=6.000m/s scale=fullscale wheelbase=2.80m length=4.70m bev=40.00m margin=2.00m state=odom grid=/bev/occupancy_grid sparse=/planner/upper_path_sparse dense=/planner/lower_reference_path
[INFO] [1791269829.645462068] [upper_planner_node]: upper branch model: cumulative_increment=1 turn_window_at_split=1 turn_target_absolute=1 split_continuity=6.75m r_dpsi=2.000 lambda_turn=0.600
[INFO] [1791269829.654714967] [lower_tracking_mpc_node]: LowerTrackingMpcNode ready: rate=10.00Hz dt=0.100s N=30 path=/planner/lower_reference_path scale=fullscale wheelbase=2.80m rear_offset=1.40m command_scale=0.350rad actuator_model=1 delay=0.00s tau=0.74s backend=disabled virtual=/cmd_control
[WARN] [1791269829.764248903] [upper_planner_node]: no valid preview interval at step=7; usable horizon=6 reason=3
"branch_width_off-0.6_yaw-2" "tau0.74" "CUR_1hz_r3_soft07" "goal_reached" cycles=401
[INFO] [1791269829.844259061] [upper_planner_node]: planner state input: Odometry topic=/motive/vehicle/odom_map yaw=orientation.z scalar
[INFO] [1791269829.847194719] [upper_planner_node]: Egocentric MIQP planner ready: rate=2.00Hz pred_dt=0.750s Nmax=7 lower_dt=0.100s target_v=6.000m/s scale=fullscale wheelbase=2.80m length=4.70m bev=40.00m margin=2.00m state=odom grid=/bev/occupancy_grid sparse=/planner/upper_path_sparse dense=/planner/lower_reference_path
[INFO] [1791269829.847318305] [upper_planner_node]: upper branch model: cumulative_increment=1 turn_window_at_split=1 turn_target_absolute=1 split_continuity=6.75m r_dpsi=2.000 lambda_turn=0.600
[INFO] [1791269829.856284352] [lower_tracking_mpc_node]: LowerTrackingMpcNode ready: rate=10.00Hz dt=0.100s N=30 path=/planner/lower_reference_path scale=fullscale wheelbase=2.80m rear_offset=1.40m command_scale=0.350rad actuator_model=1 delay=0.00s tau=0.74s backend=disabled virtual=/cmd_control
[WARN] [1791269829.961815768] [upper_planner_node]: no valid preview interval at step=7; usable horizon=6 reason=3
"branch_width_off-0.6_yaw-2" "tau0.5" "V0" "goal_reached" cycles=400
[INFO] [1791269830.045986465] [upper_planner_node]: planner state input: Odometry topic=/motive/vehicle/odom_map yaw=orientation.z scalar
[INFO] [1791269830.049101069] [upper_planner_node]: Egocentric MIQP planner ready: rate=2.00Hz pred_dt=0.750s Nmax=7 lower_dt=0.100s target_v=6.000m/s scale=fullscale wheelbase=2.80m length=4.70m bev=40.00m margin=2.00m state=odom grid=/bev/occupancy_grid sparse=/planner/upper_path_sparse dense=/planner/lower_reference_path
[INFO] [1791269830.049226703] [upper_planner_node]: upper branch model: cumulative_increment=1 turn_window_at_split=1 turn_target_absolute=1 split_continuity=6.75m r_dpsi=2.000 lambda_turn=0.600
[INFO] [1791269830.057963659] [lower_tracking_mpc_node]: LowerTrackingMpcNode ready: rate=10.00Hz dt=0.100s N=30 path=/planner/lower_reference_path scale=fullscale wheelbase=2.80m rear_offset=1.40m command_scale=0.350rad actuator_model=1 delay=0.00s tau=0.74s backend=disabled virtual=/cmd_control
[WARN] [1791269830.207282095] [upper_planner_node]: no valid preview interval at step=7; usable horizon=6 reason=3
[WARN] [1791269830.233095644] [upper_planner_node]: no valid interval at the measured k=0 state; retaining future horizon=7 reason=3
"branch_width_off-0.6_yaw-2" "tau0.5" "V0+2hz" "left_road_stop" cycles=390
[INFO] [1791269830.276881417] [upper_planner_node]: planner state input: Odometry topic=/motive/vehicle/odom_map yaw=orientation.z scalar
[INFO] [1791269830.279978005] [upper_planner_node]: Egocentric MIQP planner ready: rate=2.00Hz pred_dt=0.750s Nmax=7 lower_dt=0.100s target_v=6.000m/s scale=fullscale wheelbase=2.80m length=4.70m bev=40.00m margin=2.00m state=odom grid=/bev/occupancy_grid sparse=/planner/upper_path_sparse dense=/planner/lower_reference_path
[INFO] [1791269830.280156375] [upper_planner_node]: upper branch model: cumulative_increment=1 turn_window_at_split=1 turn_target_absolute=1 split_continuity=6.75m r_dpsi=2.000 lambda_turn=0.600
[INFO] [1791269830.289311833] [lower_tracking_mpc_node]: LowerTrackingMpcNode ready: rate=10.00Hz dt=0.100s N=30 path=/planner/lower_reference_path scale=fullscale wheelbase=2.80m rear_offset=1.40m command_scale=0.350rad actuator_model=1 delay=0.00s tau=0.74s backend=disabled virtual=/cmd_control
[WARN] [1791269830.394205160] [upper_planner_node]: interval_diag step=7 reason=3 ref_body=(24.413,18.779) heading_deg=43.51 center_cell=(78,124) center_value=100 line_free=0 blocked=243 unknown=0 outside=2 longest_run=0 min_run=2 grid_free=5312 zero=5312 positive=11072 unknown=0 topic=/bev/occupancy_grid frame=Vehicle origin=(0.000,-20.000) origin_yaw_deg=0.00 size=128x128 res=0.3125 positive_is_drivable=0 threshold=0 waypoint_bias=0 previous=1
[WARN] [1791269830.394537836] [upper_planner_node]: no valid preview interval at step=7; usable horizon=6 reason=3
"branch_width_off-0.6_yaw-2" "tau0.5" "V0+soft08" "goal_reached" cycles=397
[INFO] [1791269830.476425717] [upper_planner_node]: planner state input: Odometry topic=/motive/vehicle/odom_map yaw=orientation.z scalar
[INFO] [1791269830.479389983] [upper_planner_node]: Egocentric MIQP planner ready: rate=2.00Hz pred_dt=0.750s Nmax=7 lower_dt=0.100s target_v=6.000m/s scale=fullscale wheelbase=2.80m length=4.70m bev=40.00m margin=2.00m state=odom grid=/bev/occupancy_grid sparse=/planner/upper_path_sparse dense=/planner/lower_reference_path
[INFO] [1791269830.479518657] [upper_planner_node]: upper branch model: cumulative_increment=1 turn_window_at_split=1 turn_target_absolute=1 split_continuity=6.75m r_dpsi=2.000 lambda_turn=0.600
[INFO] [1791269830.488565313] [lower_tracking_mpc_node]: LowerTrackingMpcNode ready: rate=10.00Hz dt=0.100s N=30 path=/planner/lower_reference_path scale=fullscale wheelbase=2.80m rear_offset=1.40m command_scale=0.350rad actuator_model=1 delay=0.00s tau=0.74s backend=disabled virtual=/cmd_control
"branch_width_off-0.6_yaw-2" "tau0.5" "V0+r2" "goal_reached" cycles=401
[INFO] [1791269830.679472178] [upper_planner_node]: planner state input: Odometry topic=/motive/vehicle/odom_map yaw=orientation.z scalar
[INFO] [1791269830.682389884] [upper_planner_node]: Egocentric MIQP planner ready: rate=2.00Hz pred_dt=0.750s Nmax=7 lower_dt=0.100s target_v=6.000m/s scale=fullscale wheelbase=2.80m length=4.70m bev=40.00m margin=2.00m state=odom grid=/bev/occupancy_grid sparse=/planner/upper_path_sparse dense=/planner/lower_reference_path
[INFO] [1791269830.682518301] [upper_planner_node]: upper branch model: cumulative_increment=1 turn_window_at_split=1 turn_target_absolute=1 split_continuity=6.75m r_dpsi=2.000 lambda_turn=0.600
[INFO] [1791269830.691532477] [lower_tracking_mpc_node]: LowerTrackingMpcNode ready: rate=10.00Hz dt=0.100s N=30 path=/planner/lower_reference_path scale=fullscale wheelbase=2.80m rear_offset=1.40m command_scale=0.350rad actuator_model=1 delay=0.00s tau=0.74s backend=disabled virtual=/cmd_control
"branch_width_off-0.6_yaw-2" "tau0.5" "V0+wp1520" "goal_reached" cycles=401
[INFO] [1791269830.880501555] [upper_planner_node]: planner state input: Odometry topic=/motive/vehicle/odom_map yaw=orientation.z scalar
[INFO] [1791269830.883517374] [upper_planner_node]: Egocentric MIQP planner ready: rate=2.00Hz pred_dt=0.750s Nmax=7 lower_dt=0.100s target_v=6.000m/s scale=fullscale wheelbase=2.80m length=4.70m bev=40.00m margin=2.00m state=odom grid=/bev/occupancy_grid sparse=/planner/upper_path_sparse dense=/planner/lower_reference_path
[INFO] [1791269830.883649952] [upper_planner_node]: upper branch model: cumulative_increment=1 turn_window_at_split=1 turn_target_absolute=1 split_continuity=6.75m r_dpsi=2.000 lambda_turn=0.600
[INFO] [1791269830.892661983] [lower_tracking_mpc_node]: LowerTrackingMpcNode ready: rate=10.00Hz dt=0.100s N=30 path=/planner/lower_reference_path scale=fullscale wheelbase=2.80m rear_offset=1.40m command_scale=0.350rad actuator_model=1 delay=0.00s tau=0.74s backend=disabled virtual=/cmd_control
[WARN] [1791269830.997750577] [upper_planner_node]: no valid preview interval at step=7; usable horizon=6 reason=3
"branch_width_off-0.6_yaw-2" "tau0.5" "V0+rd150" "goal_reached" cycles=400
[INFO] [1791269831.081648053] [upper_planner_node]: planner state input: Odometry topic=/motive/vehicle/odom_map yaw=orientation.z scalar
[INFO] [1791269831.084841571] [upper_planner_node]: Egocentric MIQP planner ready: rate=2.00Hz pred_dt=0.750s Nmax=7 lower_dt=0.100s target_v=6.000m/s scale=fullscale wheelbase=2.80m length=4.70m bev=40.00m margin=2.00m state=odom grid=/bev/occupancy_grid sparse=/planner/upper_path_sparse dense=/planner/lower_reference_path
[INFO] [1791269831.084973477] [upper_planner_node]: upper branch model: cumulative_increment=1 turn_window_at_split=1 turn_target_absolute=1 split_continuity=6.75m r_dpsi=2.000 lambda_turn=0.600
[INFO] [1791269831.093983396] [lower_tracking_mpc_node]: LowerTrackingMpcNode ready: rate=10.00Hz dt=0.100s N=30 path=/planner/lower_reference_path scale=fullscale wheelbase=2.80m rear_offset=1.40m command_scale=0.350rad actuator_model=1 delay=0.00s tau=0.74s backend=disabled virtual=/cmd_control
[WARN] [1791269831.238855337] [upper_planner_node]: no valid preview interval at step=7; usable horizon=6 reason=3
[WARN] [1791269831.258481567] [upper_planner_node]: no valid interval at the measured k=0 state; retaining future horizon=7 reason=3
"branch_width_off-0.6_yaw-2" "tau0.5" "CUR" "left_road_stop" cycles=393
[INFO] [1791269831.310626050] [upper_planner_node]: planner state input: Odometry topic=/motive/vehicle/odom_map yaw=orientation.z scalar
[INFO] [1791269831.313708077] [upper_planner_node]: Egocentric MIQP planner ready: rate=2.00Hz pred_dt=0.750s Nmax=7 lower_dt=0.100s target_v=6.000m/s scale=fullscale wheelbase=2.80m length=4.70m bev=40.00m margin=2.00m state=odom grid=/bev/occupancy_grid sparse=/planner/upper_path_sparse dense=/planner/lower_reference_path
[INFO] [1791269831.313836271] [upper_planner_node]: upper branch model: cumulative_increment=1 turn_window_at_split=1 turn_target_absolute=1 split_continuity=6.75m r_dpsi=2.000 lambda_turn=0.600
[INFO] [1791269831.322609355] [lower_tracking_mpc_node]: LowerTrackingMpcNode ready: rate=10.00Hz dt=0.100s N=30 path=/planner/lower_reference_path scale=fullscale wheelbase=2.80m rear_offset=1.40m command_scale=0.350rad actuator_model=1 delay=0.00s tau=0.74s backend=disabled virtual=/cmd_control
"branch_width_off-0.6_yaw-2" "tau0.5" "CUR_1hz_r3_soft07" "goal_reached" cycles=401
[INFO] [1791269831.512458797] [upper_planner_node]: planner state input: Odometry topic=/motive/vehicle/odom_map yaw=orientation.z scalar
[INFO] [1791269831.515533273] [upper_planner_node]: Egocentric MIQP planner ready: rate=2.00Hz pred_dt=0.750s Nmax=7 lower_dt=0.100s target_v=6.000m/s scale=fullscale wheelbase=2.80m length=4.70m bev=40.00m margin=2.00m state=odom grid=/bev/occupancy_grid sparse=/planner/upper_path_sparse dense=/planner/lower_reference_path
[INFO] [1791269831.515669819] [upper_planner_node]: upper branch model: cumulative_increment=1 turn_window_at_split=1 turn_target_absolute=1 split_continuity=6.75m r_dpsi=2.000 lambda_turn=0.600
[INFO] [1791269831.524523160] [lower_tracking_mpc_node]: LowerTrackingMpcNode ready: rate=10.00Hz dt=0.100s N=30 path=/planner/lower_reference_path scale=fullscale wheelbase=2.80m rear_offset=1.40m command_scale=0.350rad actuator_model=1 delay=0.00s tau=0.74s backend=disabled virtual=/cmd_control
[WARN] [1791269831.629482183] [upper_planner_node]: no valid preview interval at step=7; usable horizon=6 reason=3
"branch_width_off-0.6_yaw-2" "tau1.0" "V0" "goal_reached" cycles=401
[INFO] [1791269831.713759121] [upper_planner_node]: planner state input: Odometry topic=/motive/vehicle/odom_map yaw=orientation.z scalar
[INFO] [1791269831.717021343] [upper_planner_node]: Egocentric MIQP planner ready: rate=2.00Hz pred_dt=0.750s Nmax=7 lower_dt=0.100s target_v=6.000m/s scale=fullscale wheelbase=2.80m length=4.70m bev=40.00m margin=2.00m state=odom grid=/bev/occupancy_grid sparse=/planner/upper_path_sparse dense=/planner/lower_reference_path
[INFO] [1791269831.717200738] [upper_planner_node]: upper branch model: cumulative_increment=1 turn_window_at_split=1 turn_target_absolute=1 split_continuity=6.75m r_dpsi=2.000 lambda_turn=0.600
[INFO] [1791269831.726331683] [lower_tracking_mpc_node]: LowerTrackingMpcNode ready: rate=10.00Hz dt=0.100s N=30 path=/planner/lower_reference_path scale=fullscale wheelbase=2.80m rear_offset=1.40m command_scale=0.350rad actuator_model=1 delay=0.00s tau=0.74s backend=disabled virtual=/cmd_control
[WARN] [1791269831.870275002] [upper_planner_node]: no valid preview interval at step=7; usable horizon=6 reason=3
[WARN] [1791269831.890123444] [upper_planner_node]: no valid interval at the measured k=0 state; retaining future horizon=7 reason=3
"branch_width_off-0.6_yaw-2" "tau1.0" "V0+2hz" "left_road_stop" cycles=393
[INFO] [1791269831.937311120] [upper_planner_node]: planner state input: Odometry topic=/motive/vehicle/odom_map yaw=orientation.z scalar
[INFO] [1791269831.940487805] [upper_planner_node]: Egocentric MIQP planner ready: rate=2.00Hz pred_dt=0.750s Nmax=7 lower_dt=0.100s target_v=6.000m/s scale=fullscale wheelbase=2.80m length=4.70m bev=40.00m margin=2.00m state=odom grid=/bev/occupancy_grid sparse=/planner/upper_path_sparse dense=/planner/lower_reference_path
[INFO] [1791269831.940700576] [upper_planner_node]: upper branch model: cumulative_increment=1 turn_window_at_split=1 turn_target_absolute=1 split_continuity=6.75m r_dpsi=2.000 lambda_turn=0.600
[INFO] [1791269831.949645471] [lower_tracking_mpc_node]: LowerTrackingMpcNode ready: rate=10.00Hz dt=0.100s N=30 path=/planner/lower_reference_path scale=fullscale wheelbase=2.80m rear_offset=1.40m command_scale=0.350rad actuator_model=1 delay=0.00s tau=0.74s backend=disabled virtual=/cmd_control
[WARN] [1791269832.075142769] [upper_planner_node]: no valid preview interval at step=7; usable horizon=6 reason=3
"branch_width_off-0.6_yaw-2" "tau1.0" "V0+soft08" "left_road_stop" cycles=396
[INFO] [1791269832.132369819] [upper_planner_node]: planner state input: Odometry topic=/motive/vehicle/odom_map yaw=orientation.z scalar
[INFO] [1791269832.135411782] [upper_planner_node]: Egocentric MIQP planner ready: rate=2.00Hz pred_dt=0.750s Nmax=7 lower_dt=0.100s target_v=6.000m/s scale=fullscale wheelbase=2.80m length=4.70m bev=40.00m margin=2.00m state=odom grid=/bev/occupancy_grid sparse=/planner/upper_path_sparse dense=/planner/lower_reference_path
[INFO] [1791269832.135547432] [upper_planner_node]: upper branch model: cumulative_increment=1 turn_window_at_split=1 turn_target_absolute=1 split_continuity=6.75m r_dpsi=2.000 lambda_turn=0.600
[INFO] [1791269832.144678346] [lower_tracking_mpc_node]: LowerTrackingMpcNode ready: rate=10.00Hz dt=0.100s N=30 path=/planner/lower_reference_path scale=fullscale wheelbase=2.80m rear_offset=1.40m command_scale=0.350rad actuator_model=1 delay=0.00s tau=0.74s backend=disabled virtual=/cmd_control
[WARN] [1791269832.254082999] [upper_planner_node]: no valid preview interval at step=7; usable horizon=6 reason=3
"branch_width_off-0.6_yaw-2" "tau1.0" "V0+r2" "goal_reached" cycles=403
[INFO] [1791269832.335696667] [upper_planner_node]: planner state input: Odometry topic=/motive/vehicle/odom_map yaw=orientation.z scalar
[INFO] [1791269832.338651557] [upper_planner_node]: Egocentric MIQP planner ready: rate=2.00Hz pred_dt=0.750s Nmax=7 lower_dt=0.100s target_v=6.000m/s scale=fullscale wheelbase=2.80m length=4.70m bev=40.00m margin=2.00m state=odom grid=/bev/occupancy_grid sparse=/planner/upper_path_sparse dense=/planner/lower_reference_path
[INFO] [1791269832.338773639] [upper_planner_node]: upper branch model: cumulative_increment=1 turn_window_at_split=1 turn_target_absolute=1 split_continuity=6.75m r_dpsi=2.000 lambda_turn=0.600
[INFO] [1791269832.347636932] [lower_tracking_mpc_node]: LowerTrackingMpcNode ready: rate=10.00Hz dt=0.100s N=30 path=/planner/lower_reference_path scale=fullscale wheelbase=2.80m rear_offset=1.40m command_scale=0.350rad actuator_model=1 delay=0.00s tau=0.74s backend=disabled virtual=/cmd_control
[WARN] [1791269832.457581018] [upper_planner_node]: interval_diag step=7 reason=3 ref_body=(24.242,19.764) heading_deg=39.90 center_cell=(77,127) center_value=100 line_free=0 blocked=248 unknown=0 outside=2 longest_run=0 min_run=2 grid_free=5454 zero=5454 positive=10930 unknown=0 topic=/bev/occupancy_grid frame=Vehicle origin=(0.000,-20.000) origin_yaw_deg=0.00 size=128x128 res=0.3125 positive_is_drivable=0 threshold=0 waypoint_bias=0 previous=1
[WARN] [1791269832.457893630] [upper_planner_node]: no valid preview interval at step=7; usable horizon=6 reason=3
"branch_width_off-0.6_yaw-2" "tau1.0" "V0+wp1520" "goal_reached" cycles=402
[INFO] [1791269832.538622389] [upper_planner_node]: planner state input: Odometry topic=/motive/vehicle/odom_map yaw=orientation.z scalar
[INFO] [1791269832.541726721] [upper_planner_node]: Egocentric MIQP planner ready: rate=2.00Hz pred_dt=0.750s Nmax=7 lower_dt=0.100s target_v=6.000m/s scale=fullscale wheelbase=2.80m length=4.70m bev=40.00m margin=2.00m state=odom grid=/bev/occupancy_grid sparse=/planner/upper_path_sparse dense=/planner/lower_reference_path
[INFO] [1791269832.541861731] [upper_planner_node]: upper branch model: cumulative_increment=1 turn_window_at_split=1 turn_target_absolute=1 split_continuity=6.75m r_dpsi=2.000 lambda_turn=0.600
[INFO] [1791269832.550838690] [lower_tracking_mpc_node]: LowerTrackingMpcNode ready: rate=10.00Hz dt=0.100s N=30 path=/planner/lower_reference_path scale=fullscale wheelbase=2.80m rear_offset=1.40m command_scale=0.350rad actuator_model=1 delay=0.00s tau=0.74s backend=disabled virtual=/cmd_control
[WARN] [1791269832.666919919] [upper_planner_node]: no valid preview interval at step=7; usable horizon=6 reason=3
"branch_width_off-0.6_yaw-2" "tau1.0" "V0+rd150" "goal_reached" cycles=401
[INFO] [1791269832.740510273] [upper_planner_node]: planner state input: Odometry topic=/motive/vehicle/odom_map yaw=orientation.z scalar
[INFO] [1791269832.743466315] [upper_planner_node]: Egocentric MIQP planner ready: rate=2.00Hz pred_dt=0.750s Nmax=7 lower_dt=0.100s target_v=6.000m/s scale=fullscale wheelbase=2.80m length=4.70m bev=40.00m margin=2.00m state=odom grid=/bev/occupancy_grid sparse=/planner/upper_path_sparse dense=/planner/lower_reference_path
[INFO] [1791269832.743594637] [upper_planner_node]: upper branch model: cumulative_increment=1 turn_window_at_split=1 turn_target_absolute=1 split_continuity=6.75m r_dpsi=2.000 lambda_turn=0.600
[INFO] [1791269832.752271240] [lower_tracking_mpc_node]: LowerTrackingMpcNode ready: rate=10.00Hz dt=0.100s N=30 path=/planner/lower_reference_path scale=fullscale wheelbase=2.80m rear_offset=1.40m command_scale=0.350rad actuator_model=1 delay=0.00s tau=0.74s backend=disabled virtual=/cmd_control
[WARN] [1791269832.884081427] [upper_planner_node]: no valid interval at the measured k=0 state; retaining future horizon=7 reason=3
[WARN] [1791269832.895913626] [upper_planner_node]: no valid interval at the measured k=0 state; retaining future horizon=7 reason=3
[WARN] [1791269832.898241115] [upper_planner_node]: no valid interval at the measured k=0 state; retaining future horizon=7 reason=3
[WARN] [1791269832.900655517] [upper_planner_node]: no valid preview interval at step=7; usable horizon=6 reason=3
[WARN] [1791269832.920390965] [upper_planner_node]: no valid interval at the measured k=0 state; retaining future horizon=7 reason=3
"branch_width_off-0.6_yaw-2" "tau1.0" "CUR" "left_road_stop" cycles=397
[INFO] [1791269832.965738199] [upper_planner_node]: planner state input: Odometry topic=/motive/vehicle/odom_map yaw=orientation.z scalar
[INFO] [1791269832.968940996] [upper_planner_node]: Egocentric MIQP planner ready: rate=2.00Hz pred_dt=0.750s Nmax=7 lower_dt=0.100s target_v=6.000m/s scale=fullscale wheelbase=2.80m length=4.70m bev=40.00m margin=2.00m state=odom grid=/bev/occupancy_grid sparse=/planner/upper_path_sparse dense=/planner/lower_reference_path
[INFO] [1791269832.969129575] [upper_planner_node]: upper branch model: cumulative_increment=1 turn_window_at_split=1 turn_target_absolute=1 split_continuity=6.75m r_dpsi=2.000 lambda_turn=0.600
[INFO] [1791269832.978558317] [lower_tracking_mpc_node]: LowerTrackingMpcNode ready: rate=10.00Hz dt=0.100s N=30 path=/planner/lower_reference_path scale=fullscale wheelbase=2.80m rear_offset=1.40m command_scale=0.350rad actuator_model=1 delay=0.00s tau=0.74s backend=disabled virtual=/cmd_control
"branch_width_off-0.6_yaw-2" "tau1.0" "CUR_1hz_r3_soft07" "goal_reached" cycles=402
[INFO] [1791269833.182458964] [upper_planner_node]: planner state input: Odometry topic=/motive/vehicle/odom_map yaw=orientation.z scalar
[INFO] [1791269833.185506399] [upper_planner_node]: Egocentric MIQP planner ready: rate=2.00Hz pred_dt=0.750s Nmax=7 lower_dt=0.100s target_v=6.000m/s scale=fullscale wheelbase=2.80m length=4.70m bev=40.00m margin=2.00m state=odom grid=/bev/occupancy_grid sparse=/planner/upper_path_sparse dense=/planner/lower_reference_path
[INFO] [1791269833.185630465] [upper_planner_node]: upper branch model: cumulative_increment=1 turn_window_at_split=1 turn_target_absolute=1 split_continuity=6.75m r_dpsi=2.000 lambda_turn=0.600
[INFO] [1791269833.194495231] [lower_tracking_mpc_node]: LowerTrackingMpcNode ready: rate=10.00Hz dt=0.100s N=30 path=/planner/lower_reference_path scale=fullscale wheelbase=2.80m rear_offset=1.40m command_scale=0.350rad actuator_model=1 delay=0.00s tau=0.74s backend=disabled virtual=/cmd_control
"branch_width_off-0.6_yaw+0" "tau0.74" "V0" "goal_reached" cycles=400
[INFO] [1791269833.393489568] [upper_planner_node]: planner state input: Odometry topic=/motive/vehicle/odom_map yaw=orientation.z scalar
[INFO] [1791269833.396731118] [upper_planner_node]: Egocentric MIQP planner ready: rate=2.00Hz pred_dt=0.750s Nmax=7 lower_dt=0.100s target_v=6.000m/s scale=fullscale wheelbase=2.80m length=4.70m bev=40.00m margin=2.00m state=odom grid=/bev/occupancy_grid sparse=/planner/upper_path_sparse dense=/planner/lower_reference_path
[INFO] [1791269833.396872272] [upper_planner_node]: upper branch model: cumulative_increment=1 turn_window_at_split=1 turn_target_absolute=1 split_continuity=6.75m r_dpsi=2.000 lambda_turn=0.600
[INFO] [1791269833.405984273] [lower_tracking_mpc_node]: LowerTrackingMpcNode ready: rate=10.00Hz dt=0.100s N=30 path=/planner/lower_reference_path scale=fullscale wheelbase=2.80m rear_offset=1.40m command_scale=0.350rad actuator_model=1 delay=0.00s tau=0.74s backend=disabled virtual=/cmd_control
[WARN] [1791269833.549219966] [upper_planner_node]: no valid preview interval at step=7; usable horizon=6 reason=3
[WARN] [1791269833.568720530] [upper_planner_node]: no valid interval at the measured k=0 state; retaining future horizon=7 reason=3
"branch_width_off-0.6_yaw+0" "tau0.74" "V0+2hz" "left_road_stop" cycles=394
[INFO] [1791269833.614813374] [upper_planner_node]: planner state input: Odometry topic=/motive/vehicle/odom_map yaw=orientation.z scalar
[INFO] [1791269833.618208718] [upper_planner_node]: Egocentric MIQP planner ready: rate=2.00Hz pred_dt=0.750s Nmax=7 lower_dt=0.100s target_v=6.000m/s scale=fullscale wheelbase=2.80m length=4.70m bev=40.00m margin=2.00m state=odom grid=/bev/occupancy_grid sparse=/planner/upper_path_sparse dense=/planner/lower_reference_path
[INFO] [1791269833.618337968] [upper_planner_node]: upper branch model: cumulative_increment=1 turn_window_at_split=1 turn_target_absolute=1 split_continuity=6.75m r_dpsi=2.000 lambda_turn=0.600
[INFO] [1791269833.628214972] [lower_tracking_mpc_node]: LowerTrackingMpcNode ready: rate=10.00Hz dt=0.100s N=30 path=/planner/lower_reference_path scale=fullscale wheelbase=2.80m rear_offset=1.40m command_scale=0.350rad actuator_model=1 delay=0.00s tau=0.74s backend=disabled virtual=/cmd_control
"branch_width_off-0.6_yaw+0" "tau0.74" "V0+soft08" "goal_reached" cycles=397
[INFO] [1791269833.824893533] [upper_planner_node]: planner state input: Odometry topic=/motive/vehicle/odom_map yaw=orientation.z scalar
[INFO] [1791269833.827885224] [upper_planner_node]: Egocentric MIQP planner ready: rate=2.00Hz pred_dt=0.750s Nmax=7 lower_dt=0.100s target_v=6.000m/s scale=fullscale wheelbase=2.80m length=4.70m bev=40.00m margin=2.00m state=odom grid=/bev/occupancy_grid sparse=/planner/upper_path_sparse dense=/planner/lower_reference_path
[INFO] [1791269833.828058378] [upper_planner_node]: upper branch model: cumulative_increment=1 turn_window_at_split=1 turn_target_absolute=1 split_continuity=6.75m r_dpsi=2.000 lambda_turn=0.600
[INFO] [1791269833.836787686] [lower_tracking_mpc_node]: LowerTrackingMpcNode ready: rate=10.00Hz dt=0.100s N=30 path=/planner/lower_reference_path scale=fullscale wheelbase=2.80m rear_offset=1.40m command_scale=0.350rad actuator_model=1 delay=0.00s tau=0.74s backend=disabled virtual=/cmd_control
[WARN] [1791269833.946338581] [upper_planner_node]: no valid preview interval at step=7; usable horizon=6 reason=3
"branch_width_off-0.6_yaw+0" "tau0.74" "V0+r2" "goal_reached" cycles=401
[INFO] [1791269834.021198041] [upper_planner_node]: planner state input: Odometry topic=/motive/vehicle/odom_map yaw=orientation.z scalar
[INFO] [1791269834.024320997] [upper_planner_node]: Egocentric MIQP planner ready: rate=2.00Hz pred_dt=0.750s Nmax=7 lower_dt=0.100s target_v=6.000m/s scale=fullscale wheelbase=2.80m length=4.70m bev=40.00m margin=2.00m state=odom grid=/bev/occupancy_grid sparse=/planner/upper_path_sparse dense=/planner/lower_reference_path
[INFO] [1791269834.024448711] [upper_planner_node]: upper branch model: cumulative_increment=1 turn_window_at_split=1 turn_target_absolute=1 split_continuity=6.75m r_dpsi=2.000 lambda_turn=0.600
[INFO] [1791269834.033213827] [lower_tracking_mpc_node]: LowerTrackingMpcNode ready: rate=10.00Hz dt=0.100s N=30 path=/planner/lower_reference_path scale=fullscale wheelbase=2.80m rear_offset=1.40m command_scale=0.350rad actuator_model=1 delay=0.00s tau=0.74s backend=disabled virtual=/cmd_control
[WARN] [1791269834.142472654] [upper_planner_node]: no valid preview interval at step=7; usable horizon=6 reason=3
"branch_width_off-0.6_yaw+0" "tau0.74" "V0+wp1520" "goal_reached" cycles=401
[INFO] [1791269834.221079847] [upper_planner_node]: planner state input: Odometry topic=/motive/vehicle/odom_map yaw=orientation.z scalar
[INFO] [1791269834.225190977] [upper_planner_node]: Egocentric MIQP planner ready: rate=2.00Hz pred_dt=0.750s Nmax=7 lower_dt=0.100s target_v=6.000m/s scale=fullscale wheelbase=2.80m length=4.70m bev=40.00m margin=2.00m state=odom grid=/bev/occupancy_grid sparse=/planner/upper_path_sparse dense=/planner/lower_reference_path
[INFO] [1791269834.225320803] [upper_planner_node]: upper branch model: cumulative_increment=1 turn_window_at_split=1 turn_target_absolute=1 split_continuity=6.75m r_dpsi=2.000 lambda_turn=0.600
[INFO] [1791269834.234340642] [lower_tracking_mpc_node]: LowerTrackingMpcNode ready: rate=10.00Hz dt=0.100s N=30 path=/planner/lower_reference_path scale=fullscale wheelbase=2.80m rear_offset=1.40m command_scale=0.350rad actuator_model=1 delay=0.00s tau=0.74s backend=disabled virtual=/cmd_control
"branch_width_off-0.6_yaw+0" "tau0.74" "V0+rd150" "goal_reached" cycles=400
[INFO] [1791269834.423301077] [upper_planner_node]: planner state input: Odometry topic=/motive/vehicle/odom_map yaw=orientation.z scalar
[INFO] [1791269834.426223487] [upper_planner_node]: Egocentric MIQP planner ready: rate=2.00Hz pred_dt=0.750s Nmax=7 lower_dt=0.100s target_v=6.000m/s scale=fullscale wheelbase=2.80m length=4.70m bev=40.00m margin=2.00m state=odom grid=/bev/occupancy_grid sparse=/planner/upper_path_sparse dense=/planner/lower_reference_path
[INFO] [1791269834.426352705] [upper_planner_node]: upper branch model: cumulative_increment=1 turn_window_at_split=1 turn_target_absolute=1 split_continuity=6.75m r_dpsi=2.000 lambda_turn=0.600
[INFO] [1791269834.435087324] [lower_tracking_mpc_node]: LowerTrackingMpcNode ready: rate=10.00Hz dt=0.100s N=30 path=/planner/lower_reference_path scale=fullscale wheelbase=2.80m rear_offset=1.40m command_scale=0.350rad actuator_model=1 delay=0.00s tau=0.74s backend=disabled virtual=/cmd_control
[WARN] [1791269834.578385513] [upper_planner_node]: interval_diag step=7 reason=3 ref_body=(31.289,3.152) heading_deg=6.64 center_cell=(100,74) center_value=100 line_free=0 blocked=403 unknown=0 outside=1 longest_run=0 min_run=2 grid_free=2373 zero=2373 positive=14011 unknown=0 topic=/bev/occupancy_grid frame=Vehicle origin=(0.000,-20.000) origin_yaw_deg=0.00 size=128x128 res=0.3125 positive_is_drivable=0 threshold=0 waypoint_bias=0 previous=1
[WARN] [1791269834.578628012] [upper_planner_node]: no valid preview interval at step=7; usable horizon=6 reason=3
[WARN] [1791269834.598006239] [upper_planner_node]: no valid interval at the measured k=0 state; retaining future horizon=7 reason=3
"branch_width_off-0.6_yaw+0" "tau0.74" "CUR" "left_road_stop" cycles=393
[INFO] [1791269834.642696791] [upper_planner_node]: planner state input: Odometry topic=/motive/vehicle/odom_map yaw=orientation.z scalar
[INFO] [1791269834.645836452] [upper_planner_node]: Egocentric MIQP planner ready: rate=2.00Hz pred_dt=0.750s Nmax=7 lower_dt=0.100s target_v=6.000m/s scale=fullscale wheelbase=2.80m length=4.70m bev=40.00m margin=2.00m state=odom grid=/bev/occupancy_grid sparse=/planner/upper_path_sparse dense=/planner/lower_reference_path
[INFO] [1791269834.646056295] [upper_planner_node]: upper branch model: cumulative_increment=1 turn_window_at_split=1 turn_target_absolute=1 split_continuity=6.75m r_dpsi=2.000 lambda_turn=0.600
[INFO] [1791269834.654938757] [lower_tracking_mpc_node]: LowerTrackingMpcNode ready: rate=10.00Hz dt=0.100s N=30 path=/planner/lower_reference_path scale=fullscale wheelbase=2.80m rear_offset=1.40m command_scale=0.350rad actuator_model=1 delay=0.00s tau=0.74s backend=disabled virtual=/cmd_control
[WARN] [1791269834.764157231] [upper_planner_node]: no valid preview interval at step=7; usable horizon=6 reason=3
"branch_width_off-0.6_yaw+0" "tau0.74" "CUR_1hz_r3_soft07" "goal_reached" cycles=401
[INFO] [1791269834.842857481] [upper_planner_node]: planner state input: Odometry topic=/motive/vehicle/odom_map yaw=orientation.z scalar
[INFO] [1791269834.845924148] [upper_planner_node]: Egocentric MIQP planner ready: rate=2.00Hz pred_dt=0.750s Nmax=7 lower_dt=0.100s target_v=6.000m/s scale=fullscale wheelbase=2.80m length=4.70m bev=40.00m margin=2.00m state=odom grid=/bev/occupancy_grid sparse=/planner/upper_path_sparse dense=/planner/lower_reference_path
[INFO] [1791269835.112301007] [upper_planner_node]: upper branch model: cumulative_increment=1 turn_window_at_split=1 turn_target_absolute=1 split_continuity=6.75m r_dpsi=2.000 lambda_turn=0.600
[INFO] [1791269835.125931600] [lower_tracking_mpc_node]: LowerTrackingMpcNode ready: rate=10.00Hz dt=0.100s N=30 path=/planner/lower_reference_path scale=fullscale wheelbase=2.80m rear_offset=1.40m command_scale=0.350rad actuator_model=1 delay=0.00s tau=0.74s backend=disabled virtual=/cmd_control
[WARN] [1791269835.230891517] [upper_planner_node]: no valid preview interval at step=7; usable horizon=6 reason=3
"branch_width_off-0.6_yaw+0" "tau0.5" "V0" "goal_reached" cycles=400
[INFO] [1791269835.312981959] [upper_planner_node]: planner state input: Odometry topic=/motive/vehicle/odom_map yaw=orientation.z scalar
[INFO] [1791269835.315957457] [upper_planner_node]: Egocentric MIQP planner ready: rate=2.00Hz pred_dt=0.750s Nmax=7 lower_dt=0.100s target_v=6.000m/s scale=fullscale wheelbase=2.80m length=4.70m bev=40.00m margin=2.00m state=odom grid=/bev/occupancy_grid sparse=/planner/upper_path_sparse dense=/planner/lower_reference_path
[INFO] [1791269835.316087123] [upper_planner_node]: upper branch model: cumulative_increment=1 turn_window_at_split=1 turn_target_absolute=1 split_continuity=6.75m r_dpsi=2.000 lambda_turn=0.600
[INFO] [1791269835.324898960] [lower_tracking_mpc_node]: LowerTrackingMpcNode ready: rate=10.00Hz dt=0.100s N=30 path=/planner/lower_reference_path scale=fullscale wheelbase=2.80m rear_offset=1.40m command_scale=0.350rad actuator_model=1 delay=0.00s tau=0.74s backend=disabled virtual=/cmd_control
[WARN] [1791269835.468126747] [upper_planner_node]: no valid preview interval at step=7; usable horizon=6 reason=3
[WARN] [1791269835.487654575] [upper_planner_node]: no valid interval at the measured k=0 state; retaining future horizon=7 reason=3
"branch_width_off-0.6_yaw+0" "tau0.5" "V0+2hz" "left_road_stop" cycles=394
[INFO] [1791269835.532886607] [upper_planner_node]: planner state input: Odometry topic=/motive/vehicle/odom_map yaw=orientation.z scalar
[INFO] [1791269835.535871258] [upper_planner_node]: Egocentric MIQP planner ready: rate=2.00Hz pred_dt=0.750s Nmax=7 lower_dt=0.100s target_v=6.000m/s scale=fullscale wheelbase=2.80m length=4.70m bev=40.00m margin=2.00m state=odom grid=/bev/occupancy_grid sparse=/planner/upper_path_sparse dense=/planner/lower_reference_path
[INFO] [1791269835.535994459] [upper_planner_node]: upper branch model: cumulative_increment=1 turn_window_at_split=1 turn_target_absolute=1 split_continuity=6.75m r_dpsi=2.000 lambda_turn=0.600
[INFO] [1791269835.544890393] [lower_tracking_mpc_node]: LowerTrackingMpcNode ready: rate=10.00Hz dt=0.100s N=30 path=/planner/lower_reference_path scale=fullscale wheelbase=2.80m rear_offset=1.40m command_scale=0.350rad actuator_model=1 delay=0.00s tau=0.74s backend=disabled virtual=/cmd_control
[WARN] [1791269835.649926408] [upper_planner_node]: no valid preview interval at step=7; usable horizon=6 reason=3
"branch_width_off-0.6_yaw+0" "tau0.5" "V0+soft08" "goal_reached" cycles=397
[INFO] [1791269835.724706730] [upper_planner_node]: planner state input: Odometry topic=/motive/vehicle/odom_map yaw=orientation.z scalar
[INFO] [1791269835.727603731] [upper_planner_node]: Egocentric MIQP planner ready: rate=2.00Hz pred_dt=0.750s Nmax=7 lower_dt=0.100s target_v=6.000m/s scale=fullscale wheelbase=2.80m length=4.70m bev=40.00m margin=2.00m state=odom grid=/bev/occupancy_grid sparse=/planner/upper_path_sparse dense=/planner/lower_reference_path
[INFO] [1791269835.727728149] [upper_planner_node]: upper branch model: cumulative_increment=1 turn_window_at_split=1 turn_target_absolute=1 split_continuity=6.75m r_dpsi=2.000 lambda_turn=0.600
[INFO] [1791269835.736467441] [lower_tracking_mpc_node]: LowerTrackingMpcNode ready: rate=10.00Hz dt=0.100s N=30 path=/planner/lower_reference_path scale=fullscale wheelbase=2.80m rear_offset=1.40m command_scale=0.350rad actuator_model=1 delay=0.00s tau=0.74s backend=disabled virtual=/cmd_control
"branch_width_off-0.6_yaw+0" "tau0.5" "V0+r2" "goal_reached" cycles=401
[INFO] [1791269835.925120223] [upper_planner_node]: planner state input: Odometry topic=/motive/vehicle/odom_map yaw=orientation.z scalar
[INFO] [1791269835.928093065] [upper_planner_node]: Egocentric MIQP planner ready: rate=2.00Hz pred_dt=0.750s Nmax=7 lower_dt=0.100s target_v=6.000m/s scale=fullscale wheelbase=2.80m length=4.70m bev=40.00m margin=2.00m state=odom grid=/bev/occupancy_grid sparse=/planner/upper_path_sparse dense=/planner/lower_reference_path
[INFO] [1791269835.928224203] [upper_planner_node]: upper branch model: cumulative_increment=1 turn_window_at_split=1 turn_target_absolute=1 split_continuity=6.75m r_dpsi=2.000 lambda_turn=0.600
[INFO] [1791269835.937255914] [lower_tracking_mpc_node]: LowerTrackingMpcNode ready: rate=10.00Hz dt=0.100s N=30 path=/planner/lower_reference_path scale=fullscale wheelbase=2.80m rear_offset=1.40m command_scale=0.350rad actuator_model=1 delay=0.00s tau=0.74s backend=disabled virtual=/cmd_control
"branch_width_off-0.6_yaw+0" "tau0.5" "V0+wp1520" "goal_reached" cycles=400
[INFO] [1791269836.125020491] [upper_planner_node]: planner state input: Odometry topic=/motive/vehicle/odom_map yaw=orientation.z scalar
[INFO] [1791269836.128121079] [upper_planner_node]: Egocentric MIQP planner ready: rate=2.00Hz pred_dt=0.750s Nmax=7 lower_dt=0.100s target_v=6.000m/s scale=fullscale wheelbase=2.80m length=4.70m bev=40.00m margin=2.00m state=odom grid=/bev/occupancy_grid sparse=/planner/upper_path_sparse dense=/planner/lower_reference_path
[INFO] [1791269836.128251513] [upper_planner_node]: upper branch model: cumulative_increment=1 turn_window_at_split=1 turn_target_absolute=1 split_continuity=6.75m r_dpsi=2.000 lambda_turn=0.600
[INFO] [1791269836.137101334] [lower_tracking_mpc_node]: LowerTrackingMpcNode ready: rate=10.00Hz dt=0.100s N=30 path=/planner/lower_reference_path scale=fullscale wheelbase=2.80m rear_offset=1.40m command_scale=0.350rad actuator_model=1 delay=0.00s tau=0.74s backend=disabled virtual=/cmd_control
[WARN] [1791269836.242035971] [upper_planner_node]: no valid preview interval at step=7; usable horizon=6 reason=3
"branch_width_off-0.6_yaw+0" "tau0.5" "V0+rd150" "goal_reached" cycles=400
[INFO] [1791269836.324806262] [upper_planner_node]: planner state input: Odometry topic=/motive/vehicle/odom_map yaw=orientation.z scalar
[INFO] [1791269836.327830689] [upper_planner_node]: Egocentric MIQP planner ready: rate=2.00Hz pred_dt=0.750s Nmax=7 lower_dt=0.100s target_v=6.000m/s scale=fullscale wheelbase=2.80m length=4.70m bev=40.00m margin=2.00m state=odom grid=/bev/occupancy_grid sparse=/planner/upper_path_sparse dense=/planner/lower_reference_path
[INFO] [1791269836.327949539] [upper_planner_node]: upper branch model: cumulative_increment=1 turn_window_at_split=1 turn_target_absolute=1 split_continuity=6.75m r_dpsi=2.000 lambda_turn=0.600
[INFO] [1791269836.336762687] [lower_tracking_mpc_node]: LowerTrackingMpcNode ready: rate=10.00Hz dt=0.100s N=30 path=/planner/lower_reference_path scale=fullscale wheelbase=2.80m rear_offset=1.40m command_scale=0.350rad actuator_model=1 delay=0.00s tau=0.74s backend=disabled virtual=/cmd_control
[WARN] [1791269836.481390206] [upper_planner_node]: no valid preview interval at step=7; usable horizon=6 reason=3
[WARN] [1791269836.500907698] [upper_planner_node]: no valid interval at the measured k=0 state; retaining future horizon=7 reason=3
"branch_width_off-0.6_yaw+0" "tau0.5" "CUR" "left_road_stop" cycles=394
[INFO] [1791269836.546402166] [upper_planner_node]: planner state input: Odometry topic=/motive/vehicle/odom_map yaw=orientation.z scalar
[INFO] [1791269836.549353951] [upper_planner_node]: Egocentric MIQP planner ready: rate=2.00Hz pred_dt=0.750s Nmax=7 lower_dt=0.100s target_v=6.000m/s scale=fullscale wheelbase=2.80m length=4.70m bev=40.00m margin=2.00m state=odom grid=/bev/occupancy_grid sparse=/planner/upper_path_sparse dense=/planner/lower_reference_path
[INFO] [1791269836.549480257] [upper_planner_node]: upper branch model: cumulative_increment=1 turn_window_at_split=1 turn_target_absolute=1 split_continuity=6.75m r_dpsi=2.000 lambda_turn=0.600
[INFO] [1791269836.558247517] [lower_tracking_mpc_node]: LowerTrackingMpcNode ready: rate=10.00Hz dt=0.100s N=30 path=/planner/lower_reference_path scale=fullscale wheelbase=2.80m rear_offset=1.40m command_scale=0.350rad actuator_model=1 delay=0.00s tau=0.74s backend=disabled virtual=/cmd_control
"branch_width_off-0.6_yaw+0" "tau0.5" "CUR_1hz_r3_soft07" "goal_reached" cycles=401
[INFO] [1791269836.740758868] [upper_planner_node]: planner state input: Odometry topic=/motive/vehicle/odom_map yaw=orientation.z scalar
[INFO] [1791269836.743945921] [upper_planner_node]: Egocentric MIQP planner ready: rate=2.00Hz pred_dt=0.750s Nmax=7 lower_dt=0.100s target_v=6.000m/s scale=fullscale wheelbase=2.80m length=4.70m bev=40.00m margin=2.00m state=odom grid=/bev/occupancy_grid sparse=/planner/upper_path_sparse dense=/planner/lower_reference_path
[INFO] [1791269836.744081795] [upper_planner_node]: upper branch model: cumulative_increment=1 turn_window_at_split=1 turn_target_absolute=1 split_continuity=6.75m r_dpsi=2.000 lambda_turn=0.600
[INFO] [1791269836.753270373] [lower_tracking_mpc_node]: LowerTrackingMpcNode ready: rate=10.00Hz dt=0.100s N=30 path=/planner/lower_reference_path scale=fullscale wheelbase=2.80m rear_offset=1.40m command_scale=0.350rad actuator_model=1 delay=0.00s tau=0.74s backend=disabled virtual=/cmd_control
[WARN] [1791269836.862417549] [upper_planner_node]: interval_diag step=7 reason=3 ref_body=(25.690,17.609) heading_deg=35.67 center_cell=(82,120) center_value=100 line_free=1 blocked=273 unknown=0 outside=2 longest_run=1 min_run=2 grid_free=5718 zero=5718 positive=10666 unknown=0 topic=/bev/occupancy_grid frame=Vehicle origin=(0.000,-20.000) origin_yaw_deg=0.00 size=128x128 res=0.3125 positive_is_drivable=0 threshold=0 waypoint_bias=0 previous=1
[WARN] [1791269836.862695057] [upper_planner_node]: no valid preview interval at step=7; usable horizon=6 reason=3
"branch_width_off-0.6_yaw+0" "tau1.0" "V0" "goal_reached" cycles=401
[INFO] [1791269836.936876395] [upper_planner_node]: planner state input: Odometry topic=/motive/vehicle/odom_map yaw=orientation.z scalar
[INFO] [1791269836.940144601] [upper_planner_node]: Egocentric MIQP planner ready: rate=2.00Hz pred_dt=0.750s Nmax=7 lower_dt=0.100s target_v=6.000m/s scale=fullscale wheelbase=2.80m length=4.70m bev=40.00m margin=2.00m state=odom grid=/bev/occupancy_grid sparse=/planner/upper_path_sparse dense=/planner/lower_reference_path
[INFO] [1791269836.940273595] [upper_planner_node]: upper branch model: cumulative_increment=1 turn_window_at_split=1 turn_target_absolute=1 split_continuity=6.75m r_dpsi=2.000 lambda_turn=0.600
[INFO] [1791269836.948964502] [lower_tracking_mpc_node]: LowerTrackingMpcNode ready: rate=10.00Hz dt=0.100s N=30 path=/planner/lower_reference_path scale=fullscale wheelbase=2.80m rear_offset=1.40m command_scale=0.350rad actuator_model=1 delay=0.00s tau=0.74s backend=disabled virtual=/cmd_control
[WARN] [1791269837.092668231] [upper_planner_node]: no valid preview interval at step=7; usable horizon=6 reason=3
[WARN] [1791269837.112427518] [upper_planner_node]: no valid interval at the measured k=0 state; retaining future horizon=7 reason=3
"branch_width_off-0.6_yaw+0" "tau1.0" "V0+2hz" "left_road_stop" cycles=393
[INFO] [1791269837.152531573] [upper_planner_node]: planner state input: Odometry topic=/motive/vehicle/odom_map yaw=orientation.z scalar
[INFO] [1791269837.155446239] [upper_planner_node]: Egocentric MIQP planner ready: rate=2.00Hz pred_dt=0.750s Nmax=7 lower_dt=0.100s target_v=6.000m/s scale=fullscale wheelbase=2.80m length=4.70m bev=40.00m margin=2.00m state=odom grid=/bev/occupancy_grid sparse=/planner/upper_path_sparse dense=/planner/lower_reference_path
[INFO] [1791269837.155647905] [upper_planner_node]: upper branch model: cumulative_increment=1 turn_window_at_split=1 turn_target_absolute=1 split_continuity=6.75m r_dpsi=2.000 lambda_turn=0.600
[INFO] [1791269837.164416926] [lower_tracking_mpc_node]: LowerTrackingMpcNode ready: rate=10.00Hz dt=0.100s N=30 path=/planner/lower_reference_path scale=fullscale wheelbase=2.80m rear_offset=1.40m command_scale=0.350rad actuator_model=1 delay=0.00s tau=0.74s backend=disabled virtual=/cmd_control
"branch_width_off-0.6_yaw+0" "tau1.0" "V0+soft08" "goal_reached" cycles=398
[INFO] [1791269837.350002975] [upper_planner_node]: planner state input: Odometry topic=/motive/vehicle/odom_map yaw=orientation.z scalar
[INFO] [1791269837.353080202] [upper_planner_node]: Egocentric MIQP planner ready: rate=2.00Hz pred_dt=0.750s Nmax=7 lower_dt=0.100s target_v=6.000m/s scale=fullscale wheelbase=2.80m length=4.70m bev=40.00m margin=2.00m state=odom grid=/bev/occupancy_grid sparse=/planner/upper_path_sparse dense=/planner/lower_reference_path
[INFO] [1791269837.353212332] [upper_planner_node]: upper branch model: cumulative_increment=1 turn_window_at_split=1 turn_target_absolute=1 split_continuity=6.75m r_dpsi=2.000 lambda_turn=0.600
[INFO] [1791269837.362141866] [lower_tracking_mpc_node]: LowerTrackingMpcNode ready: rate=10.00Hz dt=0.100s N=30 path=/planner/lower_reference_path scale=fullscale wheelbase=2.80m rear_offset=1.40m command_scale=0.350rad actuator_model=1 delay=0.00s tau=0.74s backend=disabled virtual=/cmd_control
[WARN] [1791269837.471747737] [upper_planner_node]: no valid preview interval at step=7; usable horizon=6 reason=3
"branch_width_off-0.6_yaw+0" "tau1.0" "V0+r2" "goal_reached" cycles=403
[INFO] [1791269837.552023912] [upper_planner_node]: planner state input: Odometry topic=/motive/vehicle/odom_map yaw=orientation.z scalar
[INFO] [1791269837.554910609] [upper_planner_node]: Egocentric MIQP planner ready: rate=2.00Hz pred_dt=0.750s Nmax=7 lower_dt=0.100s target_v=6.000m/s scale=fullscale wheelbase=2.80m length=4.70m bev=40.00m margin=2.00m state=odom grid=/bev/occupancy_grid sparse=/planner/upper_path_sparse dense=/planner/lower_reference_path
[INFO] [1791269837.555091732] [upper_planner_node]: upper branch model: cumulative_increment=1 turn_window_at_split=1 turn_target_absolute=1 split_continuity=6.75m r_dpsi=2.000 lambda_turn=0.600
[INFO] [1791269837.563911377] [lower_tracking_mpc_node]: LowerTrackingMpcNode ready: rate=10.00Hz dt=0.100s N=30 path=/planner/lower_reference_path scale=fullscale wheelbase=2.80m rear_offset=1.40m command_scale=0.350rad actuator_model=1 delay=0.00s tau=0.74s backend=disabled virtual=/cmd_control
"branch_width_off-0.6_yaw+0" "tau1.0" "V0+wp1520" "goal_reached" cycles=402
[INFO] [1791269837.752731904] [upper_planner_node]: planner state input: Odometry topic=/motive/vehicle/odom_map yaw=orientation.z scalar
[INFO] [1791269837.755787659] [upper_planner_node]: Egocentric MIQP planner ready: rate=2.00Hz pred_dt=0.750s Nmax=7 lower_dt=0.100s target_v=6.000m/s scale=fullscale wheelbase=2.80m length=4.70m bev=40.00m margin=2.00m state=odom grid=/bev/occupancy_grid sparse=/planner/upper_path_sparse dense=/planner/lower_reference_path
[INFO] [1791269837.755916013] [upper_planner_node]: upper branch model: cumulative_increment=1 turn_window_at_split=1 turn_target_absolute=1 split_continuity=6.75m r_dpsi=2.000 lambda_turn=0.600
[INFO] [1791269837.764705769] [lower_tracking_mpc_node]: LowerTrackingMpcNode ready: rate=10.00Hz dt=0.100s N=30 path=/planner/lower_reference_path scale=fullscale wheelbase=2.80m rear_offset=1.40m command_scale=0.350rad actuator_model=1 delay=0.00s tau=0.74s backend=disabled virtual=/cmd_control
"branch_width_off-0.6_yaw+0" "tau1.0" "V0+rd150" "goal_reached" cycles=402
[INFO] [1791269837.948891542] [upper_planner_node]: planner state input: Odometry topic=/motive/vehicle/odom_map yaw=orientation.z scalar
[INFO] [1791269837.951863456] [upper_planner_node]: Egocentric MIQP planner ready: rate=2.00Hz pred_dt=0.750s Nmax=7 lower_dt=0.100s target_v=6.000m/s scale=fullscale wheelbase=2.80m length=4.70m bev=40.00m margin=2.00m state=odom grid=/bev/occupancy_grid sparse=/planner/upper_path_sparse dense=/planner/lower_reference_path
[INFO] [1791269837.952008002] [upper_planner_node]: upper branch model: cumulative_increment=1 turn_window_at_split=1 turn_target_absolute=1 split_continuity=6.75m r_dpsi=2.000 lambda_turn=0.600
[INFO] [1791269837.961115875] [lower_tracking_mpc_node]: LowerTrackingMpcNode ready: rate=10.00Hz dt=0.100s N=30 path=/planner/lower_reference_path scale=fullscale wheelbase=2.80m rear_offset=1.40m command_scale=0.350rad actuator_model=1 delay=0.00s tau=0.74s backend=disabled virtual=/cmd_control
[WARN] [1791269838.105743457] [upper_planner_node]: no valid preview interval at step=7; usable horizon=6 reason=3
[WARN] [1791269838.125419927] [upper_planner_node]: no valid interval at the measured k=0 state; retaining future horizon=7 reason=3
"branch_width_off-0.6_yaw+0" "tau1.0" "CUR" "left_road_stop" cycles=395
[INFO] [1791269838.172182156] [upper_planner_node]: planner state input: Odometry topic=/motive/vehicle/odom_map yaw=orientation.z scalar
[INFO] [1791269838.175297048] [upper_planner_node]: Egocentric MIQP planner ready: rate=2.00Hz pred_dt=0.750s Nmax=7 lower_dt=0.100s target_v=6.000m/s scale=fullscale wheelbase=2.80m length=4.70m bev=40.00m margin=2.00m state=odom grid=/bev/occupancy_grid sparse=/planner/upper_path_sparse dense=/planner/lower_reference_path
[INFO] [1791269838.175416346] [upper_planner_node]: upper branch model: cumulative_increment=1 turn_window_at_split=1 turn_target_absolute=1 split_continuity=6.75m r_dpsi=2.000 lambda_turn=0.600
[INFO] [1791269838.184327480] [lower_tracking_mpc_node]: LowerTrackingMpcNode ready: rate=10.00Hz dt=0.100s N=30 path=/planner/lower_reference_path scale=fullscale wheelbase=2.80m rear_offset=1.40m command_scale=0.350rad actuator_model=1 delay=0.00s tau=0.74s backend=disabled virtual=/cmd_control
"branch_width_off-0.6_yaw+0" "tau1.0" "CUR_1hz_r3_soft07" "goal_reached" cycles=403
[INFO] [1791269838.372007926] [upper_planner_node]: planner state input: Odometry topic=/motive/vehicle/odom_map yaw=orientation.z scalar
[INFO] [1791269838.375015297] [upper_planner_node]: Egocentric MIQP planner ready: rate=2.00Hz pred_dt=0.750s Nmax=7 lower_dt=0.100s target_v=6.000m/s scale=fullscale wheelbase=2.80m length=4.70m bev=40.00m margin=2.00m state=odom grid=/bev/occupancy_grid sparse=/planner/upper_path_sparse dense=/planner/lower_reference_path
[INFO] [1791269838.375138019] [upper_planner_node]: upper branch model: cumulative_increment=1 turn_window_at_split=1 turn_target_absolute=1 split_continuity=6.75m r_dpsi=2.000 lambda_turn=0.600
[INFO] [1791269838.383937727] [lower_tracking_mpc_node]: LowerTrackingMpcNode ready: rate=10.00Hz dt=0.100s N=30 path=/planner/lower_reference_path scale=fullscale wheelbase=2.80m rear_offset=1.40m command_scale=0.350rad actuator_model=1 delay=0.00s tau=0.74s backend=disabled virtual=/cmd_control
[WARN] [1791269838.488478949] [upper_planner_node]: no valid preview interval at step=7; usable horizon=6 reason=3
"branch_width_off-0.6_yaw+2" "tau0.74" "V0" "goal_reached" cycles=401
[INFO] [1791269838.571073749] [upper_planner_node]: planner state input: Odometry topic=/motive/vehicle/odom_map yaw=orientation.z scalar
[INFO] [1791269838.573961502] [upper_planner_node]: Egocentric MIQP planner ready: rate=2.00Hz pred_dt=0.750s Nmax=7 lower_dt=0.100s target_v=6.000m/s scale=fullscale wheelbase=2.80m length=4.70m bev=40.00m margin=2.00m state=odom grid=/bev/occupancy_grid sparse=/planner/upper_path_sparse dense=/planner/lower_reference_path
[INFO] [1791269838.574085920] [upper_planner_node]: upper branch model: cumulative_increment=1 turn_window_at_split=1 turn_target_absolute=1 split_continuity=6.75m r_dpsi=2.000 lambda_turn=0.600
[INFO] [1791269838.583134528] [lower_tracking_mpc_node]: LowerTrackingMpcNode ready: rate=10.00Hz dt=0.100s N=30 path=/planner/lower_reference_path scale=fullscale wheelbase=2.80m rear_offset=1.40m command_scale=0.350rad actuator_model=1 delay=0.00s tau=0.74s backend=disabled virtual=/cmd_control
[WARN] [1791269838.726958578] [upper_planner_node]: no valid preview interval at step=7; usable horizon=6 reason=3
[WARN] [1791269838.746389093] [upper_planner_node]: no valid interval at the measured k=0 state; retaining future horizon=7 reason=3
"branch_width_off-0.6_yaw+2" "tau0.74" "V0+2hz" "left_road_stop" cycles=394
[INFO] [1791269838.791946921] [upper_planner_node]: planner state input: Odometry topic=/motive/vehicle/odom_map yaw=orientation.z scalar
[INFO] [1791269838.794838930] [upper_planner_node]: Egocentric MIQP planner ready: rate=2.00Hz pred_dt=0.750s Nmax=7 lower_dt=0.100s target_v=6.000m/s scale=fullscale wheelbase=2.80m length=4.70m bev=40.00m margin=2.00m state=odom grid=/bev/occupancy_grid sparse=/planner/upper_path_sparse dense=/planner/lower_reference_path
[INFO] [1791269838.795119158] [upper_planner_node]: upper branch model: cumulative_increment=1 turn_window_at_split=1 turn_target_absolute=1 split_continuity=6.75m r_dpsi=2.000 lambda_turn=0.600
[INFO] [1791269838.803831889] [lower_tracking_mpc_node]: LowerTrackingMpcNode ready: rate=10.00Hz dt=0.100s N=30 path=/planner/lower_reference_path scale=fullscale wheelbase=2.80m rear_offset=1.40m command_scale=0.350rad actuator_model=1 delay=0.00s tau=0.74s backend=disabled virtual=/cmd_control
"branch_width_off-0.6_yaw+2" "tau0.74" "V0+soft08" "goal_reached" cycles=397
[INFO] [1791269838.984983603] [upper_planner_node]: planner state input: Odometry topic=/motive/vehicle/odom_map yaw=orientation.z scalar
[INFO] [1791269838.988031006] [upper_planner_node]: Egocentric MIQP planner ready: rate=2.00Hz pred_dt=0.750s Nmax=7 lower_dt=0.100s target_v=6.000m/s scale=fullscale wheelbase=2.80m length=4.70m bev=40.00m margin=2.00m state=odom grid=/bev/occupancy_grid sparse=/planner/upper_path_sparse dense=/planner/lower_reference_path
[INFO] [1791269838.988160896] [upper_planner_node]: upper branch model: cumulative_increment=1 turn_window_at_split=1 turn_target_absolute=1 split_continuity=6.75m r_dpsi=2.000 lambda_turn=0.600
[INFO] [1791269838.997112350] [lower_tracking_mpc_node]: LowerTrackingMpcNode ready: rate=10.00Hz dt=0.100s N=30 path=/planner/lower_reference_path scale=fullscale wheelbase=2.80m rear_offset=1.40m command_scale=0.350rad actuator_model=1 delay=0.00s tau=0.74s backend=disabled virtual=/cmd_control
[WARN] [1791269839.105787135] [upper_planner_node]: interval_diag step=7 reason=3 ref_body=(25.609,17.793) heading_deg=35.12 center_cell=(81,120) center_value=100 line_free=0 blocked=277 unknown=0 outside=2 longest_run=0 min_run=2 grid_free=5601 zero=5601 positive=10783 unknown=0 topic=/bev/occupancy_grid frame=Vehicle origin=(0.000,-20.000) origin_yaw_deg=0.00 size=128x128 res=0.3125 positive_is_drivable=0 threshold=0 waypoint_bias=0 previous=1
[WARN] [1791269839.106068579] [upper_planner_node]: no valid preview interval at step=7; usable horizon=6 reason=3
"branch_width_off-0.6_yaw+2" "tau0.74" "V0+r2" "goal_reached" cycles=402
[INFO] [1791269839.187382529] [upper_planner_node]: planner state input: Odometry topic=/motive/vehicle/odom_map yaw=orientation.z scalar
[INFO] [1791269839.190349643] [upper_planner_node]: Egocentric MIQP planner ready: rate=2.00Hz pred_dt=0.750s Nmax=7 lower_dt=0.100s target_v=6.000m/s scale=fullscale wheelbase=2.80m length=4.70m bev=40.00m margin=2.00m state=odom grid=/bev/occupancy_grid sparse=/planner/upper_path_sparse dense=/planner/lower_reference_path
[INFO] [1791269839.190465740] [upper_planner_node]: upper branch model: cumulative_increment=1 turn_window_at_split=1 turn_target_absolute=1 split_continuity=6.75m r_dpsi=2.000 lambda_turn=0.600
[INFO] [1791269839.199261641] [lower_tracking_mpc_node]: LowerTrackingMpcNode ready: rate=10.00Hz dt=0.100s N=30 path=/planner/lower_reference_path scale=fullscale wheelbase=2.80m rear_offset=1.40m command_scale=0.350rad actuator_model=1 delay=0.00s tau=0.74s backend=disabled virtual=/cmd_control
[WARN] [1791269839.308444688] [upper_planner_node]: no valid preview interval at step=7; usable horizon=6 reason=3
"branch_width_off-0.6_yaw+2" "tau0.74" "V0+wp1520" "goal_reached" cycles=401
[INFO] [1791269839.388854561] [upper_planner_node]: planner state input: Odometry topic=/motive/vehicle/odom_map yaw=orientation.z scalar
[INFO] [1791269839.392697143] [upper_planner_node]: Egocentric MIQP planner ready: rate=2.00Hz pred_dt=0.750s Nmax=7 lower_dt=0.100s target_v=6.000m/s scale=fullscale wheelbase=2.80m length=4.70m bev=40.00m margin=2.00m state=odom grid=/bev/occupancy_grid sparse=/planner/upper_path_sparse dense=/planner/lower_reference_path
[INFO] [1791269839.392822425] [upper_planner_node]: upper branch model: cumulative_increment=1 turn_window_at_split=1 turn_target_absolute=1 split_continuity=6.75m r_dpsi=2.000 lambda_turn=0.600
[INFO] [1791269839.401996859] [lower_tracking_mpc_node]: LowerTrackingMpcNode ready: rate=10.00Hz dt=0.100s N=30 path=/planner/lower_reference_path scale=fullscale wheelbase=2.80m rear_offset=1.40m command_scale=0.350rad actuator_model=1 delay=0.00s tau=0.74s backend=disabled virtual=/cmd_control
[WARN] [1791269839.507268235] [upper_planner_node]: no valid preview interval at step=7; usable horizon=6 reason=3
"branch_width_off-0.6_yaw+2" "tau0.74" "V0+rd150" "goal_reached" cycles=400
[INFO] [1791269839.591448337] [upper_planner_node]: planner state input: Odometry topic=/motive/vehicle/odom_map yaw=orientation.z scalar
[INFO] [1791269839.594406555] [upper_planner_node]: Egocentric MIQP planner ready: rate=2.00Hz pred_dt=0.750s Nmax=7 lower_dt=0.100s target_v=6.000m/s scale=fullscale wheelbase=2.80m length=4.70m bev=40.00m margin=2.00m state=odom grid=/bev/occupancy_grid sparse=/planner/upper_path_sparse dense=/planner/lower_reference_path
[INFO] [1791269839.594616318] [upper_planner_node]: upper branch model: cumulative_increment=1 turn_window_at_split=1 turn_target_absolute=1 split_continuity=6.75m r_dpsi=2.000 lambda_turn=0.600
[INFO] [1791269839.603635038] [lower_tracking_mpc_node]: LowerTrackingMpcNode ready: rate=10.00Hz dt=0.100s N=30 path=/planner/lower_reference_path scale=fullscale wheelbase=2.80m rear_offset=1.40m command_scale=0.350rad actuator_model=1 delay=0.00s tau=0.74s backend=disabled virtual=/cmd_control
[WARN] [1791269839.747787700] [upper_planner_node]: no valid preview interval at step=7; usable horizon=6 reason=3
[WARN] [1791269839.767280839] [upper_planner_node]: no valid interval at the measured k=0 state; retaining future horizon=7 reason=3
"branch_width_off-0.6_yaw+2" "tau0.74" "CUR" "left_road_stop" cycles=393
[INFO] [1791269839.811169364] [upper_planner_node]: planner state input: Odometry topic=/motive/vehicle/odom_map yaw=orientation.z scalar
[INFO] [1791269839.814065725] [upper_planner_node]: Egocentric MIQP planner ready: rate=2.00Hz pred_dt=0.750s Nmax=7 lower_dt=0.100s target_v=6.000m/s scale=fullscale wheelbase=2.80m length=4.70m bev=40.00m margin=2.00m state=odom grid=/bev/occupancy_grid sparse=/planner/upper_path_sparse dense=/planner/lower_reference_path
[INFO] [1791269839.814180254] [upper_planner_node]: upper branch model: cumulative_increment=1 turn_window_at_split=1 turn_target_absolute=1 split_continuity=6.75m r_dpsi=2.000 lambda_turn=0.600
[INFO] [1791269839.823144541] [lower_tracking_mpc_node]: LowerTrackingMpcNode ready: rate=10.00Hz dt=0.100s N=30 path=/planner/lower_reference_path scale=fullscale wheelbase=2.80m rear_offset=1.40m command_scale=0.350rad actuator_model=1 delay=0.00s tau=0.74s backend=disabled virtual=/cmd_control
[WARN] [1791269839.932989390] [upper_planner_node]: no valid preview interval at step=7; usable horizon=6 reason=3
"branch_width_off-0.6_yaw+2" "tau0.74" "CUR_1hz_r3_soft07" "goal_reached" cycles=401
[INFO] [1791269840.012211118] [upper_planner_node]: planner state input: Odometry topic=/motive/vehicle/odom_map yaw=orientation.z scalar
[INFO] [1791269840.015149720] [upper_planner_node]: Egocentric MIQP planner ready: rate=2.00Hz pred_dt=0.750s Nmax=7 lower_dt=0.100s target_v=6.000m/s scale=fullscale wheelbase=2.80m length=4.70m bev=40.00m margin=2.00m state=odom grid=/bev/occupancy_grid sparse=/planner/upper_path_sparse dense=/planner/lower_reference_path
[INFO] [1791269840.015271450] [upper_planner_node]: upper branch model: cumulative_increment=1 turn_window_at_split=1 turn_target_absolute=1 split_continuity=6.75m r_dpsi=2.000 lambda_turn=0.600
[INFO] [1791269840.024201208] [lower_tracking_mpc_node]: LowerTrackingMpcNode ready: rate=10.00Hz dt=0.100s N=30 path=/planner/lower_reference_path scale=fullscale wheelbase=2.80m rear_offset=1.40m command_scale=0.350rad actuator_model=1 delay=0.00s tau=0.74s backend=disabled virtual=/cmd_control
[WARN] [1791269840.147736298] [upper_planner_node]: no valid preview interval at step=7; usable horizon=6 reason=3
[WARN] [1791269840.165321410] [upper_planner_node]: no valid interval at the measured k=0 state; retaining future horizon=7 reason=3
"branch_width_off-0.6_yaw+2" "tau0.5" "V0" "left_road_stop" cycles=394
[INFO] [1791269840.202825653] [upper_planner_node]: planner state input: Odometry topic=/motive/vehicle/odom_map yaw=orientation.z scalar
[INFO] [1791269840.205906368] [upper_planner_node]: Egocentric MIQP planner ready: rate=2.00Hz pred_dt=0.750s Nmax=7 lower_dt=0.100s target_v=6.000m/s scale=fullscale wheelbase=2.80m length=4.70m bev=40.00m margin=2.00m state=odom grid=/bev/occupancy_grid sparse=/planner/upper_path_sparse dense=/planner/lower_reference_path
[INFO] [1791269840.206019682] [upper_planner_node]: upper branch model: cumulative_increment=1 turn_window_at_split=1 turn_target_absolute=1 split_continuity=6.75m r_dpsi=2.000 lambda_turn=0.600
[INFO] [1791269840.214811518] [lower_tracking_mpc_node]: LowerTrackingMpcNode ready: rate=10.00Hz dt=0.100s N=30 path=/planner/lower_reference_path scale=fullscale wheelbase=2.80m rear_offset=1.40m command_scale=0.350rad actuator_model=1 delay=0.00s tau=0.74s backend=disabled virtual=/cmd_control
[WARN] [1791269840.359052181] [upper_planner_node]: no valid preview interval at step=7; usable horizon=6 reason=3
[WARN] [1791269840.378395622] [upper_planner_node]: no valid interval at the measured k=0 state; retaining future horizon=7 reason=3
"branch_width_off-0.6_yaw+2" "tau0.5" "V0+2hz" "left_road_stop" cycles=394
[INFO] [1791269840.423476707] [upper_planner_node]: planner state input: Odometry topic=/motive/vehicle/odom_map yaw=orientation.z scalar
[INFO] [1791269840.426423917] [upper_planner_node]: Egocentric MIQP planner ready: rate=2.00Hz pred_dt=0.750s Nmax=7 lower_dt=0.100s target_v=6.000m/s scale=fullscale wheelbase=2.80m length=4.70m bev=40.00m margin=2.00m state=odom grid=/bev/occupancy_grid sparse=/planner/upper_path_sparse dense=/planner/lower_reference_path
[INFO] [1791269840.426601936] [upper_planner_node]: upper branch model: cumulative_increment=1 turn_window_at_split=1 turn_target_absolute=1 split_continuity=6.75m r_dpsi=2.000 lambda_turn=0.600
[INFO] [1791269840.435690576] [lower_tracking_mpc_node]: LowerTrackingMpcNode ready: rate=10.00Hz dt=0.100s N=30 path=/planner/lower_reference_path scale=fullscale wheelbase=2.80m rear_offset=1.40m command_scale=0.350rad actuator_model=1 delay=0.00s tau=0.74s backend=disabled virtual=/cmd_control
[WARN] [1791269840.540663548] [upper_planner_node]: no valid preview interval at step=7; usable horizon=6 reason=3
"branch_width_off-0.6_yaw+2" "tau0.5" "V0+soft08" "goal_reached" cycles=397
[INFO] [1791269840.621274479] [upper_planner_node]: planner state input: Odometry topic=/motive/vehicle/odom_map yaw=orientation.z scalar
[INFO] [1791269840.624237305] [upper_planner_node]: Egocentric MIQP planner ready: rate=2.00Hz pred_dt=0.750s Nmax=7 lower_dt=0.100s target_v=6.000m/s scale=fullscale wheelbase=2.80m length=4.70m bev=40.00m margin=2.00m state=odom grid=/bev/occupancy_grid sparse=/planner/upper_path_sparse dense=/planner/lower_reference_path
[INFO] [1791269840.624359067] [upper_planner_node]: upper branch model: cumulative_increment=1 turn_window_at_split=1 turn_target_absolute=1 split_continuity=6.75m r_dpsi=2.000 lambda_turn=0.600
[INFO] [1791269840.634844943] [lower_tracking_mpc_node]: LowerTrackingMpcNode ready: rate=10.00Hz dt=0.100s N=30 path=/planner/lower_reference_path scale=fullscale wheelbase=2.80m rear_offset=1.40m command_scale=0.350rad actuator_model=1 delay=0.00s tau=0.74s backend=disabled virtual=/cmd_control
"branch_width_off-0.6_yaw+2" "tau0.5" "V0+r2" "goal_reached" cycles=401
[INFO] [1791269840.821504989] [upper_planner_node]: planner state input: Odometry topic=/motive/vehicle/odom_map yaw=orientation.z scalar
[INFO] [1791269840.824548808] [upper_planner_node]: Egocentric MIQP planner ready: rate=2.00Hz pred_dt=0.750s Nmax=7 lower_dt=0.100s target_v=6.000m/s scale=fullscale wheelbase=2.80m length=4.70m bev=40.00m margin=2.00m state=odom grid=/bev/occupancy_grid sparse=/planner/upper_path_sparse dense=/planner/lower_reference_path
[INFO] [1791269840.824676426] [upper_planner_node]: upper branch model: cumulative_increment=1 turn_window_at_split=1 turn_target_absolute=1 split_continuity=6.75m r_dpsi=2.000 lambda_turn=0.600
[INFO] [1791269840.833421574] [lower_tracking_mpc_node]: LowerTrackingMpcNode ready: rate=10.00Hz dt=0.100s N=30 path=/planner/lower_reference_path scale=fullscale wheelbase=2.80m rear_offset=1.40m command_scale=0.350rad actuator_model=1 delay=0.00s tau=0.74s backend=disabled virtual=/cmd_control
[WARN] [1791269840.957524768] [upper_planner_node]: no valid preview interval at step=7; usable horizon=6 reason=3
[WARN] [1791269840.974992119] [upper_planner_node]: no valid interval at the measured k=0 state; retaining future horizon=7 reason=3
"branch_width_off-0.6_yaw+2" "tau0.5" "V0+wp1520" "left_road_stop" cycles=394
[INFO] [1791269841.017205003] [upper_planner_node]: planner state input: Odometry topic=/motive/vehicle/odom_map yaw=orientation.z scalar
[INFO] [1791269841.020269815] [upper_planner_node]: Egocentric MIQP planner ready: rate=2.00Hz pred_dt=0.750s Nmax=7 lower_dt=0.100s target_v=6.000m/s scale=fullscale wheelbase=2.80m length=4.70m bev=40.00m margin=2.00m state=odom grid=/bev/occupancy_grid sparse=/planner/upper_path_sparse dense=/planner/lower_reference_path
[INFO] [1791269841.020407801] [upper_planner_node]: upper branch model: cumulative_increment=1 turn_window_at_split=1 turn_target_absolute=1 split_continuity=6.75m r_dpsi=2.000 lambda_turn=0.600
[INFO] [1791269841.029582170] [lower_tracking_mpc_node]: LowerTrackingMpcNode ready: rate=10.00Hz dt=0.100s N=30 path=/planner/lower_reference_path scale=fullscale wheelbase=2.80m rear_offset=1.40m command_scale=0.350rad actuator_model=1 delay=0.00s tau=0.74s backend=disabled virtual=/cmd_control
[WARN] [1791269841.134212129] [upper_planner_node]: interval_diag step=7 reason=3 ref_body=(22.868,19.584) heading_deg=49.91 center_cell=(73,126) center_value=100 line_free=0 blocked=230 unknown=0 outside=2 longest_run=0 min_run=2 grid_free=5156 zero=5156 positive=11228 unknown=0 topic=/bev/occupancy_grid frame=Vehicle origin=(0.000,-20.000) origin_yaw_deg=0.00 size=128x128 res=0.3125 positive_is_drivable=0 threshold=0 waypoint_bias=0 previous=1
[WARN] [1791269841.134415108] [upper_planner_node]: no valid preview interval at step=7; usable horizon=6 reason=3
"branch_width_off-0.6_yaw+2" "tau0.5" "V0+rd150" "goal_reached" cycles=400
[INFO] [1791269841.211592614] [upper_planner_node]: planner state input: Odometry topic=/motive/vehicle/odom_map yaw=orientation.z scalar
[INFO] [1791269841.214500047] [upper_planner_node]: Egocentric MIQP planner ready: rate=2.00Hz pred_dt=0.750s Nmax=7 lower_dt=0.100s target_v=6.000m/s scale=fullscale wheelbase=2.80m length=4.70m bev=40.00m margin=2.00m state=odom grid=/bev/occupancy_grid sparse=/planner/upper_path_sparse dense=/planner/lower_reference_path
[INFO] [1791269841.214614961] [upper_planner_node]: upper branch model: cumulative_increment=1 turn_window_at_split=1 turn_target_absolute=1 split_continuity=6.75m r_dpsi=2.000 lambda_turn=0.600
[INFO] [1791269841.223519919] [lower_tracking_mpc_node]: LowerTrackingMpcNode ready: rate=10.00Hz dt=0.100s N=30 path=/planner/lower_reference_path scale=fullscale wheelbase=2.80m rear_offset=1.40m command_scale=0.350rad actuator_model=1 delay=0.00s tau=0.74s backend=disabled virtual=/cmd_control
[WARN] [1791269841.367942984] [upper_planner_node]: no valid preview interval at step=7; usable horizon=6 reason=3
[WARN] [1791269841.387459676] [upper_planner_node]: no valid interval at the measured k=0 state; retaining future horizon=7 reason=3
"branch_width_off-0.6_yaw+2" "tau0.5" "CUR" "left_road_stop" cycles=393
[INFO] [1791269841.426510595] [upper_planner_node]: planner state input: Odometry topic=/motive/vehicle/odom_map yaw=orientation.z scalar
[INFO] [1791269841.429598191] [upper_planner_node]: Egocentric MIQP planner ready: rate=2.00Hz pred_dt=0.750s Nmax=7 lower_dt=0.100s target_v=6.000m/s scale=fullscale wheelbase=2.80m length=4.70m bev=40.00m margin=2.00m state=odom grid=/bev/occupancy_grid sparse=/planner/upper_path_sparse dense=/planner/lower_reference_path
[INFO] [1791269841.429722417] [upper_planner_node]: upper branch model: cumulative_increment=1 turn_window_at_split=1 turn_target_absolute=1 split_continuity=6.75m r_dpsi=2.000 lambda_turn=0.600
[INFO] [1791269841.438684207] [lower_tracking_mpc_node]: LowerTrackingMpcNode ready: rate=10.00Hz dt=0.100s N=30 path=/planner/lower_reference_path scale=fullscale wheelbase=2.80m rear_offset=1.40m command_scale=0.350rad actuator_model=1 delay=0.00s tau=0.74s backend=disabled virtual=/cmd_control
"branch_width_off-0.6_yaw+2" "tau0.5" "CUR_1hz_r3_soft07" "goal_reached" cycles=400
[INFO] [1791269841.627622397] [upper_planner_node]: planner state input: Odometry topic=/motive/vehicle/odom_map yaw=orientation.z scalar
[INFO] [1791269841.630479366] [upper_planner_node]: Egocentric MIQP planner ready: rate=2.00Hz pred_dt=0.750s Nmax=7 lower_dt=0.100s target_v=6.000m/s scale=fullscale wheelbase=2.80m length=4.70m bev=40.00m margin=2.00m state=odom grid=/bev/occupancy_grid sparse=/planner/upper_path_sparse dense=/planner/lower_reference_path
[INFO] [1791269841.630604647] [upper_planner_node]: upper branch model: cumulative_increment=1 turn_window_at_split=1 turn_target_absolute=1 split_continuity=6.75m r_dpsi=2.000 lambda_turn=0.600
[INFO] [1791269841.639574182] [lower_tracking_mpc_node]: LowerTrackingMpcNode ready: rate=10.00Hz dt=0.100s N=30 path=/planner/lower_reference_path scale=fullscale wheelbase=2.80m rear_offset=1.40m command_scale=0.350rad actuator_model=1 delay=0.00s tau=0.74s backend=disabled virtual=/cmd_control
"branch_width_off-0.6_yaw+2" "tau1.0" "V0" "goal_reached" cycles=401
[INFO] [1791269841.825774285] [upper_planner_node]: planner state input: Odometry topic=/motive/vehicle/odom_map yaw=orientation.z scalar
[INFO] [1791269841.828908858] [upper_planner_node]: Egocentric MIQP planner ready: rate=2.00Hz pred_dt=0.750s Nmax=7 lower_dt=0.100s target_v=6.000m/s scale=fullscale wheelbase=2.80m length=4.70m bev=40.00m margin=2.00m state=odom grid=/bev/occupancy_grid sparse=/planner/upper_path_sparse dense=/planner/lower_reference_path
[INFO] [1791269841.829035611] [upper_planner_node]: upper branch model: cumulative_increment=1 turn_window_at_split=1 turn_target_absolute=1 split_continuity=6.75m r_dpsi=2.000 lambda_turn=0.600
[INFO] [1791269841.838170269] [lower_tracking_mpc_node]: LowerTrackingMpcNode ready: rate=10.00Hz dt=0.100s N=30 path=/planner/lower_reference_path scale=fullscale wheelbase=2.80m rear_offset=1.40m command_scale=0.350rad actuator_model=1 delay=0.00s tau=0.74s backend=disabled virtual=/cmd_control
[WARN] [1791269841.982610358] [upper_planner_node]: no valid preview interval at step=7; usable horizon=6 reason=3
[WARN] [1791269842.002521583] [upper_planner_node]: no valid interval at the measured k=0 state; retaining future horizon=7 reason=3
"branch_width_off-0.6_yaw+2" "tau1.0" "V0+2hz" "left_road_stop" cycles=393
[INFO] [1791269842.047217414] [upper_planner_node]: planner state input: Odometry topic=/motive/vehicle/odom_map yaw=orientation.z scalar
[INFO] [1791269842.050156336] [upper_planner_node]: Egocentric MIQP planner ready: rate=2.00Hz pred_dt=0.750s Nmax=7 lower_dt=0.100s target_v=6.000m/s scale=fullscale wheelbase=2.80m length=4.70m bev=40.00m margin=2.00m state=odom grid=/bev/occupancy_grid sparse=/planner/upper_path_sparse dense=/planner/lower_reference_path
[INFO] [1791269842.050277778] [upper_planner_node]: upper branch model: cumulative_increment=1 turn_window_at_split=1 turn_target_absolute=1 split_continuity=6.75m r_dpsi=2.000 lambda_turn=0.600
[INFO] [1791269842.059131631] [lower_tracking_mpc_node]: LowerTrackingMpcNode ready: rate=10.00Hz dt=0.100s N=30 path=/planner/lower_reference_path scale=fullscale wheelbase=2.80m rear_offset=1.40m command_scale=0.350rad actuator_model=1 delay=0.00s tau=0.74s backend=disabled virtual=/cmd_control
"branch_width_off-0.6_yaw+2" "tau1.0" "V0+soft08" "goal_reached" cycles=397
[INFO] [1791269842.245653178] [upper_planner_node]: planner state input: Odometry topic=/motive/vehicle/odom_map yaw=orientation.z scalar
[INFO] [1791269842.248565763] [upper_planner_node]: Egocentric MIQP planner ready: rate=2.00Hz pred_dt=0.750s Nmax=7 lower_dt=0.100s target_v=6.000m/s scale=fullscale wheelbase=2.80m length=4.70m bev=40.00m margin=2.00m state=odom grid=/bev/occupancy_grid sparse=/planner/upper_path_sparse dense=/planner/lower_reference_path
[INFO] [1791269842.248695013] [upper_planner_node]: upper branch model: cumulative_increment=1 turn_window_at_split=1 turn_target_absolute=1 split_continuity=6.75m r_dpsi=2.000 lambda_turn=0.600
[INFO] [1791269842.257594787] [lower_tracking_mpc_node]: LowerTrackingMpcNode ready: rate=10.00Hz dt=0.100s N=30 path=/planner/lower_reference_path scale=fullscale wheelbase=2.80m rear_offset=1.40m command_scale=0.350rad actuator_model=1 delay=0.00s tau=0.74s backend=disabled virtual=/cmd_control
[WARN] [1791269842.381838942] [upper_planner_node]: no valid preview interval at step=7; usable horizon=6 reason=3
[WARN] [1791269842.399241908] [upper_planner_node]: no valid interval at the measured k=0 state; retaining future horizon=7 reason=3
"branch_width_off-0.6_yaw+2" "tau1.0" "V0+r2" "left_road_stop" cycles=393
[INFO] [1791269842.436469474] [upper_planner_node]: planner state input: Odometry topic=/motive/vehicle/odom_map yaw=orientation.z scalar
[INFO] [1791269842.439415435] [upper_planner_node]: Egocentric MIQP planner ready: rate=2.00Hz pred_dt=0.750s Nmax=7 lower_dt=0.100s target_v=6.000m/s scale=fullscale wheelbase=2.80m length=4.70m bev=40.00m margin=2.00m state=odom grid=/bev/occupancy_grid sparse=/planner/upper_path_sparse dense=/planner/lower_reference_path
[INFO] [1791269842.439592814] [upper_planner_node]: upper branch model: cumulative_increment=1 turn_window_at_split=1 turn_target_absolute=1 split_continuity=6.75m r_dpsi=2.000 lambda_turn=0.600
[INFO] [1791269842.448544364] [lower_tracking_mpc_node]: LowerTrackingMpcNode ready: rate=10.00Hz dt=0.100s N=30 path=/planner/lower_reference_path scale=fullscale wheelbase=2.80m rear_offset=1.40m command_scale=0.350rad actuator_model=1 delay=0.00s tau=0.74s backend=disabled virtual=/cmd_control
"branch_width_off-0.6_yaw+2" "tau1.0" "V0+wp1520" "goal_reached" cycles=402
[INFO] [1791269842.637806846] [upper_planner_node]: planner state input: Odometry topic=/motive/vehicle/odom_map yaw=orientation.z scalar
[INFO] [1791269842.640752456] [upper_planner_node]: Egocentric MIQP planner ready: rate=2.00Hz pred_dt=0.750s Nmax=7 lower_dt=0.100s target_v=6.000m/s scale=fullscale wheelbase=2.80m length=4.70m bev=40.00m margin=2.00m state=odom grid=/bev/occupancy_grid sparse=/planner/upper_path_sparse dense=/planner/lower_reference_path
[INFO] [1791269842.640887625] [upper_planner_node]: upper branch model: cumulative_increment=1 turn_window_at_split=1 turn_target_absolute=1 split_continuity=6.75m r_dpsi=2.000 lambda_turn=0.600
[INFO] [1791269842.649776679] [lower_tracking_mpc_node]: LowerTrackingMpcNode ready: rate=10.00Hz dt=0.100s N=30 path=/planner/lower_reference_path scale=fullscale wheelbase=2.80m rear_offset=1.40m command_scale=0.350rad actuator_model=1 delay=0.00s tau=0.74s backend=disabled virtual=/cmd_control
[WARN] [1791269842.754580016] [upper_planner_node]: no valid preview interval at step=7; usable horizon=6 reason=3
"branch_width_off-0.6_yaw+2" "tau1.0" "V0+rd150" "goal_reached" cycles=401
[INFO] [1791269842.831202154] [upper_planner_node]: planner state input: Odometry topic=/motive/vehicle/odom_map yaw=orientation.z scalar
[INFO] [1791269842.835081985] [upper_planner_node]: Egocentric MIQP planner ready: rate=2.00Hz pred_dt=0.750s Nmax=7 lower_dt=0.100s target_v=6.000m/s scale=fullscale wheelbase=2.80m length=4.70m bev=40.00m margin=2.00m state=odom grid=/bev/occupancy_grid sparse=/planner/upper_path_sparse dense=/planner/lower_reference_path
[INFO] [1791269842.835213283] [upper_planner_node]: upper branch model: cumulative_increment=1 turn_window_at_split=1 turn_target_absolute=1 split_continuity=6.75m r_dpsi=2.000 lambda_turn=0.600
[INFO] [1791269842.844046848] [lower_tracking_mpc_node]: LowerTrackingMpcNode ready: rate=10.00Hz dt=0.100s N=30 path=/planner/lower_reference_path scale=fullscale wheelbase=2.80m rear_offset=1.40m command_scale=0.350rad actuator_model=1 delay=0.00s tau=0.74s backend=disabled virtual=/cmd_control
[WARN] [1791269842.988552857] [upper_planner_node]: no valid preview interval at step=7; usable horizon=6 reason=3
[WARN] [1791269843.008178478] [upper_planner_node]: no valid interval at the measured k=0 state; retaining future horizon=7 reason=3
"branch_width_off-0.6_yaw+2" "tau1.0" "CUR" "left_road_stop" cycles=394
[INFO] [1791269843.053343948] [upper_planner_node]: planner state input: Odometry topic=/motive/vehicle/odom_map yaw=orientation.z scalar
[INFO] [1791269843.056353815] [upper_planner_node]: Egocentric MIQP planner ready: rate=2.00Hz pred_dt=0.750s Nmax=7 lower_dt=0.100s target_v=6.000m/s scale=fullscale wheelbase=2.80m length=4.70m bev=40.00m margin=2.00m state=odom grid=/bev/occupancy_grid sparse=/planner/upper_path_sparse dense=/planner/lower_reference_path
[INFO] [1791269843.056482329] [upper_planner_node]: upper branch model: cumulative_increment=1 turn_window_at_split=1 turn_target_absolute=1 split_continuity=6.75m r_dpsi=2.000 lambda_turn=0.600
[INFO] [1791269843.065431063] [lower_tracking_mpc_node]: LowerTrackingMpcNode ready: rate=10.00Hz dt=0.100s N=30 path=/planner/lower_reference_path scale=fullscale wheelbase=2.80m rear_offset=1.40m command_scale=0.350rad actuator_model=1 delay=0.00s tau=0.74s backend=disabled virtual=/cmd_control
"branch_width_off-0.6_yaw+2" "tau1.0" "CUR_1hz_r3_soft07" "goal_reached" cycles=402
[INFO] [1791269843.259429643] [upper_planner_node]: planner state input: Odometry topic=/motive/vehicle/odom_map yaw=orientation.z scalar
[INFO] [1791269843.262343124] [upper_planner_node]: Egocentric MIQP planner ready: rate=2.00Hz pred_dt=0.750s Nmax=7 lower_dt=0.100s target_v=6.000m/s scale=fullscale wheelbase=2.80m length=4.70m bev=40.00m margin=2.00m state=odom grid=/bev/occupancy_grid sparse=/planner/upper_path_sparse dense=/planner/lower_reference_path
[INFO] [1791269843.262457398] [upper_planner_node]: upper branch model: cumulative_increment=1 turn_window_at_split=1 turn_target_absolute=1 split_continuity=6.75m r_dpsi=2.000 lambda_turn=0.600
[INFO] [1791269843.271229202] [lower_tracking_mpc_node]: LowerTrackingMpcNode ready: rate=10.00Hz dt=0.100s N=30 path=/planner/lower_reference_path scale=fullscale wheelbase=2.80m rear_offset=1.40m command_scale=0.350rad actuator_model=1 delay=0.00s tau=0.74s backend=disabled virtual=/cmd_control
[WARN] [1791269843.394445662] [upper_planner_node]: interval_diag step=7 reason=3 ref_body=(31.462,1.560) heading_deg=2.98 center_cell=(100,68) center_value=100 line_free=0 blocked=401 unknown=0 outside=1 longest_run=0 min_run=2 grid_free=2315 zero=2315 positive=14069 unknown=0 topic=/bev/occupancy_grid frame=Vehicle origin=(0.000,-20.000) origin_yaw_deg=0.00 size=128x128 res=0.3125 positive_is_drivable=0 threshold=0 waypoint_bias=0 previous=1
[WARN] [1791269843.394698977] [upper_planner_node]: no valid preview interval at step=7; usable horizon=6 reason=3
[WARN] [1791269843.412024310] [upper_planner_node]: no valid interval at the measured k=0 state; retaining future horizon=7 reason=3
"branch_width_off+0.0_yaw-2" "tau0.74" "V0" "left_road_stop" cycles=393
[INFO] [1791269843.453649314] [upper_planner_node]: planner state input: Odometry topic=/motive/vehicle/odom_map yaw=orientation.z scalar
[INFO] [1791269843.456755086] [upper_planner_node]: Egocentric MIQP planner ready: rate=2.00Hz pred_dt=0.750s Nmax=7 lower_dt=0.100s target_v=6.000m/s scale=fullscale wheelbase=2.80m length=4.70m bev=40.00m margin=2.00m state=odom grid=/bev/occupancy_grid sparse=/planner/upper_path_sparse dense=/planner/lower_reference_path
[INFO] [1791269843.456885584] [upper_planner_node]: upper branch model: cumulative_increment=1 turn_window_at_split=1 turn_target_absolute=1 split_continuity=6.75m r_dpsi=2.000 lambda_turn=0.600
[INFO] [1791269843.465747085] [lower_tracking_mpc_node]: LowerTrackingMpcNode ready: rate=10.00Hz dt=0.100s N=30 path=/planner/lower_reference_path scale=fullscale wheelbase=2.80m rear_offset=1.40m command_scale=0.350rad actuator_model=1 delay=0.00s tau=0.74s backend=disabled virtual=/cmd_control
[WARN] [1791269843.609221623] [upper_planner_node]: no valid preview interval at step=7; usable horizon=6 reason=3
[WARN] [1791269843.628985422] [upper_planner_node]: no valid interval at the measured k=0 state; retaining future horizon=7 reason=3
"branch_width_off+0.0_yaw-2" "tau0.74" "V0+2hz" "left_road_stop" cycles=394
[INFO] [1791269843.668815169] [upper_planner_node]: planner state input: Odometry topic=/motive/vehicle/odom_map yaw=orientation.z scalar
[INFO] [1791269843.671712298] [upper_planner_node]: Egocentric MIQP planner ready: rate=2.00Hz pred_dt=0.750s Nmax=7 lower_dt=0.100s target_v=6.000m/s scale=fullscale wheelbase=2.80m length=4.70m bev=40.00m margin=2.00m state=odom grid=/bev/occupancy_grid sparse=/planner/upper_path_sparse dense=/planner/lower_reference_path
[INFO] [1791269843.671840524] [upper_planner_node]: upper branch model: cumulative_increment=1 turn_window_at_split=1 turn_target_absolute=1 split_continuity=6.75m r_dpsi=2.000 lambda_turn=0.600
[INFO] [1791269843.680687209] [lower_tracking_mpc_node]: LowerTrackingMpcNode ready: rate=10.00Hz dt=0.100s N=30 path=/planner/lower_reference_path scale=fullscale wheelbase=2.80m rear_offset=1.40m command_scale=0.350rad actuator_model=1 delay=0.00s tau=0.74s backend=disabled virtual=/cmd_control
"branch_width_off+0.0_yaw-2" "tau0.74" "V0+soft08" "goal_reached" cycles=397
[INFO] [1791269843.858543289] [upper_planner_node]: planner state input: Odometry topic=/motive/vehicle/odom_map yaw=orientation.z scalar
[INFO] [1791269843.861544547] [upper_planner_node]: Egocentric MIQP planner ready: rate=2.00Hz pred_dt=0.750s Nmax=7 lower_dt=0.100s target_v=6.000m/s scale=fullscale wheelbase=2.80m length=4.70m bev=40.00m margin=2.00m state=odom grid=/bev/occupancy_grid sparse=/planner/upper_path_sparse dense=/planner/lower_reference_path
[INFO] [1791269843.861773702] [upper_planner_node]: upper branch model: cumulative_increment=1 turn_window_at_split=1 turn_target_absolute=1 split_continuity=6.75m r_dpsi=2.000 lambda_turn=0.600
[INFO] [1791269843.870582019] [lower_tracking_mpc_node]: LowerTrackingMpcNode ready: rate=10.00Hz dt=0.100s N=30 path=/planner/lower_reference_path scale=fullscale wheelbase=2.80m rear_offset=1.40m command_scale=0.350rad actuator_model=1 delay=0.00s tau=0.74s backend=disabled virtual=/cmd_control
[WARN] [1791269843.979566150] [upper_planner_node]: no valid preview interval at step=7; usable horizon=6 reason=3
"branch_width_off+0.0_yaw-2" "tau0.74" "V0+r2" "goal_reached" cycles=402
[INFO] [1791269844.053962048] [upper_planner_node]: planner state input: Odometry topic=/motive/vehicle/odom_map yaw=orientation.z scalar
[INFO] [1791269844.057031756] [upper_planner_node]: Egocentric MIQP planner ready: rate=2.00Hz pred_dt=0.750s Nmax=7 lower_dt=0.100s target_v=6.000m/s scale=fullscale wheelbase=2.80m length=4.70m bev=40.00m margin=2.00m state=odom grid=/bev/occupancy_grid sparse=/planner/upper_path_sparse dense=/planner/lower_reference_path
[INFO] [1791269844.057164046] [upper_planner_node]: upper branch model: cumulative_increment=1 turn_window_at_split=1 turn_target_absolute=1 split_continuity=6.75m r_dpsi=2.000 lambda_turn=0.600
[INFO] [1791269844.065937898] [lower_tracking_mpc_node]: LowerTrackingMpcNode ready: rate=10.00Hz dt=0.100s N=30 path=/planner/lower_reference_path scale=fullscale wheelbase=2.80m rear_offset=1.40m command_scale=0.350rad actuator_model=1 delay=0.00s tau=0.74s backend=disabled virtual=/cmd_control
[WARN] [1791269844.189900416] [upper_planner_node]: no valid preview interval at step=7; usable horizon=6 reason=3
[WARN] [1791269844.207394519] [upper_planner_node]: no valid interval at the measured k=0 state; retaining future horizon=7 reason=3
"branch_width_off+0.0_yaw-2" "tau0.74" "V0+wp1520" "left_road_stop" cycles=393
[INFO] [1791269844.242844012] [upper_planner_node]: planner state input: Odometry topic=/motive/vehicle/odom_map yaw=orientation.z scalar
[INFO] [1791269844.245852886] [upper_planner_node]: Egocentric MIQP planner ready: rate=2.00Hz pred_dt=0.750s Nmax=7 lower_dt=0.100s target_v=6.000m/s scale=fullscale wheelbase=2.80m length=4.70m bev=40.00m margin=2.00m state=odom grid=/bev/occupancy_grid sparse=/planner/upper_path_sparse dense=/planner/lower_reference_path
[INFO] [1791269844.245973560] [upper_planner_node]: upper branch model: cumulative_increment=1 turn_window_at_split=1 turn_target_absolute=1 split_continuity=6.75m r_dpsi=2.000 lambda_turn=0.600
[INFO] [1791269844.254946198] [lower_tracking_mpc_node]: LowerTrackingMpcNode ready: rate=10.00Hz dt=0.100s N=30 path=/planner/lower_reference_path scale=fullscale wheelbase=2.80m rear_offset=1.40m command_scale=0.350rad actuator_model=1 delay=0.00s tau=0.74s backend=disabled virtual=/cmd_control
[WARN] [1791269844.363873784] [upper_planner_node]: no valid preview interval at step=7; usable horizon=6 reason=3
"branch_width_off+0.0_yaw-2" "tau0.74" "V0+rd150" "goal_reached" cycles=401
[INFO] [1791269844.436331224] [upper_planner_node]: planner state input: Odometry topic=/motive/vehicle/odom_map yaw=orientation.z scalar
[INFO] [1791269844.439279329] [upper_planner_node]: Egocentric MIQP planner ready: rate=2.00Hz pred_dt=0.750s Nmax=7 lower_dt=0.100s target_v=6.000m/s scale=fullscale wheelbase=2.80m length=4.70m bev=40.00m margin=2.00m state=odom grid=/bev/occupancy_grid sparse=/planner/upper_path_sparse dense=/planner/lower_reference_path
[INFO] [1791269844.439468612] [upper_planner_node]: upper branch model: cumulative_increment=1 turn_window_at_split=1 turn_target_absolute=1 split_continuity=6.75m r_dpsi=2.000 lambda_turn=0.600
[INFO] [1791269844.448294593] [lower_tracking_mpc_node]: LowerTrackingMpcNode ready: rate=10.00Hz dt=0.100s N=30 path=/planner/lower_reference_path scale=fullscale wheelbase=2.80m rear_offset=1.40m command_scale=0.350rad actuator_model=1 delay=0.00s tau=0.74s backend=disabled virtual=/cmd_control
"branch_width_off+0.0_yaw-2" "tau0.74" "CUR" "goal_reached" cycles=399
[INFO] [1791269844.656522813] [upper_planner_node]: planner state input: Odometry topic=/motive/vehicle/odom_map yaw=orientation.z scalar
[INFO] [1791269844.659523815] [upper_planner_node]: Egocentric MIQP planner ready: rate=2.00Hz pred_dt=0.750s Nmax=7 lower_dt=0.100s target_v=6.000m/s scale=fullscale wheelbase=2.80m length=4.70m bev=40.00m margin=2.00m state=odom grid=/bev/occupancy_grid sparse=/planner/upper_path_sparse dense=/planner/lower_reference_path
[INFO] [1791269844.659643401] [upper_planner_node]: upper branch model: cumulative_increment=1 turn_window_at_split=1 turn_target_absolute=1 split_continuity=6.75m r_dpsi=2.000 lambda_turn=0.600
[INFO] [1791269844.668509222] [lower_tracking_mpc_node]: LowerTrackingMpcNode ready: rate=10.00Hz dt=0.100s N=30 path=/planner/lower_reference_path scale=fullscale wheelbase=2.80m rear_offset=1.40m command_scale=0.350rad actuator_model=1 delay=0.00s tau=0.74s backend=disabled virtual=/cmd_control
[WARN] [1791269844.777449832] [upper_planner_node]: no valid preview interval at step=7; usable horizon=6 reason=3
"branch_width_off+0.0_yaw-2" "tau0.74" "CUR_1hz_r3_soft07" "goal_reached" cycles=401
[INFO] [1791269844.849990409] [upper_planner_node]: planner state input: Odometry topic=/motive/vehicle/odom_map yaw=orientation.z scalar
[INFO] [1791269844.853017107] [upper_planner_node]: Egocentric MIQP planner ready: rate=2.00Hz pred_dt=0.750s Nmax=7 lower_dt=0.100s target_v=6.000m/s scale=fullscale wheelbase=2.80m length=4.70m bev=40.00m margin=2.00m state=odom grid=/bev/occupancy_grid sparse=/planner/upper_path_sparse dense=/planner/lower_reference_path
[INFO] [1791269844.853157237] [upper_planner_node]: upper branch model: cumulative_increment=1 turn_window_at_split=1 turn_target_absolute=1 split_continuity=6.75m r_dpsi=2.000 lambda_turn=0.600
[INFO] [1791269844.862046835] [lower_tracking_mpc_node]: LowerTrackingMpcNode ready: rate=10.00Hz dt=0.100s N=30 path=/planner/lower_reference_path scale=fullscale wheelbase=2.80m rear_offset=1.40m command_scale=0.350rad actuator_model=1 delay=0.00s tau=0.74s backend=disabled virtual=/cmd_control
[WARN] [1791269844.985961960] [upper_planner_node]: no valid preview interval at step=7; usable horizon=6 reason=3
[WARN] [1791269845.003472416] [upper_planner_node]: no valid interval at the measured k=0 state; retaining future horizon=7 reason=3
"branch_width_off+0.0_yaw-2" "tau0.5" "V0" "left_road_stop" cycles=393
[INFO] [1791269845.040433673] [upper_planner_node]: planner state input: Odometry topic=/motive/vehicle/odom_map yaw=orientation.z scalar
[INFO] [1791269845.043350355] [upper_planner_node]: Egocentric MIQP planner ready: rate=2.00Hz pred_dt=0.750s Nmax=7 lower_dt=0.100s target_v=6.000m/s scale=fullscale wheelbase=2.80m length=4.70m bev=40.00m margin=2.00m state=odom grid=/bev/occupancy_grid sparse=/planner/upper_path_sparse dense=/planner/lower_reference_path
[INFO] [1791269845.043485429] [upper_planner_node]: upper branch model: cumulative_increment=1 turn_window_at_split=1 turn_target_absolute=1 split_continuity=6.75m r_dpsi=2.000 lambda_turn=0.600
[INFO] [1791269845.052456915] [lower_tracking_mpc_node]: LowerTrackingMpcNode ready: rate=10.00Hz dt=0.100s N=30 path=/planner/lower_reference_path scale=fullscale wheelbase=2.80m rear_offset=1.40m command_scale=0.350rad actuator_model=1 delay=0.00s tau=0.74s backend=disabled virtual=/cmd_control
[WARN] [1791269845.195773850] [upper_planner_node]: no valid preview interval at step=7; usable horizon=6 reason=3
[WARN] [1791269845.215264557] [upper_planner_node]: no valid interval at the measured k=0 state; retaining future horizon=7 reason=3
"branch_width_off+0.0_yaw-2" "tau0.5" "V0+2hz" "left_road_stop" cycles=394
[INFO] [1791269845.253858094] [upper_planner_node]: planner state input: Odometry topic=/motive/vehicle/odom_map yaw=orientation.z scalar
[INFO] [1791269845.256866105] [upper_planner_node]: Egocentric MIQP planner ready: rate=2.00Hz pred_dt=0.750s Nmax=7 lower_dt=0.100s target_v=6.000m/s scale=fullscale wheelbase=2.80m length=4.70m bev=40.00m margin=2.00m state=odom grid=/bev/occupancy_grid sparse=/planner/upper_path_sparse dense=/planner/lower_reference_path
[INFO] [1791269845.256996123] [upper_planner_node]: upper branch model: cumulative_increment=1 turn_window_at_split=1 turn_target_absolute=1 split_continuity=6.75m r_dpsi=2.000 lambda_turn=0.600
[INFO] [1791269845.265979673] [lower_tracking_mpc_node]: LowerTrackingMpcNode ready: rate=10.00Hz dt=0.100s N=30 path=/planner/lower_reference_path scale=fullscale wheelbase=2.80m rear_offset=1.40m command_scale=0.350rad actuator_model=1 delay=0.00s tau=0.74s backend=disabled virtual=/cmd_control
[WARN] [1791269845.390480631] [upper_planner_node]: no valid preview interval at step=7; usable horizon=6 reason=3
[WARN] [1791269845.407820396] [upper_planner_node]: no valid interval at the measured k=0 state; retaining future horizon=7 reason=3
"branch_width_off+0.0_yaw-2" "tau0.5" "V0+soft08" "left_road_stop" cycles=392
[INFO] [1791269845.443624933] [upper_planner_node]: planner state input: Odometry topic=/motive/vehicle/odom_map yaw=orientation.z scalar
[INFO] [1791269845.446505518] [upper_planner_node]: Egocentric MIQP planner ready: rate=2.00Hz pred_dt=0.750s Nmax=7 lower_dt=0.100s target_v=6.000m/s scale=fullscale wheelbase=2.80m length=4.70m bev=40.00m margin=2.00m state=odom grid=/bev/occupancy_grid sparse=/planner/upper_path_sparse dense=/planner/lower_reference_path
[INFO] [1791269845.446621935] [upper_planner_node]: upper branch model: cumulative_increment=1 turn_window_at_split=1 turn_target_absolute=1 split_continuity=6.75m r_dpsi=2.000 lambda_turn=0.600
[INFO] [1791269845.455500205] [lower_tracking_mpc_node]: LowerTrackingMpcNode ready: rate=10.00Hz dt=0.100s N=30 path=/planner/lower_reference_path scale=fullscale wheelbase=2.80m rear_offset=1.40m command_scale=0.350rad actuator_model=1 delay=0.00s tau=0.74s backend=disabled virtual=/cmd_control
"branch_width_off+0.0_yaw-2" "tau0.5" "V0+r2" "goal_reached" cycles=401
[INFO] [1791269845.637294483] [upper_planner_node]: planner state input: Odometry topic=/motive/vehicle/odom_map yaw=orientation.z scalar
[INFO] [1791269845.640387007] [upper_planner_node]: Egocentric MIQP planner ready: rate=2.00Hz pred_dt=0.750s Nmax=7 lower_dt=0.100s target_v=6.000m/s scale=fullscale wheelbase=2.80m length=4.70m bev=40.00m margin=2.00m state=odom grid=/bev/occupancy_grid sparse=/planner/upper_path_sparse dense=/planner/lower_reference_path
[INFO] [1791269845.640528481] [upper_planner_node]: upper branch model: cumulative_increment=1 turn_window_at_split=1 turn_target_absolute=1 split_continuity=6.75m r_dpsi=2.000 lambda_turn=0.600
[INFO] [1791269845.649348765] [lower_tracking_mpc_node]: LowerTrackingMpcNode ready: rate=10.00Hz dt=0.100s N=30 path=/planner/lower_reference_path scale=fullscale wheelbase=2.80m rear_offset=1.40m command_scale=0.350rad actuator_model=1 delay=0.00s tau=0.74s backend=disabled virtual=/cmd_control
[WARN] [1791269845.772526600] [upper_planner_node]: interval_diag step=7 reason=3 ref_body=(31.493,-0.704) heading_deg=-1.24 center_cell=(100,61) center_value=100 line_free=0 blocked=400 unknown=0 outside=2 longest_run=0 min_run=2 grid_free=2312 zero=2312 positive=14072 unknown=0 topic=/bev/occupancy_grid frame=Vehicle origin=(0.000,-20.000) origin_yaw_deg=0.00 size=128x128 res=0.3125 positive_is_drivable=0 threshold=0 waypoint_bias=0 previous=1
[WARN] [1791269845.772780652] [upper_planner_node]: no valid preview interval at step=7; usable horizon=6 reason=3
[WARN] [1791269845.790053760] [upper_planner_node]: no valid interval at the measured k=0 state; retaining future horizon=7 reason=3
"branch_width_off+0.0_yaw-2" "tau0.5" "V0+wp1520" "left_road_stop" cycles=393
[INFO] [1791269845.825512596] [upper_planner_node]: planner state input: Odometry topic=/motive/vehicle/odom_map yaw=orientation.z scalar
[INFO] [1791269845.828645856] [upper_planner_node]: Egocentric MIQP planner ready: rate=2.00Hz pred_dt=0.750s Nmax=7 lower_dt=0.100s target_v=6.000m/s scale=fullscale wheelbase=2.80m length=4.70m bev=40.00m margin=2.00m state=odom grid=/bev/occupancy_grid sparse=/planner/upper_path_sparse dense=/planner/lower_reference_path
[INFO] [1791269845.828777602] [upper_planner_node]: upper branch model: cumulative_increment=1 turn_window_at_split=1 turn_target_absolute=1 split_continuity=6.75m r_dpsi=2.000 lambda_turn=0.600
[INFO] [1791269845.837730081] [lower_tracking_mpc_node]: LowerTrackingMpcNode ready: rate=10.00Hz dt=0.100s N=30 path=/planner/lower_reference_path scale=fullscale wheelbase=2.80m rear_offset=1.40m command_scale=0.350rad actuator_model=1 delay=0.00s tau=0.74s backend=disabled virtual=/cmd_control
[WARN] [1791269845.960449157] [upper_planner_node]: no valid preview interval at step=7; usable horizon=6 reason=3
[WARN] [1791269845.977964988] [upper_planner_node]: no valid interval at the measured k=0 state; retaining future horizon=7 reason=3
"branch_width_off+0.0_yaw-2" "tau0.5" "V0+rd150" "left_road_stop" cycles=393
[INFO] [1791269846.013933624] [upper_planner_node]: planner state input: Odometry topic=/motive/vehicle/odom_map yaw=orientation.z scalar
[INFO] [1791269846.017081764] [upper_planner_node]: Egocentric MIQP planner ready: rate=2.00Hz pred_dt=0.750s Nmax=7 lower_dt=0.100s target_v=6.000m/s scale=fullscale wheelbase=2.80m length=4.70m bev=40.00m margin=2.00m state=odom grid=/bev/occupancy_grid sparse=/planner/upper_path_sparse dense=/planner/lower_reference_path
[INFO] [1791269846.017215718] [upper_planner_node]: upper branch model: cumulative_increment=1 turn_window_at_split=1 turn_target_absolute=1 split_continuity=6.75m r_dpsi=2.000 lambda_turn=0.600
[INFO] [1791269846.026090339] [lower_tracking_mpc_node]: LowerTrackingMpcNode ready: rate=10.00Hz dt=0.100s N=30 path=/planner/lower_reference_path scale=fullscale wheelbase=2.80m rear_offset=1.40m command_scale=0.350rad actuator_model=1 delay=0.00s tau=0.74s backend=disabled virtual=/cmd_control
[WARN] [1791269846.170127124] [upper_planner_node]: no valid preview interval at step=7; usable horizon=6 reason=3
[WARN] [1791269846.189545094] [upper_planner_node]: no valid interval at the measured k=0 state; retaining future horizon=7 reason=3
"branch_width_off+0.0_yaw-2" "tau0.5" "CUR" "left_road_stop" cycles=393
[INFO] [1791269846.228649742] [upper_planner_node]: planner state input: Odometry topic=/motive/vehicle/odom_map yaw=orientation.z scalar
[INFO] [1791269846.231530071] [upper_planner_node]: Egocentric MIQP planner ready: rate=2.00Hz pred_dt=0.750s Nmax=7 lower_dt=0.100s target_v=6.000m/s scale=fullscale wheelbase=2.80m length=4.70m bev=40.00m margin=2.00m state=odom grid=/bev/occupancy_grid sparse=/planner/upper_path_sparse dense=/planner/lower_reference_path
[INFO] [1791269846.231654489] [upper_planner_node]: upper branch model: cumulative_increment=1 turn_window_at_split=1 turn_target_absolute=1 split_continuity=6.75m r_dpsi=2.000 lambda_turn=0.600
[INFO] [1791269846.240777337] [lower_tracking_mpc_node]: LowerTrackingMpcNode ready: rate=10.00Hz dt=0.100s N=30 path=/planner/lower_reference_path scale=fullscale wheelbase=2.80m rear_offset=1.40m command_scale=0.350rad actuator_model=1 delay=0.00s tau=0.74s backend=disabled virtual=/cmd_control
[WARN] [1791269846.363966276] [upper_planner_node]: no valid preview interval at step=7; usable horizon=6 reason=3
[WARN] [1791269846.381297784] [upper_planner_node]: no valid interval at the measured k=0 state; retaining future horizon=7 reason=3
"branch_width_off+0.0_yaw-2" "tau0.5" "CUR_1hz_r3_soft07" "left_road_stop" cycles=393
[INFO] [1791269846.416802190] [upper_planner_node]: planner state input: Odometry topic=/motive/vehicle/odom_map yaw=orientation.z scalar
[INFO] [1791269846.419752631] [upper_planner_node]: Egocentric MIQP planner ready: rate=2.00Hz pred_dt=0.750s Nmax=7 lower_dt=0.100s target_v=6.000m/s scale=fullscale wheelbase=2.80m length=4.70m bev=40.00m margin=2.00m state=odom grid=/bev/occupancy_grid sparse=/planner/upper_path_sparse dense=/planner/lower_reference_path
[INFO] [1791269846.419877465] [upper_planner_node]: upper branch model: cumulative_increment=1 turn_window_at_split=1 turn_target_absolute=1 split_continuity=6.75m r_dpsi=2.000 lambda_turn=0.600
[INFO] [1791269846.428740790] [lower_tracking_mpc_node]: LowerTrackingMpcNode ready: rate=10.00Hz dt=0.100s N=30 path=/planner/lower_reference_path scale=fullscale wheelbase=2.80m rear_offset=1.40m command_scale=0.350rad actuator_model=1 delay=0.00s tau=0.74s backend=disabled virtual=/cmd_control
"branch_width_off+0.0_yaw-2" "tau1.0" "V0" "goal_reached" cycles=401
[INFO] [1791269846.611180549] [upper_planner_node]: planner state input: Odometry topic=/motive/vehicle/odom_map yaw=orientation.z scalar
[INFO] [1791269846.614097934] [upper_planner_node]: Egocentric MIQP planner ready: rate=2.00Hz pred_dt=0.750s Nmax=7 lower_dt=0.100s target_v=6.000m/s scale=fullscale wheelbase=2.80m length=4.70m bev=40.00m margin=2.00m state=odom grid=/bev/occupancy_grid sparse=/planner/upper_path_sparse dense=/planner/lower_reference_path
[INFO] [1791269846.614231792] [upper_planner_node]: upper branch model: cumulative_increment=1 turn_window_at_split=1 turn_target_absolute=1 split_continuity=6.75m r_dpsi=2.000 lambda_turn=0.600
[INFO] [1791269846.623590548] [lower_tracking_mpc_node]: LowerTrackingMpcNode ready: rate=10.00Hz dt=0.100s N=30 path=/planner/lower_reference_path scale=fullscale wheelbase=2.80m rear_offset=1.40m command_scale=0.350rad actuator_model=1 delay=0.00s tau=0.74s backend=disabled virtual=/cmd_control
[WARN] [1791269846.767201599] [upper_planner_node]: no valid preview interval at step=7; usable horizon=6 reason=3
[WARN] [1791269846.786772147] [upper_planner_node]: no valid interval at the measured k=0 state; retaining future horizon=7 reason=3
"branch_width_off+0.0_yaw-2" "tau1.0" "V0+2hz" "left_road_stop" cycles=393
[INFO] [1791269846.825786233] [upper_planner_node]: planner state input: Odometry topic=/motive/vehicle/odom_map yaw=orientation.z scalar
[INFO] [1791269846.828866533] [upper_planner_node]: Egocentric MIQP planner ready: rate=2.00Hz pred_dt=0.750s Nmax=7 lower_dt=0.100s target_v=6.000m/s scale=fullscale wheelbase=2.80m length=4.70m bev=40.00m margin=2.00m state=odom grid=/bev/occupancy_grid sparse=/planner/upper_path_sparse dense=/planner/lower_reference_path
[INFO] [1791269846.829000551] [upper_planner_node]: upper branch model: cumulative_increment=1 turn_window_at_split=1 turn_target_absolute=1 split_continuity=6.75m r_dpsi=2.000 lambda_turn=0.600
[INFO] [1791269846.838018214] [lower_tracking_mpc_node]: LowerTrackingMpcNode ready: rate=10.00Hz dt=0.100s N=30 path=/planner/lower_reference_path scale=fullscale wheelbase=2.80m rear_offset=1.40m command_scale=0.350rad actuator_model=1 delay=0.00s tau=0.74s backend=disabled virtual=/cmd_control
"branch_width_off+0.0_yaw-2" "tau1.0" "V0+soft08" "goal_reached" cycles=398
[INFO] [1791269847.019136994] [upper_planner_node]: planner state input: Odometry topic=/motive/vehicle/odom_map yaw=orientation.z scalar
[INFO] [1791269847.022102988] [upper_planner_node]: Egocentric MIQP planner ready: rate=2.00Hz pred_dt=0.750s Nmax=7 lower_dt=0.100s target_v=6.000m/s scale=fullscale wheelbase=2.80m length=4.70m bev=40.00m margin=2.00m state=odom grid=/bev/occupancy_grid sparse=/planner/upper_path_sparse dense=/planner/lower_reference_path
[INFO] [1791269847.022251790] [upper_planner_node]: upper branch model: cumulative_increment=1 turn_window_at_split=1 turn_target_absolute=1 split_continuity=6.75m r_dpsi=2.000 lambda_turn=0.600
[INFO] [1791269847.031244397] [lower_tracking_mpc_node]: LowerTrackingMpcNode ready: rate=10.00Hz dt=0.100s N=30 path=/planner/lower_reference_path scale=fullscale wheelbase=2.80m rear_offset=1.40m command_scale=0.350rad actuator_model=1 delay=0.00s tau=0.74s backend=disabled virtual=/cmd_control
[WARN] [1791269847.141148444] [upper_planner_node]: no valid preview interval at step=7; usable horizon=6 reason=3
"branch_width_off+0.0_yaw-2" "tau1.0" "V0+r2" "goal_reached" cycles=403
[INFO] [1791269847.214393189] [upper_planner_node]: planner state input: Odometry topic=/motive/vehicle/odom_map yaw=orientation.z scalar
[INFO] [1791269847.217414608] [upper_planner_node]: Egocentric MIQP planner ready: rate=2.00Hz pred_dt=0.750s Nmax=7 lower_dt=0.100s target_v=6.000m/s scale=fullscale wheelbase=2.80m length=4.70m bev=40.00m margin=2.00m state=odom grid=/bev/occupancy_grid sparse=/planner/upper_path_sparse dense=/planner/lower_reference_path
[INFO] [1791269847.217550066] [upper_planner_node]: upper branch model: cumulative_increment=1 turn_window_at_split=1 turn_target_absolute=1 split_continuity=6.75m r_dpsi=2.000 lambda_turn=0.600
[INFO] [1791269847.226468879] [lower_tracking_mpc_node]: LowerTrackingMpcNode ready: rate=10.00Hz dt=0.100s N=30 path=/planner/lower_reference_path scale=fullscale wheelbase=2.80m rear_offset=1.40m command_scale=0.350rad actuator_model=1 delay=0.00s tau=0.74s backend=disabled virtual=/cmd_control
"branch_width_off+0.0_yaw-2" "tau1.0" "V0+wp1520" "goal_reached" cycles=402
[INFO] [1791269847.408296949] [upper_planner_node]: planner state input: Odometry topic=/motive/vehicle/odom_map yaw=orientation.z scalar
[INFO] [1791269847.411239806] [upper_planner_node]: Egocentric MIQP planner ready: rate=2.00Hz pred_dt=0.750s Nmax=7 lower_dt=0.100s target_v=6.000m/s scale=fullscale wheelbase=2.80m length=4.70m bev=40.00m margin=2.00m state=odom grid=/bev/occupancy_grid sparse=/planner/upper_path_sparse dense=/planner/lower_reference_path
[INFO] [1791269847.411467554] [upper_planner_node]: upper branch model: cumulative_increment=1 turn_window_at_split=1 turn_target_absolute=1 split_continuity=6.75m r_dpsi=2.000 lambda_turn=0.600
[INFO] [1791269847.420463841] [lower_tracking_mpc_node]: LowerTrackingMpcNode ready: rate=10.00Hz dt=0.100s N=30 path=/planner/lower_reference_path scale=fullscale wheelbase=2.80m rear_offset=1.40m command_scale=0.350rad actuator_model=1 delay=0.00s tau=0.74s backend=disabled virtual=/cmd_control
[WARN] [1791269847.529834888] [upper_planner_node]: no valid preview interval at step=7; usable horizon=6 reason=3
"branch_width_off+0.0_yaw-2" "tau1.0" "V0+rd150" "goal_reached" cycles=402
[INFO] [1791269847.607896245] [upper_planner_node]: planner state input: Odometry topic=/motive/vehicle/odom_map yaw=orientation.z scalar
[INFO] [1791269847.610787582] [upper_planner_node]: Egocentric MIQP planner ready: rate=2.00Hz pred_dt=0.750s Nmax=7 lower_dt=0.100s target_v=6.000m/s scale=fullscale wheelbase=2.80m length=4.70m bev=40.00m margin=2.00m state=odom grid=/bev/occupancy_grid sparse=/planner/upper_path_sparse dense=/planner/lower_reference_path
[INFO] [1791269847.610933632] [upper_planner_node]: upper branch model: cumulative_increment=1 turn_window_at_split=1 turn_target_absolute=1 split_continuity=6.75m r_dpsi=2.000 lambda_turn=0.600
[INFO] [1791269847.619776317] [lower_tracking_mpc_node]: LowerTrackingMpcNode ready: rate=10.00Hz dt=0.100s N=30 path=/planner/lower_reference_path scale=fullscale wheelbase=2.80m rear_offset=1.40m command_scale=0.350rad actuator_model=1 delay=0.00s tau=0.74s backend=disabled virtual=/cmd_control
[WARN] [1791269847.764869852] [upper_planner_node]: no valid preview interval at step=7; usable horizon=6 reason=3
[WARN] [1791269847.784438960] [upper_planner_node]: no valid interval at the measured k=0 state; retaining future horizon=7 reason=3
"branch_width_off+0.0_yaw-2" "tau1.0" "CUR" "left_road_stop" cycles=393
[INFO] [1791269847.830016115] [upper_planner_node]: planner state input: Odometry topic=/motive/vehicle/odom_map yaw=orientation.z scalar
[INFO] [1791269847.832980637] [upper_planner_node]: Egocentric MIQP planner ready: rate=2.00Hz pred_dt=0.750s Nmax=7 lower_dt=0.100s target_v=6.000m/s scale=fullscale wheelbase=2.80m length=4.70m bev=40.00m margin=2.00m state=odom grid=/bev/occupancy_grid sparse=/planner/upper_path_sparse dense=/planner/lower_reference_path
[INFO] [1791269847.833170304] [upper_planner_node]: upper branch model: cumulative_increment=1 turn_window_at_split=1 turn_target_absolute=1 split_continuity=6.75m r_dpsi=2.000 lambda_turn=0.600
[INFO] [1791269847.841988540] [lower_tracking_mpc_node]: LowerTrackingMpcNode ready: rate=10.00Hz dt=0.100s N=30 path=/planner/lower_reference_path scale=fullscale wheelbase=2.80m rear_offset=1.40m command_scale=0.350rad actuator_model=1 delay=0.00s tau=0.74s backend=disabled virtual=/cmd_control
"branch_width_off+0.0_yaw-2" "tau1.0" "CUR_1hz_r3_soft07" "goal_reached" cycles=402
[INFO] [1791269848.037096925] [upper_planner_node]: planner state input: Odometry topic=/motive/vehicle/odom_map yaw=orientation.z scalar
[INFO] [1791269848.040186920] [upper_planner_node]: Egocentric MIQP planner ready: rate=2.00Hz pred_dt=0.750s Nmax=7 lower_dt=0.100s target_v=6.000m/s scale=fullscale wheelbase=2.80m length=4.70m bev=40.00m margin=2.00m state=odom grid=/bev/occupancy_grid sparse=/planner/upper_path_sparse dense=/planner/lower_reference_path
[INFO] [1791269848.040339115] [upper_planner_node]: upper branch model: cumulative_increment=1 turn_window_at_split=1 turn_target_absolute=1 split_continuity=6.75m r_dpsi=2.000 lambda_turn=0.600
[INFO] [1791269848.049271689] [lower_tracking_mpc_node]: LowerTrackingMpcNode ready: rate=10.00Hz dt=0.100s N=30 path=/planner/lower_reference_path scale=fullscale wheelbase=2.80m rear_offset=1.40m command_scale=0.350rad actuator_model=1 delay=0.00s tau=0.74s backend=disabled virtual=/cmd_control
[WARN] [1791269848.154320402] [upper_planner_node]: interval_diag step=7 reason=3 ref_body=(22.643,19.936) heading_deg=50.54 center_cell=(72,127) center_value=100 line_free=0 blocked=225 unknown=0 outside=2 longest_run=0 min_run=2 grid_free=5141 zero=5141 positive=11243 unknown=0 topic=/bev/occupancy_grid frame=Vehicle origin=(0.000,-20.000) origin_yaw_deg=0.00 size=128x128 res=0.3125 positive_is_drivable=0 threshold=0 waypoint_bias=0 previous=1
[WARN] [1791269848.154516053] [upper_planner_node]: no valid preview interval at step=7; usable horizon=6 reason=3
"branch_width_off+0.0_yaw+0" "tau0.74" "V0" "goal_reached" cycles=400
[INFO] [1791269848.237735403] [upper_planner_node]: planner state input: Odometry topic=/motive/vehicle/odom_map yaw=orientation.z scalar
[INFO] [1791269848.240691285] [upper_planner_node]: Egocentric MIQP planner ready: rate=2.00Hz pred_dt=0.750s Nmax=7 lower_dt=0.100s target_v=6.000m/s scale=fullscale wheelbase=2.80m length=4.70m bev=40.00m margin=2.00m state=odom grid=/bev/occupancy_grid sparse=/planner/upper_path_sparse dense=/planner/lower_reference_path
[INFO] [1791269848.240826551] [upper_planner_node]: upper branch model: cumulative_increment=1 turn_window_at_split=1 turn_target_absolute=1 split_continuity=6.75m r_dpsi=2.000 lambda_turn=0.600
[INFO] [1791269848.249724820] [lower_tracking_mpc_node]: LowerTrackingMpcNode ready: rate=10.00Hz dt=0.100s N=30 path=/planner/lower_reference_path scale=fullscale wheelbase=2.80m rear_offset=1.40m command_scale=0.350rad actuator_model=1 delay=0.00s tau=0.74s backend=disabled virtual=/cmd_control
[WARN] [1791269848.393884230] [upper_planner_node]: no valid preview interval at step=7; usable horizon=6 reason=3
[WARN] [1791269848.413364792] [upper_planner_node]: no valid interval at the measured k=0 state; retaining future horizon=7 reason=3
"branch_width_off+0.0_yaw+0" "tau0.74" "V0+2hz" "left_road_stop" cycles=395
[INFO] [1791269848.453022408] [upper_planner_node]: planner state input: Odometry topic=/motive/vehicle/odom_map yaw=orientation.z scalar
[INFO] [1791269848.456073779] [upper_planner_node]: Egocentric MIQP planner ready: rate=2.00Hz pred_dt=0.750s Nmax=7 lower_dt=0.100s target_v=6.000m/s scale=fullscale wheelbase=2.80m length=4.70m bev=40.00m margin=2.00m state=odom grid=/bev/occupancy_grid sparse=/planner/upper_path_sparse dense=/planner/lower_reference_path
[INFO] [1791269848.456213237] [upper_planner_node]: upper branch model: cumulative_increment=1 turn_window_at_split=1 turn_target_absolute=1 split_continuity=6.75m r_dpsi=2.000 lambda_turn=0.600
[INFO] [1791269848.465078386] [lower_tracking_mpc_node]: LowerTrackingMpcNode ready: rate=10.00Hz dt=0.100s N=30 path=/planner/lower_reference_path scale=fullscale wheelbase=2.80m rear_offset=1.40m command_scale=0.350rad actuator_model=1 delay=0.00s tau=0.74s backend=disabled virtual=/cmd_control
"branch_width_off+0.0_yaw+0" "tau0.74" "V0+soft08" "goal_reached" cycles=396
[INFO] [1791269848.652358628] [upper_planner_node]: planner state input: Odometry topic=/motive/vehicle/odom_map yaw=orientation.z scalar
[INFO] [1791269848.655379662] [upper_planner_node]: Egocentric MIQP planner ready: rate=2.00Hz pred_dt=0.750s Nmax=7 lower_dt=0.100s target_v=6.000m/s scale=fullscale wheelbase=2.80m length=4.70m bev=40.00m margin=2.00m state=odom grid=/bev/occupancy_grid sparse=/planner/upper_path_sparse dense=/planner/lower_reference_path
[INFO] [1791269848.655523344] [upper_planner_node]: upper branch model: cumulative_increment=1 turn_window_at_split=1 turn_target_absolute=1 split_continuity=6.75m r_dpsi=2.000 lambda_turn=0.600
[INFO] [1791269848.664269580] [lower_tracking_mpc_node]: LowerTrackingMpcNode ready: rate=10.00Hz dt=0.100s N=30 path=/planner/lower_reference_path scale=fullscale wheelbase=2.80m rear_offset=1.40m command_scale=0.350rad actuator_model=1 delay=0.00s tau=0.74s backend=disabled virtual=/cmd_control
[WARN] [1791269848.773383055] [upper_planner_node]: no valid preview interval at step=7; usable horizon=6 reason=3
"branch_width_off+0.0_yaw+0" "tau0.74" "V0+r2" "goal_reached" cycles=402
[INFO] [1791269848.855017678] [upper_planner_node]: planner state input: Odometry topic=/motive/vehicle/odom_map yaw=orientation.z scalar
[INFO] [1791269848.857946967] [upper_planner_node]: Egocentric MIQP planner ready: rate=2.00Hz pred_dt=0.750s Nmax=7 lower_dt=0.100s target_v=6.000m/s scale=fullscale wheelbase=2.80m length=4.70m bev=40.00m margin=2.00m state=odom grid=/bev/occupancy_grid sparse=/planner/upper_path_sparse dense=/planner/lower_reference_path
[INFO] [1791269848.858173147] [upper_planner_node]: upper branch model: cumulative_increment=1 turn_window_at_split=1 turn_target_absolute=1 split_continuity=6.75m r_dpsi=2.000 lambda_turn=0.600
[INFO] [1791269848.867261819] [lower_tracking_mpc_node]: LowerTrackingMpcNode ready: rate=10.00Hz dt=0.100s N=30 path=/planner/lower_reference_path scale=fullscale wheelbase=2.80m rear_offset=1.40m command_scale=0.350rad actuator_model=1 delay=0.00s tau=0.74s backend=disabled virtual=/cmd_control
[WARN] [1791269848.976852965] [upper_planner_node]: no valid preview interval at step=7; usable horizon=6 reason=3
"branch_width_off+0.0_yaw+0" "tau0.74" "V0+wp1520" "goal_reached" cycles=401
[INFO] [1791269849.056274149] [upper_planner_node]: planner state input: Odometry topic=/motive/vehicle/odom_map yaw=orientation.z scalar
[INFO] [1791269849.059298384] [upper_planner_node]: Egocentric MIQP planner ready: rate=2.00Hz pred_dt=0.750s Nmax=7 lower_dt=0.100s target_v=6.000m/s scale=fullscale wheelbase=2.80m length=4.70m bev=40.00m margin=2.00m state=odom grid=/bev/occupancy_grid sparse=/planner/upper_path_sparse dense=/planner/lower_reference_path
[INFO] [1791269849.059436977] [upper_planner_node]: upper branch model: cumulative_increment=1 turn_window_at_split=1 turn_target_absolute=1 split_continuity=6.75m r_dpsi=2.000 lambda_turn=0.600
[INFO] [1791269849.068325487] [lower_tracking_mpc_node]: LowerTrackingMpcNode ready: rate=10.00Hz dt=0.100s N=30 path=/planner/lower_reference_path scale=fullscale wheelbase=2.80m rear_offset=1.40m command_scale=0.350rad actuator_model=1 delay=0.00s tau=0.74s backend=disabled virtual=/cmd_control
"branch_width_off+0.0_yaw+0" "tau0.74" "V0+rd150" "goal_reached" cycles=400
[INFO] [1791269849.257458234] [upper_planner_node]: planner state input: Odometry topic=/motive/vehicle/odom_map yaw=orientation.z scalar
[INFO] [1791269849.260672839] [upper_planner_node]: Egocentric MIQP planner ready: rate=2.00Hz pred_dt=0.750s Nmax=7 lower_dt=0.100s target_v=6.000m/s scale=fullscale wheelbase=2.80m length=4.70m bev=40.00m margin=2.00m state=odom grid=/bev/occupancy_grid sparse=/planner/upper_path_sparse dense=/planner/lower_reference_path
[INFO] [1791269849.260880970] [upper_planner_node]: upper branch model: cumulative_increment=1 turn_window_at_split=1 turn_target_absolute=1 split_continuity=6.75m r_dpsi=2.000 lambda_turn=0.600
[INFO] [1791269849.270135661] [lower_tracking_mpc_node]: LowerTrackingMpcNode ready: rate=10.00Hz dt=0.100s N=30 path=/planner/lower_reference_path scale=fullscale wheelbase=2.80m rear_offset=1.40m command_scale=0.350rad actuator_model=1 delay=0.00s tau=0.74s backend=disabled virtual=/cmd_control
"branch_width_off+0.0_yaw+0" "tau0.74" "CUR" "goal_reached" cycles=399
[INFO] [1791269849.485221766] [upper_planner_node]: planner state input: Odometry topic=/motive/vehicle/odom_map yaw=orientation.z scalar
[INFO] [1791269849.488270129] [upper_planner_node]: Egocentric MIQP planner ready: rate=2.00Hz pred_dt=0.750s Nmax=7 lower_dt=0.100s target_v=6.000m/s scale=fullscale wheelbase=2.80m length=4.70m bev=40.00m margin=2.00m state=odom grid=/bev/occupancy_grid sparse=/planner/upper_path_sparse dense=/planner/lower_reference_path
[INFO] [1791269849.488411763] [upper_planner_node]: upper branch model: cumulative_increment=1 turn_window_at_split=1 turn_target_absolute=1 split_continuity=6.75m r_dpsi=2.000 lambda_turn=0.600
[INFO] [1791269849.497230351] [lower_tracking_mpc_node]: LowerTrackingMpcNode ready: rate=10.00Hz dt=0.100s N=30 path=/planner/lower_reference_path scale=fullscale wheelbase=2.80m rear_offset=1.40m command_scale=0.350rad actuator_model=1 delay=0.00s tau=0.74s backend=disabled virtual=/cmd_control
[WARN] [1791269849.606796248] [upper_planner_node]: no valid preview interval at step=7; usable horizon=6 reason=3
"branch_width_off+0.0_yaw+0" "tau0.74" "CUR_1hz_r3_soft07" "goal_reached" cycles=401
[INFO] [1791269849.686756960] [upper_planner_node]: planner state input: Odometry topic=/motive/vehicle/odom_map yaw=orientation.z scalar
[INFO] [1791269849.689804587] [upper_planner_node]: Egocentric MIQP planner ready: rate=2.00Hz pred_dt=0.750s Nmax=7 lower_dt=0.100s target_v=6.000m/s scale=fullscale wheelbase=2.80m length=4.70m bev=40.00m margin=2.00m state=odom grid=/bev/occupancy_grid sparse=/planner/upper_path_sparse dense=/planner/lower_reference_path
[INFO] [1791269849.690028814] [upper_planner_node]: upper branch model: cumulative_increment=1 turn_window_at_split=1 turn_target_absolute=1 split_continuity=6.75m r_dpsi=2.000 lambda_turn=0.600
[INFO] [1791269849.698867851] [lower_tracking_mpc_node]: LowerTrackingMpcNode ready: rate=10.00Hz dt=0.100s N=30 path=/planner/lower_reference_path scale=fullscale wheelbase=2.80m rear_offset=1.40m command_scale=0.350rad actuator_model=1 delay=0.00s tau=0.74s backend=disabled virtual=/cmd_control
[WARN] [1791269849.804542365] [upper_planner_node]: no valid preview interval at step=7; usable horizon=6 reason=3
"branch_width_off+0.0_yaw+0" "tau0.5" "V0" "goal_reached" cycles=400
[INFO] [1791269849.888715584] [upper_planner_node]: planner state input: Odometry topic=/motive/vehicle/odom_map yaw=orientation.z scalar
[INFO] [1791269849.891639017] [upper_planner_node]: Egocentric MIQP planner ready: rate=2.00Hz pred_dt=0.750s Nmax=7 lower_dt=0.100s target_v=6.000m/s scale=fullscale wheelbase=2.80m length=4.70m bev=40.00m margin=2.00m state=odom grid=/bev/occupancy_grid sparse=/planner/upper_path_sparse dense=/planner/lower_reference_path
[INFO] [1791269849.891773163] [upper_planner_node]: upper branch model: cumulative_increment=1 turn_window_at_split=1 turn_target_absolute=1 split_continuity=6.75m r_dpsi=2.000 lambda_turn=0.600
[INFO] [1791269849.900476966] [lower_tracking_mpc_node]: LowerTrackingMpcNode ready: rate=10.00Hz dt=0.100s N=30 path=/planner/lower_reference_path scale=fullscale wheelbase=2.80m rear_offset=1.40m command_scale=0.350rad actuator_model=1 delay=0.00s tau=0.74s backend=disabled virtual=/cmd_control
[WARN] [1791269850.044779161] [upper_planner_node]: no valid preview interval at step=7; usable horizon=6 reason=3
[WARN] [1791269850.064407405] [upper_planner_node]: no valid interval at the measured k=0 state; retaining future horizon=7 reason=3
"branch_width_off+0.0_yaw+0" "tau0.5" "V0+2hz" "left_road_stop" cycles=394
[INFO] [1791269850.104122269] [upper_planner_node]: planner state input: Odometry topic=/motive/vehicle/odom_map yaw=orientation.z scalar
[INFO] [1791269850.106995238] [upper_planner_node]: Egocentric MIQP planner ready: rate=2.00Hz pred_dt=0.750s Nmax=7 lower_dt=0.100s target_v=6.000m/s scale=fullscale wheelbase=2.80m length=4.70m bev=40.00m margin=2.00m state=odom grid=/bev/occupancy_grid sparse=/planner/upper_path_sparse dense=/planner/lower_reference_path
[INFO] [1791269850.107121128] [upper_planner_node]: upper branch model: cumulative_increment=1 turn_window_at_split=1 turn_target_absolute=1 split_continuity=6.75m r_dpsi=2.000 lambda_turn=0.600
[INFO] [1791269850.116066598] [lower_tracking_mpc_node]: LowerTrackingMpcNode ready: rate=10.00Hz dt=0.100s N=30 path=/planner/lower_reference_path scale=fullscale wheelbase=2.80m rear_offset=1.40m command_scale=0.350rad actuator_model=1 delay=0.00s tau=0.74s backend=disabled virtual=/cmd_control
[WARN] [1791269850.240400383] [upper_planner_node]: interval_diag step=7 reason=3 ref_body=(31.493,0.110) heading_deg=0.87 center_cell=(100,64) center_value=100 line_free=0 blocked=400 unknown=0 outside=2 longest_run=0 min_run=2 grid_free=2430 zero=2430 positive=13954 unknown=0 topic=/bev/occupancy_grid frame=Vehicle origin=(0.000,-20.000) origin_yaw_deg=0.00 size=128x128 res=0.3125 positive_is_drivable=0 threshold=0 waypoint_bias=0 previous=1
[WARN] [1791269850.240627746] [upper_planner_node]: no valid preview interval at step=7; usable horizon=6 reason=3
[WARN] [1791269850.258050104] [upper_planner_node]: no valid interval at the measured k=0 state; retaining future horizon=7 reason=3
"branch_width_off+0.0_yaw+0" "tau0.5" "V0+soft08" "left_road_stop" cycles=395
[INFO] [1791269850.294839870] [upper_planner_node]: planner state input: Odometry topic=/motive/vehicle/odom_map yaw=orientation.z scalar
[INFO] [1791269850.297850601] [upper_planner_node]: Egocentric MIQP planner ready: rate=2.00Hz pred_dt=0.750s Nmax=7 lower_dt=0.100s target_v=6.000m/s scale=fullscale wheelbase=2.80m length=4.70m bev=40.00m margin=2.00m state=odom grid=/bev/occupancy_grid sparse=/planner/upper_path_sparse dense=/planner/lower_reference_path
[INFO] [1791269850.297969770] [upper_planner_node]: upper branch model: cumulative_increment=1 turn_window_at_split=1 turn_target_absolute=1 split_continuity=6.75m r_dpsi=2.000 lambda_turn=0.600
[INFO] [1791269850.306980009] [lower_tracking_mpc_node]: LowerTrackingMpcNode ready: rate=10.00Hz dt=0.100s N=30 path=/planner/lower_reference_path scale=fullscale wheelbase=2.80m rear_offset=1.40m command_scale=0.350rad actuator_model=1 delay=0.00s tau=0.74s backend=disabled virtual=/cmd_control
"branch_width_off+0.0_yaw+0" "tau0.5" "V0+r2" "goal_reached" cycles=401
[INFO] [1791269850.489818523] [upper_planner_node]: planner state input: Odometry topic=/motive/vehicle/odom_map yaw=orientation.z scalar
[INFO] [1791269850.492853350] [upper_planner_node]: Egocentric MIQP planner ready: rate=2.00Hz pred_dt=0.750s Nmax=7 lower_dt=0.100s target_v=6.000m/s scale=fullscale wheelbase=2.80m length=4.70m bev=40.00m margin=2.00m state=odom grid=/bev/occupancy_grid sparse=/planner/upper_path_sparse dense=/planner/lower_reference_path
[INFO] [1791269850.492998536] [upper_planner_node]: upper branch model: cumulative_increment=1 turn_window_at_split=1 turn_target_absolute=1 split_continuity=6.75m r_dpsi=2.000 lambda_turn=0.600
[INFO] [1791269850.501970951] [lower_tracking_mpc_node]: LowerTrackingMpcNode ready: rate=10.00Hz dt=0.100s N=30 path=/planner/lower_reference_path scale=fullscale wheelbase=2.80m rear_offset=1.40m command_scale=0.350rad actuator_model=1 delay=0.00s tau=0.74s backend=disabled virtual=/cmd_control
"branch_width_off+0.0_yaw+0" "tau0.5" "V0+wp1520" "goal_reached" cycles=401
[INFO] [1791269850.683348772] [upper_planner_node]: planner state input: Odometry topic=/motive/vehicle/odom_map yaw=orientation.z scalar
[INFO] [1791269850.686283533] [upper_planner_node]: Egocentric MIQP planner ready: rate=2.00Hz pred_dt=0.750s Nmax=7 lower_dt=0.100s target_v=6.000m/s scale=fullscale wheelbase=2.80m length=4.70m bev=40.00m margin=2.00m state=odom grid=/bev/occupancy_grid sparse=/planner/upper_path_sparse dense=/planner/lower_reference_path
[INFO] [1791269850.686409135] [upper_planner_node]: upper branch model: cumulative_increment=1 turn_window_at_split=1 turn_target_absolute=1 split_continuity=6.75m r_dpsi=2.000 lambda_turn=0.600
[INFO] [1791269850.695271788] [lower_tracking_mpc_node]: LowerTrackingMpcNode ready: rate=10.00Hz dt=0.100s N=30 path=/planner/lower_reference_path scale=fullscale wheelbase=2.80m rear_offset=1.40m command_scale=0.350rad actuator_model=1 delay=0.00s tau=0.74s backend=disabled virtual=/cmd_control
[WARN] [1791269850.800547672] [upper_planner_node]: no valid preview interval at step=7; usable horizon=6 reason=3
"branch_width_off+0.0_yaw+0" "tau0.5" "V0+rd150" "goal_reached" cycles=400
[INFO] [1791269850.877169712] [upper_planner_node]: planner state input: Odometry topic=/motive/vehicle/odom_map yaw=orientation.z scalar
[INFO] [1791269850.880221307] [upper_planner_node]: Egocentric MIQP planner ready: rate=2.00Hz pred_dt=0.750s Nmax=7 lower_dt=0.100s target_v=6.000m/s scale=fullscale wheelbase=2.80m length=4.70m bev=40.00m margin=2.00m state=odom grid=/bev/occupancy_grid sparse=/planner/upper_path_sparse dense=/planner/lower_reference_path
[INFO] [1791269850.880362781] [upper_planner_node]: upper branch model: cumulative_increment=1 turn_window_at_split=1 turn_target_absolute=1 split_continuity=6.75m r_dpsi=2.000 lambda_turn=0.600
[INFO] [1791269850.889370012] [lower_tracking_mpc_node]: LowerTrackingMpcNode ready: rate=10.00Hz dt=0.100s N=30 path=/planner/lower_reference_path scale=fullscale wheelbase=2.80m rear_offset=1.40m command_scale=0.350rad actuator_model=1 delay=0.00s tau=0.74s backend=disabled virtual=/cmd_control
[WARN] [1791269851.016352955] [upper_planner_node]: no valid preview interval at step=7; usable horizon=6 reason=3
"branch_width_off+0.0_yaw+0" "tau0.5" "CUR" "goal_reached" cycles=402
[INFO] [1791269851.105523939] [upper_planner_node]: planner state input: Odometry topic=/motive/vehicle/odom_map yaw=orientation.z scalar
[INFO] [1791269851.108546766] [upper_planner_node]: Egocentric MIQP planner ready: rate=2.00Hz pred_dt=0.750s Nmax=7 lower_dt=0.100s target_v=6.000m/s scale=fullscale wheelbase=2.80m length=4.70m bev=40.00m margin=2.00m state=odom grid=/bev/occupancy_grid sparse=/planner/upper_path_sparse dense=/planner/lower_reference_path
[INFO] [1791269851.108683408] [upper_planner_node]: upper branch model: cumulative_increment=1 turn_window_at_split=1 turn_target_absolute=1 split_continuity=6.75m r_dpsi=2.000 lambda_turn=0.600
[INFO] [1791269851.117737776] [lower_tracking_mpc_node]: LowerTrackingMpcNode ready: rate=10.00Hz dt=0.100s N=30 path=/planner/lower_reference_path scale=fullscale wheelbase=2.80m rear_offset=1.40m command_scale=0.350rad actuator_model=1 delay=0.00s tau=0.74s backend=disabled virtual=/cmd_control
"branch_width_off+0.0_yaw+0" "tau0.5" "CUR_1hz_r3_soft07" "goal_reached" cycles=400
[INFO] [1791269851.304721339] [upper_planner_node]: planner state input: Odometry topic=/motive/vehicle/odom_map yaw=orientation.z scalar
[INFO] [1791269851.308186668] [upper_planner_node]: Egocentric MIQP planner ready: rate=2.00Hz pred_dt=0.750s Nmax=7 lower_dt=0.100s target_v=6.000m/s scale=fullscale wheelbase=2.80m length=4.70m bev=40.00m margin=2.00m state=odom grid=/bev/occupancy_grid sparse=/planner/upper_path_sparse dense=/planner/lower_reference_path
[INFO] [1791269851.308323982] [upper_planner_node]: upper branch model: cumulative_increment=1 turn_window_at_split=1 turn_target_absolute=1 split_continuity=6.75m r_dpsi=2.000 lambda_turn=0.600
[INFO] [1791269851.317338413] [lower_tracking_mpc_node]: LowerTrackingMpcNode ready: rate=10.00Hz dt=0.100s N=30 path=/planner/lower_reference_path scale=fullscale wheelbase=2.80m rear_offset=1.40m command_scale=0.350rad actuator_model=1 delay=0.00s tau=0.74s backend=disabled virtual=/cmd_control
[WARN] [1791269851.426832852] [upper_planner_node]: no valid preview interval at step=7; usable horizon=6 reason=3
"branch_width_off+0.0_yaw+0" "tau1.0" "V0" "goal_reached" cycles=401
[INFO] [1791269851.504553020] [upper_planner_node]: planner state input: Odometry topic=/motive/vehicle/odom_map yaw=orientation.z scalar
[INFO] [1791269851.507462245] [upper_planner_node]: Egocentric MIQP planner ready: rate=2.00Hz pred_dt=0.750s Nmax=7 lower_dt=0.100s target_v=6.000m/s scale=fullscale wheelbase=2.80m length=4.70m bev=40.00m margin=2.00m state=odom grid=/bev/occupancy_grid sparse=/planner/upper_path_sparse dense=/planner/lower_reference_path
[INFO] [1791269851.507592839] [upper_planner_node]: upper branch model: cumulative_increment=1 turn_window_at_split=1 turn_target_absolute=1 split_continuity=6.75m r_dpsi=2.000 lambda_turn=0.600
[INFO] [1791269851.516591077] [lower_tracking_mpc_node]: LowerTrackingMpcNode ready: rate=10.00Hz dt=0.100s N=30 path=/planner/lower_reference_path scale=fullscale wheelbase=2.80m rear_offset=1.40m command_scale=0.350rad actuator_model=1 delay=0.00s tau=0.74s backend=disabled virtual=/cmd_control
[WARN] [1791269851.660247278] [upper_planner_node]: no valid preview interval at step=7; usable horizon=6 reason=3
[WARN] [1791269851.680234248] [upper_planner_node]: no valid interval at the measured k=0 state; retaining future horizon=7 reason=3
"branch_width_off+0.0_yaw+0" "tau1.0" "V0+2hz" "left_road_stop" cycles=393
[INFO] [1791269851.725123937] [upper_planner_node]: planner state input: Odometry topic=/motive/vehicle/odom_map yaw=orientation.z scalar
[INFO] [1791269851.728402959] [upper_planner_node]: Egocentric MIQP planner ready: rate=2.00Hz pred_dt=0.750s Nmax=7 lower_dt=0.100s target_v=6.000m/s scale=fullscale wheelbase=2.80m length=4.70m bev=40.00m margin=2.00m state=odom grid=/bev/occupancy_grid sparse=/planner/upper_path_sparse dense=/planner/lower_reference_path
[INFO] [1791269851.728576977] [upper_planner_node]: upper branch model: cumulative_increment=1 turn_window_at_split=1 turn_target_absolute=1 split_continuity=6.75m r_dpsi=2.000 lambda_turn=0.600
[INFO] [1791269851.737519151] [lower_tracking_mpc_node]: LowerTrackingMpcNode ready: rate=10.00Hz dt=0.100s N=30 path=/planner/lower_reference_path scale=fullscale wheelbase=2.80m rear_offset=1.40m command_scale=0.350rad actuator_model=1 delay=0.00s tau=0.74s backend=disabled virtual=/cmd_control
"branch_width_off+0.0_yaw+0" "tau1.0" "V0+soft08" "goal_reached" cycles=398
[INFO] [1791269851.925618187] [upper_planner_node]: planner state input: Odometry topic=/motive/vehicle/odom_map yaw=orientation.z scalar
[INFO] [1791269851.928716758] [upper_planner_node]: Egocentric MIQP planner ready: rate=2.00Hz pred_dt=0.750s Nmax=7 lower_dt=0.100s target_v=6.000m/s scale=fullscale wheelbase=2.80m length=4.70m bev=40.00m margin=2.00m state=odom grid=/bev/occupancy_grid sparse=/planner/upper_path_sparse dense=/planner/lower_reference_path
[INFO] [1791269851.928938713] [upper_planner_node]: upper branch model: cumulative_increment=1 turn_window_at_split=1 turn_target_absolute=1 split_continuity=6.75m r_dpsi=2.000 lambda_turn=0.600
[INFO] [1791269851.938236252] [lower_tracking_mpc_node]: LowerTrackingMpcNode ready: rate=10.00Hz dt=0.100s N=30 path=/planner/lower_reference_path scale=fullscale wheelbase=2.80m rear_offset=1.40m command_scale=0.350rad actuator_model=1 delay=0.00s tau=0.74s backend=disabled virtual=/cmd_control
[WARN] [1791269852.048308652] [upper_planner_node]: no valid preview interval at step=7; usable horizon=6 reason=3
"branch_width_off+0.0_yaw+0" "tau1.0" "V0+r2" "goal_reached" cycles=402
[INFO] [1791269852.123799444] [upper_planner_node]: planner state input: Odometry topic=/motive/vehicle/odom_map yaw=orientation.z scalar
[INFO] [1791269852.126704349] [upper_planner_node]: Egocentric MIQP planner ready: rate=2.00Hz pred_dt=0.750s Nmax=7 lower_dt=0.100s target_v=6.000m/s scale=fullscale wheelbase=2.80m length=4.70m bev=40.00m margin=2.00m state=odom grid=/bev/occupancy_grid sparse=/planner/upper_path_sparse dense=/planner/lower_reference_path
[INFO] [1791269852.126893023] [upper_planner_node]: upper branch model: cumulative_increment=1 turn_window_at_split=1 turn_target_absolute=1 split_continuity=6.75m r_dpsi=2.000 lambda_turn=0.600
[INFO] [1791269852.135830365] [lower_tracking_mpc_node]: LowerTrackingMpcNode ready: rate=10.00Hz dt=0.100s N=30 path=/planner/lower_reference_path scale=fullscale wheelbase=2.80m rear_offset=1.40m command_scale=0.350rad actuator_model=1 delay=0.00s tau=0.74s backend=disabled virtual=/cmd_control
"branch_width_off+0.0_yaw+0" "tau1.0" "V0+wp1520" "goal_reached" cycles=403
[INFO] [1791269852.324950438] [upper_planner_node]: planner state input: Odometry topic=/motive/vehicle/odom_map yaw=orientation.z scalar
[INFO] [1791269852.328140467] [upper_planner_node]: Egocentric MIQP planner ready: rate=2.00Hz pred_dt=0.750s Nmax=7 lower_dt=0.100s target_v=6.000m/s scale=fullscale wheelbase=2.80m length=4.70m bev=40.00m margin=2.00m state=odom grid=/bev/occupancy_grid sparse=/planner/upper_path_sparse dense=/planner/lower_reference_path
[INFO] [1791269852.328300437] [upper_planner_node]: upper branch model: cumulative_increment=1 turn_window_at_split=1 turn_target_absolute=1 split_continuity=6.75m r_dpsi=2.000 lambda_turn=0.600
[INFO] [1791269852.337241299] [lower_tracking_mpc_node]: LowerTrackingMpcNode ready: rate=10.00Hz dt=0.100s N=30 path=/planner/lower_reference_path scale=fullscale wheelbase=2.80m rear_offset=1.40m command_scale=0.350rad actuator_model=1 delay=0.00s tau=0.74s backend=disabled virtual=/cmd_control
[WARN] [1791269852.446017424] [upper_planner_node]: interval_diag step=7 reason=3 ref_body=(25.864,17.378) heading_deg=34.97 center_cell=(82,119) center_value=100 line_free=0 blocked=278 unknown=0 outside=2 longest_run=0 min_run=2 grid_free=5750 zero=5750 positive=10634 unknown=0 topic=/bev/occupancy_grid frame=Vehicle origin=(0.000,-20.000) origin_yaw_deg=0.00 size=128x128 res=0.3125 positive_is_drivable=0 threshold=0 waypoint_bias=0 previous=1
[WARN] [1791269852.446240051] [upper_planner_node]: no valid preview interval at step=7; usable horizon=6 reason=3
"branch_width_off+0.0_yaw+0" "tau1.0" "V0+rd150" "goal_reached" cycles=401
[INFO] [1791269852.524449153] [upper_planner_node]: planner state input: Odometry topic=/motive/vehicle/odom_map yaw=orientation.z scalar
[INFO] [1791269852.527476588] [upper_planner_node]: Egocentric MIQP planner ready: rate=2.00Hz pred_dt=0.750s Nmax=7 lower_dt=0.100s target_v=6.000m/s scale=fullscale wheelbase=2.80m length=4.70m bev=40.00m margin=2.00m state=odom grid=/bev/occupancy_grid sparse=/planner/upper_path_sparse dense=/planner/lower_reference_path
[INFO] [1791269852.527616654] [upper_planner_node]: upper branch model: cumulative_increment=1 turn_window_at_split=1 turn_target_absolute=1 split_continuity=6.75m r_dpsi=2.000 lambda_turn=0.600
[INFO] [1791269852.536511115] [lower_tracking_mpc_node]: LowerTrackingMpcNode ready: rate=10.00Hz dt=0.100s N=30 path=/planner/lower_reference_path scale=fullscale wheelbase=2.80m rear_offset=1.40m command_scale=0.350rad actuator_model=1 delay=0.00s tau=0.74s backend=disabled virtual=/cmd_control
[WARN] [1791269852.681507110] [upper_planner_node]: no valid preview interval at step=7; usable horizon=6 reason=3
[WARN] [1791269852.701386079] [upper_planner_node]: no valid interval at the measured k=0 state; retaining future horizon=7 reason=3
"branch_width_off+0.0_yaw+0" "tau1.0" "CUR" "left_road_stop" cycles=394
[INFO] [1791269852.746344312] [upper_planner_node]: planner state input: Odometry topic=/motive/vehicle/odom_map yaw=orientation.z scalar
[INFO] [1791269852.749420739] [upper_planner_node]: Egocentric MIQP planner ready: rate=2.00Hz pred_dt=0.750s Nmax=7 lower_dt=0.100s target_v=6.000m/s scale=fullscale wheelbase=2.80m length=4.70m bev=40.00m margin=2.00m state=odom grid=/bev/occupancy_grid sparse=/planner/upper_path_sparse dense=/planner/lower_reference_path
[INFO] [1791269852.749561125] [upper_planner_node]: upper branch model: cumulative_increment=1 turn_window_at_split=1 turn_target_absolute=1 split_continuity=6.75m r_dpsi=2.000 lambda_turn=0.600
[INFO] [1791269852.758624837] [lower_tracking_mpc_node]: LowerTrackingMpcNode ready: rate=10.00Hz dt=0.100s N=30 path=/planner/lower_reference_path scale=fullscale wheelbase=2.80m rear_offset=1.40m command_scale=0.350rad actuator_model=1 delay=0.00s tau=0.74s backend=disabled virtual=/cmd_control
"branch_width_off+0.0_yaw+0" "tau1.0" "CUR_1hz_r3_soft07" "goal_reached" cycles=402
[INFO] [1791269852.952950359] [upper_planner_node]: planner state input: Odometry topic=/motive/vehicle/odom_map yaw=orientation.z scalar
[INFO] [1791269852.955957762] [upper_planner_node]: Egocentric MIQP planner ready: rate=2.00Hz pred_dt=0.750s Nmax=7 lower_dt=0.100s target_v=6.000m/s scale=fullscale wheelbase=2.80m length=4.70m bev=40.00m margin=2.00m state=odom grid=/bev/occupancy_grid sparse=/planner/upper_path_sparse dense=/planner/lower_reference_path
[INFO] [1791269852.956101380] [upper_planner_node]: upper branch model: cumulative_increment=1 turn_window_at_split=1 turn_target_absolute=1 split_continuity=6.75m r_dpsi=2.000 lambda_turn=0.600
[INFO] [1791269852.964987169] [lower_tracking_mpc_node]: LowerTrackingMpcNode ready: rate=10.00Hz dt=0.100s N=30 path=/planner/lower_reference_path scale=fullscale wheelbase=2.80m rear_offset=1.40m command_scale=0.350rad actuator_model=1 delay=0.00s tau=0.74s backend=disabled virtual=/cmd_control
[WARN] [1791269853.088508685] [upper_planner_node]: no valid preview interval at step=7; usable horizon=6 reason=3
[WARN] [1791269853.106043812] [upper_planner_node]: no valid interval at the measured k=0 state; retaining future horizon=7 reason=3
"branch_width_off+0.0_yaw+2" "tau0.74" "V0" "left_road_stop" cycles=393
[INFO] [1791269853.148520571] [upper_planner_node]: planner state input: Odometry topic=/motive/vehicle/odom_map yaw=orientation.z scalar
[INFO] [1791269853.151390179] [upper_planner_node]: Egocentric MIQP planner ready: rate=2.00Hz pred_dt=0.750s Nmax=7 lower_dt=0.100s target_v=6.000m/s scale=fullscale wheelbase=2.80m length=4.70m bev=40.00m margin=2.00m state=odom grid=/bev/occupancy_grid sparse=/planner/upper_path_sparse dense=/planner/lower_reference_path
[INFO] [1791269853.151522405] [upper_planner_node]: upper branch model: cumulative_increment=1 turn_window_at_split=1 turn_target_absolute=1 split_continuity=6.75m r_dpsi=2.000 lambda_turn=0.600
[INFO] [1791269853.160483235] [lower_tracking_mpc_node]: LowerTrackingMpcNode ready: rate=10.00Hz dt=0.100s N=30 path=/planner/lower_reference_path scale=fullscale wheelbase=2.80m rear_offset=1.40m command_scale=0.350rad actuator_model=1 delay=0.00s tau=0.74s backend=disabled virtual=/cmd_control
[WARN] [1791269853.305714561] [upper_planner_node]: no valid preview interval at step=7; usable horizon=6 reason=3
[WARN] [1791269853.325401655] [upper_planner_node]: no valid interval at the measured k=0 state; retaining future horizon=7 reason=3
"branch_width_off+0.0_yaw+2" "tau0.74" "V0+2hz" "left_road_stop" cycles=395
[INFO] [1791269853.370436401] [upper_planner_node]: planner state input: Odometry topic=/motive/vehicle/odom_map yaw=orientation.z scalar
[INFO] [1791269853.373463036] [upper_planner_node]: Egocentric MIQP planner ready: rate=2.00Hz pred_dt=0.750s Nmax=7 lower_dt=0.100s target_v=6.000m/s scale=fullscale wheelbase=2.80m length=4.70m bev=40.00m margin=2.00m state=odom grid=/bev/occupancy_grid sparse=/planner/upper_path_sparse dense=/planner/lower_reference_path
[INFO] [1791269853.373598846] [upper_planner_node]: upper branch model: cumulative_increment=1 turn_window_at_split=1 turn_target_absolute=1 split_continuity=6.75m r_dpsi=2.000 lambda_turn=0.600
[INFO] [1791269853.382572604] [lower_tracking_mpc_node]: LowerTrackingMpcNode ready: rate=10.00Hz dt=0.100s N=30 path=/planner/lower_reference_path scale=fullscale wheelbase=2.80m rear_offset=1.40m command_scale=0.350rad actuator_model=1 delay=0.00s tau=0.74s backend=disabled virtual=/cmd_control
"branch_width_off+0.0_yaw+2" "tau0.74" "V0+soft08" "goal_reached" cycles=396
[INFO] [1791269853.563177100] [upper_planner_node]: planner state input: Odometry topic=/motive/vehicle/odom_map yaw=orientation.z scalar
[INFO] [1791269853.566077301] [upper_planner_node]: Egocentric MIQP planner ready: rate=2.00Hz pred_dt=0.750s Nmax=7 lower_dt=0.100s target_v=6.000m/s scale=fullscale wheelbase=2.80m length=4.70m bev=40.00m margin=2.00m state=odom grid=/bev/occupancy_grid sparse=/planner/upper_path_sparse dense=/planner/lower_reference_path
[INFO] [1791269853.566212247] [upper_planner_node]: upper branch model: cumulative_increment=1 turn_window_at_split=1 turn_target_absolute=1 split_continuity=6.75m r_dpsi=2.000 lambda_turn=0.600
[INFO] [1791269853.575034452] [lower_tracking_mpc_node]: LowerTrackingMpcNode ready: rate=10.00Hz dt=0.100s N=30 path=/planner/lower_reference_path scale=fullscale wheelbase=2.80m rear_offset=1.40m command_scale=0.350rad actuator_model=1 delay=0.00s tau=0.74s backend=disabled virtual=/cmd_control
[WARN] [1791269853.684614555] [upper_planner_node]: no valid preview interval at step=7; usable horizon=6 reason=3
"branch_width_off+0.0_yaw+2" "tau0.74" "V0+r2" "goal_reached" cycles=402
[INFO] [1791269853.758782608] [upper_planner_node]: planner state input: Odometry topic=/motive/vehicle/odom_map yaw=orientation.z scalar
[INFO] [1791269853.761798811] [upper_planner_node]: Egocentric MIQP planner ready: rate=2.00Hz pred_dt=0.750s Nmax=7 lower_dt=0.100s target_v=6.000m/s scale=fullscale wheelbase=2.80m length=4.70m bev=40.00m margin=2.00m state=odom grid=/bev/occupancy_grid sparse=/planner/upper_path_sparse dense=/planner/lower_reference_path
[INFO] [1791269853.761942397] [upper_planner_node]: upper branch model: cumulative_increment=1 turn_window_at_split=1 turn_target_absolute=1 split_continuity=6.75m r_dpsi=2.000 lambda_turn=0.600
[INFO] [1791269853.770984764] [lower_tracking_mpc_node]: LowerTrackingMpcNode ready: rate=10.00Hz dt=0.100s N=30 path=/planner/lower_reference_path scale=fullscale wheelbase=2.80m rear_offset=1.40m command_scale=0.350rad actuator_model=1 delay=0.00s tau=0.74s backend=disabled virtual=/cmd_control
[WARN] [1791269853.895242131] [upper_planner_node]: no valid preview interval at step=7; usable horizon=6 reason=3
[WARN] [1791269853.912694440] [upper_planner_node]: no valid interval at the measured k=0 state; retaining future horizon=7 reason=3
"branch_width_off+0.0_yaw+2" "tau0.74" "V0+wp1520" "left_road_stop" cycles=393
[INFO] [1791269853.955153055] [upper_planner_node]: planner state input: Odometry topic=/motive/vehicle/odom_map yaw=orientation.z scalar
[INFO] [1791269853.958018311] [upper_planner_node]: Egocentric MIQP planner ready: rate=2.00Hz pred_dt=0.750s Nmax=7 lower_dt=0.100s target_v=6.000m/s scale=fullscale wheelbase=2.80m length=4.70m bev=40.00m margin=2.00m state=odom grid=/bev/occupancy_grid sparse=/planner/upper_path_sparse dense=/planner/lower_reference_path
[INFO] [1791269853.958143977] [upper_planner_node]: upper branch model: cumulative_increment=1 turn_window_at_split=1 turn_target_absolute=1 split_continuity=6.75m r_dpsi=2.000 lambda_turn=0.600
[INFO] [1791269853.967119335] [lower_tracking_mpc_node]: LowerTrackingMpcNode ready: rate=10.00Hz dt=0.100s N=30 path=/planner/lower_reference_path scale=fullscale wheelbase=2.80m rear_offset=1.40m command_scale=0.350rad actuator_model=1 delay=0.00s tau=0.74s backend=disabled virtual=/cmd_control
[WARN] [1791269854.071892395] [upper_planner_node]: no valid preview interval at step=7; usable horizon=6 reason=3
"branch_width_off+0.0_yaw+2" "tau0.74" "V0+rd150" "goal_reached" cycles=400
[INFO] [1791269854.153183780] [upper_planner_node]: planner state input: Odometry topic=/motive/vehicle/odom_map yaw=orientation.z scalar
[INFO] [1791269854.156147022] [upper_planner_node]: Egocentric MIQP planner ready: rate=2.00Hz pred_dt=0.750s Nmax=7 lower_dt=0.100s target_v=6.000m/s scale=fullscale wheelbase=2.80m length=4.70m bev=40.00m margin=2.00m state=odom grid=/bev/occupancy_grid sparse=/planner/upper_path_sparse dense=/planner/lower_reference_path
[INFO] [1791269854.156276207] [upper_planner_node]: upper branch model: cumulative_increment=1 turn_window_at_split=1 turn_target_absolute=1 split_continuity=6.75m r_dpsi=2.000 lambda_turn=0.600
[INFO] [1791269854.165231406] [lower_tracking_mpc_node]: LowerTrackingMpcNode ready: rate=10.00Hz dt=0.100s N=30 path=/planner/lower_reference_path scale=fullscale wheelbase=2.80m rear_offset=1.40m command_scale=0.350rad actuator_model=1 delay=0.00s tau=0.74s backend=disabled virtual=/cmd_control
"branch_width_off+0.0_yaw+2" "tau0.74" "CUR" "goal_reached" cycles=399
[INFO] [1791269854.381539220] [upper_planner_node]: planner state input: Odometry topic=/motive/vehicle/odom_map yaw=orientation.z scalar
[INFO] [1791269854.384587679] [upper_planner_node]: Egocentric MIQP planner ready: rate=2.00Hz pred_dt=0.750s Nmax=7 lower_dt=0.100s target_v=6.000m/s scale=fullscale wheelbase=2.80m length=4.70m bev=40.00m margin=2.00m state=odom grid=/bev/occupancy_grid sparse=/planner/upper_path_sparse dense=/planner/lower_reference_path
[INFO] [1791269854.384734785] [upper_planner_node]: upper branch model: cumulative_increment=1 turn_window_at_split=1 turn_target_absolute=1 split_continuity=6.75m r_dpsi=2.000 lambda_turn=0.600
[INFO] [1791269854.393811041] [lower_tracking_mpc_node]: LowerTrackingMpcNode ready: rate=10.00Hz dt=0.100s N=30 path=/planner/lower_reference_path scale=fullscale wheelbase=2.80m rear_offset=1.40m command_scale=0.350rad actuator_model=1 delay=0.00s tau=0.74s backend=disabled virtual=/cmd_control
[WARN] [1791269854.503028675] [upper_planner_node]: interval_diag step=7 reason=3 ref_body=(24.810,18.955) heading_deg=38.84 center_cell=(79,124) center_value=100 line_free=0 blocked=255 unknown=0 outside=2 longest_run=0 min_run=2 grid_free=5615 zero=5615 positive=10769 unknown=0 topic=/bev/occupancy_grid frame=Vehicle origin=(0.000,-20.000) origin_yaw_deg=0.00 size=128x128 res=0.3125 positive_is_drivable=0 threshold=0 waypoint_bias=0 previous=1
[WARN] [1791269854.503243878] [upper_planner_node]: no valid preview interval at step=7; usable horizon=6 reason=3
"branch_width_off+0.0_yaw+2" "tau0.74" "CUR_1hz_r3_soft07" "goal_reached" cycles=401
[INFO] [1791269854.582565955] [upper_planner_node]: planner state input: Odometry topic=/motive/vehicle/odom_map yaw=orientation.z scalar
[INFO] [1791269854.585572366] [upper_planner_node]: Egocentric MIQP planner ready: rate=2.00Hz pred_dt=0.750s Nmax=7 lower_dt=0.100s target_v=6.000m/s scale=fullscale wheelbase=2.80m length=4.70m bev=40.00m margin=2.00m state=odom grid=/bev/occupancy_grid sparse=/planner/upper_path_sparse dense=/planner/lower_reference_path
[INFO] [1791269854.585793521] [upper_planner_node]: upper branch model: cumulative_increment=1 turn_window_at_split=1 turn_target_absolute=1 split_continuity=6.75m r_dpsi=2.000 lambda_turn=0.600
[INFO] [1791269854.594729487] [lower_tracking_mpc_node]: LowerTrackingMpcNode ready: rate=10.00Hz dt=0.100s N=30 path=/planner/lower_reference_path scale=fullscale wheelbase=2.80m rear_offset=1.40m command_scale=0.350rad actuator_model=1 delay=0.00s tau=0.74s backend=disabled virtual=/cmd_control
[WARN] [1791269854.699740054] [upper_planner_node]: no valid preview interval at step=7; usable horizon=6 reason=3
"branch_width_off+0.0_yaw+2" "tau0.5" "V0" "goal_reached" cycles=400
[INFO] [1791269854.781609815] [upper_planner_node]: planner state input: Odometry topic=/motive/vehicle/odom_map yaw=orientation.z scalar
[INFO] [1791269854.784730851] [upper_planner_node]: Egocentric MIQP planner ready: rate=2.00Hz pred_dt=0.750s Nmax=7 lower_dt=0.100s target_v=6.000m/s scale=fullscale wheelbase=2.80m length=4.70m bev=40.00m margin=2.00m state=odom grid=/bev/occupancy_grid sparse=/planner/upper_path_sparse dense=/planner/lower_reference_path
[INFO] [1791269854.784873477] [upper_planner_node]: upper branch model: cumulative_increment=1 turn_window_at_split=1 turn_target_absolute=1 split_continuity=6.75m r_dpsi=2.000 lambda_turn=0.600
[INFO] [1791269854.793798147] [lower_tracking_mpc_node]: LowerTrackingMpcNode ready: rate=10.00Hz dt=0.100s N=30 path=/planner/lower_reference_path scale=fullscale wheelbase=2.80m rear_offset=1.40m command_scale=0.350rad actuator_model=1 delay=0.00s tau=0.74s backend=disabled virtual=/cmd_control
[WARN] [1791269854.937139909] [upper_planner_node]: no valid preview interval at step=7; usable horizon=6 reason=3
[WARN] [1791269854.956622744] [upper_planner_node]: no valid interval at the measured k=0 state; retaining future horizon=7 reason=3
"branch_width_off+0.0_yaw+2" "tau0.5" "V0+2hz" "left_road_stop" cycles=393
[INFO] [1791269855.008928216] [upper_planner_node]: planner state input: Odometry topic=/motive/vehicle/odom_map yaw=orientation.z scalar
[INFO] [1791269855.012028100] [upper_planner_node]: Egocentric MIQP planner ready: rate=2.00Hz pred_dt=0.750s Nmax=7 lower_dt=0.100s target_v=6.000m/s scale=fullscale wheelbase=2.80m length=4.70m bev=40.00m margin=2.00m state=odom grid=/bev/occupancy_grid sparse=/planner/upper_path_sparse dense=/planner/lower_reference_path
[INFO] [1791269855.012168486] [upper_planner_node]: upper branch model: cumulative_increment=1 turn_window_at_split=1 turn_target_absolute=1 split_continuity=6.75m r_dpsi=2.000 lambda_turn=0.600
[INFO] [1791269855.020975938] [lower_tracking_mpc_node]: LowerTrackingMpcNode ready: rate=10.00Hz dt=0.100s N=30 path=/planner/lower_reference_path scale=fullscale wheelbase=2.80m rear_offset=1.40m command_scale=0.350rad actuator_model=1 delay=0.00s tau=0.74s backend=disabled virtual=/cmd_control
"branch_width_off+0.0_yaw+2" "tau0.5" "V0+soft08" "goal_reached" cycles=396
[INFO] [1791269855.210618320] [upper_planner_node]: planner state input: Odometry topic=/motive/vehicle/odom_map yaw=orientation.z scalar
[INFO] [1791269855.213631323] [upper_planner_node]: Egocentric MIQP planner ready: rate=2.00Hz pred_dt=0.750s Nmax=7 lower_dt=0.100s target_v=6.000m/s scale=fullscale wheelbase=2.80m length=4.70m bev=40.00m margin=2.00m state=odom grid=/bev/occupancy_grid sparse=/planner/upper_path_sparse dense=/planner/lower_reference_path
[INFO] [1791269855.213783197] [upper_planner_node]: upper branch model: cumulative_increment=1 turn_window_at_split=1 turn_target_absolute=1 split_continuity=6.75m r_dpsi=2.000 lambda_turn=0.600
[INFO] [1791269855.222638938] [lower_tracking_mpc_node]: LowerTrackingMpcNode ready: rate=10.00Hz dt=0.100s N=30 path=/planner/lower_reference_path scale=fullscale wheelbase=2.80m rear_offset=1.40m command_scale=0.350rad actuator_model=1 delay=0.00s tau=0.74s backend=disabled virtual=/cmd_control
"branch_width_off+0.0_yaw+2" "tau0.5" "V0+r2" "goal_reached" cycles=401
[INFO] [1791269855.405213797] [upper_planner_node]: planner state input: Odometry topic=/motive/vehicle/odom_map yaw=orientation.z scalar
[INFO] [1791269855.408426802] [upper_planner_node]: Egocentric MIQP planner ready: rate=2.00Hz pred_dt=0.750s Nmax=7 lower_dt=0.100s target_v=6.000m/s scale=fullscale wheelbase=2.80m length=4.70m bev=40.00m margin=2.00m state=odom grid=/bev/occupancy_grid sparse=/planner/upper_path_sparse dense=/planner/lower_reference_path
[INFO] [1791269855.408552244] [upper_planner_node]: upper branch model: cumulative_increment=1 turn_window_at_split=1 turn_target_absolute=1 split_continuity=6.75m r_dpsi=2.000 lambda_turn=0.600
[INFO] [1791269855.417385456] [lower_tracking_mpc_node]: LowerTrackingMpcNode ready: rate=10.00Hz dt=0.100s N=30 path=/planner/lower_reference_path scale=fullscale wheelbase=2.80m rear_offset=1.40m command_scale=0.350rad actuator_model=1 delay=0.00s tau=0.74s backend=disabled virtual=/cmd_control
"branch_width_off+0.0_yaw+2" "tau0.5" "V0+wp1520" "goal_reached" cycles=401
[INFO] [1791269855.600672005] [upper_planner_node]: planner state input: Odometry topic=/motive/vehicle/odom_map yaw=orientation.z scalar
[INFO] [1791269855.603638318] [upper_planner_node]: Egocentric MIQP planner ready: rate=2.00Hz pred_dt=0.750s Nmax=7 lower_dt=0.100s target_v=6.000m/s scale=fullscale wheelbase=2.80m length=4.70m bev=40.00m margin=2.00m state=odom grid=/bev/occupancy_grid sparse=/planner/upper_path_sparse dense=/planner/lower_reference_path
[INFO] [1791269855.603783761] [upper_planner_node]: upper branch model: cumulative_increment=1 turn_window_at_split=1 turn_target_absolute=1 split_continuity=6.75m r_dpsi=2.000 lambda_turn=0.600
[INFO] [1791269855.612699342] [lower_tracking_mpc_node]: LowerTrackingMpcNode ready: rate=10.00Hz dt=0.100s N=30 path=/planner/lower_reference_path scale=fullscale wheelbase=2.80m rear_offset=1.40m command_scale=0.350rad actuator_model=1 delay=0.00s tau=0.74s backend=disabled virtual=/cmd_control
[WARN] [1791269855.717422673] [upper_planner_node]: no valid preview interval at step=7; usable horizon=6 reason=3
"branch_width_off+0.0_yaw+2" "tau0.5" "V0+rd150" "goal_reached" cycles=401
[INFO] [1791269855.801276461] [upper_planner_node]: planner state input: Odometry topic=/motive/vehicle/odom_map yaw=orientation.z scalar
[INFO] [1791269855.804322808] [upper_planner_node]: Egocentric MIQP planner ready: rate=2.00Hz pred_dt=0.750s Nmax=7 lower_dt=0.100s target_v=6.000m/s scale=fullscale wheelbase=2.80m length=4.70m bev=40.00m margin=2.00m state=odom grid=/bev/occupancy_grid sparse=/planner/upper_path_sparse dense=/planner/lower_reference_path
[INFO] [1791269855.804463194] [upper_planner_node]: upper branch model: cumulative_increment=1 turn_window_at_split=1 turn_target_absolute=1 split_continuity=6.75m r_dpsi=2.000 lambda_turn=0.600
[INFO] [1791269855.813446841] [lower_tracking_mpc_node]: LowerTrackingMpcNode ready: rate=10.00Hz dt=0.100s N=30 path=/planner/lower_reference_path scale=fullscale wheelbase=2.80m rear_offset=1.40m command_scale=0.350rad actuator_model=1 delay=0.00s tau=0.74s backend=disabled virtual=/cmd_control
[WARN] [1791269855.957272450] [upper_planner_node]: no valid preview interval at step=7; usable horizon=6 reason=3
[WARN] [1791269855.976868438] [upper_planner_node]: no valid interval at the measured k=0 state; retaining future horizon=7 reason=3
"branch_width_off+0.0_yaw+2" "tau0.5" "CUR" "left_road_stop" cycles=393
[INFO] [1791269856.021439817] [upper_planner_node]: planner state input: Odometry topic=/motive/vehicle/odom_map yaw=orientation.z scalar
[INFO] [1791269856.024456884] [upper_planner_node]: Egocentric MIQP planner ready: rate=2.00Hz pred_dt=0.750s Nmax=7 lower_dt=0.100s target_v=6.000m/s scale=fullscale wheelbase=2.80m length=4.70m bev=40.00m margin=2.00m state=odom grid=/bev/occupancy_grid sparse=/planner/upper_path_sparse dense=/planner/lower_reference_path
[INFO] [1791269856.024588534] [upper_planner_node]: upper branch model: cumulative_increment=1 turn_window_at_split=1 turn_target_absolute=1 split_continuity=6.75m r_dpsi=2.000 lambda_turn=0.600
[INFO] [1791269856.033432242] [lower_tracking_mpc_node]: LowerTrackingMpcNode ready: rate=10.00Hz dt=0.100s N=30 path=/planner/lower_reference_path scale=fullscale wheelbase=2.80m rear_offset=1.40m command_scale=0.350rad actuator_model=1 delay=0.00s tau=0.74s backend=disabled virtual=/cmd_control
"branch_width_off+0.0_yaw+2" "tau0.5" "CUR_1hz_r3_soft07" "goal_reached" cycles=400
[INFO] [1791269856.220435099] [upper_planner_node]: planner state input: Odometry topic=/motive/vehicle/odom_map yaw=orientation.z scalar
[INFO] [1791269856.223518214] [upper_planner_node]: Egocentric MIQP planner ready: rate=2.00Hz pred_dt=0.750s Nmax=7 lower_dt=0.100s target_v=6.000m/s scale=fullscale wheelbase=2.80m length=4.70m bev=40.00m margin=2.00m state=odom grid=/bev/occupancy_grid sparse=/planner/upper_path_sparse dense=/planner/lower_reference_path
[INFO] [1791269856.223647400] [upper_planner_node]: upper branch model: cumulative_increment=1 turn_window_at_split=1 turn_target_absolute=1 split_continuity=6.75m r_dpsi=2.000 lambda_turn=0.600
[INFO] [1791269856.232361731] [lower_tracking_mpc_node]: LowerTrackingMpcNode ready: rate=10.00Hz dt=0.100s N=30 path=/planner/lower_reference_path scale=fullscale wheelbase=2.80m rear_offset=1.40m command_scale=0.350rad actuator_model=1 delay=0.00s tau=0.74s backend=disabled virtual=/cmd_control
[WARN] [1791269856.341331969] [upper_planner_node]: no valid preview interval at step=7; usable horizon=6 reason=3
"branch_width_off+0.0_yaw+2" "tau1.0" "V0" "goal_reached" cycles=401
[INFO] [1791269856.420629085] [upper_planner_node]: planner state input: Odometry topic=/motive/vehicle/odom_map yaw=orientation.z scalar
[INFO] [1791269856.423640199] [upper_planner_node]: Egocentric MIQP planner ready: rate=2.00Hz pred_dt=0.750s Nmax=7 lower_dt=0.100s target_v=6.000m/s scale=fullscale wheelbase=2.80m length=4.70m bev=40.00m margin=2.00m state=odom grid=/bev/occupancy_grid sparse=/planner/upper_path_sparse dense=/planner/lower_reference_path
[INFO] [1791269856.423769993] [upper_planner_node]: upper branch model: cumulative_increment=1 turn_window_at_split=1 turn_target_absolute=1 split_continuity=6.75m r_dpsi=2.000 lambda_turn=0.600
[INFO] [1791269856.432541957] [lower_tracking_mpc_node]: LowerTrackingMpcNode ready: rate=10.00Hz dt=0.100s N=30 path=/planner/lower_reference_path scale=fullscale wheelbase=2.80m rear_offset=1.40m command_scale=0.350rad actuator_model=1 delay=0.00s tau=0.74s backend=disabled virtual=/cmd_control
[WARN] [1791269856.576653809] [upper_planner_node]: interval_diag step=7 reason=3 ref_body=(31.174,4.345) heading_deg=8.57 center_cell=(99,77) center_value=100 line_free=0 blocked=405 unknown=0 outside=1 longest_run=0 min_run=2 grid_free=2409 zero=2409 positive=13975 unknown=0 topic=/bev/occupancy_grid frame=Vehicle origin=(0.000,-20.000) origin_yaw_deg=0.00 size=128x128 res=0.3125 positive_is_drivable=0 threshold=0 waypoint_bias=0 previous=1
[WARN] [1791269856.577023190] [upper_planner_node]: no valid preview interval at step=7; usable horizon=6 reason=3
[WARN] [1791269856.596695915] [upper_planner_node]: no valid interval at the measured k=0 state; retaining future horizon=7 reason=3
"branch_width_off+0.0_yaw+2" "tau1.0" "V0+2hz" "left_road_stop" cycles=394
[INFO] [1791269856.645513755] [upper_planner_node]: planner state input: Odometry topic=/motive/vehicle/odom_map yaw=orientation.z scalar
[INFO] [1791269856.648854186] [upper_planner_node]: Egocentric MIQP planner ready: rate=2.00Hz pred_dt=0.750s Nmax=7 lower_dt=0.100s target_v=6.000m/s scale=fullscale wheelbase=2.80m length=4.70m bev=40.00m margin=2.00m state=odom grid=/bev/occupancy_grid sparse=/planner/upper_path_sparse dense=/planner/lower_reference_path
[INFO] [1791269856.649246991] [upper_planner_node]: upper branch model: cumulative_increment=1 turn_window_at_split=1 turn_target_absolute=1 split_continuity=6.75m r_dpsi=2.000 lambda_turn=0.600
[INFO] [1791269856.659729795] [lower_tracking_mpc_node]: LowerTrackingMpcNode ready: rate=10.00Hz dt=0.100s N=30 path=/planner/lower_reference_path scale=fullscale wheelbase=2.80m rear_offset=1.40m command_scale=0.350rad actuator_model=1 delay=0.00s tau=0.74s backend=disabled virtual=/cmd_control
"branch_width_off+0.0_yaw+2" "tau1.0" "V0+soft08" "goal_reached" cycles=398
[INFO] [1791269856.852488636] [upper_planner_node]: planner state input: Odometry topic=/motive/vehicle/odom_map yaw=orientation.z scalar
[INFO] [1791269856.855921037] [upper_planner_node]: Egocentric MIQP planner ready: rate=2.00Hz pred_dt=0.750s Nmax=7 lower_dt=0.100s target_v=6.000m/s scale=fullscale wheelbase=2.80m length=4.70m bev=40.00m margin=2.00m state=odom grid=/bev/occupancy_grid sparse=/planner/upper_path_sparse dense=/planner/lower_reference_path
[INFO] [1791269856.856142480] [upper_planner_node]: upper branch model: cumulative_increment=1 turn_window_at_split=1 turn_target_absolute=1 split_continuity=6.75m r_dpsi=2.000 lambda_turn=0.600
[INFO] [1791269856.865051917] [lower_tracking_mpc_node]: LowerTrackingMpcNode ready: rate=10.00Hz dt=0.100s N=30 path=/planner/lower_reference_path scale=fullscale wheelbase=2.80m rear_offset=1.40m command_scale=0.350rad actuator_model=1 delay=0.00s tau=0.74s backend=disabled virtual=/cmd_control
[WARN] [1791269856.975073818] [upper_planner_node]: no valid preview interval at step=7; usable horizon=6 reason=3
"branch_width_off+0.0_yaw+2" "tau1.0" "V0+r2" "goal_reached" cycles=403
[INFO] [1791269857.057886824] [upper_planner_node]: planner state input: Odometry topic=/motive/vehicle/odom_map yaw=orientation.z scalar
[INFO] [1791269857.060880882] [upper_planner_node]: Egocentric MIQP planner ready: rate=2.00Hz pred_dt=0.750s Nmax=7 lower_dt=0.100s target_v=6.000m/s scale=fullscale wheelbase=2.80m length=4.70m bev=40.00m margin=2.00m state=odom grid=/bev/occupancy_grid sparse=/planner/upper_path_sparse dense=/planner/lower_reference_path
[INFO] [1791269857.061061044] [upper_planner_node]: upper branch model: cumulative_increment=1 turn_window_at_split=1 turn_target_absolute=1 split_continuity=6.75m r_dpsi=2.000 lambda_turn=0.600
[INFO] [1791269857.069801839] [lower_tracking_mpc_node]: LowerTrackingMpcNode ready: rate=10.00Hz dt=0.100s N=30 path=/planner/lower_reference_path scale=fullscale wheelbase=2.80m rear_offset=1.40m command_scale=0.350rad actuator_model=1 delay=0.00s tau=0.74s backend=disabled virtual=/cmd_control
"branch_width_off+0.0_yaw+2" "tau1.0" "V0+wp1520" "goal_reached" cycles=402
[INFO] [1791269857.253211044] [upper_planner_node]: planner state input: Odometry topic=/motive/vehicle/odom_map yaw=orientation.z scalar
[INFO] [1791269857.256259439] [upper_planner_node]: Egocentric MIQP planner ready: rate=2.00Hz pred_dt=0.750s Nmax=7 lower_dt=0.100s target_v=6.000m/s scale=fullscale wheelbase=2.80m length=4.70m bev=40.00m margin=2.00m state=odom grid=/bev/occupancy_grid sparse=/planner/upper_path_sparse dense=/planner/lower_reference_path
[INFO] [1791269857.256403121] [upper_planner_node]: upper branch model: cumulative_increment=1 turn_window_at_split=1 turn_target_absolute=1 split_continuity=6.75m r_dpsi=2.000 lambda_turn=0.600
[INFO] [1791269857.265175565] [lower_tracking_mpc_node]: LowerTrackingMpcNode ready: rate=10.00Hz dt=0.100s N=30 path=/planner/lower_reference_path scale=fullscale wheelbase=2.80m rear_offset=1.40m command_scale=0.350rad actuator_model=1 delay=0.00s tau=0.74s backend=disabled virtual=/cmd_control
[WARN] [1791269857.374032265] [upper_planner_node]: no valid preview interval at step=7; usable horizon=6 reason=3
"branch_width_off+0.0_yaw+2" "tau1.0" "V0+rd150" "goal_reached" cycles=401
[INFO] [1791269857.451931281] [upper_planner_node]: planner state input: Odometry topic=/motive/vehicle/odom_map yaw=orientation.z scalar
[INFO] [1791269857.454820410] [upper_planner_node]: Egocentric MIQP planner ready: rate=2.00Hz pred_dt=0.750s Nmax=7 lower_dt=0.100s target_v=6.000m/s scale=fullscale wheelbase=2.80m length=4.70m bev=40.00m margin=2.00m state=odom grid=/bev/occupancy_grid sparse=/planner/upper_path_sparse dense=/planner/lower_reference_path
[INFO] [1791269857.454965948] [upper_planner_node]: upper branch model: cumulative_increment=1 turn_window_at_split=1 turn_target_absolute=1 split_continuity=6.75m r_dpsi=2.000 lambda_turn=0.600
[INFO] [1791269857.463912314] [lower_tracking_mpc_node]: LowerTrackingMpcNode ready: rate=10.00Hz dt=0.100s N=30 path=/planner/lower_reference_path scale=fullscale wheelbase=2.80m rear_offset=1.40m command_scale=0.350rad actuator_model=1 delay=0.00s tau=0.74s backend=disabled virtual=/cmd_control
[WARN] [1791269857.590829876] [upper_planner_node]: no valid preview interval at step=7; usable horizon=6 reason=3
"branch_width_off+0.0_yaw+2" "tau1.0" "CUR" "goal_reached" cycles=400
[INFO] [1791269857.677995999] [upper_planner_node]: planner state input: Odometry topic=/motive/vehicle/odom_map yaw=orientation.z scalar
[INFO] [1791269857.681026441] [upper_planner_node]: Egocentric MIQP planner ready: rate=2.00Hz pred_dt=0.750s Nmax=7 lower_dt=0.100s target_v=6.000m/s scale=fullscale wheelbase=2.80m length=4.70m bev=40.00m margin=2.00m state=odom grid=/bev/occupancy_grid sparse=/planner/upper_path_sparse dense=/planner/lower_reference_path
[INFO] [1791269857.681269485] [upper_planner_node]: upper branch model: cumulative_increment=1 turn_window_at_split=1 turn_target_absolute=1 split_continuity=6.75m r_dpsi=2.000 lambda_turn=0.600
[INFO] [1791269857.690329548] [lower_tracking_mpc_node]: LowerTrackingMpcNode ready: rate=10.00Hz dt=0.100s N=30 path=/planner/lower_reference_path scale=fullscale wheelbase=2.80m rear_offset=1.40m command_scale=0.350rad actuator_model=1 delay=0.00s tau=0.74s backend=disabled virtual=/cmd_control
"branch_width_off+0.0_yaw+2" "tau1.0" "CUR_1hz_r3_soft07" "goal_reached" cycles=402
[INFO] [1791269857.883597836] [upper_planner_node]: planner state input: Odometry topic=/motive/vehicle/odom_map yaw=orientation.z scalar
[INFO] [1791269857.886517653] [upper_planner_node]: Egocentric MIQP planner ready: rate=2.00Hz pred_dt=0.750s Nmax=7 lower_dt=0.100s target_v=6.000m/s scale=fullscale wheelbase=2.80m length=4.70m bev=40.00m margin=2.00m state=odom grid=/bev/occupancy_grid sparse=/planner/upper_path_sparse dense=/planner/lower_reference_path
[INFO] [1791269857.886653783] [upper_planner_node]: upper branch model: cumulative_increment=1 turn_window_at_split=1 turn_target_absolute=1 split_continuity=6.75m r_dpsi=2.000 lambda_turn=0.600
[INFO] [1791269857.895432755] [lower_tracking_mpc_node]: LowerTrackingMpcNode ready: rate=10.00Hz dt=0.100s N=30 path=/planner/lower_reference_path scale=fullscale wheelbase=2.80m rear_offset=1.40m command_scale=0.350rad actuator_model=1 delay=0.00s tau=0.74s backend=disabled virtual=/cmd_control
"branch_width_off+0.6_yaw-2" "tau0.74" "V0" "goal_reached" cycles=401
[INFO] [1791269858.077339539] [upper_planner_node]: planner state input: Odometry topic=/motive/vehicle/odom_map yaw=orientation.z scalar
[INFO] [1791269858.080381886] [upper_planner_node]: Egocentric MIQP planner ready: rate=2.00Hz pred_dt=0.750s Nmax=7 lower_dt=0.100s target_v=6.000m/s scale=fullscale wheelbase=2.80m length=4.70m bev=40.00m margin=2.00m state=odom grid=/bev/occupancy_grid sparse=/planner/upper_path_sparse dense=/planner/lower_reference_path
[INFO] [1791269858.080525504] [upper_planner_node]: upper branch model: cumulative_increment=1 turn_window_at_split=1 turn_target_absolute=1 split_continuity=6.75m r_dpsi=2.000 lambda_turn=0.600
[INFO] [1791269858.089265467] [lower_tracking_mpc_node]: LowerTrackingMpcNode ready: rate=10.00Hz dt=0.100s N=30 path=/planner/lower_reference_path scale=fullscale wheelbase=2.80m rear_offset=1.40m command_scale=0.350rad actuator_model=1 delay=0.00s tau=0.74s backend=disabled virtual=/cmd_control
[WARN] [1791269858.232823774] [upper_planner_node]: no valid preview interval at step=7; usable horizon=6 reason=3
[WARN] [1791269858.252397394] [upper_planner_node]: no valid interval at the measured k=0 state; retaining future horizon=7 reason=3
"branch_width_off+0.6_yaw-2" "tau0.74" "V0+2hz" "left_road_stop" cycles=394
[INFO] [1791269858.298810687] [upper_planner_node]: planner state input: Odometry topic=/motive/vehicle/odom_map yaw=orientation.z scalar
[INFO] [1791269858.301905834] [upper_planner_node]: Egocentric MIQP planner ready: rate=2.00Hz pred_dt=0.750s Nmax=7 lower_dt=0.100s target_v=6.000m/s scale=fullscale wheelbase=2.80m length=4.70m bev=40.00m margin=2.00m state=odom grid=/bev/occupancy_grid sparse=/planner/upper_path_sparse dense=/planner/lower_reference_path
[INFO] [1791269858.302035948] [upper_planner_node]: upper branch model: cumulative_increment=1 turn_window_at_split=1 turn_target_absolute=1 split_continuity=6.75m r_dpsi=2.000 lambda_turn=0.600
[INFO] [1791269858.310784423] [lower_tracking_mpc_node]: LowerTrackingMpcNode ready: rate=10.00Hz dt=0.100s N=30 path=/planner/lower_reference_path scale=fullscale wheelbase=2.80m rear_offset=1.40m command_scale=0.350rad actuator_model=1 delay=0.00s tau=0.74s backend=disabled virtual=/cmd_control
"branch_width_off+0.6_yaw-2" "tau0.74" "V0+soft08" "goal_reached" cycles=396
[INFO] [1791269858.496608382] [upper_planner_node]: planner state input: Odometry topic=/motive/vehicle/odom_map yaw=orientation.z scalar
[INFO] [1791269858.499518887] [upper_planner_node]: Egocentric MIQP planner ready: rate=2.00Hz pred_dt=0.750s Nmax=7 lower_dt=0.100s target_v=6.000m/s scale=fullscale wheelbase=2.80m length=4.70m bev=40.00m margin=2.00m state=odom grid=/bev/occupancy_grid sparse=/planner/upper_path_sparse dense=/planner/lower_reference_path
[INFO] [1791269858.499655657] [upper_planner_node]: upper branch model: cumulative_increment=1 turn_window_at_split=1 turn_target_absolute=1 split_continuity=6.75m r_dpsi=2.000 lambda_turn=0.600
[INFO] [1791269858.508412516] [lower_tracking_mpc_node]: LowerTrackingMpcNode ready: rate=10.00Hz dt=0.100s N=30 path=/planner/lower_reference_path scale=fullscale wheelbase=2.80m rear_offset=1.40m command_scale=0.350rad actuator_model=1 delay=0.00s tau=0.74s backend=disabled virtual=/cmd_control
[WARN] [1791269858.631626826] [upper_planner_node]: interval_diag step=7 reason=3 ref_body=(31.469,1.387) heading_deg=2.67 center_cell=(100,68) center_value=100 line_free=0 blocked=401 unknown=0 outside=1 longest_run=0 min_run=2 grid_free=2309 zero=2309 positive=14075 unknown=0 topic=/bev/occupancy_grid frame=Vehicle origin=(0.000,-20.000) origin_yaw_deg=0.00 size=128x128 res=0.3125 positive_is_drivable=0 threshold=0 waypoint_bias=0 previous=1
[WARN] [1791269858.631841549] [upper_planner_node]: no valid preview interval at step=7; usable horizon=6 reason=3
[WARN] [1791269858.649063455] [upper_planner_node]: no valid interval at the measured k=0 state; retaining future horizon=7 reason=3
"branch_width_off+0.6_yaw-2" "tau0.74" "V0+r2" "left_road_stop" cycles=393
[INFO] [1791269858.684778934] [upper_planner_node]: planner state input: Odometry topic=/motive/vehicle/odom_map yaw=orientation.z scalar
[INFO] [1791269858.687803296] [upper_planner_node]: Egocentric MIQP planner ready: rate=2.00Hz pred_dt=0.750s Nmax=7 lower_dt=0.100s target_v=6.000m/s scale=fullscale wheelbase=2.80m length=4.70m bev=40.00m margin=2.00m state=odom grid=/bev/occupancy_grid sparse=/planner/upper_path_sparse dense=/planner/lower_reference_path
[INFO] [1791269858.687938530] [upper_planner_node]: upper branch model: cumulative_increment=1 turn_window_at_split=1 turn_target_absolute=1 split_continuity=6.75m r_dpsi=2.000 lambda_turn=0.600
[INFO] [1791269858.696770366] [lower_tracking_mpc_node]: LowerTrackingMpcNode ready: rate=10.00Hz dt=0.100s N=30 path=/planner/lower_reference_path scale=fullscale wheelbase=2.80m rear_offset=1.40m command_scale=0.350rad actuator_model=1 delay=0.00s tau=0.74s backend=disabled virtual=/cmd_control
[WARN] [1791269858.806068544] [upper_planner_node]: no valid preview interval at step=7; usable horizon=6 reason=3
"branch_width_off+0.6_yaw-2" "tau0.74" "V0+wp1520" "goal_reached" cycles=401
[INFO] [1791269858.886165383] [upper_planner_node]: planner state input: Odometry topic=/motive/vehicle/odom_map yaw=orientation.z scalar
[INFO] [1791269858.889065232] [upper_planner_node]: Egocentric MIQP planner ready: rate=2.00Hz pred_dt=0.750s Nmax=7 lower_dt=0.100s target_v=6.000m/s scale=fullscale wheelbase=2.80m length=4.70m bev=40.00m margin=2.00m state=odom grid=/bev/occupancy_grid sparse=/planner/upper_path_sparse dense=/planner/lower_reference_path
[INFO] [1791269858.889305427] [upper_planner_node]: upper branch model: cumulative_increment=1 turn_window_at_split=1 turn_target_absolute=1 split_continuity=6.75m r_dpsi=2.000 lambda_turn=0.600
[INFO] [1791269858.898256305] [lower_tracking_mpc_node]: LowerTrackingMpcNode ready: rate=10.00Hz dt=0.100s N=30 path=/planner/lower_reference_path scale=fullscale wheelbase=2.80m rear_offset=1.40m command_scale=0.350rad actuator_model=1 delay=0.00s tau=0.74s backend=disabled virtual=/cmd_control
"branch_width_off+0.6_yaw-2" "tau0.74" "V0+rd150" "goal_reached" cycles=400
[INFO] [1791269859.091199500] [upper_planner_node]: planner state input: Odometry topic=/motive/vehicle/odom_map yaw=orientation.z scalar
[INFO] [1791269859.094116021] [upper_planner_node]: Egocentric MIQP planner ready: rate=2.00Hz pred_dt=0.750s Nmax=7 lower_dt=0.100s target_v=6.000m/s scale=fullscale wheelbase=2.80m length=4.70m bev=40.00m margin=2.00m state=odom grid=/bev/occupancy_grid sparse=/planner/upper_path_sparse dense=/planner/lower_reference_path
[INFO] [1791269859.094243927] [upper_planner_node]: upper branch model: cumulative_increment=1 turn_window_at_split=1 turn_target_absolute=1 split_continuity=6.75m r_dpsi=2.000 lambda_turn=0.600
[INFO] [1791269859.102982385] [lower_tracking_mpc_node]: LowerTrackingMpcNode ready: rate=10.00Hz dt=0.100s N=30 path=/planner/lower_reference_path scale=fullscale wheelbase=2.80m rear_offset=1.40m command_scale=0.350rad actuator_model=1 delay=0.00s tau=0.74s backend=disabled virtual=/cmd_control
[WARN] [1791269859.247259199] [upper_planner_node]: no valid preview interval at step=7; usable horizon=6 reason=3
[WARN] [1791269859.266666800] [upper_planner_node]: no valid interval at the measured k=0 state; retaining future horizon=7 reason=3
"branch_width_off+0.6_yaw-2" "tau0.74" "CUR" "left_road_stop" cycles=394
[INFO] [1791269859.310770588] [upper_planner_node]: planner state input: Odometry topic=/motive/vehicle/odom_map yaw=orientation.z scalar
[INFO] [1791269859.313703238] [upper_planner_node]: Egocentric MIQP planner ready: rate=2.00Hz pred_dt=0.750s Nmax=7 lower_dt=0.100s target_v=6.000m/s scale=fullscale wheelbase=2.80m length=4.70m bev=40.00m margin=2.00m state=odom grid=/bev/occupancy_grid sparse=/planner/upper_path_sparse dense=/planner/lower_reference_path
[INFO] [1791269859.313827847] [upper_planner_node]: upper branch model: cumulative_increment=1 turn_window_at_split=1 turn_target_absolute=1 split_continuity=6.75m r_dpsi=2.000 lambda_turn=0.600
[INFO] [1791269859.322732997] [lower_tracking_mpc_node]: LowerTrackingMpcNode ready: rate=10.00Hz dt=0.100s N=30 path=/planner/lower_reference_path scale=fullscale wheelbase=2.80m rear_offset=1.40m command_scale=0.350rad actuator_model=1 delay=0.00s tau=0.74s backend=disabled virtual=/cmd_control
[WARN] [1791269859.431578272] [upper_planner_node]: no valid preview interval at step=7; usable horizon=6 reason=3
"branch_width_off+0.6_yaw-2" "tau0.74" "CUR_1hz_r3_soft07" "goal_reached" cycles=401
[INFO] [1791269859.508758429] [upper_planner_node]: planner state input: Odometry topic=/motive/vehicle/odom_map yaw=orientation.z scalar
[INFO] [1791269859.511702183] [upper_planner_node]: Egocentric MIQP planner ready: rate=2.00Hz pred_dt=0.750s Nmax=7 lower_dt=0.100s target_v=6.000m/s scale=fullscale wheelbase=2.80m length=4.70m bev=40.00m margin=2.00m state=odom grid=/bev/occupancy_grid sparse=/planner/upper_path_sparse dense=/planner/lower_reference_path
[INFO] [1791269859.511833481] [upper_planner_node]: upper branch model: cumulative_increment=1 turn_window_at_split=1 turn_target_absolute=1 split_continuity=6.75m r_dpsi=2.000 lambda_turn=0.600
[INFO] [1791269859.520614948] [lower_tracking_mpc_node]: LowerTrackingMpcNode ready: rate=10.00Hz dt=0.100s N=30 path=/planner/lower_reference_path scale=fullscale wheelbase=2.80m rear_offset=1.40m command_scale=0.350rad actuator_model=1 delay=0.00s tau=0.74s backend=disabled virtual=/cmd_control
[WARN] [1791269859.625731979] [upper_planner_node]: no valid preview interval at step=7; usable horizon=6 reason=3
"branch_width_off+0.6_yaw-2" "tau0.5" "V0" "goal_reached" cycles=400
[INFO] [1791269859.703137324] [upper_planner_node]: planner state input: Odometry topic=/motive/vehicle/odom_map yaw=orientation.z scalar
[INFO] [1791269859.706045333] [upper_planner_node]: Egocentric MIQP planner ready: rate=2.00Hz pred_dt=0.750s Nmax=7 lower_dt=0.100s target_v=6.000m/s scale=fullscale wheelbase=2.80m length=4.70m bev=40.00m margin=2.00m state=odom grid=/bev/occupancy_grid sparse=/planner/upper_path_sparse dense=/planner/lower_reference_path
[INFO] [1791269859.706175606] [upper_planner_node]: upper branch model: cumulative_increment=1 turn_window_at_split=1 turn_target_absolute=1 split_continuity=6.75m r_dpsi=2.000 lambda_turn=0.600
[INFO] [1791269859.715240470] [lower_tracking_mpc_node]: LowerTrackingMpcNode ready: rate=10.00Hz dt=0.100s N=30 path=/planner/lower_reference_path scale=fullscale wheelbase=2.80m rear_offset=1.40m command_scale=0.350rad actuator_model=1 delay=0.00s tau=0.74s backend=disabled virtual=/cmd_control
[WARN] [1791269859.858304626] [upper_planner_node]: no valid preview interval at step=7; usable horizon=6 reason=3
[WARN] [1791269859.877720387] [upper_planner_node]: no valid interval at the measured k=0 state; retaining future horizon=7 reason=3
"branch_width_off+0.6_yaw-2" "tau0.5" "V0+2hz" "left_road_stop" cycles=394
[INFO] [1791269859.921633549] [upper_planner_node]: planner state input: Odometry topic=/motive/vehicle/odom_map yaw=orientation.z scalar
[INFO] [1791269859.924750937] [upper_planner_node]: Egocentric MIQP planner ready: rate=2.00Hz pred_dt=0.750s Nmax=7 lower_dt=0.100s target_v=6.000m/s scale=fullscale wheelbase=2.80m length=4.70m bev=40.00m margin=2.00m state=odom grid=/bev/occupancy_grid sparse=/planner/upper_path_sparse dense=/planner/lower_reference_path
[INFO] [1791269859.924885787] [upper_planner_node]: upper branch model: cumulative_increment=1 turn_window_at_split=1 turn_target_absolute=1 split_continuity=6.75m r_dpsi=2.000 lambda_turn=0.600
[INFO] [1791269859.933668182] [lower_tracking_mpc_node]: LowerTrackingMpcNode ready: rate=10.00Hz dt=0.100s N=30 path=/planner/lower_reference_path scale=fullscale wheelbase=2.80m rear_offset=1.40m command_scale=0.350rad actuator_model=1 delay=0.00s tau=0.74s backend=disabled virtual=/cmd_control
"branch_width_off+0.6_yaw-2" "tau0.5" "V0+soft08" "goal_reached" cycles=396
[INFO] [1791269860.135722160] [upper_planner_node]: planner state input: Odometry topic=/motive/vehicle/odom_map yaw=orientation.z scalar
[INFO] [1791269860.138630681] [upper_planner_node]: Egocentric MIQP planner ready: rate=2.00Hz pred_dt=0.750s Nmax=7 lower_dt=0.100s target_v=6.000m/s scale=fullscale wheelbase=2.80m length=4.70m bev=40.00m margin=2.00m state=odom grid=/bev/occupancy_grid sparse=/planner/upper_path_sparse dense=/planner/lower_reference_path
[INFO] [1791269860.138761531] [upper_planner_node]: upper branch model: cumulative_increment=1 turn_window_at_split=1 turn_target_absolute=1 split_continuity=6.75m r_dpsi=2.000 lambda_turn=0.600
[INFO] [1791269860.147599703] [lower_tracking_mpc_node]: LowerTrackingMpcNode ready: rate=10.00Hz dt=0.100s N=30 path=/planner/lower_reference_path scale=fullscale wheelbase=2.80m rear_offset=1.40m command_scale=0.350rad actuator_model=1 delay=0.00s tau=0.74s backend=disabled virtual=/cmd_control
"branch_width_off+0.6_yaw-2" "tau0.5" "V0+r2" "goal_reached" cycles=401
[INFO] [1791269860.337490342] [upper_planner_node]: planner state input: Odometry topic=/motive/vehicle/odom_map yaw=orientation.z scalar
[INFO] [1791269860.340542161] [upper_planner_node]: Egocentric MIQP planner ready: rate=2.00Hz pred_dt=0.750s Nmax=7 lower_dt=0.100s target_v=6.000m/s scale=fullscale wheelbase=2.80m length=4.70m bev=40.00m margin=2.00m state=odom grid=/bev/occupancy_grid sparse=/planner/upper_path_sparse dense=/planner/lower_reference_path
[INFO] [1791269860.340690611] [upper_planner_node]: upper branch model: cumulative_increment=1 turn_window_at_split=1 turn_target_absolute=1 split_continuity=6.75m r_dpsi=2.000 lambda_turn=0.600
[INFO] [1791269860.349509807] [lower_tracking_mpc_node]: LowerTrackingMpcNode ready: rate=10.00Hz dt=0.100s N=30 path=/planner/lower_reference_path scale=fullscale wheelbase=2.80m rear_offset=1.40m command_scale=0.350rad actuator_model=1 delay=0.00s tau=0.74s backend=disabled virtual=/cmd_control
"branch_width_off+0.6_yaw-2" "tau0.5" "V0+wp1520" "goal_reached" cycles=401
[INFO] [1791269860.538582354] [upper_planner_node]: planner state input: Odometry topic=/motive/vehicle/odom_map yaw=orientation.z scalar
[INFO] [1791269860.541554076] [upper_planner_node]: Egocentric MIQP planner ready: rate=2.00Hz pred_dt=0.750s Nmax=7 lower_dt=0.100s target_v=6.000m/s scale=fullscale wheelbase=2.80m length=4.70m bev=40.00m margin=2.00m state=odom grid=/bev/occupancy_grid sparse=/planner/upper_path_sparse dense=/planner/lower_reference_path
[INFO] [1791269860.541698110] [upper_planner_node]: upper branch model: cumulative_increment=1 turn_window_at_split=1 turn_target_absolute=1 split_continuity=6.75m r_dpsi=2.000 lambda_turn=0.600
[INFO] [1791269860.550655580] [lower_tracking_mpc_node]: LowerTrackingMpcNode ready: rate=10.00Hz dt=0.100s N=30 path=/planner/lower_reference_path scale=fullscale wheelbase=2.80m rear_offset=1.40m command_scale=0.350rad actuator_model=1 delay=0.00s tau=0.74s backend=disabled virtual=/cmd_control
[WARN] [1791269860.654818868] [upper_planner_node]: interval_diag step=7 reason=3 ref_body=(22.828,19.627) heading_deg=50.02 center_cell=(73,126) center_value=100 line_free=0 blocked=229 unknown=0 outside=2 longest_run=0 min_run=2 grid_free=5158 zero=5158 positive=11226 unknown=0 topic=/bev/occupancy_grid frame=Vehicle origin=(0.000,-20.000) origin_yaw_deg=0.00 size=128x128 res=0.3125 positive_is_drivable=0 threshold=0 waypoint_bias=0 previous=1
[WARN] [1791269860.655097880] [upper_planner_node]: no valid preview interval at step=7; usable horizon=6 reason=3
"branch_width_off+0.6_yaw-2" "tau0.5" "V0+rd150" "goal_reached" cycles=400
[INFO] [1791269860.736722580] [upper_planner_node]: planner state input: Odometry topic=/motive/vehicle/odom_map yaw=orientation.z scalar
[INFO] [1791269860.739644253] [upper_planner_node]: Egocentric MIQP planner ready: rate=2.00Hz pred_dt=0.750s Nmax=7 lower_dt=0.100s target_v=6.000m/s scale=fullscale wheelbase=2.80m length=4.70m bev=40.00m margin=2.00m state=odom grid=/bev/occupancy_grid sparse=/planner/upper_path_sparse dense=/planner/lower_reference_path
[INFO] [1791269860.739779071] [upper_planner_node]: upper branch model: cumulative_increment=1 turn_window_at_split=1 turn_target_absolute=1 split_continuity=6.75m r_dpsi=2.000 lambda_turn=0.600
[INFO] [1791269860.748765022] [lower_tracking_mpc_node]: LowerTrackingMpcNode ready: rate=10.00Hz dt=0.100s N=30 path=/planner/lower_reference_path scale=fullscale wheelbase=2.80m rear_offset=1.40m command_scale=0.350rad actuator_model=1 delay=0.00s tau=0.74s backend=disabled virtual=/cmd_control
[WARN] [1791269860.892970666] [upper_planner_node]: no valid preview interval at step=7; usable horizon=6 reason=3
[WARN] [1791269860.912385819] [upper_planner_node]: no valid interval at the measured k=0 state; retaining future horizon=7 reason=3
"branch_width_off+0.6_yaw-2" "tau0.5" "CUR" "left_road_stop" cycles=393
[INFO] [1791269860.956865100] [upper_planner_node]: planner state input: Odometry topic=/motive/vehicle/odom_map yaw=orientation.z scalar
[INFO] [1791269860.959910487] [upper_planner_node]: Egocentric MIQP planner ready: rate=2.00Hz pred_dt=0.750s Nmax=7 lower_dt=0.100s target_v=6.000m/s scale=fullscale wheelbase=2.80m length=4.70m bev=40.00m margin=2.00m state=odom grid=/bev/occupancy_grid sparse=/planner/upper_path_sparse dense=/planner/lower_reference_path
[INFO] [1791269860.960040793] [upper_planner_node]: upper branch model: cumulative_increment=1 turn_window_at_split=1 turn_target_absolute=1 split_continuity=6.75m r_dpsi=2.000 lambda_turn=0.600
[INFO] [1791269860.968881877] [lower_tracking_mpc_node]: LowerTrackingMpcNode ready: rate=10.00Hz dt=0.100s N=30 path=/planner/lower_reference_path scale=fullscale wheelbase=2.80m rear_offset=1.40m command_scale=0.350rad actuator_model=1 delay=0.00s tau=0.74s backend=disabled virtual=/cmd_control
"branch_width_off+0.6_yaw-2" "tau0.5" "CUR_1hz_r3_soft07" "goal_reached" cycles=400
[INFO] [1791269861.150425934] [upper_planner_node]: planner state input: Odometry topic=/motive/vehicle/odom_map yaw=orientation.z scalar
[INFO] [1791269861.153574330] [upper_planner_node]: Egocentric MIQP planner ready: rate=2.00Hz pred_dt=0.750s Nmax=7 lower_dt=0.100s target_v=6.000m/s scale=fullscale wheelbase=2.80m length=4.70m bev=40.00m margin=2.00m state=odom grid=/bev/occupancy_grid sparse=/planner/upper_path_sparse dense=/planner/lower_reference_path
[INFO] [1791269861.153803773] [upper_planner_node]: upper branch model: cumulative_increment=1 turn_window_at_split=1 turn_target_absolute=1 split_continuity=6.75m r_dpsi=2.000 lambda_turn=0.600
[INFO] [1791269861.162642585] [lower_tracking_mpc_node]: LowerTrackingMpcNode ready: rate=10.00Hz dt=0.100s N=30 path=/planner/lower_reference_path scale=fullscale wheelbase=2.80m rear_offset=1.40m command_scale=0.350rad actuator_model=1 delay=0.00s tau=0.74s backend=disabled virtual=/cmd_control
[WARN] [1791269861.271144047] [upper_planner_node]: no valid preview interval at step=7; usable horizon=6 reason=3
"branch_width_off+0.6_yaw-2" "tau1.0" "V0" "goal_reached" cycles=401
[INFO] [1791269861.351126292] [upper_planner_node]: planner state input: Odometry topic=/motive/vehicle/odom_map yaw=orientation.z scalar
[INFO] [1791269861.354011388] [upper_planner_node]: Egocentric MIQP planner ready: rate=2.00Hz pred_dt=0.750s Nmax=7 lower_dt=0.100s target_v=6.000m/s scale=fullscale wheelbase=2.80m length=4.70m bev=40.00m margin=2.00m state=odom grid=/bev/occupancy_grid sparse=/planner/upper_path_sparse dense=/planner/lower_reference_path
[INFO] [1791269861.354190111] [upper_planner_node]: upper branch model: cumulative_increment=1 turn_window_at_split=1 turn_target_absolute=1 split_continuity=6.75m r_dpsi=2.000 lambda_turn=0.600
[INFO] [1791269861.363240894] [lower_tracking_mpc_node]: LowerTrackingMpcNode ready: rate=10.00Hz dt=0.100s N=30 path=/planner/lower_reference_path scale=fullscale wheelbase=2.80m rear_offset=1.40m command_scale=0.350rad actuator_model=1 delay=0.00s tau=0.74s backend=disabled virtual=/cmd_control
[WARN] [1791269861.507511146] [upper_planner_node]: no valid preview interval at step=7; usable horizon=6 reason=3
[WARN] [1791269861.527346241] [upper_planner_node]: no valid interval at the measured k=0 state; retaining future horizon=7 reason=3
"branch_width_off+0.6_yaw-2" "tau1.0" "V0+2hz" "left_road_stop" cycles=394
[INFO] [1791269861.567601207] [upper_planner_node]: planner state input: Odometry topic=/motive/vehicle/odom_map yaw=orientation.z scalar
[INFO] [1791269861.570506560] [upper_planner_node]: Egocentric MIQP planner ready: rate=2.00Hz pred_dt=0.750s Nmax=7 lower_dt=0.100s target_v=6.000m/s scale=fullscale wheelbase=2.80m length=4.70m bev=40.00m margin=2.00m state=odom grid=/bev/occupancy_grid sparse=/planner/upper_path_sparse dense=/planner/lower_reference_path
[INFO] [1791269861.570627650] [upper_planner_node]: upper branch model: cumulative_increment=1 turn_window_at_split=1 turn_target_absolute=1 split_continuity=6.75m r_dpsi=2.000 lambda_turn=0.600
[INFO] [1791269861.579601792] [lower_tracking_mpc_node]: LowerTrackingMpcNode ready: rate=10.00Hz dt=0.100s N=30 path=/planner/lower_reference_path scale=fullscale wheelbase=2.80m rear_offset=1.40m command_scale=0.350rad actuator_model=1 delay=0.00s tau=0.74s backend=disabled virtual=/cmd_control
"branch_width_off+0.6_yaw-2" "tau1.0" "V0+soft08" "goal_reached" cycles=398
[INFO] [1791269861.759687748] [upper_planner_node]: planner state input: Odometry topic=/motive/vehicle/odom_map yaw=orientation.z scalar
[INFO] [1791269861.762586445] [upper_planner_node]: Egocentric MIQP planner ready: rate=2.00Hz pred_dt=0.750s Nmax=7 lower_dt=0.100s target_v=6.000m/s scale=fullscale wheelbase=2.80m length=4.70m bev=40.00m margin=2.00m state=odom grid=/bev/occupancy_grid sparse=/planner/upper_path_sparse dense=/planner/lower_reference_path
[INFO] [1791269861.762713742] [upper_planner_node]: upper branch model: cumulative_increment=1 turn_window_at_split=1 turn_target_absolute=1 split_continuity=6.75m r_dpsi=2.000 lambda_turn=0.600
[INFO] [1791269861.771657004] [lower_tracking_mpc_node]: LowerTrackingMpcNode ready: rate=10.00Hz dt=0.100s N=30 path=/planner/lower_reference_path scale=fullscale wheelbase=2.80m rear_offset=1.40m command_scale=0.350rad actuator_model=1 delay=0.00s tau=0.74s backend=disabled virtual=/cmd_control
[WARN] [1791269861.880941933] [upper_planner_node]: no valid preview interval at step=7; usable horizon=6 reason=3
"branch_width_off+0.6_yaw-2" "tau1.0" "V0+r2" "goal_reached" cycles=403
[INFO] [1791269861.956873048] [upper_planner_node]: planner state input: Odometry topic=/motive/vehicle/odom_map yaw=orientation.z scalar
[INFO] [1791269861.959834210] [upper_planner_node]: Egocentric MIQP planner ready: rate=2.00Hz pred_dt=0.750s Nmax=7 lower_dt=0.100s target_v=6.000m/s scale=fullscale wheelbase=2.80m length=4.70m bev=40.00m margin=2.00m state=odom grid=/bev/occupancy_grid sparse=/planner/upper_path_sparse dense=/planner/lower_reference_path
[INFO] [1791269861.960072197] [upper_planner_node]: upper branch model: cumulative_increment=1 turn_window_at_split=1 turn_target_absolute=1 split_continuity=6.75m r_dpsi=2.000 lambda_turn=0.600
[INFO] [1791269861.968853665] [lower_tracking_mpc_node]: LowerTrackingMpcNode ready: rate=10.00Hz dt=0.100s N=30 path=/planner/lower_reference_path scale=fullscale wheelbase=2.80m rear_offset=1.40m command_scale=0.350rad actuator_model=1 delay=0.00s tau=0.74s backend=disabled virtual=/cmd_control
"branch_width_off+0.6_yaw-2" "tau1.0" "V0+wp1520" "goal_reached" cycles=402
[INFO] [1791269862.151517064] [upper_planner_node]: planner state input: Odometry topic=/motive/vehicle/odom_map yaw=orientation.z scalar
[INFO] [1791269862.154500082] [upper_planner_node]: Egocentric MIQP planner ready: rate=2.00Hz pred_dt=0.750s Nmax=7 lower_dt=0.100s target_v=6.000m/s scale=fullscale wheelbase=2.80m length=4.70m bev=40.00m margin=2.00m state=odom grid=/bev/occupancy_grid sparse=/planner/upper_path_sparse dense=/planner/lower_reference_path
[INFO] [1791269862.154642612] [upper_planner_node]: upper branch model: cumulative_increment=1 turn_window_at_split=1 turn_target_absolute=1 split_continuity=6.75m r_dpsi=2.000 lambda_turn=0.600
[INFO] [1791269862.163703732] [lower_tracking_mpc_node]: LowerTrackingMpcNode ready: rate=10.00Hz dt=0.100s N=30 path=/planner/lower_reference_path scale=fullscale wheelbase=2.80m rear_offset=1.40m command_scale=0.350rad actuator_model=1 delay=0.00s tau=0.74s backend=disabled virtual=/cmd_control
[WARN] [1791269862.273494331] [upper_planner_node]: no valid preview interval at step=7; usable horizon=6 reason=3
"branch_width_off+0.6_yaw-2" "tau1.0" "V0+rd150" "goal_reached" cycles=400
[INFO] [1791269862.349177763] [upper_planner_node]: planner state input: Odometry topic=/motive/vehicle/odom_map yaw=orientation.z scalar
[INFO] [1791269862.352285134] [upper_planner_node]: Egocentric MIQP planner ready: rate=2.00Hz pred_dt=0.750s Nmax=7 lower_dt=0.100s target_v=6.000m/s scale=fullscale wheelbase=2.80m length=4.70m bev=40.00m margin=2.00m state=odom grid=/bev/occupancy_grid sparse=/planner/upper_path_sparse dense=/planner/lower_reference_path
[INFO] [1791269862.352471569] [upper_planner_node]: upper branch model: cumulative_increment=1 turn_window_at_split=1 turn_target_absolute=1 split_continuity=6.75m r_dpsi=2.000 lambda_turn=0.600
[INFO] [1791269862.362117561] [lower_tracking_mpc_node]: LowerTrackingMpcNode ready: rate=10.00Hz dt=0.100s N=30 path=/planner/lower_reference_path scale=fullscale wheelbase=2.80m rear_offset=1.40m command_scale=0.350rad actuator_model=1 delay=0.00s tau=0.74s backend=disabled virtual=/cmd_control
[WARN] [1791269862.506464837] [upper_planner_node]: no valid interval at the measured k=0 state; retaining future horizon=7 reason=3
[WARN] [1791269862.509277261] [upper_planner_node]: no valid preview interval at step=7; usable horizon=6 reason=3
[WARN] [1791269862.528985890] [upper_planner_node]: no valid interval at the measured k=0 state; retaining future horizon=7 reason=3
"branch_width_off+0.6_yaw-2" "tau1.0" "CUR" "left_road_stop" cycles=394
[INFO] [1791269862.569895457] [upper_planner_node]: planner state input: Odometry topic=/motive/vehicle/odom_map yaw=orientation.z scalar
[INFO] [1791269862.572984588] [upper_planner_node]: Egocentric MIQP planner ready: rate=2.00Hz pred_dt=0.750s Nmax=7 lower_dt=0.100s target_v=6.000m/s scale=fullscale wheelbase=2.80m length=4.70m bev=40.00m margin=2.00m state=odom grid=/bev/occupancy_grid sparse=/planner/upper_path_sparse dense=/planner/lower_reference_path
[INFO] [1791269862.573119598] [upper_planner_node]: upper branch model: cumulative_increment=1 turn_window_at_split=1 turn_target_absolute=1 split_continuity=6.75m r_dpsi=2.000 lambda_turn=0.600
[INFO] [1791269862.581939658] [lower_tracking_mpc_node]: LowerTrackingMpcNode ready: rate=10.00Hz dt=0.100s N=30 path=/planner/lower_reference_path scale=fullscale wheelbase=2.80m rear_offset=1.40m command_scale=0.350rad actuator_model=1 delay=0.00s tau=0.74s backend=disabled virtual=/cmd_control
"branch_width_off+0.6_yaw-2" "tau1.0" "CUR_1hz_r3_soft07" "goal_reached" cycles=402
[INFO] [1791269862.769626777] [upper_planner_node]: planner state input: Odometry topic=/motive/vehicle/odom_map yaw=orientation.z scalar
[INFO] [1791269862.772674243] [upper_planner_node]: Egocentric MIQP planner ready: rate=2.00Hz pred_dt=0.750s Nmax=7 lower_dt=0.100s target_v=6.000m/s scale=fullscale wheelbase=2.80m length=4.70m bev=40.00m margin=2.00m state=odom grid=/bev/occupancy_grid sparse=/planner/upper_path_sparse dense=/planner/lower_reference_path
[INFO] [1791269862.772864550] [upper_planner_node]: upper branch model: cumulative_increment=1 turn_window_at_split=1 turn_target_absolute=1 split_continuity=6.75m r_dpsi=2.000 lambda_turn=0.600
[INFO] [1791269862.781959750] [lower_tracking_mpc_node]: LowerTrackingMpcNode ready: rate=10.00Hz dt=0.100s N=30 path=/planner/lower_reference_path scale=fullscale wheelbase=2.80m rear_offset=1.40m command_scale=0.350rad actuator_model=1 delay=0.00s tau=0.74s backend=disabled virtual=/cmd_control
[WARN] [1791269862.886443587] [upper_planner_node]: interval_diag step=7 reason=3 ref_body=(22.579,19.987) heading_deg=50.74 center_cell=(72,127) center_value=100 line_free=0 blocked=225 unknown=0 outside=2 longest_run=0 min_run=2 grid_free=5116 zero=5116 positive=11268 unknown=0 topic=/bev/occupancy_grid frame=Vehicle origin=(0.000,-20.000) origin_yaw_deg=0.00 size=128x128 res=0.3125 positive_is_drivable=0 threshold=0 waypoint_bias=0 previous=1
[WARN] [1791269862.886677158] [upper_planner_node]: no valid preview interval at step=7; usable horizon=6 reason=3
"branch_width_off+0.6_yaw+0" "tau0.74" "V0" "goal_reached" cycles=401
[INFO] [1791269862.964619597] [upper_planner_node]: planner state input: Odometry topic=/motive/vehicle/odom_map yaw=orientation.z scalar
[INFO] [1791269862.967937596] [upper_planner_node]: Egocentric MIQP planner ready: rate=2.00Hz pred_dt=0.750s Nmax=7 lower_dt=0.100s target_v=6.000m/s scale=fullscale wheelbase=2.80m length=4.70m bev=40.00m margin=2.00m state=odom grid=/bev/occupancy_grid sparse=/planner/upper_path_sparse dense=/planner/lower_reference_path
[INFO] [1791269862.968073086] [upper_planner_node]: upper branch model: cumulative_increment=1 turn_window_at_split=1 turn_target_absolute=1 split_continuity=6.75m r_dpsi=2.000 lambda_turn=0.600
[INFO] [1791269862.977078685] [lower_tracking_mpc_node]: LowerTrackingMpcNode ready: rate=10.00Hz dt=0.100s N=30 path=/planner/lower_reference_path scale=fullscale wheelbase=2.80m rear_offset=1.40m command_scale=0.350rad actuator_model=1 delay=0.00s tau=0.74s backend=disabled virtual=/cmd_control
[WARN] [1791269863.125548579] [upper_planner_node]: no valid preview interval at step=7; usable horizon=6 reason=3
[WARN] [1791269863.146077507] [upper_planner_node]: no valid interval at the measured k=0 state; retaining future horizon=7 reason=3
"branch_width_off+0.6_yaw+0" "tau0.74" "V0+2hz" "left_road_stop" cycles=393
[INFO] [1791269863.189908747] [upper_planner_node]: planner state input: Odometry topic=/motive/vehicle/odom_map yaw=orientation.z scalar
[INFO] [1791269863.194093574] [upper_planner_node]: Egocentric MIQP planner ready: rate=2.00Hz pred_dt=0.750s Nmax=7 lower_dt=0.100s target_v=6.000m/s scale=fullscale wheelbase=2.80m length=4.70m bev=40.00m margin=2.00m state=odom grid=/bev/occupancy_grid sparse=/planner/upper_path_sparse dense=/planner/lower_reference_path
[INFO] [1791269863.194342634] [upper_planner_node]: upper branch model: cumulative_increment=1 turn_window_at_split=1 turn_target_absolute=1 split_continuity=6.75m r_dpsi=2.000 lambda_turn=0.600
[INFO] [1791269863.205100257] [lower_tracking_mpc_node]: LowerTrackingMpcNode ready: rate=10.00Hz dt=0.100s N=30 path=/planner/lower_reference_path scale=fullscale wheelbase=2.80m rear_offset=1.40m command_scale=0.350rad actuator_model=1 delay=0.00s tau=0.74s backend=disabled virtual=/cmd_control
"branch_width_off+0.6_yaw+0" "tau0.74" "V0+soft08" "goal_reached" cycles=396
[INFO] [1791269863.389937670] [upper_planner_node]: planner state input: Odometry topic=/motive/vehicle/odom_map yaw=orientation.z scalar
[INFO] [1791269863.393067122] [upper_planner_node]: Egocentric MIQP planner ready: rate=2.00Hz pred_dt=0.750s Nmax=7 lower_dt=0.100s target_v=6.000m/s scale=fullscale wheelbase=2.80m length=4.70m bev=40.00m margin=2.00m state=odom grid=/bev/occupancy_grid sparse=/planner/upper_path_sparse dense=/planner/lower_reference_path
[INFO] [1791269863.393248213] [upper_planner_node]: upper branch model: cumulative_increment=1 turn_window_at_split=1 turn_target_absolute=1 split_continuity=6.75m r_dpsi=2.000 lambda_turn=0.600
[INFO] [1791269863.402206003] [lower_tracking_mpc_node]: LowerTrackingMpcNode ready: rate=10.00Hz dt=0.100s N=30 path=/planner/lower_reference_path scale=fullscale wheelbase=2.80m rear_offset=1.40m command_scale=0.350rad actuator_model=1 delay=0.00s tau=0.74s backend=disabled virtual=/cmd_control
[WARN] [1791269863.526985068] [upper_planner_node]: no valid preview interval at step=7; usable horizon=6 reason=3
[WARN] [1791269863.544506338] [upper_planner_node]: no valid interval at the measured k=0 state; retaining future horizon=7 reason=3
"branch_width_off+0.6_yaw+0" "tau0.74" "V0+r2" "left_road_stop" cycles=395
[INFO] [1791269863.582655707] [upper_planner_node]: planner state input: Odometry topic=/motive/vehicle/odom_map yaw=orientation.z scalar
[INFO] [1791269863.585760486] [upper_planner_node]: Egocentric MIQP planner ready: rate=2.00Hz pred_dt=0.750s Nmax=7 lower_dt=0.100s target_v=6.000m/s scale=fullscale wheelbase=2.80m length=4.70m bev=40.00m margin=2.00m state=odom grid=/bev/occupancy_grid sparse=/planner/upper_path_sparse dense=/planner/lower_reference_path
[INFO] [1791269863.585882984] [upper_planner_node]: upper branch model: cumulative_increment=1 turn_window_at_split=1 turn_target_absolute=1 split_continuity=6.75m r_dpsi=2.000 lambda_turn=0.600
[INFO] [1791269863.594786565] [lower_tracking_mpc_node]: LowerTrackingMpcNode ready: rate=10.00Hz dt=0.100s N=30 path=/planner/lower_reference_path scale=fullscale wheelbase=2.80m rear_offset=1.40m command_scale=0.350rad actuator_model=1 delay=0.00s tau=0.74s backend=disabled virtual=/cmd_control
[WARN] [1791269863.703955267] [upper_planner_node]: no valid preview interval at step=7; usable horizon=6 reason=3
"branch_width_off+0.6_yaw+0" "tau0.74" "V0+wp1520" "goal_reached" cycles=401
[INFO] [1791269863.777650607] [upper_planner_node]: planner state input: Odometry topic=/motive/vehicle/odom_map yaw=orientation.z scalar
[INFO] [1791269863.780769499] [upper_planner_node]: Egocentric MIQP planner ready: rate=2.00Hz pred_dt=0.750s Nmax=7 lower_dt=0.100s target_v=6.000m/s scale=fullscale wheelbase=2.80m length=4.70m bev=40.00m margin=2.00m state=odom grid=/bev/occupancy_grid sparse=/planner/upper_path_sparse dense=/planner/lower_reference_path
[INFO] [1791269863.780892092] [upper_planner_node]: upper branch model: cumulative_increment=1 turn_window_at_split=1 turn_target_absolute=1 split_continuity=6.75m r_dpsi=2.000 lambda_turn=0.600
[INFO] [1791269863.789745305] [lower_tracking_mpc_node]: LowerTrackingMpcNode ready: rate=10.00Hz dt=0.100s N=30 path=/planner/lower_reference_path scale=fullscale wheelbase=2.80m rear_offset=1.40m command_scale=0.350rad actuator_model=1 delay=0.00s tau=0.74s backend=disabled virtual=/cmd_control
[WARN] [1791269863.894301782] [upper_planner_node]: no valid preview interval at step=7; usable horizon=6 reason=3
"branch_width_off+0.6_yaw+0" "tau0.74" "V0+rd150" "goal_reached" cycles=401
[INFO] [1791269863.972856326] [upper_planner_node]: planner state input: Odometry topic=/motive/vehicle/odom_map yaw=orientation.z scalar
[INFO] [1791269863.976007378] [upper_planner_node]: Egocentric MIQP planner ready: rate=2.00Hz pred_dt=0.750s Nmax=7 lower_dt=0.100s target_v=6.000m/s scale=fullscale wheelbase=2.80m length=4.70m bev=40.00m margin=2.00m state=odom grid=/bev/occupancy_grid sparse=/planner/upper_path_sparse dense=/planner/lower_reference_path
[INFO] [1791269863.976137076] [upper_planner_node]: upper branch model: cumulative_increment=1 turn_window_at_split=1 turn_target_absolute=1 split_continuity=6.75m r_dpsi=2.000 lambda_turn=0.600
[INFO] [1791269863.985049617] [lower_tracking_mpc_node]: LowerTrackingMpcNode ready: rate=10.00Hz dt=0.100s N=30 path=/planner/lower_reference_path scale=fullscale wheelbase=2.80m rear_offset=1.40m command_scale=0.350rad actuator_model=1 delay=0.00s tau=0.74s backend=disabled virtual=/cmd_control
[WARN] [1791269864.130005510] [upper_planner_node]: no valid preview interval at step=7; usable horizon=6 reason=3
[WARN] [1791269864.149682746] [upper_planner_node]: no valid interval at the measured k=0 state; retaining future horizon=7 reason=3
"branch_width_off+0.6_yaw+0" "tau0.74" "CUR" "left_road_stop" cycles=393
[INFO] [1791269864.196124903] [upper_planner_node]: planner state input: Odometry topic=/motive/vehicle/odom_map yaw=orientation.z scalar
[INFO] [1791269864.199120561] [upper_planner_node]: Egocentric MIQP planner ready: rate=2.00Hz pred_dt=0.750s Nmax=7 lower_dt=0.100s target_v=6.000m/s scale=fullscale wheelbase=2.80m length=4.70m bev=40.00m margin=2.00m state=odom grid=/bev/occupancy_grid sparse=/planner/upper_path_sparse dense=/planner/lower_reference_path
[INFO] [1791269864.199237235] [upper_planner_node]: upper branch model: cumulative_increment=1 turn_window_at_split=1 turn_target_absolute=1 split_continuity=6.75m r_dpsi=2.000 lambda_turn=0.600
[INFO] [1791269864.208306162] [lower_tracking_mpc_node]: LowerTrackingMpcNode ready: rate=10.00Hz dt=0.100s N=30 path=/planner/lower_reference_path scale=fullscale wheelbase=2.80m rear_offset=1.40m command_scale=0.350rad actuator_model=1 delay=0.00s tau=0.74s backend=disabled virtual=/cmd_control
[WARN] [1791269864.318223706] [upper_planner_node]: no valid preview interval at step=7; usable horizon=6 reason=3
"branch_width_off+0.6_yaw+0" "tau0.74" "CUR_1hz_r3_soft07" "goal_reached" cycles=401
[INFO] [1791269864.393710911] [upper_planner_node]: planner state input: Odometry topic=/motive/vehicle/odom_map yaw=orientation.z scalar
[INFO] [1791269864.396845035] [upper_planner_node]: Egocentric MIQP planner ready: rate=2.00Hz pred_dt=0.750s Nmax=7 lower_dt=0.100s target_v=6.000m/s scale=fullscale wheelbase=2.80m length=4.70m bev=40.00m margin=2.00m state=odom grid=/bev/occupancy_grid sparse=/planner/upper_path_sparse dense=/planner/lower_reference_path
[INFO] [1791269864.396973485] [upper_planner_node]: upper branch model: cumulative_increment=1 turn_window_at_split=1 turn_target_absolute=1 split_continuity=6.75m r_dpsi=2.000 lambda_turn=0.600
[INFO] [1791269864.405924458] [lower_tracking_mpc_node]: LowerTrackingMpcNode ready: rate=10.00Hz dt=0.100s N=30 path=/planner/lower_reference_path scale=fullscale wheelbase=2.80m rear_offset=1.40m command_scale=0.350rad actuator_model=1 delay=0.00s tau=0.74s backend=disabled virtual=/cmd_control
[WARN] [1791269864.511305459] [upper_planner_node]: no valid preview interval at step=7; usable horizon=6 reason=3
"branch_width_off+0.6_yaw+0" "tau0.5" "V0" "goal_reached" cycles=400
[INFO] [1791269864.597205450] [upper_planner_node]: planner state input: Odometry topic=/motive/vehicle/odom_map yaw=orientation.z scalar
[INFO] [1791269864.600399031] [upper_planner_node]: Egocentric MIQP planner ready: rate=2.00Hz pred_dt=0.750s Nmax=7 lower_dt=0.100s target_v=6.000m/s scale=fullscale wheelbase=2.80m length=4.70m bev=40.00m margin=2.00m state=odom grid=/bev/occupancy_grid sparse=/planner/upper_path_sparse dense=/planner/lower_reference_path
[INFO] [1791269864.600615386] [upper_planner_node]: upper branch model: cumulative_increment=1 turn_window_at_split=1 turn_target_absolute=1 split_continuity=6.75m r_dpsi=2.000 lambda_turn=0.600
[INFO] [1791269864.609413141] [lower_tracking_mpc_node]: LowerTrackingMpcNode ready: rate=10.00Hz dt=0.100s N=30 path=/planner/lower_reference_path scale=fullscale wheelbase=2.80m rear_offset=1.40m command_scale=0.350rad actuator_model=1 delay=0.00s tau=0.74s backend=disabled virtual=/cmd_control
[WARN] [1791269864.753277658] [upper_planner_node]: no valid preview interval at step=7; usable horizon=6 reason=3
[WARN] [1791269864.772707051] [upper_planner_node]: no valid interval at the measured k=0 state; retaining future horizon=7 reason=3
"branch_width_off+0.6_yaw+0" "tau0.5" "V0+2hz" "left_road_stop" cycles=393
[INFO] [1791269864.820212007] [upper_planner_node]: planner state input: Odometry topic=/motive/vehicle/odom_map yaw=orientation.z scalar
[INFO] [1791269864.823239217] [upper_planner_node]: Egocentric MIQP planner ready: rate=2.00Hz pred_dt=0.750s Nmax=7 lower_dt=0.100s target_v=6.000m/s scale=fullscale wheelbase=2.80m length=4.70m bev=40.00m margin=2.00m state=odom grid=/bev/occupancy_grid sparse=/planner/upper_path_sparse dense=/planner/lower_reference_path
[INFO] [1791269864.823419508] [upper_planner_node]: upper branch model: cumulative_increment=1 turn_window_at_split=1 turn_target_absolute=1 split_continuity=6.75m r_dpsi=2.000 lambda_turn=0.600
[INFO] [1791269864.832498323] [lower_tracking_mpc_node]: LowerTrackingMpcNode ready: rate=10.00Hz dt=0.100s N=30 path=/planner/lower_reference_path scale=fullscale wheelbase=2.80m rear_offset=1.40m command_scale=0.350rad actuator_model=1 delay=0.00s tau=0.74s backend=disabled virtual=/cmd_control
"branch_width_off+0.6_yaw+0" "tau0.5" "V0+soft08" "goal_reached" cycles=396
[INFO] [1791269865.017876352] [upper_planner_node]: planner state input: Odometry topic=/motive/vehicle/odom_map yaw=orientation.z scalar
[INFO] [1791269865.021063725] [upper_planner_node]: Egocentric MIQP planner ready: rate=2.00Hz pred_dt=0.750s Nmax=7 lower_dt=0.100s target_v=6.000m/s scale=fullscale wheelbase=2.80m length=4.70m bev=40.00m margin=2.00m state=odom grid=/bev/occupancy_grid sparse=/planner/upper_path_sparse dense=/planner/lower_reference_path
[INFO] [1791269865.021192014] [upper_planner_node]: upper branch model: cumulative_increment=1 turn_window_at_split=1 turn_target_absolute=1 split_continuity=6.75m r_dpsi=2.000 lambda_turn=0.600
[INFO] [1791269865.030401552] [lower_tracking_mpc_node]: LowerTrackingMpcNode ready: rate=10.00Hz dt=0.100s N=30 path=/planner/lower_reference_path scale=fullscale wheelbase=2.80m rear_offset=1.40m command_scale=0.350rad actuator_model=1 delay=0.00s tau=0.74s backend=disabled virtual=/cmd_control
"branch_width_off+0.6_yaw+0" "tau0.5" "V0+r2" "goal_reached" cycles=402
[INFO] [1791269869.151850970] [upper_planner_node]: planner state input: Odometry topic=/motive/vehicle/odom_map yaw=orientation.z scalar
[INFO] [1791269869.155367371] [upper_planner_node]: Egocentric MIQP planner ready: rate=2.00Hz pred_dt=0.750s Nmax=7 lower_dt=0.100s target_v=6.000m/s scale=fullscale wheelbase=2.80m length=4.70m bev=40.00m margin=2.00m state=odom grid=/bev/occupancy_grid sparse=/planner/upper_path_sparse dense=/planner/lower_reference_path
[INFO] [1791269869.155561262] [upper_planner_node]: upper branch model: cumulative_increment=1 turn_window_at_split=1 turn_target_absolute=1 split_continuity=6.75m r_dpsi=2.000 lambda_turn=0.600
[INFO] [1791269869.167080559] [lower_tracking_mpc_node]: LowerTrackingMpcNode ready: rate=10.00Hz dt=0.100s N=30 path=/planner/lower_reference_path scale=fullscale wheelbase=2.80m rear_offset=1.40m command_scale=0.350rad actuator_model=1 delay=0.00s tau=0.74s backend=disabled virtual=/cmd_control
"branch_width_off+0.6_yaw+0" "tau0.5" "V0+wp1520" "goal_reached" cycles=400
[INFO] [1791269869.358291082] [upper_planner_node]: planner state input: Odometry topic=/motive/vehicle/odom_map yaw=orientation.z scalar
[INFO] [1791269869.361391222] [upper_planner_node]: Egocentric MIQP planner ready: rate=2.00Hz pred_dt=0.750s Nmax=7 lower_dt=0.100s target_v=6.000m/s scale=fullscale wheelbase=2.80m length=4.70m bev=40.00m margin=2.00m state=odom grid=/bev/occupancy_grid sparse=/planner/upper_path_sparse dense=/planner/lower_reference_path
[INFO] [1791269869.361529720] [upper_planner_node]: upper branch model: cumulative_increment=1 turn_window_at_split=1 turn_target_absolute=1 split_continuity=6.75m r_dpsi=2.000 lambda_turn=0.600
[INFO] [1791269869.370718201] [lower_tracking_mpc_node]: LowerTrackingMpcNode ready: rate=10.00Hz dt=0.100s N=30 path=/planner/lower_reference_path scale=fullscale wheelbase=2.80m rear_offset=1.40m command_scale=0.350rad actuator_model=1 delay=0.00s tau=0.74s backend=disabled virtual=/cmd_control
[WARN] [1791269869.475858012] [upper_planner_node]: interval_diag step=7 reason=3 ref_body=(22.782,19.679) heading_deg=50.15 center_cell=(72,126) center_value=100 line_free=0 blocked=229 unknown=0 outside=2 longest_run=0 min_run=2 grid_free=5157 zero=5157 positive=11227 unknown=0 topic=/bev/occupancy_grid frame=Vehicle origin=(0.000,-20.000) origin_yaw_deg=0.00 size=128x128 res=0.3125 positive_is_drivable=0 threshold=0 waypoint_bias=0 previous=1
[WARN] [1791269869.476112640] [upper_planner_node]: no valid preview interval at step=7; usable horizon=6 reason=3
"branch_width_off+0.6_yaw+0" "tau0.5" "V0+rd150" "goal_reached" cycles=400
[INFO] [1791269869.555127956] [upper_planner_node]: planner state input: Odometry topic=/motive/vehicle/odom_map yaw=orientation.z scalar
[INFO] [1791269869.558162143] [upper_planner_node]: Egocentric MIQP planner ready: rate=2.00Hz pred_dt=0.750s Nmax=7 lower_dt=0.100s target_v=6.000m/s scale=fullscale wheelbase=2.80m length=4.70m bev=40.00m margin=2.00m state=odom grid=/bev/occupancy_grid sparse=/planner/upper_path_sparse dense=/planner/lower_reference_path
[INFO] [1791269869.558283201] [upper_planner_node]: upper branch model: cumulative_increment=1 turn_window_at_split=1 turn_target_absolute=1 split_continuity=6.75m r_dpsi=2.000 lambda_turn=0.600
[INFO] [1791269869.567353984] [lower_tracking_mpc_node]: LowerTrackingMpcNode ready: rate=10.00Hz dt=0.100s N=30 path=/planner/lower_reference_path scale=fullscale wheelbase=2.80m rear_offset=1.40m command_scale=0.350rad actuator_model=1 delay=0.00s tau=0.74s backend=disabled virtual=/cmd_control
[WARN] [1791269869.711940525] [upper_planner_node]: no valid preview interval at step=7; usable horizon=6 reason=3
[WARN] [1791269869.731356093] [upper_planner_node]: no valid interval at the measured k=0 state; retaining future horizon=7 reason=3
"branch_width_off+0.6_yaw+0" "tau0.5" "CUR" "left_road_stop" cycles=393
[INFO] [1791269869.776536919] [upper_planner_node]: planner state input: Odometry topic=/motive/vehicle/odom_map yaw=orientation.z scalar
[INFO] [1791269869.779528257] [upper_planner_node]: Egocentric MIQP planner ready: rate=2.00Hz pred_dt=0.750s Nmax=7 lower_dt=0.100s target_v=6.000m/s scale=fullscale wheelbase=2.80m length=4.70m bev=40.00m margin=2.00m state=odom grid=/bev/occupancy_grid sparse=/planner/upper_path_sparse dense=/planner/lower_reference_path
[INFO] [1791269869.779744516] [upper_planner_node]: upper branch model: cumulative_increment=1 turn_window_at_split=1 turn_target_absolute=1 split_continuity=6.75m r_dpsi=2.000 lambda_turn=0.600
[INFO] [1791269869.788644033] [lower_tracking_mpc_node]: LowerTrackingMpcNode ready: rate=10.00Hz dt=0.100s N=30 path=/planner/lower_reference_path scale=fullscale wheelbase=2.80m rear_offset=1.40m command_scale=0.350rad actuator_model=1 delay=0.00s tau=0.74s backend=disabled virtual=/cmd_control
"branch_width_off+0.6_yaw+0" "tau0.5" "CUR_1hz_r3_soft07" "goal_reached" cycles=400
[INFO] [1791269869.977105686] [upper_planner_node]: planner state input: Odometry topic=/motive/vehicle/odom_map yaw=orientation.z scalar
[INFO] [1791269869.980201889] [upper_planner_node]: Egocentric MIQP planner ready: rate=2.00Hz pred_dt=0.750s Nmax=7 lower_dt=0.100s target_v=6.000m/s scale=fullscale wheelbase=2.80m length=4.70m bev=40.00m margin=2.00m state=odom grid=/bev/occupancy_grid sparse=/planner/upper_path_sparse dense=/planner/lower_reference_path
[INFO] [1791269869.980332867] [upper_planner_node]: upper branch model: cumulative_increment=1 turn_window_at_split=1 turn_target_absolute=1 split_continuity=6.75m r_dpsi=2.000 lambda_turn=0.600
[INFO] [1791269869.989293761] [lower_tracking_mpc_node]: LowerTrackingMpcNode ready: rate=10.00Hz dt=0.100s N=30 path=/planner/lower_reference_path scale=fullscale wheelbase=2.80m rear_offset=1.40m command_scale=0.350rad actuator_model=1 delay=0.00s tau=0.74s backend=disabled virtual=/cmd_control
[WARN] [1791269870.098715008] [upper_planner_node]: no valid preview interval at step=7; usable horizon=6 reason=3
"branch_width_off+0.6_yaw+0" "tau1.0" "V0" "goal_reached" cycles=401
[INFO] [1791269870.185232061] [upper_planner_node]: planner state input: Odometry topic=/motive/vehicle/odom_map yaw=orientation.z scalar
[INFO] [1791269870.188195431] [upper_planner_node]: Egocentric MIQP planner ready: rate=2.00Hz pred_dt=0.750s Nmax=7 lower_dt=0.100s target_v=6.000m/s scale=fullscale wheelbase=2.80m length=4.70m bev=40.00m margin=2.00m state=odom grid=/bev/occupancy_grid sparse=/planner/upper_path_sparse dense=/planner/lower_reference_path
[INFO] [1791269870.188389290] [upper_planner_node]: upper branch model: cumulative_increment=1 turn_window_at_split=1 turn_target_absolute=1 split_continuity=6.75m r_dpsi=2.000 lambda_turn=0.600
[INFO] [1791269870.197103396] [lower_tracking_mpc_node]: LowerTrackingMpcNode ready: rate=10.00Hz dt=0.100s N=30 path=/planner/lower_reference_path scale=fullscale wheelbase=2.80m rear_offset=1.40m command_scale=0.350rad actuator_model=1 delay=0.00s tau=0.74s backend=disabled virtual=/cmd_control
[WARN] [1791269870.342015285] [upper_planner_node]: no valid preview interval at step=7; usable horizon=6 reason=3
[WARN] [1791269870.362724727] [upper_planner_node]: no valid interval at the measured k=0 state; retaining future horizon=7 reason=3
"branch_width_off+0.6_yaw+0" "tau1.0" "V0+2hz" "left_road_stop" cycles=393
[INFO] [1791269870.402487493] [upper_planner_node]: planner state input: Odometry topic=/motive/vehicle/odom_map yaw=orientation.z scalar
[INFO] [1791269870.405632945] [upper_planner_node]: Egocentric MIQP planner ready: rate=2.00Hz pred_dt=0.750s Nmax=7 lower_dt=0.100s target_v=6.000m/s scale=fullscale wheelbase=2.80m length=4.70m bev=40.00m margin=2.00m state=odom grid=/bev/occupancy_grid sparse=/planner/upper_path_sparse dense=/planner/lower_reference_path
[INFO] [1791269870.405758483] [upper_planner_node]: upper branch model: cumulative_increment=1 turn_window_at_split=1 turn_target_absolute=1 split_continuity=6.75m r_dpsi=2.000 lambda_turn=0.600
[INFO] [1791269870.414673392] [lower_tracking_mpc_node]: LowerTrackingMpcNode ready: rate=10.00Hz dt=0.100s N=30 path=/planner/lower_reference_path scale=fullscale wheelbase=2.80m rear_offset=1.40m command_scale=0.350rad actuator_model=1 delay=0.00s tau=0.74s backend=disabled virtual=/cmd_control
"branch_width_off+0.6_yaw+0" "tau1.0" "V0+soft08" "goal_reached" cycles=398
[INFO] [1791269870.596975342] [upper_planner_node]: planner state input: Odometry topic=/motive/vehicle/odom_map yaw=orientation.z scalar
[INFO] [1791269870.601063047] [upper_planner_node]: Egocentric MIQP planner ready: rate=2.00Hz pred_dt=0.750s Nmax=7 lower_dt=0.100s target_v=6.000m/s scale=fullscale wheelbase=2.80m length=4.70m bev=40.00m margin=2.00m state=odom grid=/bev/occupancy_grid sparse=/planner/upper_path_sparse dense=/planner/lower_reference_path
[INFO] [1791269870.601268618] [upper_planner_node]: upper branch model: cumulative_increment=1 turn_window_at_split=1 turn_target_absolute=1 split_continuity=6.75m r_dpsi=2.000 lambda_turn=0.600
[INFO] [1791269870.611121940] [lower_tracking_mpc_node]: LowerTrackingMpcNode ready: rate=10.00Hz dt=0.100s N=30 path=/planner/lower_reference_path scale=fullscale wheelbase=2.80m rear_offset=1.40m command_scale=0.350rad actuator_model=1 delay=0.00s tau=0.74s backend=disabled virtual=/cmd_control
[WARN] [1791269870.720462898] [upper_planner_node]: no valid preview interval at step=7; usable horizon=6 reason=3
"branch_width_off+0.6_yaw+0" "tau1.0" "V0+r2" "goal_reached" cycles=403
[INFO] [1791269870.796147288] [upper_planner_node]: planner state input: Odometry topic=/motive/vehicle/odom_map yaw=orientation.z scalar
[INFO] [1791269870.799244323] [upper_planner_node]: Egocentric MIQP planner ready: rate=2.00Hz pred_dt=0.750s Nmax=7 lower_dt=0.100s target_v=6.000m/s scale=fullscale wheelbase=2.80m length=4.70m bev=40.00m margin=2.00m state=odom grid=/bev/occupancy_grid sparse=/planner/upper_path_sparse dense=/planner/lower_reference_path
[INFO] [1791269870.799372933] [upper_planner_node]: upper branch model: cumulative_increment=1 turn_window_at_split=1 turn_target_absolute=1 split_continuity=6.75m r_dpsi=2.000 lambda_turn=0.600
[INFO] [1791269870.808327618] [lower_tracking_mpc_node]: LowerTrackingMpcNode ready: rate=10.00Hz dt=0.100s N=30 path=/planner/lower_reference_path scale=fullscale wheelbase=2.80m rear_offset=1.40m command_scale=0.350rad actuator_model=1 delay=0.00s tau=0.74s backend=disabled virtual=/cmd_control
"branch_width_off+0.6_yaw+0" "tau1.0" "V0+wp1520" "goal_reached" cycles=402
[INFO] [1791269870.992116405] [upper_planner_node]: planner state input: Odometry topic=/motive/vehicle/odom_map yaw=orientation.z scalar
[INFO] [1791269870.995224032] [upper_planner_node]: Egocentric MIQP planner ready: rate=2.00Hz pred_dt=0.750s Nmax=7 lower_dt=0.100s target_v=6.000m/s scale=fullscale wheelbase=2.80m length=4.70m bev=40.00m margin=2.00m state=odom grid=/bev/occupancy_grid sparse=/planner/upper_path_sparse dense=/planner/lower_reference_path
[INFO] [1791269870.995353506] [upper_planner_node]: upper branch model: cumulative_increment=1 turn_window_at_split=1 turn_target_absolute=1 split_continuity=6.75m r_dpsi=2.000 lambda_turn=0.600
[INFO] [1791269871.004383937] [lower_tracking_mpc_node]: LowerTrackingMpcNode ready: rate=10.00Hz dt=0.100s N=30 path=/planner/lower_reference_path scale=fullscale wheelbase=2.80m rear_offset=1.40m command_scale=0.350rad actuator_model=1 delay=0.00s tau=0.74s backend=disabled virtual=/cmd_control
[WARN] [1791269871.113623165] [upper_planner_node]: no valid preview interval at step=7; usable horizon=6 reason=3
"branch_width_off+0.6_yaw+0" "tau1.0" "V0+rd150" "goal_reached" cycles=401
[INFO] [1791269871.189151552] [upper_planner_node]: planner state input: Odometry topic=/motive/vehicle/odom_map yaw=orientation.z scalar
[INFO] [1791269871.192424494] [upper_planner_node]: Egocentric MIQP planner ready: rate=2.00Hz pred_dt=0.750s Nmax=7 lower_dt=0.100s target_v=6.000m/s scale=fullscale wheelbase=2.80m length=4.70m bev=40.00m margin=2.00m state=odom grid=/bev/occupancy_grid sparse=/planner/upper_path_sparse dense=/planner/lower_reference_path
[INFO] [1791269871.192563792] [upper_planner_node]: upper branch model: cumulative_increment=1 turn_window_at_split=1 turn_target_absolute=1 split_continuity=6.75m r_dpsi=2.000 lambda_turn=0.600
[INFO] [1791269871.202052117] [lower_tracking_mpc_node]: LowerTrackingMpcNode ready: rate=10.00Hz dt=0.100s N=30 path=/planner/lower_reference_path scale=fullscale wheelbase=2.80m rear_offset=1.40m command_scale=0.350rad actuator_model=1 delay=0.00s tau=0.74s backend=disabled virtual=/cmd_control
[WARN] [1791269871.349240357] [upper_planner_node]: no valid preview interval at step=7; usable horizon=6 reason=3
[WARN] [1791269871.369148733] [upper_planner_node]: no valid interval at the measured k=0 state; retaining future horizon=7 reason=3
"branch_width_off+0.6_yaw+0" "tau1.0" "CUR" "left_road_stop" cycles=394
[INFO] [1791269871.417369953] [upper_planner_node]: planner state input: Odometry topic=/motive/vehicle/odom_map yaw=orientation.z scalar
[INFO] [1791269871.421783039] [upper_planner_node]: Egocentric MIQP planner ready: rate=2.00Hz pred_dt=0.750s Nmax=7 lower_dt=0.100s target_v=6.000m/s scale=fullscale wheelbase=2.80m length=4.70m bev=40.00m margin=2.00m state=odom grid=/bev/occupancy_grid sparse=/planner/upper_path_sparse dense=/planner/lower_reference_path
[INFO] [1791269871.422061027] [upper_planner_node]: upper branch model: cumulative_increment=1 turn_window_at_split=1 turn_target_absolute=1 split_continuity=6.75m r_dpsi=2.000 lambda_turn=0.600
[INFO] [1791269871.433549828] [lower_tracking_mpc_node]: LowerTrackingMpcNode ready: rate=10.00Hz dt=0.100s N=30 path=/planner/lower_reference_path scale=fullscale wheelbase=2.80m rear_offset=1.40m command_scale=0.350rad actuator_model=1 delay=0.00s tau=0.74s backend=disabled virtual=/cmd_control
"branch_width_off+0.6_yaw+0" "tau1.0" "CUR_1hz_r3_soft07" "goal_reached" cycles=402
[INFO] [1791269871.790126701] [upper_planner_node]: planner state input: Odometry topic=/motive/vehicle/odom_map yaw=orientation.z scalar
[INFO] [1791269871.793311098] [upper_planner_node]: Egocentric MIQP planner ready: rate=2.00Hz pred_dt=0.750s Nmax=7 lower_dt=0.100s target_v=6.000m/s scale=fullscale wheelbase=2.80m length=4.70m bev=40.00m margin=2.00m state=odom grid=/bev/occupancy_grid sparse=/planner/upper_path_sparse dense=/planner/lower_reference_path
[INFO] [1791269871.793495420] [upper_planner_node]: upper branch model: cumulative_increment=1 turn_window_at_split=1 turn_target_absolute=1 split_continuity=6.75m r_dpsi=2.000 lambda_turn=0.600
[INFO] [1791269871.803113923] [lower_tracking_mpc_node]: LowerTrackingMpcNode ready: rate=10.00Hz dt=0.100s N=30 path=/planner/lower_reference_path scale=fullscale wheelbase=2.80m rear_offset=1.40m command_scale=0.350rad actuator_model=1 delay=0.00s tau=0.74s backend=disabled virtual=/cmd_control
"branch_width_off+0.6_yaw+2" "tau0.74" "V0" "goal_reached" cycles=400
[INFO] [1791269871.999982156] [upper_planner_node]: planner state input: Odometry topic=/motive/vehicle/odom_map yaw=orientation.z scalar
[INFO] [1791269872.003133464] [upper_planner_node]: Egocentric MIQP planner ready: rate=2.00Hz pred_dt=0.750s Nmax=7 lower_dt=0.100s target_v=6.000m/s scale=fullscale wheelbase=2.80m length=4.70m bev=40.00m margin=2.00m state=odom grid=/bev/occupancy_grid sparse=/planner/upper_path_sparse dense=/planner/lower_reference_path
[INFO] [1791269872.003261018] [upper_planner_node]: upper branch model: cumulative_increment=1 turn_window_at_split=1 turn_target_absolute=1 split_continuity=6.75m r_dpsi=2.000 lambda_turn=0.600
[INFO] [1791269872.012144727] [lower_tracking_mpc_node]: LowerTrackingMpcNode ready: rate=10.00Hz dt=0.100s N=30 path=/planner/lower_reference_path scale=fullscale wheelbase=2.80m rear_offset=1.40m command_scale=0.350rad actuator_model=1 delay=0.00s tau=0.74s backend=disabled virtual=/cmd_control
[WARN] [1791269872.158424346] [upper_planner_node]: interval_diag step=7 reason=3 ref_body=(31.487,0.857) heading_deg=1.61 center_cell=(100,66) center_value=100 line_free=0 blocked=400 unknown=0 outside=2 longest_run=0 min_run=2 grid_free=2359 zero=2359 positive=14025 unknown=0 topic=/bev/occupancy_grid frame=Vehicle origin=(0.000,-20.000) origin_yaw_deg=0.00 size=128x128 res=0.3125 positive_is_drivable=0 threshold=0 waypoint_bias=0 previous=1
[WARN] [1791269872.158815583] [upper_planner_node]: no valid preview interval at step=7; usable horizon=6 reason=3
[WARN] [1791269872.178157999] [upper_planner_node]: no valid interval at the measured k=0 state; retaining future horizon=7 reason=3
"branch_width_off+0.6_yaw+2" "tau0.74" "V0+2hz" "left_road_stop" cycles=394
[INFO] [1791269872.221072744] [upper_planner_node]: planner state input: Odometry topic=/motive/vehicle/odom_map yaw=orientation.z scalar
[INFO] [1791269872.224247189] [upper_planner_node]: Egocentric MIQP planner ready: rate=2.00Hz pred_dt=0.750s Nmax=7 lower_dt=0.100s target_v=6.000m/s scale=fullscale wheelbase=2.80m length=4.70m bev=40.00m margin=2.00m state=odom grid=/bev/occupancy_grid sparse=/planner/upper_path_sparse dense=/planner/lower_reference_path
[INFO] [1791269872.224400791] [upper_planner_node]: upper branch model: cumulative_increment=1 turn_window_at_split=1 turn_target_absolute=1 split_continuity=6.75m r_dpsi=2.000 lambda_turn=0.600
[INFO] [1791269872.234076383] [lower_tracking_mpc_node]: LowerTrackingMpcNode ready: rate=10.00Hz dt=0.100s N=30 path=/planner/lower_reference_path scale=fullscale wheelbase=2.80m rear_offset=1.40m command_scale=0.350rad actuator_model=1 delay=0.00s tau=0.74s backend=disabled virtual=/cmd_control
[WARN] [1791269872.340001900] [upper_planner_node]: no valid preview interval at step=7; usable horizon=6 reason=3
"branch_width_off+0.6_yaw+2" "tau0.74" "V0+soft08" "goal_reached" cycles=397
[INFO] [1791269872.422662099] [upper_planner_node]: planner state input: Odometry topic=/motive/vehicle/odom_map yaw=orientation.z scalar
[INFO] [1791269872.425940097] [upper_planner_node]: Egocentric MIQP planner ready: rate=2.00Hz pred_dt=0.750s Nmax=7 lower_dt=0.100s target_v=6.000m/s scale=fullscale wheelbase=2.80m length=4.70m bev=40.00m margin=2.00m state=odom grid=/bev/occupancy_grid sparse=/planner/upper_path_sparse dense=/planner/lower_reference_path
[INFO] [1791269872.426182660] [upper_planner_node]: upper branch model: cumulative_increment=1 turn_window_at_split=1 turn_target_absolute=1 split_continuity=6.75m r_dpsi=2.000 lambda_turn=0.600
[INFO] [1791269872.435367781] [lower_tracking_mpc_node]: LowerTrackingMpcNode ready: rate=10.00Hz dt=0.100s N=30 path=/planner/lower_reference_path scale=fullscale wheelbase=2.80m rear_offset=1.40m command_scale=0.350rad actuator_model=1 delay=0.00s tau=0.74s backend=disabled virtual=/cmd_control
[WARN] [1791269872.544959078] [upper_planner_node]: no valid preview interval at step=7; usable horizon=6 reason=3
"branch_width_off+0.6_yaw+2" "tau0.74" "V0+r2" "goal_reached" cycles=401
[INFO] [1791269872.626627519] [upper_planner_node]: planner state input: Odometry topic=/motive/vehicle/odom_map yaw=orientation.z scalar
[INFO] [1791269872.630014574] [upper_planner_node]: Egocentric MIQP planner ready: rate=2.00Hz pred_dt=0.750s Nmax=7 lower_dt=0.100s target_v=6.000m/s scale=fullscale wheelbase=2.80m length=4.70m bev=40.00m margin=2.00m state=odom grid=/bev/occupancy_grid sparse=/planner/upper_path_sparse dense=/planner/lower_reference_path
[INFO] [1791269872.630141136] [upper_planner_node]: upper branch model: cumulative_increment=1 turn_window_at_split=1 turn_target_absolute=1 split_continuity=6.75m r_dpsi=2.000 lambda_turn=0.600
[INFO] [1791269872.639126606] [lower_tracking_mpc_node]: LowerTrackingMpcNode ready: rate=10.00Hz dt=0.100s N=30 path=/planner/lower_reference_path scale=fullscale wheelbase=2.80m rear_offset=1.40m command_scale=0.350rad actuator_model=1 delay=0.00s tau=0.74s backend=disabled virtual=/cmd_control
[WARN] [1791269872.748852529] [upper_planner_node]: no valid preview interval at step=7; usable horizon=6 reason=3
"branch_width_off+0.6_yaw+2" "tau0.74" "V0+wp1520" "goal_reached" cycles=401
[INFO] [1791269872.833259888] [upper_planner_node]: planner state input: Odometry topic=/motive/vehicle/odom_map yaw=orientation.z scalar
[INFO] [1791269872.836582687] [upper_planner_node]: Egocentric MIQP planner ready: rate=2.00Hz pred_dt=0.750s Nmax=7 lower_dt=0.100s target_v=6.000m/s scale=fullscale wheelbase=2.80m length=4.70m bev=40.00m margin=2.00m state=odom grid=/bev/occupancy_grid sparse=/planner/upper_path_sparse dense=/planner/lower_reference_path
[INFO] [1791269872.836852546] [upper_planner_node]: upper branch model: cumulative_increment=1 turn_window_at_split=1 turn_target_absolute=1 split_continuity=6.75m r_dpsi=2.000 lambda_turn=0.600
[INFO] [1791269872.845924034] [lower_tracking_mpc_node]: LowerTrackingMpcNode ready: rate=10.00Hz dt=0.100s N=30 path=/planner/lower_reference_path scale=fullscale wheelbase=2.80m rear_offset=1.40m command_scale=0.350rad actuator_model=1 delay=0.00s tau=0.74s backend=disabled virtual=/cmd_control
"branch_width_off+0.6_yaw+2" "tau0.74" "V0+rd150" "goal_reached" cycles=400
[INFO] [1791269873.031601261] [upper_planner_node]: planner state input: Odometry topic=/motive/vehicle/odom_map yaw=orientation.z scalar
[INFO] [1791269873.034775226] [upper_planner_node]: Egocentric MIQP planner ready: rate=2.00Hz pred_dt=0.750s Nmax=7 lower_dt=0.100s target_v=6.000m/s scale=fullscale wheelbase=2.80m length=4.70m bev=40.00m margin=2.00m state=odom grid=/bev/occupancy_grid sparse=/planner/upper_path_sparse dense=/planner/lower_reference_path
[INFO] [1791269873.035264096] [upper_planner_node]: upper branch model: cumulative_increment=1 turn_window_at_split=1 turn_target_absolute=1 split_continuity=6.75m r_dpsi=2.000 lambda_turn=0.600
[INFO] [1791269873.044249854] [lower_tracking_mpc_node]: LowerTrackingMpcNode ready: rate=10.00Hz dt=0.100s N=30 path=/planner/lower_reference_path scale=fullscale wheelbase=2.80m rear_offset=1.40m command_scale=0.350rad actuator_model=1 delay=0.00s tau=0.74s backend=disabled virtual=/cmd_control
"branch_width_off+0.6_yaw+2" "tau0.74" "CUR" "goal_reached" cycles=399
[INFO] [1791269873.258636540] [upper_planner_node]: planner state input: Odometry topic=/motive/vehicle/odom_map yaw=orientation.z scalar
[INFO] [1791269873.261931114] [upper_planner_node]: Egocentric MIQP planner ready: rate=2.00Hz pred_dt=0.750s Nmax=7 lower_dt=0.100s target_v=6.000m/s scale=fullscale wheelbase=2.80m length=4.70m bev=40.00m margin=2.00m state=odom grid=/bev/occupancy_grid sparse=/planner/upper_path_sparse dense=/planner/lower_reference_path
[INFO] [1791269873.262228750] [upper_planner_node]: upper branch model: cumulative_increment=1 turn_window_at_split=1 turn_target_absolute=1 split_continuity=6.75m r_dpsi=2.000 lambda_turn=0.600
[INFO] [1791269873.271368526] [lower_tracking_mpc_node]: LowerTrackingMpcNode ready: rate=10.00Hz dt=0.100s N=30 path=/planner/lower_reference_path scale=fullscale wheelbase=2.80m rear_offset=1.40m command_scale=0.350rad actuator_model=1 delay=0.00s tau=0.74s backend=disabled virtual=/cmd_control
[WARN] [1791269873.380845901] [upper_planner_node]: no valid preview interval at step=7; usable horizon=6 reason=3
"branch_width_off+0.6_yaw+2" "tau0.74" "CUR_1hz_r3_soft07" "goal_reached" cycles=401
[INFO] [1791269873.455673030] [upper_planner_node]: planner state input: Odometry topic=/motive/vehicle/odom_map yaw=orientation.z scalar
[INFO] [1791269873.459101334] [upper_planner_node]: Egocentric MIQP planner ready: rate=2.00Hz pred_dt=0.750s Nmax=7 lower_dt=0.100s target_v=6.000m/s scale=fullscale wheelbase=2.80m length=4.70m bev=40.00m margin=2.00m state=odom grid=/bev/occupancy_grid sparse=/planner/upper_path_sparse dense=/planner/lower_reference_path
[INFO] [1791269873.459257304] [upper_planner_node]: upper branch model: cumulative_increment=1 turn_window_at_split=1 turn_target_absolute=1 split_continuity=6.75m r_dpsi=2.000 lambda_turn=0.600
[INFO] [1791269873.468225430] [lower_tracking_mpc_node]: LowerTrackingMpcNode ready: rate=10.00Hz dt=0.100s N=30 path=/planner/lower_reference_path scale=fullscale wheelbase=2.80m rear_offset=1.40m command_scale=0.350rad actuator_model=1 delay=0.00s tau=0.74s backend=disabled virtual=/cmd_control
[WARN] [1791269873.591811322] [upper_planner_node]: no valid preview interval at step=7; usable horizon=6 reason=3
[WARN] [1791269873.609487186] [upper_planner_node]: no valid interval at the measured k=0 state; retaining future horizon=7 reason=3
"branch_width_off+0.6_yaw+2" "tau0.5" "V0" "left_road_stop" cycles=393
[INFO] [1791269873.652756465] [upper_planner_node]: planner state input: Odometry topic=/motive/vehicle/odom_map yaw=orientation.z scalar
[INFO] [1791269873.656059039] [upper_planner_node]: Egocentric MIQP planner ready: rate=2.00Hz pred_dt=0.750s Nmax=7 lower_dt=0.100s target_v=6.000m/s scale=fullscale wheelbase=2.80m length=4.70m bev=40.00m margin=2.00m state=odom grid=/bev/occupancy_grid sparse=/planner/upper_path_sparse dense=/planner/lower_reference_path
[INFO] [1791269873.656305058] [upper_planner_node]: upper branch model: cumulative_increment=1 turn_window_at_split=1 turn_target_absolute=1 split_continuity=6.75m r_dpsi=2.000 lambda_turn=0.600
[INFO] [1791269873.665245728] [lower_tracking_mpc_node]: LowerTrackingMpcNode ready: rate=10.00Hz dt=0.100s N=30 path=/planner/lower_reference_path scale=fullscale wheelbase=2.80m rear_offset=1.40m command_scale=0.350rad actuator_model=1 delay=0.00s tau=0.74s backend=disabled virtual=/cmd_control
[WARN] [1791269873.809488358] [upper_planner_node]: no valid preview interval at step=7; usable horizon=6 reason=3
[WARN] [1791269873.829344124] [upper_planner_node]: no valid interval at the measured k=0 state; retaining future horizon=7 reason=3
"branch_width_off+0.6_yaw+2" "tau0.5" "V0+2hz" "left_road_stop" cycles=393
[INFO] [1791269873.876511441] [upper_planner_node]: planner state input: Odometry topic=/motive/vehicle/odom_map yaw=orientation.z scalar
[INFO] [1791269873.879744543] [upper_planner_node]: Egocentric MIQP planner ready: rate=2.00Hz pred_dt=0.750s Nmax=7 lower_dt=0.100s target_v=6.000m/s scale=fullscale wheelbase=2.80m length=4.70m bev=40.00m margin=2.00m state=odom grid=/bev/occupancy_grid sparse=/planner/upper_path_sparse dense=/planner/lower_reference_path
[INFO] [1791269873.879955874] [upper_planner_node]: upper branch model: cumulative_increment=1 turn_window_at_split=1 turn_target_absolute=1 split_continuity=6.75m r_dpsi=2.000 lambda_turn=0.600
[INFO] [1791269873.888671900] [lower_tracking_mpc_node]: LowerTrackingMpcNode ready: rate=10.00Hz dt=0.100s N=30 path=/planner/lower_reference_path scale=fullscale wheelbase=2.80m rear_offset=1.40m command_scale=0.350rad actuator_model=1 delay=0.00s tau=0.74s backend=disabled virtual=/cmd_control
[WARN] [1791269873.994045953] [upper_planner_node]: no valid preview interval at step=7; usable horizon=6 reason=3
"branch_width_off+0.6_yaw+2" "tau0.5" "V0+soft08" "goal_reached" cycles=396
[INFO] [1791269874.077501234] [upper_planner_node]: planner state input: Odometry topic=/motive/vehicle/odom_map yaw=orientation.z scalar
[INFO] [1791269874.080864834] [upper_planner_node]: Egocentric MIQP planner ready: rate=2.00Hz pred_dt=0.750s Nmax=7 lower_dt=0.100s target_v=6.000m/s scale=fullscale wheelbase=2.80m length=4.70m bev=40.00m margin=2.00m state=odom grid=/bev/occupancy_grid sparse=/planner/upper_path_sparse dense=/planner/lower_reference_path
[INFO] [1791269874.080993635] [upper_planner_node]: upper branch model: cumulative_increment=1 turn_window_at_split=1 turn_target_absolute=1 split_continuity=6.75m r_dpsi=2.000 lambda_turn=0.600
[INFO] [1791269874.089912672] [lower_tracking_mpc_node]: LowerTrackingMpcNode ready: rate=10.00Hz dt=0.100s N=30 path=/planner/lower_reference_path scale=fullscale wheelbase=2.80m rear_offset=1.40m command_scale=0.350rad actuator_model=1 delay=0.00s tau=0.74s backend=disabled virtual=/cmd_control
"branch_width_off+0.6_yaw+2" "tau0.5" "V0+r2" "goal_reached" cycles=401
[INFO] [1791269874.279713316] [upper_planner_node]: planner state input: Odometry topic=/motive/vehicle/odom_map yaw=orientation.z scalar
[INFO] [1791269874.282867857] [upper_planner_node]: Egocentric MIQP planner ready: rate=2.00Hz pred_dt=0.750s Nmax=7 lower_dt=0.100s target_v=6.000m/s scale=fullscale wheelbase=2.80m length=4.70m bev=40.00m margin=2.00m state=odom grid=/bev/occupancy_grid sparse=/planner/upper_path_sparse dense=/planner/lower_reference_path
[INFO] [1791269874.283127252] [upper_planner_node]: upper branch model: cumulative_increment=1 turn_window_at_split=1 turn_target_absolute=1 split_continuity=6.75m r_dpsi=2.000 lambda_turn=0.600
[INFO] [1791269874.292541048] [lower_tracking_mpc_node]: LowerTrackingMpcNode ready: rate=10.00Hz dt=0.100s N=30 path=/planner/lower_reference_path scale=fullscale wheelbase=2.80m rear_offset=1.40m command_scale=0.350rad actuator_model=1 delay=0.00s tau=0.74s backend=disabled virtual=/cmd_control
[WARN] [1791269874.416188893] [upper_planner_node]: interval_diag step=7 reason=3 ref_body=(31.495,-0.562) heading_deg=-1.00 center_cell=(100,62) center_value=100 line_free=0 blocked=401 unknown=0 outside=1 longest_run=0 min_run=2 grid_free=2285 zero=2285 positive=14099 unknown=0 topic=/bev/occupancy_grid frame=Vehicle origin=(0.000,-20.000) origin_yaw_deg=0.00 size=128x128 res=0.3125 positive_is_drivable=0 threshold=0 waypoint_bias=0 previous=1
[WARN] [1791269874.416589827] [upper_planner_node]: no valid preview interval at step=7; usable horizon=6 reason=3
[WARN] [1791269874.433925110] [upper_planner_node]: no valid interval at the measured k=0 state; retaining future horizon=7 reason=3
"branch_width_off+0.6_yaw+2" "tau0.5" "V0+wp1520" "left_road_stop" cycles=393
[INFO] [1791269874.473867717] [upper_planner_node]: planner state input: Odometry topic=/motive/vehicle/odom_map yaw=orientation.z scalar
[INFO] [1791269874.477072370] [upper_planner_node]: Egocentric MIQP planner ready: rate=2.00Hz pred_dt=0.750s Nmax=7 lower_dt=0.100s target_v=6.000m/s scale=fullscale wheelbase=2.80m length=4.70m bev=40.00m margin=2.00m state=odom grid=/bev/occupancy_grid sparse=/planner/upper_path_sparse dense=/planner/lower_reference_path
[INFO] [1791269874.477215348] [upper_planner_node]: upper branch model: cumulative_increment=1 turn_window_at_split=1 turn_target_absolute=1 split_continuity=6.75m r_dpsi=2.000 lambda_turn=0.600
[INFO] [1791269874.486176402] [lower_tracking_mpc_node]: LowerTrackingMpcNode ready: rate=10.00Hz dt=0.100s N=30 path=/planner/lower_reference_path scale=fullscale wheelbase=2.80m rear_offset=1.40m command_scale=0.350rad actuator_model=1 delay=0.00s tau=0.74s backend=disabled virtual=/cmd_control
"branch_width_off+0.6_yaw+2" "tau0.5" "V0+rd150" "goal_reached" cycles=400
[INFO] [1791269874.674268958] [upper_planner_node]: planner state input: Odometry topic=/motive/vehicle/odom_map yaw=orientation.z scalar
[INFO] [1791269874.677360937] [upper_planner_node]: Egocentric MIQP planner ready: rate=2.00Hz pred_dt=0.750s Nmax=7 lower_dt=0.100s target_v=6.000m/s scale=fullscale wheelbase=2.80m length=4.70m bev=40.00m margin=2.00m state=odom grid=/bev/occupancy_grid sparse=/planner/upper_path_sparse dense=/planner/lower_reference_path
[INFO] [1791269874.677488043] [upper_planner_node]: upper branch model: cumulative_increment=1 turn_window_at_split=1 turn_target_absolute=1 split_continuity=6.75m r_dpsi=2.000 lambda_turn=0.600
[INFO] [1791269874.686365736] [lower_tracking_mpc_node]: LowerTrackingMpcNode ready: rate=10.00Hz dt=0.100s N=30 path=/planner/lower_reference_path scale=fullscale wheelbase=2.80m rear_offset=1.40m command_scale=0.350rad actuator_model=1 delay=0.00s tau=0.74s backend=disabled virtual=/cmd_control
[WARN] [1791269874.831013203] [upper_planner_node]: no valid preview interval at step=7; usable horizon=6 reason=3
[WARN] [1791269874.850509764] [upper_planner_node]: no valid interval at the measured k=0 state; retaining future horizon=7 reason=3
"branch_width_off+0.6_yaw+2" "tau0.5" "CUR" "left_road_stop" cycles=393
[INFO] [1791269874.897626872] [upper_planner_node]: planner state input: Odometry topic=/motive/vehicle/odom_map yaw=orientation.z scalar
[INFO] [1791269874.900850662] [upper_planner_node]: Egocentric MIQP planner ready: rate=2.00Hz pred_dt=0.750s Nmax=7 lower_dt=0.100s target_v=6.000m/s scale=fullscale wheelbase=2.80m length=4.70m bev=40.00m margin=2.00m state=odom grid=/bev/occupancy_grid sparse=/planner/upper_path_sparse dense=/planner/lower_reference_path
[INFO] [1791269874.901063497] [upper_planner_node]: upper branch model: cumulative_increment=1 turn_window_at_split=1 turn_target_absolute=1 split_continuity=6.75m r_dpsi=2.000 lambda_turn=0.600
[INFO] [1791269874.910050150] [lower_tracking_mpc_node]: LowerTrackingMpcNode ready: rate=10.00Hz dt=0.100s N=30 path=/planner/lower_reference_path scale=fullscale wheelbase=2.80m rear_offset=1.40m command_scale=0.350rad actuator_model=1 delay=0.00s tau=0.74s backend=disabled virtual=/cmd_control
"branch_width_off+0.6_yaw+2" "tau0.5" "CUR_1hz_r3_soft07" "goal_reached" cycles=400
[INFO] [1791269875.099528102] [upper_planner_node]: planner state input: Odometry topic=/motive/vehicle/odom_map yaw=orientation.z scalar
[INFO] [1791269875.102560688] [upper_planner_node]: Egocentric MIQP planner ready: rate=2.00Hz pred_dt=0.750s Nmax=7 lower_dt=0.100s target_v=6.000m/s scale=fullscale wheelbase=2.80m length=4.70m bev=40.00m margin=2.00m state=odom grid=/bev/occupancy_grid sparse=/planner/upper_path_sparse dense=/planner/lower_reference_path
[INFO] [1791269875.102674866] [upper_planner_node]: upper branch model: cumulative_increment=1 turn_window_at_split=1 turn_target_absolute=1 split_continuity=6.75m r_dpsi=2.000 lambda_turn=0.600
[INFO] [1791269875.111763025] [lower_tracking_mpc_node]: LowerTrackingMpcNode ready: rate=10.00Hz dt=0.100s N=30 path=/planner/lower_reference_path scale=fullscale wheelbase=2.80m rear_offset=1.40m command_scale=0.350rad actuator_model=1 delay=0.00s tau=0.74s backend=disabled virtual=/cmd_control
"branch_width_off+0.6_yaw+2" "tau1.0" "V0" "goal_reached" cycles=401
[INFO] [1791269875.302265566] [upper_planner_node]: planner state input: Odometry topic=/motive/vehicle/odom_map yaw=orientation.z scalar
[INFO] [1791269875.305392714] [upper_planner_node]: Egocentric MIQP planner ready: rate=2.00Hz pred_dt=0.750s Nmax=7 lower_dt=0.100s target_v=6.000m/s scale=fullscale wheelbase=2.80m length=4.70m bev=40.00m margin=2.00m state=odom grid=/bev/occupancy_grid sparse=/planner/upper_path_sparse dense=/planner/lower_reference_path
[INFO] [1791269875.305521836] [upper_planner_node]: upper branch model: cumulative_increment=1 turn_window_at_split=1 turn_target_absolute=1 split_continuity=6.75m r_dpsi=2.000 lambda_turn=0.600
[INFO] [1791269875.314507946] [lower_tracking_mpc_node]: LowerTrackingMpcNode ready: rate=10.00Hz dt=0.100s N=30 path=/planner/lower_reference_path scale=fullscale wheelbase=2.80m rear_offset=1.40m command_scale=0.350rad actuator_model=1 delay=0.00s tau=0.74s backend=disabled virtual=/cmd_control
[WARN] [1791269875.458565868] [upper_planner_node]: no valid preview interval at step=7; usable horizon=6 reason=3
[WARN] [1791269875.478382594] [upper_planner_node]: no valid interval at the measured k=0 state; retaining future horizon=7 reason=3
"branch_width_off+0.6_yaw+2" "tau1.0" "V0+2hz" "left_road_stop" cycles=393
[INFO] [1791269875.520995639] [upper_planner_node]: planner state input: Odometry topic=/motive/vehicle/odom_map yaw=orientation.z scalar
[INFO] [1791269875.524195556] [upper_planner_node]: Egocentric MIQP planner ready: rate=2.00Hz pred_dt=0.750s Nmax=7 lower_dt=0.100s target_v=6.000m/s scale=fullscale wheelbase=2.80m length=4.70m bev=40.00m margin=2.00m state=odom grid=/bev/occupancy_grid sparse=/planner/upper_path_sparse dense=/planner/lower_reference_path
[INFO] [1791269875.524342694] [upper_planner_node]: upper branch model: cumulative_increment=1 turn_window_at_split=1 turn_target_absolute=1 split_continuity=6.75m r_dpsi=2.000 lambda_turn=0.600
[INFO] [1791269875.533632200] [lower_tracking_mpc_node]: LowerTrackingMpcNode ready: rate=10.00Hz dt=0.100s N=30 path=/planner/lower_reference_path scale=fullscale wheelbase=2.80m rear_offset=1.40m command_scale=0.350rad actuator_model=1 delay=0.00s tau=0.74s backend=disabled virtual=/cmd_control
"branch_width_off+0.6_yaw+2" "tau1.0" "V0+soft08" "goal_reached" cycles=398
[INFO] [1791269875.716659917] [upper_planner_node]: planner state input: Odometry topic=/motive/vehicle/odom_map yaw=orientation.z scalar
[INFO] [1791269875.719731896] [upper_planner_node]: Egocentric MIQP planner ready: rate=2.00Hz pred_dt=0.750s Nmax=7 lower_dt=0.100s target_v=6.000m/s scale=fullscale wheelbase=2.80m length=4.70m bev=40.00m margin=2.00m state=odom grid=/bev/occupancy_grid sparse=/planner/upper_path_sparse dense=/planner/lower_reference_path
[INFO] [1791269875.719940571] [upper_planner_node]: upper branch model: cumulative_increment=1 turn_window_at_split=1 turn_target_absolute=1 split_continuity=6.75m r_dpsi=2.000 lambda_turn=0.600
[INFO] [1791269875.728784918] [lower_tracking_mpc_node]: LowerTrackingMpcNode ready: rate=10.00Hz dt=0.100s N=30 path=/planner/lower_reference_path scale=fullscale wheelbase=2.80m rear_offset=1.40m command_scale=0.350rad actuator_model=1 delay=0.00s tau=0.74s backend=disabled virtual=/cmd_control
[WARN] [1791269875.834277661] [upper_planner_node]: no valid preview interval at step=7; usable horizon=6 reason=3
"branch_width_off+0.6_yaw+2" "tau1.0" "V0+r2" "goal_reached" cycles=401
[INFO] [1791269875.920153136] [upper_planner_node]: planner state input: Odometry topic=/motive/vehicle/odom_map yaw=orientation.z scalar
[INFO] [1791269875.923292348] [upper_planner_node]: Egocentric MIQP planner ready: rate=2.00Hz pred_dt=0.750s Nmax=7 lower_dt=0.100s target_v=6.000m/s scale=fullscale wheelbase=2.80m length=4.70m bev=40.00m margin=2.00m state=odom grid=/bev/occupancy_grid sparse=/planner/upper_path_sparse dense=/planner/lower_reference_path
[INFO] [1791269875.923415645] [upper_planner_node]: upper branch model: cumulative_increment=1 turn_window_at_split=1 turn_target_absolute=1 split_continuity=6.75m r_dpsi=2.000 lambda_turn=0.600
[INFO] [1791269875.932475580] [lower_tracking_mpc_node]: LowerTrackingMpcNode ready: rate=10.00Hz dt=0.100s N=30 path=/planner/lower_reference_path scale=fullscale wheelbase=2.80m rear_offset=1.40m command_scale=0.350rad actuator_model=1 delay=0.00s tau=0.74s backend=disabled virtual=/cmd_control
"branch_width_off+0.6_yaw+2" "tau1.0" "V0+wp1520" "goal_reached" cycles=402
[INFO] [1791269876.116946005] [upper_planner_node]: planner state input: Odometry topic=/motive/vehicle/odom_map yaw=orientation.z scalar
[INFO] [1791269876.120126785] [upper_planner_node]: Egocentric MIQP planner ready: rate=2.00Hz pred_dt=0.750s Nmax=7 lower_dt=0.100s target_v=6.000m/s scale=fullscale wheelbase=2.80m length=4.70m bev=40.00m margin=2.00m state=odom grid=/bev/occupancy_grid sparse=/planner/upper_path_sparse dense=/planner/lower_reference_path
[INFO] [1791269876.120300420] [upper_planner_node]: upper branch model: cumulative_increment=1 turn_window_at_split=1 turn_target_absolute=1 split_continuity=6.75m r_dpsi=2.000 lambda_turn=0.600
[INFO] [1791269876.129230145] [lower_tracking_mpc_node]: LowerTrackingMpcNode ready: rate=10.00Hz dt=0.100s N=30 path=/planner/lower_reference_path scale=fullscale wheelbase=2.80m rear_offset=1.40m command_scale=0.350rad actuator_model=1 delay=0.00s tau=0.74s backend=disabled virtual=/cmd_control
"branch_width_off+0.6_yaw+2" "tau1.0" "V0+rd150" "goal_reached" cycles=401
[INFO] [1791269876.318106711] [upper_planner_node]: planner state input: Odometry topic=/motive/vehicle/odom_map yaw=orientation.z scalar
[INFO] [1791269876.321258595] [upper_planner_node]: Egocentric MIQP planner ready: rate=2.00Hz pred_dt=0.750s Nmax=7 lower_dt=0.100s target_v=6.000m/s scale=fullscale wheelbase=2.80m length=4.70m bev=40.00m margin=2.00m state=odom grid=/bev/occupancy_grid sparse=/planner/upper_path_sparse dense=/planner/lower_reference_path
[INFO] [1791269876.321383780] [upper_planner_node]: upper branch model: cumulative_increment=1 turn_window_at_split=1 turn_target_absolute=1 split_continuity=6.75m r_dpsi=2.000 lambda_turn=0.600
[INFO] [1791269876.330297665] [lower_tracking_mpc_node]: LowerTrackingMpcNode ready: rate=10.00Hz dt=0.100s N=30 path=/planner/lower_reference_path scale=fullscale wheelbase=2.80m rear_offset=1.40m command_scale=0.350rad actuator_model=1 delay=0.00s tau=0.74s backend=disabled virtual=/cmd_control
[WARN] [1791269876.474611527] [upper_planner_node]: interval_diag step=7 reason=3 ref_body=(31.204,0.628) heading_deg=3.80 center_cell=(99,66) center_value=100 line_free=0 blocked=401 unknown=0 outside=1 longest_run=0 min_run=2 grid_free=2390 zero=2390 positive=13994 unknown=0 topic=/bev/occupancy_grid frame=Vehicle origin=(0.000,-20.000) origin_yaw_deg=0.00 size=128x128 res=0.3125 positive_is_drivable=0 threshold=0 waypoint_bias=0 previous=1
[WARN] [1791269876.474956044] [upper_planner_node]: no valid preview interval at step=7; usable horizon=6 reason=3
[WARN] [1791269876.494530526] [upper_planner_node]: no valid interval at the measured k=0 state; retaining future horizon=7 reason=3
"branch_width_off+0.6_yaw+2" "tau1.0" "CUR" "left_road_stop" cycles=394
[INFO] [1791269876.539281585] [upper_planner_node]: planner state input: Odometry topic=/motive/vehicle/odom_map yaw=orientation.z scalar
[INFO] [1791269876.542196282] [upper_planner_node]: Egocentric MIQP planner ready: rate=2.00Hz pred_dt=0.750s Nmax=7 lower_dt=0.100s target_v=6.000m/s scale=fullscale wheelbase=2.80m length=4.70m bev=40.00m margin=2.00m state=odom grid=/bev/occupancy_grid sparse=/planner/upper_path_sparse dense=/planner/lower_reference_path
[INFO] [1791269876.542306875] [upper_planner_node]: upper branch model: cumulative_increment=1 turn_window_at_split=1 turn_target_absolute=1 split_continuity=6.75m r_dpsi=2.000 lambda_turn=0.600
[INFO] [1791269876.551246072] [lower_tracking_mpc_node]: LowerTrackingMpcNode ready: rate=10.00Hz dt=0.100s N=30 path=/planner/lower_reference_path scale=fullscale wheelbase=2.80m rear_offset=1.40m command_scale=0.350rad actuator_model=1 delay=0.00s tau=0.74s backend=disabled virtual=/cmd_control
"branch_width_off+0.6_yaw+2" "tau1.0" "CUR_1hz_r3_soft07" "goal_reached" cycles=402
