[INFO] [1791269685.091114340] [upper_planner_node]: planner state input: Odometry topic=/motive/vehicle/odom_map yaw=orientation.z scalar
[INFO] [1791269685.096239632] [upper_planner_node]: Egocentric MIQP planner ready: rate=2.00Hz pred_dt=0.750s Nmax=7 lower_dt=0.100s target_v=6.000m/s scale=fullscale wheelbase=2.80m length=4.70m bev=40.00m margin=2.00m state=odom grid=/bev/occupancy_grid sparse=/planner/upper_path_sparse dense=/planner/lower_reference_path
[INFO] [1791269685.096414226] [upper_planner_node]: upper branch model: cumulative_increment=1 turn_window_at_split=1 turn_target_absolute=1 split_continuity=6.75m r_dpsi=2.000 lambda_turn=0.600
[INFO] [1791269685.106863053] [lower_tracking_mpc_node]: LowerTrackingMpcNode ready: rate=10.00Hz dt=0.100s N=30 path=/planner/lower_reference_path scale=fullscale wheelbase=2.80m rear_offset=1.40m command_scale=0.350rad actuator_model=1 delay=0.00s tau=0.74s backend=disabled virtual=/cmd_control
[WARN] [1791269685.212941358] [upper_planner_node]: interval_diag step=7 reason=3 ref_body=(24.664,17.994) heading_deg=43.58 center_cell=(78,121) center_value=100 line_free=1 blocked=249 unknown=0 outside=2 longest_run=1 min_run=2 grid_free=3218 zero=3218 positive=13166 unknown=0 topic=/bev/occupancy_grid frame=Vehicle origin=(0.000,-20.000) origin_yaw_deg=0.00 size=128x128 res=0.3125 positive_is_drivable=0 threshold=0 waypoint_bias=0 previous=1
[WARN] [1791269685.213180306] [upper_planner_node]: no valid preview interval at step=7; usable horizon=6 reason=3
"live_curve" "tau0.74_noise2" "V0_validated" "goal_reached" cycles=399
[INFO] [1791269685.292691690] [upper_planner_node]: planner state input: Odometry topic=/motive/vehicle/odom_map yaw=orientation.z scalar
[INFO] [1791269685.295779480] [upper_planner_node]: Egocentric MIQP planner ready: rate=2.00Hz pred_dt=0.750s Nmax=7 lower_dt=0.100s target_v=6.000m/s scale=fullscale wheelbase=2.80m length=4.70m bev=40.00m margin=2.00m state=odom grid=/bev/occupancy_grid sparse=/planner/upper_path_sparse dense=/planner/lower_reference_path
[INFO] [1791269685.295914618] [upper_planner_node]: upper branch model: cumulative_increment=1 turn_window_at_split=1 turn_target_absolute=1 split_continuity=6.75m r_dpsi=2.000 lambda_turn=0.600
[INFO] [1791269685.305005312] [lower_tracking_mpc_node]: LowerTrackingMpcNode ready: rate=10.00Hz dt=0.100s N=30 path=/planner/lower_reference_path scale=fullscale wheelbase=2.80m rear_offset=1.40m command_scale=0.350rad actuator_model=1 delay=0.00s tau=0.74s backend=disabled virtual=/cmd_control
"live_curve" "tau0.74_noise2" "CUR" "goal_reached" cycles=396
[INFO] [1791269685.518021520] [upper_planner_node]: planner state input: Odometry topic=/motive/vehicle/odom_map yaw=orientation.z scalar
[INFO] [1791269685.521077853] [upper_planner_node]: Egocentric MIQP planner ready: rate=2.00Hz pred_dt=0.750s Nmax=7 lower_dt=0.100s target_v=6.000m/s scale=fullscale wheelbase=2.80m length=4.70m bev=40.00m margin=2.00m state=odom grid=/bev/occupancy_grid sparse=/planner/upper_path_sparse dense=/planner/lower_reference_path
[INFO] [1791269685.521212511] [upper_planner_node]: upper branch model: cumulative_increment=1 turn_window_at_split=1 turn_target_absolute=1 split_continuity=6.75m r_dpsi=2.000 lambda_turn=0.600
[INFO] [1791269685.530115747] [lower_tracking_mpc_node]: LowerTrackingMpcNode ready: rate=10.00Hz dt=0.100s N=30 path=/planner/lower_reference_path scale=fullscale wheelbase=2.80m rear_offset=1.40m command_scale=0.350rad actuator_model=1 delay=0.00s tau=0.74s backend=disabled virtual=/cmd_control
[WARN] [1791269685.649630699] [upper_planner_node]: no valid preview interval at step=7; usable horizon=6 reason=3
"live_curve" "tau0.74_noise2" "CUR_soft07" "goal_reached" cycles=401
[INFO] [1791269685.743122674] [upper_planner_node]: planner state input: Odometry topic=/motive/vehicle/odom_map yaw=orientation.z scalar
[INFO] [1791269685.746261056] [upper_planner_node]: Egocentric MIQP planner ready: rate=2.00Hz pred_dt=0.750s Nmax=7 lower_dt=0.100s target_v=6.000m/s scale=fullscale wheelbase=2.80m length=4.70m bev=40.00m margin=2.00m state=odom grid=/bev/occupancy_grid sparse=/planner/upper_path_sparse dense=/planner/lower_reference_path
[INFO] [1791269685.746442723] [upper_planner_node]: upper branch model: cumulative_increment=1 turn_window_at_split=1 turn_target_absolute=1 split_continuity=6.75m r_dpsi=2.000 lambda_turn=0.600
[INFO] [1791269685.755761165] [lower_tracking_mpc_node]: LowerTrackingMpcNode ready: rate=10.00Hz dt=0.100s N=30 path=/planner/lower_reference_path scale=fullscale wheelbase=2.80m rear_offset=1.40m command_scale=0.350rad actuator_model=1 delay=0.00s tau=0.74s backend=disabled virtual=/cmd_control
"live_curve" "tau0.74_noise2" "CUR_r3" "goal_reached" cycles=396
[INFO] [1791269685.965129670] [upper_planner_node]: planner state input: Odometry topic=/motive/vehicle/odom_map yaw=orientation.z scalar
[INFO] [1791269685.968300949] [upper_planner_node]: Egocentric MIQP planner ready: rate=2.00Hz pred_dt=0.750s Nmax=7 lower_dt=0.100s target_v=6.000m/s scale=fullscale wheelbase=2.80m length=4.70m bev=40.00m margin=2.00m state=odom grid=/bev/occupancy_grid sparse=/planner/upper_path_sparse dense=/planner/lower_reference_path
[INFO] [1791269685.968427703] [upper_planner_node]: upper branch model: cumulative_increment=1 turn_window_at_split=1 turn_target_absolute=1 split_continuity=6.75m r_dpsi=2.000 lambda_turn=0.600
[INFO] [1791269685.977505085] [lower_tracking_mpc_node]: LowerTrackingMpcNode ready: rate=10.00Hz dt=0.100s N=30 path=/planner/lower_reference_path scale=fullscale wheelbase=2.80m rear_offset=1.40m command_scale=0.350rad actuator_model=1 delay=0.00s tau=0.74s backend=disabled virtual=/cmd_control
"live_curve" "tau0.74_noise2" "CUR_1hz" "goal_reached" cycles=396
[INFO] [1791269686.156354995] [upper_planner_node]: planner state input: Odometry topic=/motive/vehicle/odom_map yaw=orientation.z scalar
[INFO] [1791269686.159453408] [upper_planner_node]: Egocentric MIQP planner ready: rate=2.00Hz pred_dt=0.750s Nmax=7 lower_dt=0.100s target_v=6.000m/s scale=fullscale wheelbase=2.80m length=4.70m bev=40.00m margin=2.00m state=odom grid=/bev/occupancy_grid sparse=/planner/upper_path_sparse dense=/planner/lower_reference_path
[INFO] [1791269686.159576194] [upper_planner_node]: upper branch model: cumulative_increment=1 turn_window_at_split=1 turn_target_absolute=1 split_continuity=6.75m r_dpsi=2.000 lambda_turn=0.600
[INFO] [1791269686.168566311] [lower_tracking_mpc_node]: LowerTrackingMpcNode ready: rate=10.00Hz dt=0.100s N=30 path=/planner/lower_reference_path scale=fullscale wheelbase=2.80m rear_offset=1.40m command_scale=0.350rad actuator_model=1 delay=0.00s tau=0.74s backend=disabled virtual=/cmd_control
"live_curve" "tau0.74_noise2" "CUR_wp1015" "goal_reached" cycles=396
[INFO] [1791269686.377985856] [upper_planner_node]: planner state input: Odometry topic=/motive/vehicle/odom_map yaw=orientation.z scalar
[INFO] [1791269686.381098190] [upper_planner_node]: Egocentric MIQP planner ready: rate=2.00Hz pred_dt=0.750s Nmax=7 lower_dt=0.100s target_v=6.000m/s scale=fullscale wheelbase=2.80m length=4.70m bev=40.00m margin=2.00m state=odom grid=/bev/occupancy_grid sparse=/planner/upper_path_sparse dense=/planner/lower_reference_path
[INFO] [1791269686.381232656] [upper_planner_node]: upper branch model: cumulative_increment=1 turn_window_at_split=1 turn_target_absolute=1 split_continuity=6.75m r_dpsi=2.000 lambda_turn=0.600
[INFO] [1791269686.390286422] [lower_tracking_mpc_node]: LowerTrackingMpcNode ready: rate=10.00Hz dt=0.100s N=30 path=/planner/lower_reference_path scale=fullscale wheelbase=2.80m rear_offset=1.40m command_scale=0.350rad actuator_model=1 delay=0.00s tau=0.74s backend=disabled virtual=/cmd_control
"live_curve" "tau0.5" "V0_validated" "goal_reached" cycles=401
[INFO] [1791269686.575500585] [upper_planner_node]: planner state input: Odometry topic=/motive/vehicle/odom_map yaw=orientation.z scalar
[INFO] [1791269686.578476341] [upper_planner_node]: Egocentric MIQP planner ready: rate=2.00Hz pred_dt=0.750s Nmax=7 lower_dt=0.100s target_v=6.000m/s scale=fullscale wheelbase=2.80m length=4.70m bev=40.00m margin=2.00m state=odom grid=/bev/occupancy_grid sparse=/planner/upper_path_sparse dense=/planner/lower_reference_path
[INFO] [1791269686.578651192] [upper_planner_node]: upper branch model: cumulative_increment=1 turn_window_at_split=1 turn_target_absolute=1 split_continuity=6.75m r_dpsi=2.000 lambda_turn=0.600
[INFO] [1791269686.587568668] [lower_tracking_mpc_node]: LowerTrackingMpcNode ready: rate=10.00Hz dt=0.100s N=30 path=/planner/lower_reference_path scale=fullscale wheelbase=2.80m rear_offset=1.40m command_scale=0.350rad actuator_model=1 delay=0.00s tau=0.74s backend=disabled virtual=/cmd_control
"live_curve" "tau0.5" "CUR" "goal_reached" cycles=396
[INFO] [1791269686.799305975] [upper_planner_node]: planner state input: Odometry topic=/motive/vehicle/odom_map yaw=orientation.z scalar
[INFO] [1791269686.802373573] [upper_planner_node]: Egocentric MIQP planner ready: rate=2.00Hz pred_dt=0.750s Nmax=7 lower_dt=0.100s target_v=6.000m/s scale=fullscale wheelbase=2.80m length=4.70m bev=40.00m margin=2.00m state=odom grid=/bev/occupancy_grid sparse=/planner/upper_path_sparse dense=/planner/lower_reference_path
[INFO] [1791269686.802497479] [upper_planner_node]: upper branch model: cumulative_increment=1 turn_window_at_split=1 turn_target_absolute=1 split_continuity=6.75m r_dpsi=2.000 lambda_turn=0.600
[INFO] [1791269686.811668270] [lower_tracking_mpc_node]: LowerTrackingMpcNode ready: rate=10.00Hz dt=0.100s N=30 path=/planner/lower_reference_path scale=fullscale wheelbase=2.80m rear_offset=1.40m command_scale=0.350rad actuator_model=1 delay=0.00s tau=0.74s backend=disabled virtual=/cmd_control
"live_curve" "tau0.5" "CUR_soft07" "goal_reached" cycles=400
[INFO] [1791269687.024978753] [upper_planner_node]: planner state input: Odometry topic=/motive/vehicle/odom_map yaw=orientation.z scalar
[INFO] [1791269687.028094543] [upper_planner_node]: Egocentric MIQP planner ready: rate=2.00Hz pred_dt=0.750s Nmax=7 lower_dt=0.100s target_v=6.000m/s scale=fullscale wheelbase=2.80m length=4.70m bev=40.00m margin=2.00m state=odom grid=/bev/occupancy_grid sparse=/planner/upper_path_sparse dense=/planner/lower_reference_path
[INFO] [1791269687.028237105] [upper_planner_node]: upper branch model: cumulative_increment=1 turn_window_at_split=1 turn_target_absolute=1 split_continuity=6.75m r_dpsi=2.000 lambda_turn=0.600
[INFO] [1791269687.036908945] [lower_tracking_mpc_node]: LowerTrackingMpcNode ready: rate=10.00Hz dt=0.100s N=30 path=/planner/lower_reference_path scale=fullscale wheelbase=2.80m rear_offset=1.40m command_scale=0.350rad actuator_model=1 delay=0.00s tau=0.74s backend=disabled virtual=/cmd_control
"live_curve" "tau0.5" "CUR_r3" "goal_reached" cycles=395
[INFO] [1791269687.245290778] [upper_planner_node]: planner state input: Odometry topic=/motive/vehicle/odom_map yaw=orientation.z scalar
[INFO] [1791269687.248379496] [upper_planner_node]: Egocentric MIQP planner ready: rate=2.00Hz pred_dt=0.750s Nmax=7 lower_dt=0.100s target_v=6.000m/s scale=fullscale wheelbase=2.80m length=4.70m bev=40.00m margin=2.00m state=odom grid=/bev/occupancy_grid sparse=/planner/upper_path_sparse dense=/planner/lower_reference_path
[INFO] [1791269687.248522890] [upper_planner_node]: upper branch model: cumulative_increment=1 turn_window_at_split=1 turn_target_absolute=1 split_continuity=6.75m r_dpsi=2.000 lambda_turn=0.600
[INFO] [1791269687.257535439] [lower_tracking_mpc_node]: LowerTrackingMpcNode ready: rate=10.00Hz dt=0.100s N=30 path=/planner/lower_reference_path scale=fullscale wheelbase=2.80m rear_offset=1.40m command_scale=0.350rad actuator_model=1 delay=0.00s tau=0.74s backend=disabled virtual=/cmd_control
"live_curve" "tau0.5" "CUR_1hz" "goal_reached" cycles=396
[INFO] [1791269687.445179781] [upper_planner_node]: planner state input: Odometry topic=/motive/vehicle/odom_map yaw=orientation.z scalar
[INFO] [1791269687.448175377] [upper_planner_node]: Egocentric MIQP planner ready: rate=2.00Hz pred_dt=0.750s Nmax=7 lower_dt=0.100s target_v=6.000m/s scale=fullscale wheelbase=2.80m length=4.70m bev=40.00m margin=2.00m state=odom grid=/bev/occupancy_grid sparse=/planner/upper_path_sparse dense=/planner/lower_reference_path
[INFO] [1791269687.448367828] [upper_planner_node]: upper branch model: cumulative_increment=1 turn_window_at_split=1 turn_target_absolute=1 split_continuity=6.75m r_dpsi=2.000 lambda_turn=0.600
[INFO] [1791269687.457295896] [lower_tracking_mpc_node]: LowerTrackingMpcNode ready: rate=10.00Hz dt=0.100s N=30 path=/planner/lower_reference_path scale=fullscale wheelbase=2.80m rear_offset=1.40m command_scale=0.350rad actuator_model=1 delay=0.00s tau=0.74s backend=disabled virtual=/cmd_control
"live_curve" "tau0.5" "CUR_wp1015" "goal_reached" cycles=396
[INFO] [1791269687.676960232] [upper_planner_node]: planner state input: Odometry topic=/motive/vehicle/odom_map yaw=orientation.z scalar
[INFO] [1791269687.679917236] [upper_planner_node]: Egocentric MIQP planner ready: rate=2.00Hz pred_dt=0.750s Nmax=7 lower_dt=0.100s target_v=6.000m/s scale=fullscale wheelbase=2.80m length=4.70m bev=40.00m margin=2.00m state=odom grid=/bev/occupancy_grid sparse=/planner/upper_path_sparse dense=/planner/lower_reference_path
[INFO] [1791269687.680052086] [upper_planner_node]: upper branch model: cumulative_increment=1 turn_window_at_split=1 turn_target_absolute=1 split_continuity=6.75m r_dpsi=2.000 lambda_turn=0.600
[INFO] [1791269687.688949561] [lower_tracking_mpc_node]: LowerTrackingMpcNode ready: rate=10.00Hz dt=0.100s N=30 path=/planner/lower_reference_path scale=fullscale wheelbase=2.80m rear_offset=1.40m command_scale=0.350rad actuator_model=1 delay=0.00s tau=0.74s backend=disabled virtual=/cmd_control
[WARN] [1791269687.793674854] [upper_planner_node]: interval_diag step=7 reason=3 ref_body=(24.605,18.492) heading_deg=43.52 center_cell=(78,123) center_value=100 line_free=0 blocked=244 unknown=0 outside=2 longest_run=0 min_run=2 grid_free=3154 zero=3154 positive=13230 unknown=0 topic=/bev/occupancy_grid frame=Vehicle origin=(0.000,-20.000) origin_yaw_deg=0.00 size=128x128 res=0.3125 positive_is_drivable=0 threshold=0 waypoint_bias=0 previous=1
[WARN] [1791269687.793916457] [upper_planner_node]: no valid preview interval at step=7; usable horizon=6 reason=3
"live_curve" "tau1.0" "V0_validated" "goal_reached" cycles=400
[INFO] [1791269687.881594169] [upper_planner_node]: planner state input: Odometry topic=/motive/vehicle/odom_map yaw=orientation.z scalar
[INFO] [1791269687.884641990] [upper_planner_node]: Egocentric MIQP planner ready: rate=2.00Hz pred_dt=0.750s Nmax=7 lower_dt=0.100s target_v=6.000m/s scale=fullscale wheelbase=2.80m length=4.70m bev=40.00m margin=2.00m state=odom grid=/bev/occupancy_grid sparse=/planner/upper_path_sparse dense=/planner/lower_reference_path
[INFO] [1791269687.884785577] [upper_planner_node]: upper branch model: cumulative_increment=1 turn_window_at_split=1 turn_target_absolute=1 split_continuity=6.75m r_dpsi=2.000 lambda_turn=0.600
[INFO] [1791269687.893734253] [lower_tracking_mpc_node]: LowerTrackingMpcNode ready: rate=10.00Hz dt=0.100s N=30 path=/planner/lower_reference_path scale=fullscale wheelbase=2.80m rear_offset=1.40m command_scale=0.350rad actuator_model=1 delay=0.00s tau=0.74s backend=disabled virtual=/cmd_control
[WARN] [1791269688.012678123] [upper_planner_node]: no valid preview interval at step=7; usable horizon=6 reason=3
"live_curve" "tau1.0" "CUR" "goal_reached" cycles=396
[INFO] [1791269688.103531306] [upper_planner_node]: planner state input: Odometry topic=/motive/vehicle/odom_map yaw=orientation.z scalar
[INFO] [1791269688.106452725] [upper_planner_node]: Egocentric MIQP planner ready: rate=2.00Hz pred_dt=0.750s Nmax=7 lower_dt=0.100s target_v=6.000m/s scale=fullscale wheelbase=2.80m length=4.70m bev=40.00m margin=2.00m state=odom grid=/bev/occupancy_grid sparse=/planner/upper_path_sparse dense=/planner/lower_reference_path
[INFO] [1791269688.106614552] [upper_planner_node]: upper branch model: cumulative_increment=1 turn_window_at_split=1 turn_target_absolute=1 split_continuity=6.75m r_dpsi=2.000 lambda_turn=0.600
[INFO] [1791269688.115591036] [lower_tracking_mpc_node]: LowerTrackingMpcNode ready: rate=10.00Hz dt=0.100s N=30 path=/planner/lower_reference_path scale=fullscale wheelbase=2.80m rear_offset=1.40m command_scale=0.350rad actuator_model=1 delay=0.00s tau=0.74s backend=disabled virtual=/cmd_control
[WARN] [1791269688.237157025] [upper_planner_node]: no valid preview interval at step=7; usable horizon=6 reason=3
"live_curve" "tau1.0" "CUR_soft07" "goal_reached" cycles=401
[INFO] [1791269688.328108577] [upper_planner_node]: planner state input: Odometry topic=/motive/vehicle/odom_map yaw=orientation.z scalar
[INFO] [1791269688.331074925] [upper_planner_node]: Egocentric MIQP planner ready: rate=2.00Hz pred_dt=0.750s Nmax=7 lower_dt=0.100s target_v=6.000m/s scale=fullscale wheelbase=2.80m length=4.70m bev=40.00m margin=2.00m state=odom grid=/bev/occupancy_grid sparse=/planner/upper_path_sparse dense=/planner/lower_reference_path
[INFO] [1791269688.331216239] [upper_planner_node]: upper branch model: cumulative_increment=1 turn_window_at_split=1 turn_target_absolute=1 split_continuity=6.75m r_dpsi=2.000 lambda_turn=0.600
[INFO] [1791269688.340419671] [lower_tracking_mpc_node]: LowerTrackingMpcNode ready: rate=10.00Hz dt=0.100s N=30 path=/planner/lower_reference_path scale=fullscale wheelbase=2.80m rear_offset=1.40m command_scale=0.350rad actuator_model=1 delay=0.00s tau=0.74s backend=disabled virtual=/cmd_control
[WARN] [1791269688.461040206] [upper_planner_node]: no valid preview interval at step=7; usable horizon=6 reason=3
"live_curve" "tau1.0" "CUR_r3" "goal_reached" cycles=397
[INFO] [1791269688.552147888] [upper_planner_node]: planner state input: Odometry topic=/motive/vehicle/odom_map yaw=orientation.z scalar
[INFO] [1791269688.555078780] [upper_planner_node]: Egocentric MIQP planner ready: rate=2.00Hz pred_dt=0.750s Nmax=7 lower_dt=0.100s target_v=6.000m/s scale=fullscale wheelbase=2.80m length=4.70m bev=40.00m margin=2.00m state=odom grid=/bev/occupancy_grid sparse=/planner/upper_path_sparse dense=/planner/lower_reference_path
[INFO] [1791269688.555219134] [upper_planner_node]: upper branch model: cumulative_increment=1 turn_window_at_split=1 turn_target_absolute=1 split_continuity=6.75m r_dpsi=2.000 lambda_turn=0.600
[INFO] [1791269688.564100577] [lower_tracking_mpc_node]: LowerTrackingMpcNode ready: rate=10.00Hz dt=0.100s N=30 path=/planner/lower_reference_path scale=fullscale wheelbase=2.80m rear_offset=1.40m command_scale=0.350rad actuator_model=1 delay=0.00s tau=0.74s backend=disabled virtual=/cmd_control
[WARN] [1791269688.669136401] [upper_planner_node]: no valid preview interval at step=7; usable horizon=6 reason=3
"live_curve" "tau1.0" "CUR_1hz" "goal_reached" cycles=396
[INFO] [1791269688.743159191] [upper_planner_node]: planner state input: Odometry topic=/motive/vehicle/odom_map yaw=orientation.z scalar
[INFO] [1791269688.746161636] [upper_planner_node]: Egocentric MIQP planner ready: rate=2.00Hz pred_dt=0.750s Nmax=7 lower_dt=0.100s target_v=6.000m/s scale=fullscale wheelbase=2.80m length=4.70m bev=40.00m margin=2.00m state=odom grid=/bev/occupancy_grid sparse=/planner/upper_path_sparse dense=/planner/lower_reference_path
[INFO] [1791269688.746286534] [upper_planner_node]: upper branch model: cumulative_increment=1 turn_window_at_split=1 turn_target_absolute=1 split_continuity=6.75m r_dpsi=2.000 lambda_turn=0.600
[INFO] [1791269688.755212394] [lower_tracking_mpc_node]: LowerTrackingMpcNode ready: rate=10.00Hz dt=0.100s N=30 path=/planner/lower_reference_path scale=fullscale wheelbase=2.80m rear_offset=1.40m command_scale=0.350rad actuator_model=1 delay=0.00s tau=0.74s backend=disabled virtual=/cmd_control
[WARN] [1791269688.874978452] [upper_planner_node]: no valid preview interval at step=7; usable horizon=6 reason=3
"live_curve" "tau1.0" "CUR_wp1015" "goal_reached" cycles=396
[INFO] [1791269688.971873260] [upper_planner_node]: planner state input: Odometry topic=/motive/vehicle/odom_map yaw=orientation.z scalar
[INFO] [1791269688.974800535] [upper_planner_node]: Egocentric MIQP planner ready: rate=2.00Hz pred_dt=0.750s Nmax=7 lower_dt=0.100s target_v=6.000m/s scale=fullscale wheelbase=2.80m length=4.70m bev=40.00m margin=2.00m state=odom grid=/bev/occupancy_grid sparse=/planner/upper_path_sparse dense=/planner/lower_reference_path
[INFO] [1791269688.974991034] [upper_planner_node]: upper branch model: cumulative_increment=1 turn_window_at_split=1 turn_target_absolute=1 split_continuity=6.75m r_dpsi=2.000 lambda_turn=0.600
[INFO] [1791269688.983905310] [lower_tracking_mpc_node]: LowerTrackingMpcNode ready: rate=10.00Hz dt=0.100s N=30 path=/planner/lower_reference_path scale=fullscale wheelbase=2.80m rear_offset=1.40m command_scale=0.350rad actuator_model=1 delay=0.00s tau=0.74s backend=disabled virtual=/cmd_control
"branch_width" "tau0.74_noise2" "V0_validated" "goal_reached" cycles=401
[INFO] [1791269689.167282675] [upper_planner_node]: planner state input: Odometry topic=/motive/vehicle/odom_map yaw=orientation.z scalar
[INFO] [1791269689.170222686] [upper_planner_node]: Egocentric MIQP planner ready: rate=2.00Hz pred_dt=0.750s Nmax=7 lower_dt=0.100s target_v=6.000m/s scale=fullscale wheelbase=2.80m length=4.70m bev=40.00m margin=2.00m state=odom grid=/bev/occupancy_grid sparse=/planner/upper_path_sparse dense=/planner/lower_reference_path
[INFO] [1791269689.170345216] [upper_planner_node]: upper branch model: cumulative_increment=1 turn_window_at_split=1 turn_target_absolute=1 split_continuity=6.75m r_dpsi=2.000 lambda_turn=0.600
[INFO] [1791269689.179422118] [lower_tracking_mpc_node]: LowerTrackingMpcNode ready: rate=10.00Hz dt=0.100s N=30 path=/planner/lower_reference_path scale=fullscale wheelbase=2.80m rear_offset=1.40m command_scale=0.350rad actuator_model=1 delay=0.00s tau=0.74s backend=disabled virtual=/cmd_control
[WARN] [1791269689.310734586] [upper_planner_node]: no valid preview interval at step=7; usable horizon=6 reason=3
"branch_width" "tau0.74_noise2" "CUR" "goal_reached" cycles=404
[INFO] [1791269689.393771045] [upper_planner_node]: planner state input: Odometry topic=/motive/vehicle/odom_map yaw=orientation.z scalar
[INFO] [1791269689.396989685] [upper_planner_node]: Egocentric MIQP planner ready: rate=2.00Hz pred_dt=0.750s Nmax=7 lower_dt=0.100s target_v=6.000m/s scale=fullscale wheelbase=2.80m length=4.70m bev=40.00m margin=2.00m state=odom grid=/bev/occupancy_grid sparse=/planner/upper_path_sparse dense=/planner/lower_reference_path
[INFO] [1791269689.397147415] [upper_planner_node]: upper branch model: cumulative_increment=1 turn_window_at_split=1 turn_target_absolute=1 split_continuity=6.75m r_dpsi=2.000 lambda_turn=0.600
[INFO] [1791269689.406167004] [lower_tracking_mpc_node]: LowerTrackingMpcNode ready: rate=10.00Hz dt=0.100s N=30 path=/planner/lower_reference_path scale=fullscale wheelbase=2.80m rear_offset=1.40m command_scale=0.350rad actuator_model=1 delay=0.00s tau=0.74s backend=disabled virtual=/cmd_control
[WARN] [1791269689.550647859] [upper_planner_node]: no valid preview interval at step=7; usable horizon=6 reason=3
[WARN] [1791269689.570106419] [upper_planner_node]: no valid interval at the measured k=0 state; retaining future horizon=7 reason=3
"branch_width" "tau0.74_noise2" "CUR_soft07" "left_road_stop" cycles=395
[INFO] [1791269689.609642715] [upper_planner_node]: planner state input: Odometry topic=/motive/vehicle/odom_map yaw=orientation.z scalar
[INFO] [1791269689.612843946] [upper_planner_node]: Egocentric MIQP planner ready: rate=2.00Hz pred_dt=0.750s Nmax=7 lower_dt=0.100s target_v=6.000m/s scale=fullscale wheelbase=2.80m length=4.70m bev=40.00m margin=2.00m state=odom grid=/bev/occupancy_grid sparse=/planner/upper_path_sparse dense=/planner/lower_reference_path
[INFO] [1791269689.612976204] [upper_planner_node]: upper branch model: cumulative_increment=1 turn_window_at_split=1 turn_target_absolute=1 split_continuity=6.75m r_dpsi=2.000 lambda_turn=0.600
[INFO] [1791269689.621718349] [lower_tracking_mpc_node]: LowerTrackingMpcNode ready: rate=10.00Hz dt=0.100s N=30 path=/planner/lower_reference_path scale=fullscale wheelbase=2.80m rear_offset=1.40m command_scale=0.350rad actuator_model=1 delay=0.00s tau=0.74s backend=disabled virtual=/cmd_control
"branch_width" "tau0.74_noise2" "CUR_r3" "goal_reached" cycles=398
[INFO] [1791269689.828697119] [upper_planner_node]: planner state input: Odometry topic=/motive/vehicle/odom_map yaw=orientation.z scalar
[INFO] [1791269689.831643883] [upper_planner_node]: Egocentric MIQP planner ready: rate=2.00Hz pred_dt=0.750s Nmax=7 lower_dt=0.100s target_v=6.000m/s scale=fullscale wheelbase=2.80m length=4.70m bev=40.00m margin=2.00m state=odom grid=/bev/occupancy_grid sparse=/planner/upper_path_sparse dense=/planner/lower_reference_path
[INFO] [1791269689.831776813] [upper_planner_node]: upper branch model: cumulative_increment=1 turn_window_at_split=1 turn_target_absolute=1 split_continuity=6.75m r_dpsi=2.000 lambda_turn=0.600
[INFO] [1791269689.840694704] [lower_tracking_mpc_node]: LowerTrackingMpcNode ready: rate=10.00Hz dt=0.100s N=30 path=/planner/lower_reference_path scale=fullscale wheelbase=2.80m rear_offset=1.40m command_scale=0.350rad actuator_model=1 delay=0.00s tau=0.74s backend=disabled virtual=/cmd_control
[WARN] [1791269689.965460036] [upper_planner_node]: interval_diag step=7 reason=3 ref_body=(30.967,5.302) heading_deg=12.31 center_cell=(99,80) center_value=100 line_free=0 blocked=409 unknown=0 outside=2 longest_run=0 min_run=2 grid_free=2417 zero=2417 positive=13967 unknown=0 topic=/bev/occupancy_grid frame=Vehicle origin=(0.000,-20.000) origin_yaw_deg=0.00 size=128x128 res=0.3125 positive_is_drivable=0 threshold=0 waypoint_bias=0 previous=1
[WARN] [1791269689.965792937] [upper_planner_node]: no valid preview interval at step=7; usable horizon=6 reason=3
[WARN] [1791269689.983373420] [upper_planner_node]: no valid interval at the measured k=0 state; retaining future horizon=7 reason=3
"branch_width" "tau0.74_noise2" "CUR_1hz" "left_road_stop" cycles=394
[INFO] [1791269690.020757525] [upper_planner_node]: planner state input: Odometry topic=/motive/vehicle/odom_map yaw=orientation.z scalar
[INFO] [1791269690.024355050] [upper_planner_node]: Egocentric MIQP planner ready: rate=2.00Hz pred_dt=0.750s Nmax=7 lower_dt=0.100s target_v=6.000m/s scale=fullscale wheelbase=2.80m length=4.70m bev=40.00m margin=2.00m state=odom grid=/bev/occupancy_grid sparse=/planner/upper_path_sparse dense=/planner/lower_reference_path
[INFO] [1791269690.024496556] [upper_planner_node]: upper branch model: cumulative_increment=1 turn_window_at_split=1 turn_target_absolute=1 split_continuity=6.75m r_dpsi=2.000 lambda_turn=0.600
[INFO] [1791269690.033703380] [lower_tracking_mpc_node]: LowerTrackingMpcNode ready: rate=10.00Hz dt=0.100s N=30 path=/planner/lower_reference_path scale=fullscale wheelbase=2.80m rear_offset=1.40m command_scale=0.350rad actuator_model=1 delay=0.00s tau=0.74s backend=disabled virtual=/cmd_control
[WARN] [1791269690.178145705] [upper_planner_node]: no valid preview interval at step=7; usable horizon=6 reason=3
[WARN] [1791269690.197877069] [upper_planner_node]: no valid interval at the measured k=0 state; retaining future horizon=7 reason=3
"branch_width" "tau0.74_noise2" "CUR_wp1015" "left_road_stop" cycles=394
[INFO] [1791269690.238623014] [upper_planner_node]: planner state input: Odometry topic=/motive/vehicle/odom_map yaw=orientation.z scalar
[INFO] [1791269690.241653075] [upper_planner_node]: Egocentric MIQP planner ready: rate=2.00Hz pred_dt=0.750s Nmax=7 lower_dt=0.100s target_v=6.000m/s scale=fullscale wheelbase=2.80m length=4.70m bev=40.00m margin=2.00m state=odom grid=/bev/occupancy_grid sparse=/planner/upper_path_sparse dense=/planner/lower_reference_path
[INFO] [1791269690.241788373] [upper_planner_node]: upper branch model: cumulative_increment=1 turn_window_at_split=1 turn_target_absolute=1 split_continuity=6.75m r_dpsi=2.000 lambda_turn=0.600
[INFO] [1791269690.250842075] [lower_tracking_mpc_node]: LowerTrackingMpcNode ready: rate=10.00Hz dt=0.100s N=30 path=/planner/lower_reference_path scale=fullscale wheelbase=2.80m rear_offset=1.40m command_scale=0.350rad actuator_model=1 delay=0.00s tau=0.74s backend=disabled virtual=/cmd_control
[WARN] [1791269690.355950315] [upper_planner_node]: no valid preview interval at step=7; usable horizon=6 reason=3
"branch_width" "tau0.5" "V0_validated" "goal_reached" cycles=400
[INFO] [1791269690.435443457] [upper_planner_node]: planner state input: Odometry topic=/motive/vehicle/odom_map yaw=orientation.z scalar
[INFO] [1791269690.438342412] [upper_planner_node]: Egocentric MIQP planner ready: rate=2.00Hz pred_dt=0.750s Nmax=7 lower_dt=0.100s target_v=6.000m/s scale=fullscale wheelbase=2.80m length=4.70m bev=40.00m margin=2.00m state=odom grid=/bev/occupancy_grid sparse=/planner/upper_path_sparse dense=/planner/lower_reference_path
[INFO] [1791269690.438475790] [upper_planner_node]: upper branch model: cumulative_increment=1 turn_window_at_split=1 turn_target_absolute=1 split_continuity=6.75m r_dpsi=2.000 lambda_turn=0.600
[INFO] [1791269690.447550996] [lower_tracking_mpc_node]: LowerTrackingMpcNode ready: rate=10.00Hz dt=0.100s N=30 path=/planner/lower_reference_path scale=fullscale wheelbase=2.80m rear_offset=1.40m command_scale=0.350rad actuator_model=1 delay=0.00s tau=0.74s backend=disabled virtual=/cmd_control
[WARN] [1791269690.574570152] [upper_planner_node]: no valid preview interval at step=7; usable horizon=6 reason=3
"branch_width" "tau0.5" "CUR" "goal_reached" cycles=402
[INFO] [1791269690.658162683] [upper_planner_node]: planner state input: Odometry topic=/motive/vehicle/odom_map yaw=orientation.z scalar
[INFO] [1791269690.661192136] [upper_planner_node]: Egocentric MIQP planner ready: rate=2.00Hz pred_dt=0.750s Nmax=7 lower_dt=0.100s target_v=6.000m/s scale=fullscale wheelbase=2.80m length=4.70m bev=40.00m margin=2.00m state=odom grid=/bev/occupancy_grid sparse=/planner/upper_path_sparse dense=/planner/lower_reference_path
[INFO] [1791269690.661325290] [upper_planner_node]: upper branch model: cumulative_increment=1 turn_window_at_split=1 turn_target_absolute=1 split_continuity=6.75m r_dpsi=2.000 lambda_turn=0.600
[INFO] [1791269690.670294318] [lower_tracking_mpc_node]: LowerTrackingMpcNode ready: rate=10.00Hz dt=0.100s N=30 path=/planner/lower_reference_path scale=fullscale wheelbase=2.80m rear_offset=1.40m command_scale=0.350rad actuator_model=1 delay=0.00s tau=0.74s backend=disabled virtual=/cmd_control
[WARN] [1791269690.814090618] [upper_planner_node]: no valid preview interval at step=7; usable horizon=6 reason=3
[WARN] [1791269690.833673019] [upper_planner_node]: no valid interval at the measured k=0 state; retaining future horizon=7 reason=3
"branch_width" "tau0.5" "CUR_soft07" "left_road_stop" cycles=394
[INFO] [1791269690.873635625] [upper_planner_node]: planner state input: Odometry topic=/motive/vehicle/odom_map yaw=orientation.z scalar
[INFO] [1791269690.876708119] [upper_planner_node]: Egocentric MIQP planner ready: rate=2.00Hz pred_dt=0.750s Nmax=7 lower_dt=0.100s target_v=6.000m/s scale=fullscale wheelbase=2.80m length=4.70m bev=40.00m margin=2.00m state=odom grid=/bev/occupancy_grid sparse=/planner/upper_path_sparse dense=/planner/lower_reference_path
[INFO] [1791269690.876835609] [upper_planner_node]: upper branch model: cumulative_increment=1 turn_window_at_split=1 turn_target_absolute=1 split_continuity=6.75m r_dpsi=2.000 lambda_turn=0.600
[INFO] [1791269690.885817213] [lower_tracking_mpc_node]: LowerTrackingMpcNode ready: rate=10.00Hz dt=0.100s N=30 path=/planner/lower_reference_path scale=fullscale wheelbase=2.80m rear_offset=1.40m command_scale=0.350rad actuator_model=1 delay=0.00s tau=0.74s backend=disabled virtual=/cmd_control
[WARN] [1791269691.030130353] [upper_planner_node]: no valid preview interval at step=7; usable horizon=6 reason=3
[WARN] [1791269691.049823891] [upper_planner_node]: no valid interval at the measured k=0 state; retaining future horizon=7 reason=3
"branch_width" "tau0.5" "CUR_r3" "left_road_stop" cycles=394
[INFO] [1791269691.089818914] [upper_planner_node]: planner state input: Odometry topic=/motive/vehicle/odom_map yaw=orientation.z scalar
[INFO] [1791269691.092866895] [upper_planner_node]: Egocentric MIQP planner ready: rate=2.00Hz pred_dt=0.750s Nmax=7 lower_dt=0.100s target_v=6.000m/s scale=fullscale wheelbase=2.80m length=4.70m bev=40.00m margin=2.00m state=odom grid=/bev/occupancy_grid sparse=/planner/upper_path_sparse dense=/planner/lower_reference_path
[INFO] [1791269691.093052626] [upper_planner_node]: upper branch model: cumulative_increment=1 turn_window_at_split=1 turn_target_absolute=1 split_continuity=6.75m r_dpsi=2.000 lambda_turn=0.600
[INFO] [1791269691.101926325] [lower_tracking_mpc_node]: LowerTrackingMpcNode ready: rate=10.00Hz dt=0.100s N=30 path=/planner/lower_reference_path scale=fullscale wheelbase=2.80m rear_offset=1.40m command_scale=0.350rad actuator_model=1 delay=0.00s tau=0.74s backend=disabled virtual=/cmd_control
[WARN] [1791269691.207344809] [upper_planner_node]: no valid preview interval at step=7; usable horizon=6 reason=3
"branch_width" "tau0.5" "CUR_1hz" "goal_reached" cycles=397
[INFO] [1791269691.281870774] [upper_planner_node]: planner state input: Odometry topic=/motive/vehicle/odom_map yaw=orientation.z scalar
[INFO] [1791269691.284902498] [upper_planner_node]: Egocentric MIQP planner ready: rate=2.00Hz pred_dt=0.750s Nmax=7 lower_dt=0.100s target_v=6.000m/s scale=fullscale wheelbase=2.80m length=4.70m bev=40.00m margin=2.00m state=odom grid=/bev/occupancy_grid sparse=/planner/upper_path_sparse dense=/planner/lower_reference_path
[INFO] [1791269691.285031044] [upper_planner_node]: upper branch model: cumulative_increment=1 turn_window_at_split=1 turn_target_absolute=1 split_continuity=6.75m r_dpsi=2.000 lambda_turn=0.600
[INFO] [1791269691.294018601] [lower_tracking_mpc_node]: LowerTrackingMpcNode ready: rate=10.00Hz dt=0.100s N=30 path=/planner/lower_reference_path scale=fullscale wheelbase=2.80m rear_offset=1.40m command_scale=0.350rad actuator_model=1 delay=0.00s tau=0.74s backend=disabled virtual=/cmd_control
[WARN] [1791269691.437842932] [upper_planner_node]: no valid preview interval at step=7; usable horizon=6 reason=3
[WARN] [1791269691.457421686] [upper_planner_node]: no valid interval at the measured k=0 state; retaining future horizon=7 reason=3
"branch_width" "tau0.5" "CUR_wp1015" "left_road_stop" cycles=393
[INFO] [1791269691.497859339] [upper_planner_node]: planner state input: Odometry topic=/motive/vehicle/odom_map yaw=orientation.z scalar
[INFO] [1791269691.501099066] [upper_planner_node]: Egocentric MIQP planner ready: rate=2.00Hz pred_dt=0.750s Nmax=7 lower_dt=0.100s target_v=6.000m/s scale=fullscale wheelbase=2.80m length=4.70m bev=40.00m margin=2.00m state=odom grid=/bev/occupancy_grid sparse=/planner/upper_path_sparse dense=/planner/lower_reference_path
[INFO] [1791269691.501243261] [upper_planner_node]: upper branch model: cumulative_increment=1 turn_window_at_split=1 turn_target_absolute=1 split_continuity=6.75m r_dpsi=2.000 lambda_turn=0.600
[INFO] [1791269691.510217569] [lower_tracking_mpc_node]: LowerTrackingMpcNode ready: rate=10.00Hz dt=0.100s N=30 path=/planner/lower_reference_path scale=fullscale wheelbase=2.80m rear_offset=1.40m command_scale=0.350rad actuator_model=1 delay=0.00s tau=0.74s backend=disabled virtual=/cmd_control
[WARN] [1791269691.619603184] [upper_planner_node]: no valid preview interval at step=7; usable horizon=6 reason=3
"branch_width" "tau1.0" "V0_validated" "goal_reached" cycles=401
[INFO] [1791269691.693148398] [upper_planner_node]: planner state input: Odometry topic=/motive/vehicle/odom_map yaw=orientation.z scalar
[INFO] [1791269691.696276668] [upper_planner_node]: Egocentric MIQP planner ready: rate=2.00Hz pred_dt=0.750s Nmax=7 lower_dt=0.100s target_v=6.000m/s scale=fullscale wheelbase=2.80m length=4.70m bev=40.00m margin=2.00m state=odom grid=/bev/occupancy_grid sparse=/planner/upper_path_sparse dense=/planner/lower_reference_path
[INFO] [1791269691.696407550] [upper_planner_node]: upper branch model: cumulative_increment=1 turn_window_at_split=1 turn_target_absolute=1 split_continuity=6.75m r_dpsi=2.000 lambda_turn=0.600
[INFO] [1791269691.705320738] [lower_tracking_mpc_node]: LowerTrackingMpcNode ready: rate=10.00Hz dt=0.100s N=30 path=/planner/lower_reference_path scale=fullscale wheelbase=2.80m rear_offset=1.40m command_scale=0.350rad actuator_model=1 delay=0.00s tau=0.74s backend=disabled virtual=/cmd_control
[WARN] [1791269691.850223837] [upper_planner_node]: no valid preview interval at step=7; usable horizon=6 reason=3
[WARN] [1791269691.869959105] [upper_planner_node]: no valid interval at the measured k=0 state; retaining future horizon=7 reason=3
"branch_width" "tau1.0" "CUR" "left_road_stop" cycles=394
[INFO] [1791269691.909971215] [upper_planner_node]: planner state input: Odometry topic=/motive/vehicle/odom_map yaw=orientation.z scalar
[INFO] [1791269691.913000508] [upper_planner_node]: Egocentric MIQP planner ready: rate=2.00Hz pred_dt=0.750s Nmax=7 lower_dt=0.100s target_v=6.000m/s scale=fullscale wheelbase=2.80m length=4.70m bev=40.00m margin=2.00m state=odom grid=/bev/occupancy_grid sparse=/planner/upper_path_sparse dense=/planner/lower_reference_path
[INFO] [1791269691.913131646] [upper_planner_node]: upper branch model: cumulative_increment=1 turn_window_at_split=1 turn_target_absolute=1 split_continuity=6.75m r_dpsi=2.000 lambda_turn=0.600
[INFO] [1791269691.921893279] [lower_tracking_mpc_node]: LowerTrackingMpcNode ready: rate=10.00Hz dt=0.100s N=30 path=/planner/lower_reference_path scale=fullscale wheelbase=2.80m rear_offset=1.40m command_scale=0.350rad actuator_model=1 delay=0.00s tau=0.74s backend=disabled virtual=/cmd_control
[WARN] [1791269692.065673322] [upper_planner_node]: interval_diag step=7 reason=3 ref_body=(30.866,5.786) heading_deg=11.87 center_cell=(98,82) center_value=100 line_free=0 blocked=409 unknown=0 outside=1 longest_run=0 min_run=2 grid_free=2411 zero=2411 positive=13973 unknown=0 topic=/bev/occupancy_grid frame=Vehicle origin=(0.000,-20.000) origin_yaw_deg=0.00 size=128x128 res=0.3125 positive_is_drivable=0 threshold=0 waypoint_bias=0 previous=1
[WARN] [1791269692.066002063] [upper_planner_node]: no valid preview interval at step=7; usable horizon=6 reason=3
[WARN] [1791269692.085994646] [upper_planner_node]: no valid interval at the measured k=0 state; retaining future horizon=7 reason=3
"branch_width" "tau1.0" "CUR_soft07" "left_road_stop" cycles=393
[INFO] [1791269692.125064343] [upper_planner_node]: planner state input: Odometry topic=/motive/vehicle/odom_map yaw=orientation.z scalar
[INFO] [1791269692.128166436] [upper_planner_node]: Egocentric MIQP planner ready: rate=2.00Hz pred_dt=0.750s Nmax=7 lower_dt=0.100s target_v=6.000m/s scale=fullscale wheelbase=2.80m length=4.70m bev=40.00m margin=2.00m state=odom grid=/bev/occupancy_grid sparse=/planner/upper_path_sparse dense=/planner/lower_reference_path
[INFO] [1791269692.128315367] [upper_planner_node]: upper branch model: cumulative_increment=1 turn_window_at_split=1 turn_target_absolute=1 split_continuity=6.75m r_dpsi=2.000 lambda_turn=0.600
[INFO] [1791269692.137531663] [lower_tracking_mpc_node]: LowerTrackingMpcNode ready: rate=10.00Hz dt=0.100s N=30 path=/planner/lower_reference_path scale=fullscale wheelbase=2.80m rear_offset=1.40m command_scale=0.350rad actuator_model=1 delay=0.00s tau=0.74s backend=disabled virtual=/cmd_control
"branch_width" "tau1.0" "CUR_r3" "goal_reached" cycles=399
[INFO] [1791269692.348127539] [upper_planner_node]: planner state input: Odometry topic=/motive/vehicle/odom_map yaw=orientation.z scalar
[INFO] [1791269692.351733128] [upper_planner_node]: Egocentric MIQP planner ready: rate=2.00Hz pred_dt=0.750s Nmax=7 lower_dt=0.100s target_v=6.000m/s scale=fullscale wheelbase=2.80m length=4.70m bev=40.00m margin=2.00m state=odom grid=/bev/occupancy_grid sparse=/planner/upper_path_sparse dense=/planner/lower_reference_path
[INFO] [1791269692.351962348] [upper_planner_node]: upper branch model: cumulative_increment=1 turn_window_at_split=1 turn_target_absolute=1 split_continuity=6.75m r_dpsi=2.000 lambda_turn=0.600
[INFO] [1791269692.360780270] [lower_tracking_mpc_node]: LowerTrackingMpcNode ready: rate=10.00Hz dt=0.100s N=30 path=/planner/lower_reference_path scale=fullscale wheelbase=2.80m rear_offset=1.40m command_scale=0.350rad actuator_model=1 delay=0.00s tau=0.74s backend=disabled virtual=/cmd_control
[WARN] [1791269692.482032843] [upper_planner_node]: no valid interval at the measured k=0 state; retaining future horizon=7 reason=3
[WARN] [1791269692.486158632] [upper_planner_node]: no valid interval at the measured k=0 state; retaining future horizon=7 reason=3
[WARN] [1791269692.486487181] [upper_planner_node]: no valid preview interval at step=7; usable horizon=6 reason=3
"branch_width" "tau1.0" "CUR_1hz" "offroad_stop" cycles=341
[INFO] [1791269692.521149613] [upper_planner_node]: planner state input: Odometry topic=/motive/vehicle/odom_map yaw=orientation.z scalar
[INFO] [1791269692.524163225] [upper_planner_node]: Egocentric MIQP planner ready: rate=2.00Hz pred_dt=0.750s Nmax=7 lower_dt=0.100s target_v=6.000m/s scale=fullscale wheelbase=2.80m length=4.70m bev=40.00m margin=2.00m state=odom grid=/bev/occupancy_grid sparse=/planner/upper_path_sparse dense=/planner/lower_reference_path
[INFO] [1791269692.524293659] [upper_planner_node]: upper branch model: cumulative_increment=1 turn_window_at_split=1 turn_target_absolute=1 split_continuity=6.75m r_dpsi=2.000 lambda_turn=0.600
[INFO] [1791269692.533057053] [lower_tracking_mpc_node]: LowerTrackingMpcNode ready: rate=10.00Hz dt=0.100s N=30 path=/planner/lower_reference_path scale=fullscale wheelbase=2.80m rear_offset=1.40m command_scale=0.350rad actuator_model=1 delay=0.00s tau=0.74s backend=disabled virtual=/cmd_control
[WARN] [1791269692.677521297] [upper_planner_node]: no valid preview interval at step=7; usable horizon=6 reason=3
[WARN] [1791269692.697474807] [upper_planner_node]: no valid interval at the measured k=0 state; retaining future horizon=7 reason=3
"branch_width" "tau1.0" "CUR_wp1015" "left_road_stop" cycles=393
[INFO] [1791269692.741336703] [upper_planner_node]: planner state input: Odometry topic=/motive/vehicle/odom_map yaw=orientation.z scalar
[INFO] [1791269692.744370092] [upper_planner_node]: Egocentric MIQP planner ready: rate=2.00Hz pred_dt=0.750s Nmax=7 lower_dt=0.100s target_v=6.000m/s scale=fullscale wheelbase=2.80m length=4.70m bev=40.00m margin=2.00m state=odom grid=/bev/occupancy_grid sparse=/planner/upper_path_sparse dense=/planner/lower_reference_path
[INFO] [1791269692.744504750] [upper_planner_node]: upper branch model: cumulative_increment=1 turn_window_at_split=1 turn_target_absolute=1 split_continuity=6.75m r_dpsi=2.000 lambda_turn=0.600
[INFO] [1791269692.753418001] [lower_tracking_mpc_node]: LowerTrackingMpcNode ready: rate=10.00Hz dt=0.100s N=30 path=/planner/lower_reference_path scale=fullscale wheelbase=2.80m rear_offset=1.40m command_scale=0.350rad actuator_model=1 delay=0.00s tau=0.74s backend=disabled virtual=/cmd_control
"replica_east(scenario1)_off+0.0_yaw+0" "tau0.74_noise2" "V0_validated" "time_limit" cycles=160
[INFO] [1791269692.852883821] [upper_planner_node]: planner state input: Odometry topic=/motive/vehicle/odom_map yaw=orientation.z scalar
[INFO] [1791269692.855857465] [upper_planner_node]: Egocentric MIQP planner ready: rate=2.00Hz pred_dt=0.750s Nmax=7 lower_dt=0.100s target_v=6.000m/s scale=fullscale wheelbase=2.80m length=4.70m bev=40.00m margin=2.00m state=odom grid=/bev/occupancy_grid sparse=/planner/upper_path_sparse dense=/planner/lower_reference_path
[INFO] [1791269692.855988027] [upper_planner_node]: upper branch model: cumulative_increment=1 turn_window_at_split=1 turn_target_absolute=1 split_continuity=6.75m r_dpsi=2.000 lambda_turn=0.600
[INFO] [1791269692.864701340] [lower_tracking_mpc_node]: LowerTrackingMpcNode ready: rate=10.00Hz dt=0.100s N=30 path=/planner/lower_reference_path scale=fullscale wheelbase=2.80m rear_offset=1.40m command_scale=0.350rad actuator_model=1 delay=0.00s tau=0.74s backend=disabled virtual=/cmd_control
"replica_east(scenario1)_off+0.0_yaw+0" "tau0.74_noise2" "CUR" "time_limit" cycles=160
[INFO] [1791269692.978176743] [upper_planner_node]: planner state input: Odometry topic=/motive/vehicle/odom_map yaw=orientation.z scalar
[INFO] [1791269692.981272596] [upper_planner_node]: Egocentric MIQP planner ready: rate=2.00Hz pred_dt=0.750s Nmax=7 lower_dt=0.100s target_v=6.000m/s scale=fullscale wheelbase=2.80m length=4.70m bev=40.00m margin=2.00m state=odom grid=/bev/occupancy_grid sparse=/planner/upper_path_sparse dense=/planner/lower_reference_path
[INFO] [1791269692.981461751] [upper_planner_node]: upper branch model: cumulative_increment=1 turn_window_at_split=1 turn_target_absolute=1 split_continuity=6.75m r_dpsi=2.000 lambda_turn=0.600
[INFO] [1791269692.990436699] [lower_tracking_mpc_node]: LowerTrackingMpcNode ready: rate=10.00Hz dt=0.100s N=30 path=/planner/lower_reference_path scale=fullscale wheelbase=2.80m rear_offset=1.40m command_scale=0.350rad actuator_model=1 delay=0.00s tau=0.74s backend=disabled virtual=/cmd_control
"replica_east(scenario1)_off+0.0_yaw+0" "tau0.74_noise2" "CUR_soft07" "time_limit" cycles=160
[INFO] [1791269693.106808305] [upper_planner_node]: planner state input: Odometry topic=/motive/vehicle/odom_map yaw=orientation.z scalar
[INFO] [1791269693.109835581] [upper_planner_node]: Egocentric MIQP planner ready: rate=2.00Hz pred_dt=0.750s Nmax=7 lower_dt=0.100s target_v=6.000m/s scale=fullscale wheelbase=2.80m length=4.70m bev=40.00m margin=2.00m state=odom grid=/bev/occupancy_grid sparse=/planner/upper_path_sparse dense=/planner/lower_reference_path
[INFO] [1791269693.109971359] [upper_planner_node]: upper branch model: cumulative_increment=1 turn_window_at_split=1 turn_target_absolute=1 split_continuity=6.75m r_dpsi=2.000 lambda_turn=0.600
[INFO] [1791269693.119318505] [lower_tracking_mpc_node]: LowerTrackingMpcNode ready: rate=10.00Hz dt=0.100s N=30 path=/planner/lower_reference_path scale=fullscale wheelbase=2.80m rear_offset=1.40m command_scale=0.350rad actuator_model=1 delay=0.00s tau=0.74s backend=disabled virtual=/cmd_control
"replica_east(scenario1)_off+0.0_yaw+0" "tau0.74_noise2" "CUR_r3" "time_limit" cycles=160
[INFO] [1791269693.233052215] [upper_planner_node]: planner state input: Odometry topic=/motive/vehicle/odom_map yaw=orientation.z scalar
[INFO] [1791269693.236100516] [upper_planner_node]: Egocentric MIQP planner ready: rate=2.00Hz pred_dt=0.750s Nmax=7 lower_dt=0.100s target_v=6.000m/s scale=fullscale wheelbase=2.80m length=4.70m bev=40.00m margin=2.00m state=odom grid=/bev/occupancy_grid sparse=/planner/upper_path_sparse dense=/planner/lower_reference_path
[INFO] [1791269693.236237286] [upper_planner_node]: upper branch model: cumulative_increment=1 turn_window_at_split=1 turn_target_absolute=1 split_continuity=6.75m r_dpsi=2.000 lambda_turn=0.600
[INFO] [1791269693.245204811] [lower_tracking_mpc_node]: LowerTrackingMpcNode ready: rate=10.00Hz dt=0.100s N=30 path=/planner/lower_reference_path scale=fullscale wheelbase=2.80m rear_offset=1.40m command_scale=0.350rad actuator_model=1 delay=0.00s tau=0.74s backend=disabled virtual=/cmd_control
"replica_east(scenario1)_off+0.0_yaw+0" "tau0.74_noise2" "CUR_1hz" "time_limit" cycles=160
[INFO] [1791269693.339142325] [upper_planner_node]: planner state input: Odometry topic=/motive/vehicle/odom_map yaw=orientation.z scalar
[INFO] [1791269693.341983615] [upper_planner_node]: Egocentric MIQP planner ready: rate=2.00Hz pred_dt=0.750s Nmax=7 lower_dt=0.100s target_v=6.000m/s scale=fullscale wheelbase=2.80m length=4.70m bev=40.00m margin=2.00m state=odom grid=/bev/occupancy_grid sparse=/planner/upper_path_sparse dense=/planner/lower_reference_path
[INFO] [1791269693.342106432] [upper_planner_node]: upper branch model: cumulative_increment=1 turn_window_at_split=1 turn_target_absolute=1 split_continuity=6.75m r_dpsi=2.000 lambda_turn=0.600
[INFO] [1791269693.351073541] [lower_tracking_mpc_node]: LowerTrackingMpcNode ready: rate=10.00Hz dt=0.100s N=30 path=/planner/lower_reference_path scale=fullscale wheelbase=2.80m rear_offset=1.40m command_scale=0.350rad actuator_model=1 delay=0.00s tau=0.74s backend=disabled virtual=/cmd_control
"replica_east(scenario1)_off+0.0_yaw+0" "tau0.74_noise2" "CUR_wp1015" "time_limit" cycles=160
[INFO] [1791269693.466028613] [upper_planner_node]: planner state input: Odometry topic=/motive/vehicle/odom_map yaw=orientation.z scalar
[INFO] [1791269693.469050866] [upper_planner_node]: Egocentric MIQP planner ready: rate=2.00Hz pred_dt=0.750s Nmax=7 lower_dt=0.100s target_v=6.000m/s scale=fullscale wheelbase=2.80m length=4.70m bev=40.00m margin=2.00m state=odom grid=/bev/occupancy_grid sparse=/planner/upper_path_sparse dense=/planner/lower_reference_path
[INFO] [1791269693.469315637] [upper_planner_node]: upper branch model: cumulative_increment=1 turn_window_at_split=1 turn_target_absolute=1 split_continuity=6.75m r_dpsi=2.000 lambda_turn=0.600
[INFO] [1791269693.478289754] [lower_tracking_mpc_node]: LowerTrackingMpcNode ready: rate=10.00Hz dt=0.100s N=30 path=/planner/lower_reference_path scale=fullscale wheelbase=2.80m rear_offset=1.40m command_scale=0.350rad actuator_model=1 delay=0.00s tau=0.74s backend=disabled virtual=/cmd_control
"replica_east(scenario1)_off+0.0_yaw+0" "tau0.5" "V0_validated" "time_limit" cycles=160
[INFO] [1791269693.574729417] [upper_planner_node]: planner state input: Odometry topic=/motive/vehicle/odom_map yaw=orientation.z scalar
[INFO] [1791269693.577675636] [upper_planner_node]: Egocentric MIQP planner ready: rate=2.00Hz pred_dt=0.750s Nmax=7 lower_dt=0.100s target_v=6.000m/s scale=fullscale wheelbase=2.80m length=4.70m bev=40.00m margin=2.00m state=odom grid=/bev/occupancy_grid sparse=/planner/upper_path_sparse dense=/planner/lower_reference_path
[INFO] [1791269693.577813622] [upper_planner_node]: upper branch model: cumulative_increment=1 turn_window_at_split=1 turn_target_absolute=1 split_continuity=6.75m r_dpsi=2.000 lambda_turn=0.600
[INFO] [1791269693.586753146] [lower_tracking_mpc_node]: LowerTrackingMpcNode ready: rate=10.00Hz dt=0.100s N=30 path=/planner/lower_reference_path scale=fullscale wheelbase=2.80m rear_offset=1.40m command_scale=0.350rad actuator_model=1 delay=0.00s tau=0.74s backend=disabled virtual=/cmd_control
"replica_east(scenario1)_off+0.0_yaw+0" "tau0.5" "CUR" "time_limit" cycles=160
[INFO] [1791269693.699510106] [upper_planner_node]: planner state input: Odometry topic=/motive/vehicle/odom_map yaw=orientation.z scalar
[INFO] [1791269693.702369188] [upper_planner_node]: Egocentric MIQP planner ready: rate=2.00Hz pred_dt=0.750s Nmax=7 lower_dt=0.100s target_v=6.000m/s scale=fullscale wheelbase=2.80m length=4.70m bev=40.00m margin=2.00m state=odom grid=/bev/occupancy_grid sparse=/planner/upper_path_sparse dense=/planner/lower_reference_path
[INFO] [1791269693.702501478] [upper_planner_node]: upper branch model: cumulative_increment=1 turn_window_at_split=1 turn_target_absolute=1 split_continuity=6.75m r_dpsi=2.000 lambda_turn=0.600
[INFO] [1791269693.711511595] [lower_tracking_mpc_node]: LowerTrackingMpcNode ready: rate=10.00Hz dt=0.100s N=30 path=/planner/lower_reference_path scale=fullscale wheelbase=2.80m rear_offset=1.40m command_scale=0.350rad actuator_model=1 delay=0.00s tau=0.74s backend=disabled virtual=/cmd_control
"replica_east(scenario1)_off+0.0_yaw+0" "tau0.5" "CUR_soft07" "time_limit" cycles=160
[INFO] [1791269693.828176260] [upper_planner_node]: planner state input: Odometry topic=/motive/vehicle/odom_map yaw=orientation.z scalar
[INFO] [1791269693.831228498] [upper_planner_node]: Egocentric MIQP planner ready: rate=2.00Hz pred_dt=0.750s Nmax=7 lower_dt=0.100s target_v=6.000m/s scale=fullscale wheelbase=2.80m length=4.70m bev=40.00m margin=2.00m state=odom grid=/bev/occupancy_grid sparse=/planner/upper_path_sparse dense=/planner/lower_reference_path
[INFO] [1791269693.831367476] [upper_planner_node]: upper branch model: cumulative_increment=1 turn_window_at_split=1 turn_target_absolute=1 split_continuity=6.75m r_dpsi=2.000 lambda_turn=0.600
[INFO] [1791269693.840324024] [lower_tracking_mpc_node]: LowerTrackingMpcNode ready: rate=10.00Hz dt=0.100s N=30 path=/planner/lower_reference_path scale=fullscale wheelbase=2.80m rear_offset=1.40m command_scale=0.350rad actuator_model=1 delay=0.00s tau=0.74s backend=disabled virtual=/cmd_control
"replica_east(scenario1)_off+0.0_yaw+0" "tau0.5" "CUR_r3" "time_limit" cycles=160
[INFO] [1791269693.954235881] [upper_planner_node]: planner state input: Odometry topic=/motive/vehicle/odom_map yaw=orientation.z scalar
[INFO] [1791269693.957359863] [upper_planner_node]: Egocentric MIQP planner ready: rate=2.00Hz pred_dt=0.750s Nmax=7 lower_dt=0.100s target_v=6.000m/s scale=fullscale wheelbase=2.80m length=4.70m bev=40.00m margin=2.00m state=odom grid=/bev/occupancy_grid sparse=/planner/upper_path_sparse dense=/planner/lower_reference_path
[INFO] [1791269693.957550457] [upper_planner_node]: upper branch model: cumulative_increment=1 turn_window_at_split=1 turn_target_absolute=1 split_continuity=6.75m r_dpsi=2.000 lambda_turn=0.600
[INFO] [1791269693.966476861] [lower_tracking_mpc_node]: LowerTrackingMpcNode ready: rate=10.00Hz dt=0.100s N=30 path=/planner/lower_reference_path scale=fullscale wheelbase=2.80m rear_offset=1.40m command_scale=0.350rad actuator_model=1 delay=0.00s tau=0.74s backend=disabled virtual=/cmd_control
"replica_east(scenario1)_off+0.0_yaw+0" "tau0.5" "CUR_1hz" "time_limit" cycles=160
[INFO] [1791269694.064715814] [upper_planner_node]: planner state input: Odometry topic=/motive/vehicle/odom_map yaw=orientation.z scalar
[INFO] [1791269694.067748787] [upper_planner_node]: Egocentric MIQP planner ready: rate=2.00Hz pred_dt=0.750s Nmax=7 lower_dt=0.100s target_v=6.000m/s scale=fullscale wheelbase=2.80m length=4.70m bev=40.00m margin=2.00m state=odom grid=/bev/occupancy_grid sparse=/planner/upper_path_sparse dense=/planner/lower_reference_path
[INFO] [1791269694.067879733] [upper_planner_node]: upper branch model: cumulative_increment=1 turn_window_at_split=1 turn_target_absolute=1 split_continuity=6.75m r_dpsi=2.000 lambda_turn=0.600
[INFO] [1791269694.076645302] [lower_tracking_mpc_node]: LowerTrackingMpcNode ready: rate=10.00Hz dt=0.100s N=30 path=/planner/lower_reference_path scale=fullscale wheelbase=2.80m rear_offset=1.40m command_scale=0.350rad actuator_model=1 delay=0.00s tau=0.74s backend=disabled virtual=/cmd_control
"replica_east(scenario1)_off+0.0_yaw+0" "tau0.5" "CUR_wp1015" "time_limit" cycles=160
[INFO] [1791269694.188307941] [upper_planner_node]: planner state input: Odometry topic=/motive/vehicle/odom_map yaw=orientation.z scalar
[INFO] [1791269694.191375699] [upper_planner_node]: Egocentric MIQP planner ready: rate=2.00Hz pred_dt=0.750s Nmax=7 lower_dt=0.100s target_v=6.000m/s scale=fullscale wheelbase=2.80m length=4.70m bev=40.00m margin=2.00m state=odom grid=/bev/occupancy_grid sparse=/planner/upper_path_sparse dense=/planner/lower_reference_path
[INFO] [1791269694.191522421] [upper_planner_node]: upper branch model: cumulative_increment=1 turn_window_at_split=1 turn_target_absolute=1 split_continuity=6.75m r_dpsi=2.000 lambda_turn=0.600
[INFO] [1791269694.200271702] [lower_tracking_mpc_node]: LowerTrackingMpcNode ready: rate=10.00Hz dt=0.100s N=30 path=/planner/lower_reference_path scale=fullscale wheelbase=2.80m rear_offset=1.40m command_scale=0.350rad actuator_model=1 delay=0.00s tau=0.74s backend=disabled virtual=/cmd_control
"replica_east(scenario1)_off+0.0_yaw+0" "tau1.0" "V0_validated" "time_limit" cycles=160
[INFO] [1791269694.296485121] [upper_planner_node]: planner state input: Odometry topic=/motive/vehicle/odom_map yaw=orientation.z scalar
[INFO] [1791269694.299567406] [upper_planner_node]: Egocentric MIQP planner ready: rate=2.00Hz pred_dt=0.750s Nmax=7 lower_dt=0.100s target_v=6.000m/s scale=fullscale wheelbase=2.80m length=4.70m bev=40.00m margin=2.00m state=odom grid=/bev/occupancy_grid sparse=/planner/upper_path_sparse dense=/planner/lower_reference_path
[INFO] [1791269694.299704144] [upper_planner_node]: upper branch model: cumulative_increment=1 turn_window_at_split=1 turn_target_absolute=1 split_continuity=6.75m r_dpsi=2.000 lambda_turn=0.600
[INFO] [1791269694.308475954] [lower_tracking_mpc_node]: LowerTrackingMpcNode ready: rate=10.00Hz dt=0.100s N=30 path=/planner/lower_reference_path scale=fullscale wheelbase=2.80m rear_offset=1.40m command_scale=0.350rad actuator_model=1 delay=0.00s tau=0.74s backend=disabled virtual=/cmd_control
"replica_east(scenario1)_off+0.0_yaw+0" "tau1.0" "CUR" "time_limit" cycles=160
[INFO] [1791269694.425702067] [upper_planner_node]: planner state input: Odometry topic=/motive/vehicle/odom_map yaw=orientation.z scalar
[INFO] [1791269694.428759168] [upper_planner_node]: Egocentric MIQP planner ready: rate=2.00Hz pred_dt=0.750s Nmax=7 lower_dt=0.100s target_v=6.000m/s scale=fullscale wheelbase=2.80m length=4.70m bev=40.00m margin=2.00m state=odom grid=/bev/occupancy_grid sparse=/planner/upper_path_sparse dense=/planner/lower_reference_path
[INFO] [1791269694.428902882] [upper_planner_node]: upper branch model: cumulative_increment=1 turn_window_at_split=1 turn_target_absolute=1 split_continuity=6.75m r_dpsi=2.000 lambda_turn=0.600
[INFO] [1791269694.437904231] [lower_tracking_mpc_node]: LowerTrackingMpcNode ready: rate=10.00Hz dt=0.100s N=30 path=/planner/lower_reference_path scale=fullscale wheelbase=2.80m rear_offset=1.40m command_scale=0.350rad actuator_model=1 delay=0.00s tau=0.74s backend=disabled virtual=/cmd_control
"replica_east(scenario1)_off+0.0_yaw+0" "tau1.0" "CUR_soft07" "time_limit" cycles=160
[INFO] [1791269694.554560736] [upper_planner_node]: planner state input: Odometry topic=/motive/vehicle/odom_map yaw=orientation.z scalar
[INFO] [1791269694.557550540] [upper_planner_node]: Egocentric MIQP planner ready: rate=2.00Hz pred_dt=0.750s Nmax=7 lower_dt=0.100s target_v=6.000m/s scale=fullscale wheelbase=2.80m length=4.70m bev=40.00m margin=2.00m state=odom grid=/bev/occupancy_grid sparse=/planner/upper_path_sparse dense=/planner/lower_reference_path
[INFO] [1791269694.557687182] [upper_planner_node]: upper branch model: cumulative_increment=1 turn_window_at_split=1 turn_target_absolute=1 split_continuity=6.75m r_dpsi=2.000 lambda_turn=0.600
[INFO] [1791269694.567058328] [lower_tracking_mpc_node]: LowerTrackingMpcNode ready: rate=10.00Hz dt=0.100s N=30 path=/planner/lower_reference_path scale=fullscale wheelbase=2.80m rear_offset=1.40m command_scale=0.350rad actuator_model=1 delay=0.00s tau=0.74s backend=disabled virtual=/cmd_control
"replica_east(scenario1)_off+0.0_yaw+0" "tau1.0" "CUR_r3" "time_limit" cycles=160
[INFO] [1791269694.681907862] [upper_planner_node]: planner state input: Odometry topic=/motive/vehicle/odom_map yaw=orientation.z scalar
[INFO] [1791269694.685120229] [upper_planner_node]: Egocentric MIQP planner ready: rate=2.00Hz pred_dt=0.750s Nmax=7 lower_dt=0.100s target_v=6.000m/s scale=fullscale wheelbase=2.80m length=4.70m bev=40.00m margin=2.00m state=odom grid=/bev/occupancy_grid sparse=/planner/upper_path_sparse dense=/planner/lower_reference_path
[INFO] [1791269694.685257992] [upper_planner_node]: upper branch model: cumulative_increment=1 turn_window_at_split=1 turn_target_absolute=1 split_continuity=6.75m r_dpsi=2.000 lambda_turn=0.600
[INFO] [1791269694.694660370] [lower_tracking_mpc_node]: LowerTrackingMpcNode ready: rate=10.00Hz dt=0.100s N=30 path=/planner/lower_reference_path scale=fullscale wheelbase=2.80m rear_offset=1.40m command_scale=0.350rad actuator_model=1 delay=0.00s tau=0.74s backend=disabled virtual=/cmd_control
"replica_east(scenario1)_off+0.0_yaw+0" "tau1.0" "CUR_1hz" "time_limit" cycles=160
[INFO] [1791269694.788823743] [upper_planner_node]: planner state input: Odometry topic=/motive/vehicle/odom_map yaw=orientation.z scalar
[INFO] [1791269694.792329619] [upper_planner_node]: Egocentric MIQP planner ready: rate=2.00Hz pred_dt=0.750s Nmax=7 lower_dt=0.100s target_v=6.000m/s scale=fullscale wheelbase=2.80m length=4.70m bev=40.00m margin=2.00m state=odom grid=/bev/occupancy_grid sparse=/planner/upper_path_sparse dense=/planner/lower_reference_path
[INFO] [1791269694.792467285] [upper_planner_node]: upper branch model: cumulative_increment=1 turn_window_at_split=1 turn_target_absolute=1 split_continuity=6.75m r_dpsi=2.000 lambda_turn=0.600
[INFO] [1791269694.801383384] [lower_tracking_mpc_node]: LowerTrackingMpcNode ready: rate=10.00Hz dt=0.100s N=30 path=/planner/lower_reference_path scale=fullscale wheelbase=2.80m rear_offset=1.40m command_scale=0.350rad actuator_model=1 delay=0.00s tau=0.74s backend=disabled virtual=/cmd_control
"replica_east(scenario1)_off+0.0_yaw+0" "tau1.0" "CUR_wp1015" "time_limit" cycles=160
[INFO] [1791269694.918400854] [upper_planner_node]: planner state input: Odometry topic=/motive/vehicle/odom_map yaw=orientation.z scalar
[INFO] [1791269694.921528261] [upper_planner_node]: Egocentric MIQP planner ready: rate=2.00Hz pred_dt=0.750s Nmax=7 lower_dt=0.100s target_v=6.000m/s scale=fullscale wheelbase=2.80m length=4.70m bev=40.00m margin=2.00m state=odom grid=/bev/occupancy_grid sparse=/planner/upper_path_sparse dense=/planner/lower_reference_path
[INFO] [1791269694.921669159] [upper_planner_node]: upper branch model: cumulative_increment=1 turn_window_at_split=1 turn_target_absolute=1 split_continuity=6.75m r_dpsi=2.000 lambda_turn=0.600
[INFO] [1791269694.930922351] [lower_tracking_mpc_node]: LowerTrackingMpcNode ready: rate=10.00Hz dt=0.100s N=30 path=/planner/lower_reference_path scale=fullscale wheelbase=2.80m rear_offset=1.40m command_scale=0.350rad actuator_model=1 delay=0.00s tau=0.74s backend=disabled virtual=/cmd_control
"replica_east(scenario1)_off+0.8_yaw+3" "tau0.74_noise2" "V0_validated" "time_limit" cycles=160
[INFO] [1791269695.027986823] [upper_planner_node]: planner state input: Odometry topic=/motive/vehicle/odom_map yaw=orientation.z scalar
[INFO] [1791269695.031023252] [upper_planner_node]: Egocentric MIQP planner ready: rate=2.00Hz pred_dt=0.750s Nmax=7 lower_dt=0.100s target_v=6.000m/s scale=fullscale wheelbase=2.80m length=4.70m bev=40.00m margin=2.00m state=odom grid=/bev/occupancy_grid sparse=/planner/upper_path_sparse dense=/planner/lower_reference_path
[INFO] [1791269695.031151701] [upper_planner_node]: upper branch model: cumulative_increment=1 turn_window_at_split=1 turn_target_absolute=1 split_continuity=6.75m r_dpsi=2.000 lambda_turn=0.600
[INFO] [1791269695.039808085] [lower_tracking_mpc_node]: LowerTrackingMpcNode ready: rate=10.00Hz dt=0.100s N=30 path=/planner/lower_reference_path scale=fullscale wheelbase=2.80m rear_offset=1.40m command_scale=0.350rad actuator_model=1 delay=0.00s tau=0.74s backend=disabled virtual=/cmd_control
"replica_east(scenario1)_off+0.8_yaw+3" "tau0.74_noise2" "CUR" "time_limit" cycles=160
[INFO] [1791269695.153436481] [upper_planner_node]: planner state input: Odometry topic=/motive/vehicle/odom_map yaw=orientation.z scalar
[INFO] [1791269695.157677823] [upper_planner_node]: Egocentric MIQP planner ready: rate=2.00Hz pred_dt=0.750s Nmax=7 lower_dt=0.100s target_v=6.000m/s scale=fullscale wheelbase=2.80m length=4.70m bev=40.00m margin=2.00m state=odom grid=/bev/occupancy_grid sparse=/planner/upper_path_sparse dense=/planner/lower_reference_path
[INFO] [1791269695.157826721] [upper_planner_node]: upper branch model: cumulative_increment=1 turn_window_at_split=1 turn_target_absolute=1 split_continuity=6.75m r_dpsi=2.000 lambda_turn=0.600
[INFO] [1791269695.166886631] [lower_tracking_mpc_node]: LowerTrackingMpcNode ready: rate=10.00Hz dt=0.100s N=30 path=/planner/lower_reference_path scale=fullscale wheelbase=2.80m rear_offset=1.40m command_scale=0.350rad actuator_model=1 delay=0.00s tau=0.74s backend=disabled virtual=/cmd_control
"replica_east(scenario1)_off+0.8_yaw+3" "tau0.74_noise2" "CUR_soft07" "time_limit" cycles=160
[INFO] [1791269695.282316141] [upper_planner_node]: planner state input: Odometry topic=/motive/vehicle/odom_map yaw=orientation.z scalar
[INFO] [1791269695.285396666] [upper_planner_node]: Egocentric MIQP planner ready: rate=2.00Hz pred_dt=0.750s Nmax=7 lower_dt=0.100s target_v=6.000m/s scale=fullscale wheelbase=2.80m length=4.70m bev=40.00m margin=2.00m state=odom grid=/bev/occupancy_grid sparse=/planner/upper_path_sparse dense=/planner/lower_reference_path
[INFO] [1791269695.285547709] [upper_planner_node]: upper branch model: cumulative_increment=1 turn_window_at_split=1 turn_target_absolute=1 split_continuity=6.75m r_dpsi=2.000 lambda_turn=0.600
[INFO] [1791269695.294626914] [lower_tracking_mpc_node]: LowerTrackingMpcNode ready: rate=10.00Hz dt=0.100s N=30 path=/planner/lower_reference_path scale=fullscale wheelbase=2.80m rear_offset=1.40m command_scale=0.350rad actuator_model=1 delay=0.00s tau=0.74s backend=disabled virtual=/cmd_control
"replica_east(scenario1)_off+0.8_yaw+3" "tau0.74_noise2" "CUR_r3" "time_limit" cycles=160
[INFO] [1791269695.406437587] [upper_planner_node]: planner state input: Odometry topic=/motive/vehicle/odom_map yaw=orientation.z scalar
[INFO] [1791269695.409527265] [upper_planner_node]: Egocentric MIQP planner ready: rate=2.00Hz pred_dt=0.750s Nmax=7 lower_dt=0.100s target_v=6.000m/s scale=fullscale wheelbase=2.80m length=4.70m bev=40.00m margin=2.00m state=odom grid=/bev/occupancy_grid sparse=/planner/upper_path_sparse dense=/planner/lower_reference_path
[INFO] [1791269695.409681219] [upper_planner_node]: upper branch model: cumulative_increment=1 turn_window_at_split=1 turn_target_absolute=1 split_continuity=6.75m r_dpsi=2.000 lambda_turn=0.600
[INFO] [1791269695.418695656] [lower_tracking_mpc_node]: LowerTrackingMpcNode ready: rate=10.00Hz dt=0.100s N=30 path=/planner/lower_reference_path scale=fullscale wheelbase=2.80m rear_offset=1.40m command_scale=0.350rad actuator_model=1 delay=0.00s tau=0.74s backend=disabled virtual=/cmd_control
"replica_east(scenario1)_off+0.8_yaw+3" "tau0.74_noise2" "CUR_1hz" "time_limit" cycles=160
[INFO] [1791269695.511563777] [upper_planner_node]: planner state input: Odometry topic=/motive/vehicle/odom_map yaw=orientation.z scalar
[INFO] [1791269695.515341273] [upper_planner_node]: Egocentric MIQP planner ready: rate=2.00Hz pred_dt=0.750s Nmax=7 lower_dt=0.100s target_v=6.000m/s scale=fullscale wheelbase=2.80m length=4.70m bev=40.00m margin=2.00m state=odom grid=/bev/occupancy_grid sparse=/planner/upper_path_sparse dense=/planner/lower_reference_path
[INFO] [1791269695.515488507] [upper_planner_node]: upper branch model: cumulative_increment=1 turn_window_at_split=1 turn_target_absolute=1 split_continuity=6.75m r_dpsi=2.000 lambda_turn=0.600
[INFO] [1791269695.524284349] [lower_tracking_mpc_node]: LowerTrackingMpcNode ready: rate=10.00Hz dt=0.100s N=30 path=/planner/lower_reference_path scale=fullscale wheelbase=2.80m rear_offset=1.40m command_scale=0.350rad actuator_model=1 delay=0.00s tau=0.74s backend=disabled virtual=/cmd_control
"replica_east(scenario1)_off+0.8_yaw+3" "tau0.74_noise2" "CUR_wp1015" "time_limit" cycles=160
[INFO] [1791269695.634556407] [upper_planner_node]: planner state input: Odometry topic=/motive/vehicle/odom_map yaw=orientation.z scalar
[INFO] [1791269695.637523491] [upper_planner_node]: Egocentric MIQP planner ready: rate=2.00Hz pred_dt=0.750s Nmax=7 lower_dt=0.100s target_v=6.000m/s scale=fullscale wheelbase=2.80m length=4.70m bev=40.00m margin=2.00m state=odom grid=/bev/occupancy_grid sparse=/planner/upper_path_sparse dense=/planner/lower_reference_path
[INFO] [1791269695.637766438] [upper_planner_node]: upper branch model: cumulative_increment=1 turn_window_at_split=1 turn_target_absolute=1 split_continuity=6.75m r_dpsi=2.000 lambda_turn=0.600
[INFO] [1791269695.646778411] [lower_tracking_mpc_node]: LowerTrackingMpcNode ready: rate=10.00Hz dt=0.100s N=30 path=/planner/lower_reference_path scale=fullscale wheelbase=2.80m rear_offset=1.40m command_scale=0.350rad actuator_model=1 delay=0.00s tau=0.74s backend=disabled virtual=/cmd_control
"replica_east(scenario1)_off+0.8_yaw+3" "tau0.5" "V0_validated" "time_limit" cycles=160
[INFO] [1791269695.747189492] [upper_planner_node]: planner state input: Odometry topic=/motive/vehicle/odom_map yaw=orientation.z scalar
[INFO] [1791269695.750038014] [upper_planner_node]: Egocentric MIQP planner ready: rate=2.00Hz pred_dt=0.750s Nmax=7 lower_dt=0.100s target_v=6.000m/s scale=fullscale wheelbase=2.80m length=4.70m bev=40.00m margin=2.00m state=odom grid=/bev/occupancy_grid sparse=/planner/upper_path_sparse dense=/planner/lower_reference_path
[INFO] [1791269695.750169408] [upper_planner_node]: upper branch model: cumulative_increment=1 turn_window_at_split=1 turn_target_absolute=1 split_continuity=6.75m r_dpsi=2.000 lambda_turn=0.600
[INFO] [1791269695.758994658] [lower_tracking_mpc_node]: LowerTrackingMpcNode ready: rate=10.00Hz dt=0.100s N=30 path=/planner/lower_reference_path scale=fullscale wheelbase=2.80m rear_offset=1.40m command_scale=0.350rad actuator_model=1 delay=0.00s tau=0.74s backend=disabled virtual=/cmd_control
"replica_east(scenario1)_off+0.8_yaw+3" "tau0.5" "CUR" "time_limit" cycles=160
[INFO] [1791269695.871961283] [upper_planner_node]: planner state input: Odometry topic=/motive/vehicle/odom_map yaw=orientation.z scalar
[INFO] [1791269695.874998160] [upper_planner_node]: Egocentric MIQP planner ready: rate=2.00Hz pred_dt=0.750s Nmax=7 lower_dt=0.100s target_v=6.000m/s scale=fullscale wheelbase=2.80m length=4.70m bev=40.00m margin=2.00m state=odom grid=/bev/occupancy_grid sparse=/planner/upper_path_sparse dense=/planner/lower_reference_path
[INFO] [1791269695.875152755] [upper_planner_node]: upper branch model: cumulative_increment=1 turn_window_at_split=1 turn_target_absolute=1 split_continuity=6.75m r_dpsi=2.000 lambda_turn=0.600
[INFO] [1791269695.883954036] [lower_tracking_mpc_node]: LowerTrackingMpcNode ready: rate=10.00Hz dt=0.100s N=30 path=/planner/lower_reference_path scale=fullscale wheelbase=2.80m rear_offset=1.40m command_scale=0.350rad actuator_model=1 delay=0.00s tau=0.74s backend=disabled virtual=/cmd_control
"replica_east(scenario1)_off+0.8_yaw+3" "tau0.5" "CUR_soft07" "time_limit" cycles=160
[INFO] [1791269695.997751906] [upper_planner_node]: planner state input: Odometry topic=/motive/vehicle/odom_map yaw=orientation.z scalar
[INFO] [1791269696.000749679] [upper_planner_node]: Egocentric MIQP planner ready: rate=2.00Hz pred_dt=0.750s Nmax=7 lower_dt=0.100s target_v=6.000m/s scale=fullscale wheelbase=2.80m length=4.70m bev=40.00m margin=2.00m state=odom grid=/bev/occupancy_grid sparse=/planner/upper_path_sparse dense=/planner/lower_reference_path
[INFO] [1791269696.000922865] [upper_planner_node]: upper branch model: cumulative_increment=1 turn_window_at_split=1 turn_target_absolute=1 split_continuity=6.75m r_dpsi=2.000 lambda_turn=0.600
[INFO] [1791269696.009722643] [lower_tracking_mpc_node]: LowerTrackingMpcNode ready: rate=10.00Hz dt=0.100s N=30 path=/planner/lower_reference_path scale=fullscale wheelbase=2.80m rear_offset=1.40m command_scale=0.350rad actuator_model=1 delay=0.00s tau=0.74s backend=disabled virtual=/cmd_control
"replica_east(scenario1)_off+0.8_yaw+3" "tau0.5" "CUR_r3" "time_limit" cycles=160
[INFO] [1791269696.120710903] [upper_planner_node]: planner state input: Odometry topic=/motive/vehicle/odom_map yaw=orientation.z scalar
[INFO] [1791269696.123724579] [upper_planner_node]: Egocentric MIQP planner ready: rate=2.00Hz pred_dt=0.750s Nmax=7 lower_dt=0.100s target_v=6.000m/s scale=fullscale wheelbase=2.80m length=4.70m bev=40.00m margin=2.00m state=odom grid=/bev/occupancy_grid sparse=/planner/upper_path_sparse dense=/planner/lower_reference_path
[INFO] [1791269696.123873861] [upper_planner_node]: upper branch model: cumulative_increment=1 turn_window_at_split=1 turn_target_absolute=1 split_continuity=6.75m r_dpsi=2.000 lambda_turn=0.600
[INFO] [1791269696.132847562] [lower_tracking_mpc_node]: LowerTrackingMpcNode ready: rate=10.00Hz dt=0.100s N=30 path=/planner/lower_reference_path scale=fullscale wheelbase=2.80m rear_offset=1.40m command_scale=0.350rad actuator_model=1 delay=0.00s tau=0.74s backend=disabled virtual=/cmd_control
"replica_east(scenario1)_off+0.8_yaw+3" "tau0.5" "CUR_1hz" "time_limit" cycles=160
[INFO] [1791269696.228447595] [upper_planner_node]: planner state input: Odometry topic=/motive/vehicle/odom_map yaw=orientation.z scalar
[INFO] [1791269696.231379190] [upper_planner_node]: Egocentric MIQP planner ready: rate=2.00Hz pred_dt=0.750s Nmax=7 lower_dt=0.100s target_v=6.000m/s scale=fullscale wheelbase=2.80m length=4.70m bev=40.00m margin=2.00m state=odom grid=/bev/occupancy_grid sparse=/planner/upper_path_sparse dense=/planner/lower_reference_path
[INFO] [1791269696.231524376] [upper_planner_node]: upper branch model: cumulative_increment=1 turn_window_at_split=1 turn_target_absolute=1 split_continuity=6.75m r_dpsi=2.000 lambda_turn=0.600
[INFO] [1791269696.240350234] [lower_tracking_mpc_node]: LowerTrackingMpcNode ready: rate=10.00Hz dt=0.100s N=30 path=/planner/lower_reference_path scale=fullscale wheelbase=2.80m rear_offset=1.40m command_scale=0.350rad actuator_model=1 delay=0.00s tau=0.74s backend=disabled virtual=/cmd_control
"replica_east(scenario1)_off+0.8_yaw+3" "tau0.5" "CUR_wp1015" "time_limit" cycles=160
[INFO] [1791269696.352350541] [upper_planner_node]: planner state input: Odometry topic=/motive/vehicle/odom_map yaw=orientation.z scalar
[INFO] [1791269696.355335609] [upper_planner_node]: Egocentric MIQP planner ready: rate=2.00Hz pred_dt=0.750s Nmax=7 lower_dt=0.100s target_v=6.000m/s scale=fullscale wheelbase=2.80m length=4.70m bev=40.00m margin=2.00m state=odom grid=/bev/occupancy_grid sparse=/planner/upper_path_sparse dense=/planner/lower_reference_path
[INFO] [1791269696.355489980] [upper_planner_node]: upper branch model: cumulative_increment=1 turn_window_at_split=1 turn_target_absolute=1 split_continuity=6.75m r_dpsi=2.000 lambda_turn=0.600
[INFO] [1791269696.364315454] [lower_tracking_mpc_node]: LowerTrackingMpcNode ready: rate=10.00Hz dt=0.100s N=30 path=/planner/lower_reference_path scale=fullscale wheelbase=2.80m rear_offset=1.40m command_scale=0.350rad actuator_model=1 delay=0.00s tau=0.74s backend=disabled virtual=/cmd_control
"replica_east(scenario1)_off+0.8_yaw+3" "tau1.0" "V0_validated" "time_limit" cycles=160
[INFO] [1791269696.462131936] [upper_planner_node]: planner state input: Odometry topic=/motive/vehicle/odom_map yaw=orientation.z scalar
[INFO] [1791269696.465211501] [upper_planner_node]: Egocentric MIQP planner ready: rate=2.00Hz pred_dt=0.750s Nmax=7 lower_dt=0.100s target_v=6.000m/s scale=fullscale wheelbase=2.80m length=4.70m bev=40.00m margin=2.00m state=odom grid=/bev/occupancy_grid sparse=/planner/upper_path_sparse dense=/planner/lower_reference_path
[INFO] [1791269696.465360783] [upper_planner_node]: upper branch model: cumulative_increment=1 turn_window_at_split=1 turn_target_absolute=1 split_continuity=6.75m r_dpsi=2.000 lambda_turn=0.600
[INFO] [1791269696.474379924] [lower_tracking_mpc_node]: LowerTrackingMpcNode ready: rate=10.00Hz dt=0.100s N=30 path=/planner/lower_reference_path scale=fullscale wheelbase=2.80m rear_offset=1.40m command_scale=0.350rad actuator_model=1 delay=0.00s tau=0.74s backend=disabled virtual=/cmd_control
"replica_east(scenario1)_off+0.8_yaw+3" "tau1.0" "CUR" "time_limit" cycles=160
[INFO] [1791269696.590483844] [upper_planner_node]: planner state input: Odometry topic=/motive/vehicle/odom_map yaw=orientation.z scalar
[INFO] [1791269696.593478992] [upper_planner_node]: Egocentric MIQP planner ready: rate=2.00Hz pred_dt=0.750s Nmax=7 lower_dt=0.100s target_v=6.000m/s scale=fullscale wheelbase=2.80m length=4.70m bev=40.00m margin=2.00m state=odom grid=/bev/occupancy_grid sparse=/planner/upper_path_sparse dense=/planner/lower_reference_path
[INFO] [1791269696.593630738] [upper_planner_node]: upper branch model: cumulative_increment=1 turn_window_at_split=1 turn_target_absolute=1 split_continuity=6.75m r_dpsi=2.000 lambda_turn=0.600
[INFO] [1791269696.602615190] [lower_tracking_mpc_node]: LowerTrackingMpcNode ready: rate=10.00Hz dt=0.100s N=30 path=/planner/lower_reference_path scale=fullscale wheelbase=2.80m rear_offset=1.40m command_scale=0.350rad actuator_model=1 delay=0.00s tau=0.74s backend=disabled virtual=/cmd_control
"replica_east(scenario1)_off+0.8_yaw+3" "tau1.0" "CUR_soft07" "time_limit" cycles=160
[INFO] [1791269696.720471328] [upper_planner_node]: planner state input: Odometry topic=/motive/vehicle/odom_map yaw=orientation.z scalar
[INFO] [1791269696.723399019] [upper_planner_node]: Egocentric MIQP planner ready: rate=2.00Hz pred_dt=0.750s Nmax=7 lower_dt=0.100s target_v=6.000m/s scale=fullscale wheelbase=2.80m length=4.70m bev=40.00m margin=2.00m state=odom grid=/bev/occupancy_grid sparse=/planner/upper_path_sparse dense=/planner/lower_reference_path
[INFO] [1791269696.723542925] [upper_planner_node]: upper branch model: cumulative_increment=1 turn_window_at_split=1 turn_target_absolute=1 split_continuity=6.75m r_dpsi=2.000 lambda_turn=0.600
[INFO] [1791269696.732405680] [lower_tracking_mpc_node]: LowerTrackingMpcNode ready: rate=10.00Hz dt=0.100s N=30 path=/planner/lower_reference_path scale=fullscale wheelbase=2.80m rear_offset=1.40m command_scale=0.350rad actuator_model=1 delay=0.00s tau=0.74s backend=disabled virtual=/cmd_control
"replica_east(scenario1)_off+0.8_yaw+3" "tau1.0" "CUR_r3" "time_limit" cycles=160
[INFO] [1791269696.843836250] [upper_planner_node]: planner state input: Odometry topic=/motive/vehicle/odom_map yaw=orientation.z scalar
[INFO] [1791269696.846709476] [upper_planner_node]: Egocentric MIQP planner ready: rate=2.00Hz pred_dt=0.750s Nmax=7 lower_dt=0.100s target_v=6.000m/s scale=fullscale wheelbase=2.80m length=4.70m bev=40.00m margin=2.00m state=odom grid=/bev/occupancy_grid sparse=/planner/upper_path_sparse dense=/planner/lower_reference_path
[INFO] [1791269696.846846887] [upper_planner_node]: upper branch model: cumulative_increment=1 turn_window_at_split=1 turn_target_absolute=1 split_continuity=6.75m r_dpsi=2.000 lambda_turn=0.600
[INFO] [1791269696.855739722] [lower_tracking_mpc_node]: LowerTrackingMpcNode ready: rate=10.00Hz dt=0.100s N=30 path=/planner/lower_reference_path scale=fullscale wheelbase=2.80m rear_offset=1.40m command_scale=0.350rad actuator_model=1 delay=0.00s tau=0.74s backend=disabled virtual=/cmd_control
"replica_east(scenario1)_off+0.8_yaw+3" "tau1.0" "CUR_1hz" "time_limit" cycles=160
[INFO] [1791269696.949613137] [upper_planner_node]: planner state input: Odometry topic=/motive/vehicle/odom_map yaw=orientation.z scalar
[INFO] [1791269696.952572253] [upper_planner_node]: Egocentric MIQP planner ready: rate=2.00Hz pred_dt=0.750s Nmax=7 lower_dt=0.100s target_v=6.000m/s scale=fullscale wheelbase=2.80m length=4.70m bev=40.00m margin=2.00m state=odom grid=/bev/occupancy_grid sparse=/planner/upper_path_sparse dense=/planner/lower_reference_path
[INFO] [1791269696.952714975] [upper_planner_node]: upper branch model: cumulative_increment=1 turn_window_at_split=1 turn_target_absolute=1 split_continuity=6.75m r_dpsi=2.000 lambda_turn=0.600
[INFO] [1791269696.961667203] [lower_tracking_mpc_node]: LowerTrackingMpcNode ready: rate=10.00Hz dt=0.100s N=30 path=/planner/lower_reference_path scale=fullscale wheelbase=2.80m rear_offset=1.40m command_scale=0.350rad actuator_model=1 delay=0.00s tau=0.74s backend=disabled virtual=/cmd_control
"replica_east(scenario1)_off+0.8_yaw+3" "tau1.0" "CUR_wp1015" "time_limit" cycles=160
[INFO] [1791269697.077466990] [upper_planner_node]: planner state input: Odometry topic=/motive/vehicle/odom_map yaw=orientation.z scalar
[INFO] [1791269697.080609820] [upper_planner_node]: Egocentric MIQP planner ready: rate=2.00Hz pred_dt=0.750s Nmax=7 lower_dt=0.100s target_v=6.000m/s scale=fullscale wheelbase=2.80m length=4.70m bev=40.00m margin=2.00m state=odom grid=/bev/occupancy_grid sparse=/planner/upper_path_sparse dense=/planner/lower_reference_path
[INFO] [1791269697.080770270] [upper_planner_node]: upper branch model: cumulative_increment=1 turn_window_at_split=1 turn_target_absolute=1 split_continuity=6.75m r_dpsi=2.000 lambda_turn=0.600
[INFO] [1791269697.089635041] [lower_tracking_mpc_node]: LowerTrackingMpcNode ready: rate=10.00Hz dt=0.100s N=30 path=/planner/lower_reference_path scale=fullscale wheelbase=2.80m rear_offset=1.40m command_scale=0.350rad actuator_model=1 delay=0.00s tau=0.74s backend=disabled virtual=/cmd_control
"replica_east(scenario1)_off-0.8_yaw-3" "tau0.74_noise2" "V0_validated" "time_limit" cycles=160
[INFO] [1791269697.187174206] [upper_planner_node]: planner state input: Odometry topic=/motive/vehicle/odom_map yaw=orientation.z scalar
[INFO] [1791269697.190119402] [upper_planner_node]: Egocentric MIQP planner ready: rate=2.00Hz pred_dt=0.750s Nmax=7 lower_dt=0.100s target_v=6.000m/s scale=fullscale wheelbase=2.80m length=4.70m bev=40.00m margin=2.00m state=odom grid=/bev/occupancy_grid sparse=/planner/upper_path_sparse dense=/planner/lower_reference_path
[INFO] [1791269697.190254380] [upper_planner_node]: upper branch model: cumulative_increment=1 turn_window_at_split=1 turn_target_absolute=1 split_continuity=6.75m r_dpsi=2.000 lambda_turn=0.600
[INFO] [1791269697.199216016] [lower_tracking_mpc_node]: LowerTrackingMpcNode ready: rate=10.00Hz dt=0.100s N=30 path=/planner/lower_reference_path scale=fullscale wheelbase=2.80m rear_offset=1.40m command_scale=0.350rad actuator_model=1 delay=0.00s tau=0.74s backend=disabled virtual=/cmd_control
"replica_east(scenario1)_off-0.8_yaw-3" "tau0.74_noise2" "CUR" "time_limit" cycles=160
[INFO] [1791269697.314826391] [upper_planner_node]: planner state input: Odometry topic=/motive/vehicle/odom_map yaw=orientation.z scalar
[INFO] [1791269697.317818723] [upper_planner_node]: Egocentric MIQP planner ready: rate=2.00Hz pred_dt=0.750s Nmax=7 lower_dt=0.100s target_v=6.000m/s scale=fullscale wheelbase=2.80m length=4.70m bev=40.00m margin=2.00m state=odom grid=/bev/occupancy_grid sparse=/planner/upper_path_sparse dense=/planner/lower_reference_path
[INFO] [1791269697.317977958] [upper_planner_node]: upper branch model: cumulative_increment=1 turn_window_at_split=1 turn_target_absolute=1 split_continuity=6.75m r_dpsi=2.000 lambda_turn=0.600
[INFO] [1791269697.327360592] [lower_tracking_mpc_node]: LowerTrackingMpcNode ready: rate=10.00Hz dt=0.100s N=30 path=/planner/lower_reference_path scale=fullscale wheelbase=2.80m rear_offset=1.40m command_scale=0.350rad actuator_model=1 delay=0.00s tau=0.74s backend=disabled virtual=/cmd_control
"replica_east(scenario1)_off-0.8_yaw-3" "tau0.74_noise2" "CUR_soft07" "time_limit" cycles=160
[INFO] [1791269697.441445345] [upper_planner_node]: planner state input: Odometry topic=/motive/vehicle/odom_map yaw=orientation.z scalar
[INFO] [1791269697.444465422] [upper_planner_node]: Egocentric MIQP planner ready: rate=2.00Hz pred_dt=0.750s Nmax=7 lower_dt=0.100s target_v=6.000m/s scale=fullscale wheelbase=2.80m length=4.70m bev=40.00m margin=2.00m state=odom grid=/bev/occupancy_grid sparse=/planner/upper_path_sparse dense=/planner/lower_reference_path
[INFO] [1791269697.444641296] [upper_planner_node]: upper branch model: cumulative_increment=1 turn_window_at_split=1 turn_target_absolute=1 split_continuity=6.75m r_dpsi=2.000 lambda_turn=0.600
[INFO] [1791269697.453573460] [lower_tracking_mpc_node]: LowerTrackingMpcNode ready: rate=10.00Hz dt=0.100s N=30 path=/planner/lower_reference_path scale=fullscale wheelbase=2.80m rear_offset=1.40m command_scale=0.350rad actuator_model=1 delay=0.00s tau=0.74s backend=disabled virtual=/cmd_control
"replica_east(scenario1)_off-0.8_yaw-3" "tau0.74_noise2" "CUR_r3" "time_limit" cycles=160
[INFO] [1791269697.569182939] [upper_planner_node]: planner state input: Odometry topic=/motive/vehicle/odom_map yaw=orientation.z scalar
[INFO] [1791269697.572238920] [upper_planner_node]: Egocentric MIQP planner ready: rate=2.00Hz pred_dt=0.750s Nmax=7 lower_dt=0.100s target_v=6.000m/s scale=fullscale wheelbase=2.80m length=4.70m bev=40.00m margin=2.00m state=odom grid=/bev/occupancy_grid sparse=/planner/upper_path_sparse dense=/planner/lower_reference_path
[INFO] [1791269697.572390891] [upper_planner_node]: upper branch model: cumulative_increment=1 turn_window_at_split=1 turn_target_absolute=1 split_continuity=6.75m r_dpsi=2.000 lambda_turn=0.600
[INFO] [1791269697.581463056] [lower_tracking_mpc_node]: LowerTrackingMpcNode ready: rate=10.00Hz dt=0.100s N=30 path=/planner/lower_reference_path scale=fullscale wheelbase=2.80m rear_offset=1.40m command_scale=0.350rad actuator_model=1 delay=0.00s tau=0.74s backend=disabled virtual=/cmd_control
"replica_east(scenario1)_off-0.8_yaw-3" "tau0.74_noise2" "CUR_1hz" "time_limit" cycles=160
[INFO] [1791269697.678892876] [upper_planner_node]: planner state input: Odometry topic=/motive/vehicle/odom_map yaw=orientation.z scalar
[INFO] [1791269697.681812407] [upper_planner_node]: Egocentric MIQP planner ready: rate=2.00Hz pred_dt=0.750s Nmax=7 lower_dt=0.100s target_v=6.000m/s scale=fullscale wheelbase=2.80m length=4.70m bev=40.00m margin=2.00m state=odom grid=/bev/occupancy_grid sparse=/planner/upper_path_sparse dense=/planner/lower_reference_path
[INFO] [1791269697.682038778] [upper_planner_node]: upper branch model: cumulative_increment=1 turn_window_at_split=1 turn_target_absolute=1 split_continuity=6.75m r_dpsi=2.000 lambda_turn=0.600
[INFO] [1791269697.691134752] [lower_tracking_mpc_node]: LowerTrackingMpcNode ready: rate=10.00Hz dt=0.100s N=30 path=/planner/lower_reference_path scale=fullscale wheelbase=2.80m rear_offset=1.40m command_scale=0.350rad actuator_model=1 delay=0.00s tau=0.74s backend=disabled virtual=/cmd_control
"replica_east(scenario1)_off-0.8_yaw-3" "tau0.74_noise2" "CUR_wp1015" "time_limit" cycles=160
[INFO] [1791269697.805181745] [upper_planner_node]: planner state input: Odometry topic=/motive/vehicle/odom_map yaw=orientation.z scalar
[INFO] [1791269697.808474114] [upper_planner_node]: Egocentric MIQP planner ready: rate=2.00Hz pred_dt=0.750s Nmax=7 lower_dt=0.100s target_v=6.000m/s scale=fullscale wheelbase=2.80m length=4.70m bev=40.00m margin=2.00m state=odom grid=/bev/occupancy_grid sparse=/planner/upper_path_sparse dense=/planner/lower_reference_path
[INFO] [1791269697.808636900] [upper_planner_node]: upper branch model: cumulative_increment=1 turn_window_at_split=1 turn_target_absolute=1 split_continuity=6.75m r_dpsi=2.000 lambda_turn=0.600
[INFO] [1791269697.817303364] [lower_tracking_mpc_node]: LowerTrackingMpcNode ready: rate=10.00Hz dt=0.100s N=30 path=/planner/lower_reference_path scale=fullscale wheelbase=2.80m rear_offset=1.40m command_scale=0.350rad actuator_model=1 delay=0.00s tau=0.74s backend=disabled virtual=/cmd_control
"replica_east(scenario1)_off-0.8_yaw-3" "tau0.5" "V0_validated" "time_limit" cycles=160
[INFO] [1791269697.912959269] [upper_planner_node]: planner state input: Odometry topic=/motive/vehicle/odom_map yaw=orientation.z scalar
[INFO] [1791269697.916030450] [upper_planner_node]: Egocentric MIQP planner ready: rate=2.00Hz pred_dt=0.750s Nmax=7 lower_dt=0.100s target_v=6.000m/s scale=fullscale wheelbase=2.80m length=4.70m bev=40.00m margin=2.00m state=odom grid=/bev/occupancy_grid sparse=/planner/upper_path_sparse dense=/planner/lower_reference_path
[INFO] [1791269697.916171925] [upper_planner_node]: upper branch model: cumulative_increment=1 turn_window_at_split=1 turn_target_absolute=1 split_continuity=6.75m r_dpsi=2.000 lambda_turn=0.600
[INFO] [1791269697.924804372] [lower_tracking_mpc_node]: LowerTrackingMpcNode ready: rate=10.00Hz dt=0.100s N=30 path=/planner/lower_reference_path scale=fullscale wheelbase=2.80m rear_offset=1.40m command_scale=0.350rad actuator_model=1 delay=0.00s tau=0.74s backend=disabled virtual=/cmd_control
"replica_east(scenario1)_off-0.8_yaw-3" "tau0.5" "CUR" "time_limit" cycles=160
[INFO] [1791269698.042789726] [upper_planner_node]: planner state input: Odometry topic=/motive/vehicle/odom_map yaw=orientation.z scalar
[INFO] [1791269698.045826699] [upper_planner_node]: Egocentric MIQP planner ready: rate=2.00Hz pred_dt=0.750s Nmax=7 lower_dt=0.100s target_v=6.000m/s scale=fullscale wheelbase=2.80m length=4.70m bev=40.00m margin=2.00m state=odom grid=/bev/occupancy_grid sparse=/planner/upper_path_sparse dense=/planner/lower_reference_path
[INFO] [1791269698.045964077] [upper_planner_node]: upper branch model: cumulative_increment=1 turn_window_at_split=1 turn_target_absolute=1 split_continuity=6.75m r_dpsi=2.000 lambda_turn=0.600
[INFO] [1791269698.055290582] [lower_tracking_mpc_node]: LowerTrackingMpcNode ready: rate=10.00Hz dt=0.100s N=30 path=/planner/lower_reference_path scale=fullscale wheelbase=2.80m rear_offset=1.40m command_scale=0.350rad actuator_model=1 delay=0.00s tau=0.74s backend=disabled virtual=/cmd_control
"replica_east(scenario1)_off-0.8_yaw-3" "tau0.5" "CUR_soft07" "time_limit" cycles=160
[INFO] [1791269698.168842911] [upper_planner_node]: planner state input: Odometry topic=/motive/vehicle/odom_map yaw=orientation.z scalar
[INFO] [1791269698.171848491] [upper_planner_node]: Egocentric MIQP planner ready: rate=2.00Hz pred_dt=0.750s Nmax=7 lower_dt=0.100s target_v=6.000m/s scale=fullscale wheelbase=2.80m length=4.70m bev=40.00m margin=2.00m state=odom grid=/bev/occupancy_grid sparse=/planner/upper_path_sparse dense=/planner/lower_reference_path
[INFO] [1791269698.172002606] [upper_planner_node]: upper branch model: cumulative_increment=1 turn_window_at_split=1 turn_target_absolute=1 split_continuity=6.75m r_dpsi=2.000 lambda_turn=0.600
[INFO] [1791269698.180960626] [lower_tracking_mpc_node]: LowerTrackingMpcNode ready: rate=10.00Hz dt=0.100s N=30 path=/planner/lower_reference_path scale=fullscale wheelbase=2.80m rear_offset=1.40m command_scale=0.350rad actuator_model=1 delay=0.00s tau=0.74s backend=disabled virtual=/cmd_control
"replica_east(scenario1)_off-0.8_yaw-3" "tau0.5" "CUR_r3" "time_limit" cycles=160
[INFO] [1791269698.296589177] [upper_planner_node]: planner state input: Odometry topic=/motive/vehicle/odom_map yaw=orientation.z scalar
[INFO] [1791269698.299489604] [upper_planner_node]: Egocentric MIQP planner ready: rate=2.00Hz pred_dt=0.750s Nmax=7 lower_dt=0.100s target_v=6.000m/s scale=fullscale wheelbase=2.80m length=4.70m bev=40.00m margin=2.00m state=odom grid=/bev/occupancy_grid sparse=/planner/upper_path_sparse dense=/planner/lower_reference_path
[INFO] [1791269698.299624102] [upper_planner_node]: upper branch model: cumulative_increment=1 turn_window_at_split=1 turn_target_absolute=1 split_continuity=6.75m r_dpsi=2.000 lambda_turn=0.600
[INFO] [1791269698.308472392] [lower_tracking_mpc_node]: LowerTrackingMpcNode ready: rate=10.00Hz dt=0.100s N=30 path=/planner/lower_reference_path scale=fullscale wheelbase=2.80m rear_offset=1.40m command_scale=0.350rad actuator_model=1 delay=0.00s tau=0.74s backend=disabled virtual=/cmd_control
"replica_east(scenario1)_off-0.8_yaw-3" "tau0.5" "CUR_1hz" "time_limit" cycles=160
[INFO] [1791269698.408746477] [upper_planner_node]: planner state input: Odometry topic=/motive/vehicle/odom_map yaw=orientation.z scalar
[INFO] [1791269698.411723353] [upper_planner_node]: Egocentric MIQP planner ready: rate=2.00Hz pred_dt=0.750s Nmax=7 lower_dt=0.100s target_v=6.000m/s scale=fullscale wheelbase=2.80m length=4.70m bev=40.00m margin=2.00m state=odom grid=/bev/occupancy_grid sparse=/planner/upper_path_sparse dense=/planner/lower_reference_path
[INFO] [1791269698.411892827] [upper_planner_node]: upper branch model: cumulative_increment=1 turn_window_at_split=1 turn_target_absolute=1 split_continuity=6.75m r_dpsi=2.000 lambda_turn=0.600
[INFO] [1791269698.420981985] [lower_tracking_mpc_node]: LowerTrackingMpcNode ready: rate=10.00Hz dt=0.100s N=30 path=/planner/lower_reference_path scale=fullscale wheelbase=2.80m rear_offset=1.40m command_scale=0.350rad actuator_model=1 delay=0.00s tau=0.74s backend=disabled virtual=/cmd_control
"replica_east(scenario1)_off-0.8_yaw-3" "tau0.5" "CUR_wp1015" "time_limit" cycles=160
[INFO] [1791269698.535589754] [upper_planner_node]: planner state input: Odometry topic=/motive/vehicle/odom_map yaw=orientation.z scalar
[INFO] [1791269698.538473924] [upper_planner_node]: Egocentric MIQP planner ready: rate=2.00Hz pred_dt=0.750s Nmax=7 lower_dt=0.100s target_v=6.000m/s scale=fullscale wheelbase=2.80m length=4.70m bev=40.00m margin=2.00m state=odom grid=/bev/occupancy_grid sparse=/planner/upper_path_sparse dense=/planner/lower_reference_path
[INFO] [1791269698.538622854] [upper_planner_node]: upper branch model: cumulative_increment=1 turn_window_at_split=1 turn_target_absolute=1 split_continuity=6.75m r_dpsi=2.000 lambda_turn=0.600
[INFO] [1791269698.547531690] [lower_tracking_mpc_node]: LowerTrackingMpcNode ready: rate=10.00Hz dt=0.100s N=30 path=/planner/lower_reference_path scale=fullscale wheelbase=2.80m rear_offset=1.40m command_scale=0.350rad actuator_model=1 delay=0.00s tau=0.74s backend=disabled virtual=/cmd_control
"replica_east(scenario1)_off-0.8_yaw-3" "tau1.0" "V0_validated" "time_limit" cycles=160
[INFO] [1791269698.643615569] [upper_planner_node]: planner state input: Odometry topic=/motive/vehicle/odom_map yaw=orientation.z scalar
[INFO] [1791269698.646475227] [upper_planner_node]: Egocentric MIQP planner ready: rate=2.00Hz pred_dt=0.750s Nmax=7 lower_dt=0.100s target_v=6.000m/s scale=fullscale wheelbase=2.80m length=4.70m bev=40.00m margin=2.00m state=odom grid=/bev/occupancy_grid sparse=/planner/upper_path_sparse dense=/planner/lower_reference_path
[INFO] [1791269698.646676414] [upper_planner_node]: upper branch model: cumulative_increment=1 turn_window_at_split=1 turn_target_absolute=1 split_continuity=6.75m r_dpsi=2.000 lambda_turn=0.600
[INFO] [1791269698.655588417] [lower_tracking_mpc_node]: LowerTrackingMpcNode ready: rate=10.00Hz dt=0.100s N=30 path=/planner/lower_reference_path scale=fullscale wheelbase=2.80m rear_offset=1.40m command_scale=0.350rad actuator_model=1 delay=0.00s tau=0.74s backend=disabled virtual=/cmd_control
"replica_east(scenario1)_off-0.8_yaw-3" "tau1.0" "CUR" "time_limit" cycles=160
[INFO] [1791269698.770873348] [upper_planner_node]: planner state input: Odometry topic=/motive/vehicle/odom_map yaw=orientation.z scalar
[INFO] [1791269698.773809871] [upper_planner_node]: Egocentric MIQP planner ready: rate=2.00Hz pred_dt=0.750s Nmax=7 lower_dt=0.100s target_v=6.000m/s scale=fullscale wheelbase=2.80m length=4.70m bev=40.00m margin=2.00m state=odom grid=/bev/occupancy_grid sparse=/planner/upper_path_sparse dense=/planner/lower_reference_path
[INFO] [1791269698.773950033] [upper_planner_node]: upper branch model: cumulative_increment=1 turn_window_at_split=1 turn_target_absolute=1 split_continuity=6.75m r_dpsi=2.000 lambda_turn=0.600
[INFO] [1791269698.783000438] [lower_tracking_mpc_node]: LowerTrackingMpcNode ready: rate=10.00Hz dt=0.100s N=30 path=/planner/lower_reference_path scale=fullscale wheelbase=2.80m rear_offset=1.40m command_scale=0.350rad actuator_model=1 delay=0.00s tau=0.74s backend=disabled virtual=/cmd_control
"replica_east(scenario1)_off-0.8_yaw-3" "tau1.0" "CUR_soft07" "time_limit" cycles=160
[INFO] [1791269698.904089550] [upper_planner_node]: planner state input: Odometry topic=/motive/vehicle/odom_map yaw=orientation.z scalar
[INFO] [1791269698.907018393] [upper_planner_node]: Egocentric MIQP planner ready: rate=2.00Hz pred_dt=0.750s Nmax=7 lower_dt=0.100s target_v=6.000m/s scale=fullscale wheelbase=2.80m length=4.70m bev=40.00m margin=2.00m state=odom grid=/bev/occupancy_grid sparse=/planner/upper_path_sparse dense=/planner/lower_reference_path
[INFO] [1791269698.907167483] [upper_planner_node]: upper branch model: cumulative_increment=1 turn_window_at_split=1 turn_target_absolute=1 split_continuity=6.75m r_dpsi=2.000 lambda_turn=0.600
[INFO] [1791269698.917126446] [lower_tracking_mpc_node]: LowerTrackingMpcNode ready: rate=10.00Hz dt=0.100s N=30 path=/planner/lower_reference_path scale=fullscale wheelbase=2.80m rear_offset=1.40m command_scale=0.350rad actuator_model=1 delay=0.00s tau=0.74s backend=disabled virtual=/cmd_control
"replica_east(scenario1)_off-0.8_yaw-3" "tau1.0" "CUR_r3" "time_limit" cycles=160
[INFO] [1791269699.034086025] [upper_planner_node]: planner state input: Odometry topic=/motive/vehicle/odom_map yaw=orientation.z scalar
[INFO] [1791269699.037139766] [upper_planner_node]: Egocentric MIQP planner ready: rate=2.00Hz pred_dt=0.750s Nmax=7 lower_dt=0.100s target_v=6.000m/s scale=fullscale wheelbase=2.80m length=4.70m bev=40.00m margin=2.00m state=odom grid=/bev/occupancy_grid sparse=/planner/upper_path_sparse dense=/planner/lower_reference_path
[INFO] [1791269699.037285016] [upper_planner_node]: upper branch model: cumulative_increment=1 turn_window_at_split=1 turn_target_absolute=1 split_continuity=6.75m r_dpsi=2.000 lambda_turn=0.600
[INFO] [1791269699.046147674] [lower_tracking_mpc_node]: LowerTrackingMpcNode ready: rate=10.00Hz dt=0.100s N=30 path=/planner/lower_reference_path scale=fullscale wheelbase=2.80m rear_offset=1.40m command_scale=0.350rad actuator_model=1 delay=0.00s tau=0.74s backend=disabled virtual=/cmd_control
"replica_east(scenario1)_off-0.8_yaw-3" "tau1.0" "CUR_1hz" "time_limit" cycles=160
[INFO] [1791269699.144220031] [upper_planner_node]: planner state input: Odometry topic=/motive/vehicle/odom_map yaw=orientation.z scalar
[INFO] [1791269699.147075305] [upper_planner_node]: Egocentric MIQP planner ready: rate=2.00Hz pred_dt=0.750s Nmax=7 lower_dt=0.100s target_v=6.000m/s scale=fullscale wheelbase=2.80m length=4.70m bev=40.00m margin=2.00m state=odom grid=/bev/occupancy_grid sparse=/planner/upper_path_sparse dense=/planner/lower_reference_path
[INFO] [1791269699.147271276] [upper_planner_node]: upper branch model: cumulative_increment=1 turn_window_at_split=1 turn_target_absolute=1 split_continuity=6.75m r_dpsi=2.000 lambda_turn=0.600
[INFO] [1791269699.156002988] [lower_tracking_mpc_node]: LowerTrackingMpcNode ready: rate=10.00Hz dt=0.100s N=30 path=/planner/lower_reference_path scale=fullscale wheelbase=2.80m rear_offset=1.40m command_scale=0.350rad actuator_model=1 delay=0.00s tau=0.74s backend=disabled virtual=/cmd_control
"replica_east(scenario1)_off-0.8_yaw-3" "tau1.0" "CUR_wp1015" "time_limit" cycles=160
[INFO] [1791269699.277548458] [upper_planner_node]: planner state input: Odometry topic=/motive/vehicle/odom_map yaw=orientation.z scalar
[INFO] [1791269699.280565846] [upper_planner_node]: Egocentric MIQP planner ready: rate=2.00Hz pred_dt=0.750s Nmax=7 lower_dt=0.100s target_v=6.000m/s scale=fullscale wheelbase=2.80m length=4.70m bev=40.00m margin=2.00m state=odom grid=/bev/occupancy_grid sparse=/planner/upper_path_sparse dense=/planner/lower_reference_path
[INFO] [1791269699.280801594] [upper_planner_node]: upper branch model: cumulative_increment=1 turn_window_at_split=1 turn_target_absolute=1 split_continuity=6.75m r_dpsi=2.000 lambda_turn=0.600
[INFO] [1791269699.289865407] [lower_tracking_mpc_node]: LowerTrackingMpcNode ready: rate=10.00Hz dt=0.100s N=30 path=/planner/lower_reference_path scale=fullscale wheelbase=2.80m rear_offset=1.40m command_scale=0.350rad actuator_model=1 delay=0.00s tau=0.74s backend=disabled virtual=/cmd_control
"replica_north(control)_off+0.0_yaw+0" "tau0.74_noise2" "V0_validated" "time_limit" cycles=160
[INFO] [1791269699.384664979] [upper_planner_node]: planner state input: Odometry topic=/motive/vehicle/odom_map yaw=orientation.z scalar
[INFO] [1791269699.387640127] [upper_planner_node]: Egocentric MIQP planner ready: rate=2.00Hz pred_dt=0.750s Nmax=7 lower_dt=0.100s target_v=6.000m/s scale=fullscale wheelbase=2.80m length=4.70m bev=40.00m margin=2.00m state=odom grid=/bev/occupancy_grid sparse=/planner/upper_path_sparse dense=/planner/lower_reference_path
[INFO] [1791269699.387790017] [upper_planner_node]: upper branch model: cumulative_increment=1 turn_window_at_split=1 turn_target_absolute=1 split_continuity=6.75m r_dpsi=2.000 lambda_turn=0.600
[INFO] [1791269699.396627908] [lower_tracking_mpc_node]: LowerTrackingMpcNode ready: rate=10.00Hz dt=0.100s N=30 path=/planner/lower_reference_path scale=fullscale wheelbase=2.80m rear_offset=1.40m command_scale=0.350rad actuator_model=1 delay=0.00s tau=0.74s backend=disabled virtual=/cmd_control
"replica_north(control)_off+0.0_yaw+0" "tau0.74_noise2" "CUR" "time_limit" cycles=160
[INFO] [1791269699.507493156] [upper_planner_node]: planner state input: Odometry topic=/motive/vehicle/odom_map yaw=orientation.z scalar
[INFO] [1791269699.510350926] [upper_planner_node]: Egocentric MIQP planner ready: rate=2.00Hz pred_dt=0.750s Nmax=7 lower_dt=0.100s target_v=6.000m/s scale=fullscale wheelbase=2.80m length=4.70m bev=40.00m margin=2.00m state=odom grid=/bev/occupancy_grid sparse=/planner/upper_path_sparse dense=/planner/lower_reference_path
[INFO] [1791269699.510473936] [upper_planner_node]: upper branch model: cumulative_increment=1 turn_window_at_split=1 turn_target_absolute=1 split_continuity=6.75m r_dpsi=2.000 lambda_turn=0.600
[INFO] [1791269699.519478645] [lower_tracking_mpc_node]: LowerTrackingMpcNode ready: rate=10.00Hz dt=0.100s N=30 path=/planner/lower_reference_path scale=fullscale wheelbase=2.80m rear_offset=1.40m command_scale=0.350rad actuator_model=1 delay=0.00s tau=0.74s backend=disabled virtual=/cmd_control
"replica_north(control)_off+0.0_yaw+0" "tau0.74_noise2" "CUR_soft07" "time_limit" cycles=160
[INFO] [1791269699.632186257] [upper_planner_node]: planner state input: Odometry topic=/motive/vehicle/odom_map yaw=orientation.z scalar
[INFO] [1791269699.635096763] [upper_planner_node]: Egocentric MIQP planner ready: rate=2.00Hz pred_dt=0.750s Nmax=7 lower_dt=0.100s target_v=6.000m/s scale=fullscale wheelbase=2.80m length=4.70m bev=40.00m margin=2.00m state=odom grid=/bev/occupancy_grid sparse=/planner/upper_path_sparse dense=/planner/lower_reference_path
[INFO] [1791269699.635301406] [upper_planner_node]: upper branch model: cumulative_increment=1 turn_window_at_split=1 turn_target_absolute=1 split_continuity=6.75m r_dpsi=2.000 lambda_turn=0.600
[INFO] [1791269699.644241122] [lower_tracking_mpc_node]: LowerTrackingMpcNode ready: rate=10.00Hz dt=0.100s N=30 path=/planner/lower_reference_path scale=fullscale wheelbase=2.80m rear_offset=1.40m command_scale=0.350rad actuator_model=1 delay=0.00s tau=0.74s backend=disabled virtual=/cmd_control
"replica_north(control)_off+0.0_yaw+0" "tau0.74_noise2" "CUR_r3" "time_limit" cycles=160
[INFO] [1791269699.754100084] [upper_planner_node]: planner state input: Odometry topic=/motive/vehicle/odom_map yaw=orientation.z scalar
[INFO] [1791269699.756978654] [upper_planner_node]: Egocentric MIQP planner ready: rate=2.00Hz pred_dt=0.750s Nmax=7 lower_dt=0.100s target_v=6.000m/s scale=fullscale wheelbase=2.80m length=4.70m bev=40.00m margin=2.00m state=odom grid=/bev/occupancy_grid sparse=/planner/upper_path_sparse dense=/planner/lower_reference_path
[INFO] [1791269699.757115776] [upper_planner_node]: upper branch model: cumulative_increment=1 turn_window_at_split=1 turn_target_absolute=1 split_continuity=6.75m r_dpsi=2.000 lambda_turn=0.600
[INFO] [1791269699.766075332] [lower_tracking_mpc_node]: LowerTrackingMpcNode ready: rate=10.00Hz dt=0.100s N=30 path=/planner/lower_reference_path scale=fullscale wheelbase=2.80m rear_offset=1.40m command_scale=0.350rad actuator_model=1 delay=0.00s tau=0.74s backend=disabled virtual=/cmd_control
"replica_north(control)_off+0.0_yaw+0" "tau0.74_noise2" "CUR_1hz" "time_limit" cycles=160
[INFO] [1791269699.858689464] [upper_planner_node]: planner state input: Odometry topic=/motive/vehicle/odom_map yaw=orientation.z scalar
[INFO] [1791269699.861627395] [upper_planner_node]: Egocentric MIQP planner ready: rate=2.00Hz pred_dt=0.750s Nmax=7 lower_dt=0.100s target_v=6.000m/s scale=fullscale wheelbase=2.80m length=4.70m bev=40.00m margin=2.00m state=odom grid=/bev/occupancy_grid sparse=/planner/upper_path_sparse dense=/planner/lower_reference_path
[INFO] [1791269699.861762917] [upper_planner_node]: upper branch model: cumulative_increment=1 turn_window_at_split=1 turn_target_absolute=1 split_continuity=6.75m r_dpsi=2.000 lambda_turn=0.600
[INFO] [1791269699.870630312] [lower_tracking_mpc_node]: LowerTrackingMpcNode ready: rate=10.00Hz dt=0.100s N=30 path=/planner/lower_reference_path scale=fullscale wheelbase=2.80m rear_offset=1.40m command_scale=0.350rad actuator_model=1 delay=0.00s tau=0.74s backend=disabled virtual=/cmd_control
"replica_north(control)_off+0.0_yaw+0" "tau0.74_noise2" "CUR_wp1015" "time_limit" cycles=160
[INFO] [1791269699.979704046] [upper_planner_node]: planner state input: Odometry topic=/motive/vehicle/odom_map yaw=orientation.z scalar
[INFO] [1791269699.982516152] [upper_planner_node]: Egocentric MIQP planner ready: rate=2.00Hz pred_dt=0.750s Nmax=7 lower_dt=0.100s target_v=6.000m/s scale=fullscale wheelbase=2.80m length=4.70m bev=40.00m margin=2.00m state=odom grid=/bev/occupancy_grid sparse=/planner/upper_path_sparse dense=/planner/lower_reference_path
[INFO] [1791269699.982641209] [upper_planner_node]: upper branch model: cumulative_increment=1 turn_window_at_split=1 turn_target_absolute=1 split_continuity=6.75m r_dpsi=2.000 lambda_turn=0.600
[INFO] [1791269699.991447355] [lower_tracking_mpc_node]: LowerTrackingMpcNode ready: rate=10.00Hz dt=0.100s N=30 path=/planner/lower_reference_path scale=fullscale wheelbase=2.80m rear_offset=1.40m command_scale=0.350rad actuator_model=1 delay=0.00s tau=0.74s backend=disabled virtual=/cmd_control
"replica_north(control)_off+0.0_yaw+0" "tau0.5" "V0_validated" "time_limit" cycles=160
[INFO] [1791269700.084508885] [upper_planner_node]: planner state input: Odometry topic=/motive/vehicle/odom_map yaw=orientation.z scalar
[INFO] [1791269700.087450112] [upper_planner_node]: Egocentric MIQP planner ready: rate=2.00Hz pred_dt=0.750s Nmax=7 lower_dt=0.100s target_v=6.000m/s scale=fullscale wheelbase=2.80m length=4.70m bev=40.00m margin=2.00m state=odom grid=/bev/occupancy_grid sparse=/planner/upper_path_sparse dense=/planner/lower_reference_path
[INFO] [1791269700.087635619] [upper_planner_node]: upper branch model: cumulative_increment=1 turn_window_at_split=1 turn_target_absolute=1 split_continuity=6.75m r_dpsi=2.000 lambda_turn=0.600
[INFO] [1791269700.096478277] [lower_tracking_mpc_node]: LowerTrackingMpcNode ready: rate=10.00Hz dt=0.100s N=30 path=/planner/lower_reference_path scale=fullscale wheelbase=2.80m rear_offset=1.40m command_scale=0.350rad actuator_model=1 delay=0.00s tau=0.74s backend=disabled virtual=/cmd_control
"replica_north(control)_off+0.0_yaw+0" "tau0.5" "CUR" "time_limit" cycles=160
[INFO] [1791269700.205600716] [upper_planner_node]: planner state input: Odometry topic=/motive/vehicle/odom_map yaw=orientation.z scalar
[INFO] [1791269700.208569303] [upper_planner_node]: Egocentric MIQP planner ready: rate=2.00Hz pred_dt=0.750s Nmax=7 lower_dt=0.100s target_v=6.000m/s scale=fullscale wheelbase=2.80m length=4.70m bev=40.00m margin=2.00m state=odom grid=/bev/occupancy_grid sparse=/planner/upper_path_sparse dense=/planner/lower_reference_path
[INFO] [1791269700.208706297] [upper_planner_node]: upper branch model: cumulative_increment=1 turn_window_at_split=1 turn_target_absolute=1 split_continuity=6.75m r_dpsi=2.000 lambda_turn=0.600
[INFO] [1791269700.217542267] [lower_tracking_mpc_node]: LowerTrackingMpcNode ready: rate=10.00Hz dt=0.100s N=30 path=/planner/lower_reference_path scale=fullscale wheelbase=2.80m rear_offset=1.40m command_scale=0.350rad actuator_model=1 delay=0.00s tau=0.74s backend=disabled virtual=/cmd_control
"replica_north(control)_off+0.0_yaw+0" "tau0.5" "CUR_soft07" "time_limit" cycles=160
[INFO] [1791269700.329770384] [upper_planner_node]: planner state input: Odometry topic=/motive/vehicle/odom_map yaw=orientation.z scalar
[INFO] [1791269700.332792540] [upper_planner_node]: Egocentric MIQP planner ready: rate=2.00Hz pred_dt=0.750s Nmax=7 lower_dt=0.100s target_v=6.000m/s scale=fullscale wheelbase=2.80m length=4.70m bev=40.00m margin=2.00m state=odom grid=/bev/occupancy_grid sparse=/planner/upper_path_sparse dense=/planner/lower_reference_path
[INFO] [1791269700.332940478] [upper_planner_node]: upper branch model: cumulative_increment=1 turn_window_at_split=1 turn_target_absolute=1 split_continuity=6.75m r_dpsi=2.000 lambda_turn=0.600
[INFO] [1791269700.341687423] [lower_tracking_mpc_node]: LowerTrackingMpcNode ready: rate=10.00Hz dt=0.100s N=30 path=/planner/lower_reference_path scale=fullscale wheelbase=2.80m rear_offset=1.40m command_scale=0.350rad actuator_model=1 delay=0.00s tau=0.74s backend=disabled virtual=/cmd_control
"replica_north(control)_off+0.0_yaw+0" "tau0.5" "CUR_r3" "time_limit" cycles=160
[INFO] [1791269700.453686768] [upper_planner_node]: planner state input: Odometry topic=/motive/vehicle/odom_map yaw=orientation.z scalar
[INFO] [1791269700.456687068] [upper_planner_node]: Egocentric MIQP planner ready: rate=2.00Hz pred_dt=0.750s Nmax=7 lower_dt=0.100s target_v=6.000m/s scale=fullscale wheelbase=2.80m length=4.70m bev=40.00m margin=2.00m state=odom grid=/bev/occupancy_grid sparse=/planner/upper_path_sparse dense=/planner/lower_reference_path
[INFO] [1791269700.456842398] [upper_planner_node]: upper branch model: cumulative_increment=1 turn_window_at_split=1 turn_target_absolute=1 split_continuity=6.75m r_dpsi=2.000 lambda_turn=0.600
[INFO] [1791269700.465548766] [lower_tracking_mpc_node]: LowerTrackingMpcNode ready: rate=10.00Hz dt=0.100s N=30 path=/planner/lower_reference_path scale=fullscale wheelbase=2.80m rear_offset=1.40m command_scale=0.350rad actuator_model=1 delay=0.00s tau=0.74s backend=disabled virtual=/cmd_control
"replica_north(control)_off+0.0_yaw+0" "tau0.5" "CUR_1hz" "time_limit" cycles=160
[INFO] [1791269700.560880122] [upper_planner_node]: planner state input: Odometry topic=/motive/vehicle/odom_map yaw=orientation.z scalar
[INFO] [1791269700.563925095] [upper_planner_node]: Egocentric MIQP planner ready: rate=2.00Hz pred_dt=0.750s Nmax=7 lower_dt=0.100s target_v=6.000m/s scale=fullscale wheelbase=2.80m length=4.70m bev=40.00m margin=2.00m state=odom grid=/bev/occupancy_grid sparse=/planner/upper_path_sparse dense=/planner/lower_reference_path
[INFO] [1791269700.564147082] [upper_planner_node]: upper branch model: cumulative_increment=1 turn_window_at_split=1 turn_target_absolute=1 split_continuity=6.75m r_dpsi=2.000 lambda_turn=0.600
[INFO] [1791269700.573021389] [lower_tracking_mpc_node]: LowerTrackingMpcNode ready: rate=10.00Hz dt=0.100s N=30 path=/planner/lower_reference_path scale=fullscale wheelbase=2.80m rear_offset=1.40m command_scale=0.350rad actuator_model=1 delay=0.00s tau=0.74s backend=disabled virtual=/cmd_control
"replica_north(control)_off+0.0_yaw+0" "tau0.5" "CUR_wp1015" "time_limit" cycles=160
[INFO] [1791269700.680872480] [upper_planner_node]: planner state input: Odometry topic=/motive/vehicle/odom_map yaw=orientation.z scalar
[INFO] [1791269700.683941070] [upper_planner_node]: Egocentric MIQP planner ready: rate=2.00Hz pred_dt=0.750s Nmax=7 lower_dt=0.100s target_v=6.000m/s scale=fullscale wheelbase=2.80m length=4.70m bev=40.00m margin=2.00m state=odom grid=/bev/occupancy_grid sparse=/planner/upper_path_sparse dense=/planner/lower_reference_path
[INFO] [1791269700.684095728] [upper_planner_node]: upper branch model: cumulative_increment=1 turn_window_at_split=1 turn_target_absolute=1 split_continuity=6.75m r_dpsi=2.000 lambda_turn=0.600
[INFO] [1791269700.693169333] [lower_tracking_mpc_node]: LowerTrackingMpcNode ready: rate=10.00Hz dt=0.100s N=30 path=/planner/lower_reference_path scale=fullscale wheelbase=2.80m rear_offset=1.40m command_scale=0.350rad actuator_model=1 delay=0.00s tau=0.74s backend=disabled virtual=/cmd_control
"replica_north(control)_off+0.0_yaw+0" "tau1.0" "V0_validated" "time_limit" cycles=160
[INFO] [1791269700.786582805] [upper_planner_node]: planner state input: Odometry topic=/motive/vehicle/odom_map yaw=orientation.z scalar
[INFO] [1791269700.789516384] [upper_planner_node]: Egocentric MIQP planner ready: rate=2.00Hz pred_dt=0.750s Nmax=7 lower_dt=0.100s target_v=6.000m/s scale=fullscale wheelbase=2.80m length=4.70m bev=40.00m margin=2.00m state=odom grid=/bev/occupancy_grid sparse=/planner/upper_path_sparse dense=/planner/lower_reference_path
[INFO] [1791269700.789651298] [upper_planner_node]: upper branch model: cumulative_increment=1 turn_window_at_split=1 turn_target_absolute=1 split_continuity=6.75m r_dpsi=2.000 lambda_turn=0.600
[INFO] [1791269700.798459299] [lower_tracking_mpc_node]: LowerTrackingMpcNode ready: rate=10.00Hz dt=0.100s N=30 path=/planner/lower_reference_path scale=fullscale wheelbase=2.80m rear_offset=1.40m command_scale=0.350rad actuator_model=1 delay=0.00s tau=0.74s backend=disabled virtual=/cmd_control
"replica_north(control)_off+0.0_yaw+0" "tau1.0" "CUR" "time_limit" cycles=160
[INFO] [1791269700.907492424] [upper_planner_node]: planner state input: Odometry topic=/motive/vehicle/odom_map yaw=orientation.z scalar
[INFO] [1791269700.910306610] [upper_planner_node]: Egocentric MIQP planner ready: rate=2.00Hz pred_dt=0.750s Nmax=7 lower_dt=0.100s target_v=6.000m/s scale=fullscale wheelbase=2.80m length=4.70m bev=40.00m margin=2.00m state=odom grid=/bev/occupancy_grid sparse=/planner/upper_path_sparse dense=/planner/lower_reference_path
[INFO] [1791269700.910434324] [upper_planner_node]: upper branch model: cumulative_increment=1 turn_window_at_split=1 turn_target_absolute=1 split_continuity=6.75m r_dpsi=2.000 lambda_turn=0.600
[INFO] [1791269700.919313335] [lower_tracking_mpc_node]: LowerTrackingMpcNode ready: rate=10.00Hz dt=0.100s N=30 path=/planner/lower_reference_path scale=fullscale wheelbase=2.80m rear_offset=1.40m command_scale=0.350rad actuator_model=1 delay=0.00s tau=0.74s backend=disabled virtual=/cmd_control
"replica_north(control)_off+0.0_yaw+0" "tau1.0" "CUR_soft07" "time_limit" cycles=160
[INFO] [1791269701.032814845] [upper_planner_node]: planner state input: Odometry topic=/motive/vehicle/odom_map yaw=orientation.z scalar
[INFO] [1791269701.035931403] [upper_planner_node]: Egocentric MIQP planner ready: rate=2.00Hz pred_dt=0.750s Nmax=7 lower_dt=0.100s target_v=6.000m/s scale=fullscale wheelbase=2.80m length=4.70m bev=40.00m margin=2.00m state=odom grid=/bev/occupancy_grid sparse=/planner/upper_path_sparse dense=/planner/lower_reference_path
[INFO] [1791269701.036075469] [upper_planner_node]: upper branch model: cumulative_increment=1 turn_window_at_split=1 turn_target_absolute=1 split_continuity=6.75m r_dpsi=2.000 lambda_turn=0.600
[INFO] [1791269701.044895119] [lower_tracking_mpc_node]: LowerTrackingMpcNode ready: rate=10.00Hz dt=0.100s N=30 path=/planner/lower_reference_path scale=fullscale wheelbase=2.80m rear_offset=1.40m command_scale=0.350rad actuator_model=1 delay=0.00s tau=0.74s backend=disabled virtual=/cmd_control
"replica_north(control)_off+0.0_yaw+0" "tau1.0" "CUR_r3" "time_limit" cycles=160
[INFO] [1791269701.155786767] [upper_planner_node]: planner state input: Odometry topic=/motive/vehicle/odom_map yaw=orientation.z scalar
[INFO] [1791269701.158614873] [upper_planner_node]: Egocentric MIQP planner ready: rate=2.00Hz pred_dt=0.750s Nmax=7 lower_dt=0.100s target_v=6.000m/s scale=fullscale wheelbase=2.80m length=4.70m bev=40.00m margin=2.00m state=odom grid=/bev/occupancy_grid sparse=/planner/upper_path_sparse dense=/planner/lower_reference_path
[INFO] [1791269701.158742650] [upper_planner_node]: upper branch model: cumulative_increment=1 turn_window_at_split=1 turn_target_absolute=1 split_continuity=6.75m r_dpsi=2.000 lambda_turn=0.600
[INFO] [1791269701.167653662] [lower_tracking_mpc_node]: LowerTrackingMpcNode ready: rate=10.00Hz dt=0.100s N=30 path=/planner/lower_reference_path scale=fullscale wheelbase=2.80m rear_offset=1.40m command_scale=0.350rad actuator_model=1 delay=0.00s tau=0.74s backend=disabled virtual=/cmd_control
"replica_north(control)_off+0.0_yaw+0" "tau1.0" "CUR_1hz" "time_limit" cycles=160
[INFO] [1791269701.259091263] [upper_planner_node]: planner state input: Odometry topic=/motive/vehicle/odom_map yaw=orientation.z scalar
[INFO] [1791269701.261942473] [upper_planner_node]: Egocentric MIQP planner ready: rate=2.00Hz pred_dt=0.750s Nmax=7 lower_dt=0.100s target_v=6.000m/s scale=fullscale wheelbase=2.80m length=4.70m bev=40.00m margin=2.00m state=odom grid=/bev/occupancy_grid sparse=/planner/upper_path_sparse dense=/planner/lower_reference_path
[INFO] [1791269701.262073867] [upper_planner_node]: upper branch model: cumulative_increment=1 turn_window_at_split=1 turn_target_absolute=1 split_continuity=6.75m r_dpsi=2.000 lambda_turn=0.600
[INFO] [1791269701.271160593] [lower_tracking_mpc_node]: LowerTrackingMpcNode ready: rate=10.00Hz dt=0.100s N=30 path=/planner/lower_reference_path scale=fullscale wheelbase=2.80m rear_offset=1.40m command_scale=0.350rad actuator_model=1 delay=0.00s tau=0.74s backend=disabled virtual=/cmd_control
"replica_north(control)_off+0.0_yaw+0" "tau1.0" "CUR_wp1015" "time_limit" cycles=160
[INFO] [1791269701.382624377] [upper_planner_node]: planner state input: Odometry topic=/motive/vehicle/odom_map yaw=orientation.z scalar
[INFO] [1791269701.385772552] [upper_planner_node]: Egocentric MIQP planner ready: rate=2.00Hz pred_dt=0.750s Nmax=7 lower_dt=0.100s target_v=6.000m/s scale=fullscale wheelbase=2.80m length=4.70m bev=40.00m margin=2.00m state=odom grid=/bev/occupancy_grid sparse=/planner/upper_path_sparse dense=/planner/lower_reference_path
[INFO] [1791269701.385938730] [upper_planner_node]: upper branch model: cumulative_increment=1 turn_window_at_split=1 turn_target_absolute=1 split_continuity=6.75m r_dpsi=2.000 lambda_turn=0.600
[INFO] [1791269701.394846157] [lower_tracking_mpc_node]: LowerTrackingMpcNode ready: rate=10.00Hz dt=0.100s N=30 path=/planner/lower_reference_path scale=fullscale wheelbase=2.80m rear_offset=1.40m command_scale=0.350rad actuator_model=1 delay=0.00s tau=0.74s backend=disabled virtual=/cmd_control
"replica_north(control)_off+0.8_yaw+3" "tau0.74_noise2" "V0_validated" "time_limit" cycles=160
[INFO] [1791269701.487856070] [upper_planner_node]: planner state input: Odometry topic=/motive/vehicle/odom_map yaw=orientation.z scalar
[INFO] [1791269701.490676367] [upper_planner_node]: Egocentric MIQP planner ready: rate=2.00Hz pred_dt=0.750s Nmax=7 lower_dt=0.100s target_v=6.000m/s scale=fullscale wheelbase=2.80m length=4.70m bev=40.00m margin=2.00m state=odom grid=/bev/occupancy_grid sparse=/planner/upper_path_sparse dense=/planner/lower_reference_path
[INFO] [1791269701.490807729] [upper_planner_node]: upper branch model: cumulative_increment=1 turn_window_at_split=1 turn_target_absolute=1 split_continuity=6.75m r_dpsi=2.000 lambda_turn=0.600
[INFO] [1791269701.499687732] [lower_tracking_mpc_node]: LowerTrackingMpcNode ready: rate=10.00Hz dt=0.100s N=30 path=/planner/lower_reference_path scale=fullscale wheelbase=2.80m rear_offset=1.40m command_scale=0.350rad actuator_model=1 delay=0.00s tau=0.74s backend=disabled virtual=/cmd_control
"replica_north(control)_off+0.8_yaw+3" "tau0.74_noise2" "CUR" "time_limit" cycles=160
[INFO] [1791269701.607601896] [upper_planner_node]: planner state input: Odometry topic=/motive/vehicle/odom_map yaw=orientation.z scalar
[INFO] [1791269701.610446738] [upper_planner_node]: Egocentric MIQP planner ready: rate=2.00Hz pred_dt=0.750s Nmax=7 lower_dt=0.100s target_v=6.000m/s scale=fullscale wheelbase=2.80m length=4.70m bev=40.00m margin=2.00m state=odom grid=/bev/occupancy_grid sparse=/planner/upper_path_sparse dense=/planner/lower_reference_path
[INFO] [1791269701.610575348] [upper_planner_node]: upper branch model: cumulative_increment=1 turn_window_at_split=1 turn_target_absolute=1 split_continuity=6.75m r_dpsi=2.000 lambda_turn=0.600
[INFO] [1791269701.619418966] [lower_tracking_mpc_node]: LowerTrackingMpcNode ready: rate=10.00Hz dt=0.100s N=30 path=/planner/lower_reference_path scale=fullscale wheelbase=2.80m rear_offset=1.40m command_scale=0.350rad actuator_model=1 delay=0.00s tau=0.74s backend=disabled virtual=/cmd_control
"replica_north(control)_off+0.8_yaw+3" "tau0.74_noise2" "CUR_soft07" "time_limit" cycles=160
[INFO] [1791269701.729927024] [upper_planner_node]: planner state input: Odometry topic=/motive/vehicle/odom_map yaw=orientation.z scalar
[INFO] [1791269701.732968893] [upper_planner_node]: Egocentric MIQP planner ready: rate=2.00Hz pred_dt=0.750s Nmax=7 lower_dt=0.100s target_v=6.000m/s scale=fullscale wheelbase=2.80m length=4.70m bev=40.00m margin=2.00m state=odom grid=/bev/occupancy_grid sparse=/planner/upper_path_sparse dense=/planner/lower_reference_path
[INFO] [1791269701.733105247] [upper_planner_node]: upper branch model: cumulative_increment=1 turn_window_at_split=1 turn_target_absolute=1 split_continuity=6.75m r_dpsi=2.000 lambda_turn=0.600
[INFO] [1791269701.742281990] [lower_tracking_mpc_node]: LowerTrackingMpcNode ready: rate=10.00Hz dt=0.100s N=30 path=/planner/lower_reference_path scale=fullscale wheelbase=2.80m rear_offset=1.40m command_scale=0.350rad actuator_model=1 delay=0.00s tau=0.74s backend=disabled virtual=/cmd_control
"replica_north(control)_off+0.8_yaw+3" "tau0.74_noise2" "CUR_r3" "time_limit" cycles=160
[INFO] [1791269701.851219017] [upper_planner_node]: planner state input: Odometry topic=/motive/vehicle/odom_map yaw=orientation.z scalar
[INFO] [1791269701.854063859] [upper_planner_node]: Egocentric MIQP planner ready: rate=2.00Hz pred_dt=0.750s Nmax=7 lower_dt=0.100s target_v=6.000m/s scale=fullscale wheelbase=2.80m length=4.70m bev=40.00m margin=2.00m state=odom grid=/bev/occupancy_grid sparse=/planner/upper_path_sparse dense=/planner/lower_reference_path
[INFO] [1791269701.854190773] [upper_planner_node]: upper branch model: cumulative_increment=1 turn_window_at_split=1 turn_target_absolute=1 split_continuity=6.75m r_dpsi=2.000 lambda_turn=0.600
[INFO] [1791269701.863092600] [lower_tracking_mpc_node]: LowerTrackingMpcNode ready: rate=10.00Hz dt=0.100s N=30 path=/planner/lower_reference_path scale=fullscale wheelbase=2.80m rear_offset=1.40m command_scale=0.350rad actuator_model=1 delay=0.00s tau=0.74s backend=disabled virtual=/cmd_control
"replica_north(control)_off+0.8_yaw+3" "tau0.74_noise2" "CUR_1hz" "time_limit" cycles=160
[INFO] [1791269701.954018194] [upper_planner_node]: planner state input: Odometry topic=/motive/vehicle/odom_map yaw=orientation.z scalar
[INFO] [1791269701.957007198] [upper_planner_node]: Egocentric MIQP planner ready: rate=2.00Hz pred_dt=0.750s Nmax=7 lower_dt=0.100s target_v=6.000m/s scale=fullscale wheelbase=2.80m length=4.70m bev=40.00m margin=2.00m state=odom grid=/bev/occupancy_grid sparse=/planner/upper_path_sparse dense=/planner/lower_reference_path
[INFO] [1791269701.957142592] [upper_planner_node]: upper branch model: cumulative_increment=1 turn_window_at_split=1 turn_target_absolute=1 split_continuity=6.75m r_dpsi=2.000 lambda_turn=0.600
[INFO] [1791269701.966173285] [lower_tracking_mpc_node]: LowerTrackingMpcNode ready: rate=10.00Hz dt=0.100s N=30 path=/planner/lower_reference_path scale=fullscale wheelbase=2.80m rear_offset=1.40m command_scale=0.350rad actuator_model=1 delay=0.00s tau=0.74s backend=disabled virtual=/cmd_control
"replica_north(control)_off+0.8_yaw+3" "tau0.74_noise2" "CUR_wp1015" "time_limit" cycles=160
[INFO] [1791269702.074242267] [upper_planner_node]: planner state input: Odometry topic=/motive/vehicle/odom_map yaw=orientation.z scalar
[INFO] [1791269702.077454762] [upper_planner_node]: Egocentric MIQP planner ready: rate=2.00Hz pred_dt=0.750s Nmax=7 lower_dt=0.100s target_v=6.000m/s scale=fullscale wheelbase=2.80m length=4.70m bev=40.00m margin=2.00m state=odom grid=/bev/occupancy_grid sparse=/planner/upper_path_sparse dense=/planner/lower_reference_path
[INFO] [1791269702.077597005] [upper_planner_node]: upper branch model: cumulative_increment=1 turn_window_at_split=1 turn_target_absolute=1 split_continuity=6.75m r_dpsi=2.000 lambda_turn=0.600
[INFO] [1791269702.086796116] [lower_tracking_mpc_node]: LowerTrackingMpcNode ready: rate=10.00Hz dt=0.100s N=30 path=/planner/lower_reference_path scale=fullscale wheelbase=2.80m rear_offset=1.40m command_scale=0.350rad actuator_model=1 delay=0.00s tau=0.74s backend=disabled virtual=/cmd_control
"replica_north(control)_off+0.8_yaw+3" "tau0.5" "V0_validated" "time_limit" cycles=160
[INFO] [1791269702.183898216] [upper_planner_node]: planner state input: Odometry topic=/motive/vehicle/odom_map yaw=orientation.z scalar
[INFO] [1791269702.186733106] [upper_planner_node]: Egocentric MIQP planner ready: rate=2.00Hz pred_dt=0.750s Nmax=7 lower_dt=0.100s target_v=6.000m/s scale=fullscale wheelbase=2.80m length=4.70m bev=40.00m margin=2.00m state=odom grid=/bev/occupancy_grid sparse=/planner/upper_path_sparse dense=/planner/lower_reference_path
[INFO] [1791269702.186854836] [upper_planner_node]: upper branch model: cumulative_increment=1 turn_window_at_split=1 turn_target_absolute=1 split_continuity=6.75m r_dpsi=2.000 lambda_turn=0.600
[INFO] [1791269702.195704854] [lower_tracking_mpc_node]: LowerTrackingMpcNode ready: rate=10.00Hz dt=0.100s N=30 path=/planner/lower_reference_path scale=fullscale wheelbase=2.80m rear_offset=1.40m command_scale=0.350rad actuator_model=1 delay=0.00s tau=0.74s backend=disabled virtual=/cmd_control
"replica_north(control)_off+0.8_yaw+3" "tau0.5" "CUR" "time_limit" cycles=160
[INFO] [1791269702.305257506] [upper_planner_node]: planner state input: Odometry topic=/motive/vehicle/odom_map yaw=orientation.z scalar
[INFO] [1791269702.308167981] [upper_planner_node]: Egocentric MIQP planner ready: rate=2.00Hz pred_dt=0.750s Nmax=7 lower_dt=0.100s target_v=6.000m/s scale=fullscale wheelbase=2.80m length=4.70m bev=40.00m margin=2.00m state=odom grid=/bev/occupancy_grid sparse=/planner/upper_path_sparse dense=/planner/lower_reference_path
[INFO] [1791269702.308317263] [upper_planner_node]: upper branch model: cumulative_increment=1 turn_window_at_split=1 turn_target_absolute=1 split_continuity=6.75m r_dpsi=2.000 lambda_turn=0.600
[INFO] [1791269702.317196913] [lower_tracking_mpc_node]: LowerTrackingMpcNode ready: rate=10.00Hz dt=0.100s N=30 path=/planner/lower_reference_path scale=fullscale wheelbase=2.80m rear_offset=1.40m command_scale=0.350rad actuator_model=1 delay=0.00s tau=0.74s backend=disabled virtual=/cmd_control
"replica_north(control)_off+0.8_yaw+3" "tau0.5" "CUR_soft07" "time_limit" cycles=160
[INFO] [1791269702.430452628] [upper_planner_node]: planner state input: Odometry topic=/motive/vehicle/odom_map yaw=orientation.z scalar
[INFO] [1791269702.433500064] [upper_planner_node]: Egocentric MIQP planner ready: rate=2.00Hz pred_dt=0.750s Nmax=7 lower_dt=0.100s target_v=6.000m/s scale=fullscale wheelbase=2.80m length=4.70m bev=40.00m margin=2.00m state=odom grid=/bev/occupancy_grid sparse=/planner/upper_path_sparse dense=/planner/lower_reference_path
[INFO] [1791269702.433653571] [upper_planner_node]: upper branch model: cumulative_increment=1 turn_window_at_split=1 turn_target_absolute=1 split_continuity=6.75m r_dpsi=2.000 lambda_turn=0.600
[INFO] [1791269702.442580006] [lower_tracking_mpc_node]: LowerTrackingMpcNode ready: rate=10.00Hz dt=0.100s N=30 path=/planner/lower_reference_path scale=fullscale wheelbase=2.80m rear_offset=1.40m command_scale=0.350rad actuator_model=1 delay=0.00s tau=0.74s backend=disabled virtual=/cmd_control
"replica_north(control)_off+0.8_yaw+3" "tau0.5" "CUR_r3" "time_limit" cycles=160
[INFO] [1791269702.553485190] [upper_planner_node]: planner state input: Odometry topic=/motive/vehicle/odom_map yaw=orientation.z scalar
[INFO] [1791269702.556561907] [upper_planner_node]: Egocentric MIQP planner ready: rate=2.00Hz pred_dt=0.750s Nmax=7 lower_dt=0.100s target_v=6.000m/s scale=fullscale wheelbase=2.80m length=4.70m bev=40.00m margin=2.00m state=odom grid=/bev/occupancy_grid sparse=/planner/upper_path_sparse dense=/planner/lower_reference_path
[INFO] [1791269702.556793558] [upper_planner_node]: upper branch model: cumulative_increment=1 turn_window_at_split=1 turn_target_absolute=1 split_continuity=6.75m r_dpsi=2.000 lambda_turn=0.600
[INFO] [1791269702.565739258] [lower_tracking_mpc_node]: LowerTrackingMpcNode ready: rate=10.00Hz dt=0.100s N=30 path=/planner/lower_reference_path scale=fullscale wheelbase=2.80m rear_offset=1.40m command_scale=0.350rad actuator_model=1 delay=0.00s tau=0.74s backend=disabled virtual=/cmd_control
"replica_north(control)_off+0.8_yaw+3" "tau0.5" "CUR_1hz" "time_limit" cycles=160
[INFO] [1791269702.658707442] [upper_planner_node]: planner state input: Odometry topic=/motive/vehicle/odom_map yaw=orientation.z scalar
[INFO] [1791269702.661508347] [upper_planner_node]: Egocentric MIQP planner ready: rate=2.00Hz pred_dt=0.750s Nmax=7 lower_dt=0.100s target_v=6.000m/s scale=fullscale wheelbase=2.80m length=4.70m bev=40.00m margin=2.00m state=odom grid=/bev/occupancy_grid sparse=/planner/upper_path_sparse dense=/planner/lower_reference_path
[INFO] [1791269702.661640733] [upper_planner_node]: upper branch model: cumulative_increment=1 turn_window_at_split=1 turn_target_absolute=1 split_continuity=6.75m r_dpsi=2.000 lambda_turn=0.600
[INFO] [1791269702.670445950] [lower_tracking_mpc_node]: LowerTrackingMpcNode ready: rate=10.00Hz dt=0.100s N=30 path=/planner/lower_reference_path scale=fullscale wheelbase=2.80m rear_offset=1.40m command_scale=0.350rad actuator_model=1 delay=0.00s tau=0.74s backend=disabled virtual=/cmd_control
"replica_north(control)_off+0.8_yaw+3" "tau0.5" "CUR_wp1015" "time_limit" cycles=160
[INFO] [1791269702.780884375] [upper_planner_node]: planner state input: Odometry topic=/motive/vehicle/odom_map yaw=orientation.z scalar
[INFO] [1791269702.783859523] [upper_planner_node]: Egocentric MIQP planner ready: rate=2.00Hz pred_dt=0.750s Nmax=7 lower_dt=0.100s target_v=6.000m/s scale=fullscale wheelbase=2.80m length=4.70m bev=40.00m margin=2.00m state=odom grid=/bev/occupancy_grid sparse=/planner/upper_path_sparse dense=/planner/lower_reference_path
[INFO] [1791269702.784008069] [upper_planner_node]: upper branch model: cumulative_increment=1 turn_window_at_split=1 turn_target_absolute=1 split_continuity=6.75m r_dpsi=2.000 lambda_turn=0.600
[INFO] [1791269702.793551249] [lower_tracking_mpc_node]: LowerTrackingMpcNode ready: rate=10.00Hz dt=0.100s N=30 path=/planner/lower_reference_path scale=fullscale wheelbase=2.80m rear_offset=1.40m command_scale=0.350rad actuator_model=1 delay=0.00s tau=0.74s backend=disabled virtual=/cmd_control
"replica_north(control)_off+0.8_yaw+3" "tau1.0" "V0_validated" "time_limit" cycles=160
[INFO] [1791269702.887552920] [upper_planner_node]: planner state input: Odometry topic=/motive/vehicle/odom_map yaw=orientation.z scalar
[INFO] [1791269702.890343041] [upper_planner_node]: Egocentric MIQP planner ready: rate=2.00Hz pred_dt=0.750s Nmax=7 lower_dt=0.100s target_v=6.000m/s scale=fullscale wheelbase=2.80m length=4.70m bev=40.00m margin=2.00m state=odom grid=/bev/occupancy_grid sparse=/planner/upper_path_sparse dense=/planner/lower_reference_path
[INFO] [1791269702.890468867] [upper_planner_node]: upper branch model: cumulative_increment=1 turn_window_at_split=1 turn_target_absolute=1 split_continuity=6.75m r_dpsi=2.000 lambda_turn=0.600
[INFO] [1791269702.899753740] [lower_tracking_mpc_node]: LowerTrackingMpcNode ready: rate=10.00Hz dt=0.100s N=30 path=/planner/lower_reference_path scale=fullscale wheelbase=2.80m rear_offset=1.40m command_scale=0.350rad actuator_model=1 delay=0.00s tau=0.74s backend=disabled virtual=/cmd_control
"replica_north(control)_off+0.8_yaw+3" "tau1.0" "CUR" "time_limit" cycles=160
[INFO] [1791269703.016312031] [upper_planner_node]: planner state input: Odometry topic=/motive/vehicle/odom_map yaw=orientation.z scalar
[INFO] [1791269703.019271626] [upper_planner_node]: Egocentric MIQP planner ready: rate=2.00Hz pred_dt=0.750s Nmax=7 lower_dt=0.100s target_v=6.000m/s scale=fullscale wheelbase=2.80m length=4.70m bev=40.00m margin=2.00m state=odom grid=/bev/occupancy_grid sparse=/planner/upper_path_sparse dense=/planner/lower_reference_path
[INFO] [1791269703.019426412] [upper_planner_node]: upper branch model: cumulative_increment=1 turn_window_at_split=1 turn_target_absolute=1 split_continuity=6.75m r_dpsi=2.000 lambda_turn=0.600
[INFO] [1791269703.028388848] [lower_tracking_mpc_node]: LowerTrackingMpcNode ready: rate=10.00Hz dt=0.100s N=30 path=/planner/lower_reference_path scale=fullscale wheelbase=2.80m rear_offset=1.40m command_scale=0.350rad actuator_model=1 delay=0.00s tau=0.74s backend=disabled virtual=/cmd_control
"replica_north(control)_off+0.8_yaw+3" "tau1.0" "CUR_soft07" "time_limit" cycles=160
[INFO] [1791269703.139868888] [upper_planner_node]: planner state input: Odometry topic=/motive/vehicle/odom_map yaw=orientation.z scalar
[INFO] [1791269703.142740930] [upper_planner_node]: Egocentric MIQP planner ready: rate=2.00Hz pred_dt=0.750s Nmax=7 lower_dt=0.100s target_v=6.000m/s scale=fullscale wheelbase=2.80m length=4.70m bev=40.00m margin=2.00m state=odom grid=/bev/occupancy_grid sparse=/planner/upper_path_sparse dense=/planner/lower_reference_path
[INFO] [1791269703.142882468] [upper_planner_node]: upper branch model: cumulative_increment=1 turn_window_at_split=1 turn_target_absolute=1 split_continuity=6.75m r_dpsi=2.000 lambda_turn=0.600
[INFO] [1791269703.151824168] [lower_tracking_mpc_node]: LowerTrackingMpcNode ready: rate=10.00Hz dt=0.100s N=30 path=/planner/lower_reference_path scale=fullscale wheelbase=2.80m rear_offset=1.40m command_scale=0.350rad actuator_model=1 delay=0.00s tau=0.74s backend=disabled virtual=/cmd_control
"replica_north(control)_off+0.8_yaw+3" "tau1.0" "CUR_r3" "time_limit" cycles=160
[INFO] [1791269703.259984606] [upper_planner_node]: planner state input: Odometry topic=/motive/vehicle/odom_map yaw=orientation.z scalar
[INFO] [1791269703.262810408] [upper_planner_node]: Egocentric MIQP planner ready: rate=2.00Hz pred_dt=0.750s Nmax=7 lower_dt=0.100s target_v=6.000m/s scale=fullscale wheelbase=2.80m length=4.70m bev=40.00m margin=2.00m state=odom grid=/bev/occupancy_grid sparse=/planner/upper_path_sparse dense=/planner/lower_reference_path
[INFO] [1791269703.263083852] [upper_planner_node]: upper branch model: cumulative_increment=1 turn_window_at_split=1 turn_target_absolute=1 split_continuity=6.75m r_dpsi=2.000 lambda_turn=0.600
[INFO] [1791269703.271905102] [lower_tracking_mpc_node]: LowerTrackingMpcNode ready: rate=10.00Hz dt=0.100s N=30 path=/planner/lower_reference_path scale=fullscale wheelbase=2.80m rear_offset=1.40m command_scale=0.350rad actuator_model=1 delay=0.00s tau=0.74s backend=disabled virtual=/cmd_control
"replica_north(control)_off+0.8_yaw+3" "tau1.0" "CUR_1hz" "time_limit" cycles=160
[INFO] [1791269703.363711604] [upper_planner_node]: planner state input: Odometry topic=/motive/vehicle/odom_map yaw=orientation.z scalar
[INFO] [1791269703.366524925] [upper_planner_node]: Egocentric MIQP planner ready: rate=2.00Hz pred_dt=0.750s Nmax=7 lower_dt=0.100s target_v=6.000m/s scale=fullscale wheelbase=2.80m length=4.70m bev=40.00m margin=2.00m state=odom grid=/bev/occupancy_grid sparse=/planner/upper_path_sparse dense=/planner/lower_reference_path
[INFO] [1791269703.366658015] [upper_planner_node]: upper branch model: cumulative_increment=1 turn_window_at_split=1 turn_target_absolute=1 split_continuity=6.75m r_dpsi=2.000 lambda_turn=0.600
[INFO] [1791269703.375523586] [lower_tracking_mpc_node]: LowerTrackingMpcNode ready: rate=10.00Hz dt=0.100s N=30 path=/planner/lower_reference_path scale=fullscale wheelbase=2.80m rear_offset=1.40m command_scale=0.350rad actuator_model=1 delay=0.00s tau=0.74s backend=disabled virtual=/cmd_control
"replica_north(control)_off+0.8_yaw+3" "tau1.0" "CUR_wp1015" "time_limit" cycles=160
[INFO] [1791269703.489062023] [upper_planner_node]: planner state input: Odometry topic=/motive/vehicle/odom_map yaw=orientation.z scalar
[INFO] [1791269703.492028147] [upper_planner_node]: Egocentric MIQP planner ready: rate=2.00Hz pred_dt=0.750s Nmax=7 lower_dt=0.100s target_v=6.000m/s scale=fullscale wheelbase=2.80m length=4.70m bev=40.00m margin=2.00m state=odom grid=/bev/occupancy_grid sparse=/planner/upper_path_sparse dense=/planner/lower_reference_path
[INFO] [1791269703.492187893] [upper_planner_node]: upper branch model: cumulative_increment=1 turn_window_at_split=1 turn_target_absolute=1 split_continuity=6.75m r_dpsi=2.000 lambda_turn=0.600
[INFO] [1791269703.501400733] [lower_tracking_mpc_node]: LowerTrackingMpcNode ready: rate=10.00Hz dt=0.100s N=30 path=/planner/lower_reference_path scale=fullscale wheelbase=2.80m rear_offset=1.40m command_scale=0.350rad actuator_model=1 delay=0.00s tau=0.74s backend=disabled virtual=/cmd_control
"replica_north(control)_off-0.8_yaw-3" "tau0.74_noise2" "V0_validated" "time_limit" cycles=160
[INFO] [1791269703.597334784] [upper_planner_node]: planner state input: Odometry topic=/motive/vehicle/odom_map yaw=orientation.z scalar
[INFO] [1791269703.600297963] [upper_planner_node]: Egocentric MIQP planner ready: rate=2.00Hz pred_dt=0.750s Nmax=7 lower_dt=0.100s target_v=6.000m/s scale=fullscale wheelbase=2.80m length=4.70m bev=40.00m margin=2.00m state=odom grid=/bev/occupancy_grid sparse=/planner/upper_path_sparse dense=/planner/lower_reference_path
[INFO] [1791269703.600445197] [upper_planner_node]: upper branch model: cumulative_increment=1 turn_window_at_split=1 turn_target_absolute=1 split_continuity=6.75m r_dpsi=2.000 lambda_turn=0.600
[INFO] [1791269703.609316656] [lower_tracking_mpc_node]: LowerTrackingMpcNode ready: rate=10.00Hz dt=0.100s N=30 path=/planner/lower_reference_path scale=fullscale wheelbase=2.80m rear_offset=1.40m command_scale=0.350rad actuator_model=1 delay=0.00s tau=0.74s backend=disabled virtual=/cmd_control
"replica_north(control)_off-0.8_yaw-3" "tau0.74_noise2" "CUR" "time_limit" cycles=160
[INFO] [1791269703.720424178] [upper_planner_node]: planner state input: Odometry topic=/motive/vehicle/odom_map yaw=orientation.z scalar
[INFO] [1791269703.723441502] [upper_planner_node]: Egocentric MIQP planner ready: rate=2.00Hz pred_dt=0.750s Nmax=7 lower_dt=0.100s target_v=6.000m/s scale=fullscale wheelbase=2.80m length=4.70m bev=40.00m margin=2.00m state=odom grid=/bev/occupancy_grid sparse=/planner/upper_path_sparse dense=/planner/lower_reference_path
[INFO] [1791269703.723586881] [upper_planner_node]: upper branch model: cumulative_increment=1 turn_window_at_split=1 turn_target_absolute=1 split_continuity=6.75m r_dpsi=2.000 lambda_turn=0.600
[INFO] [1791269703.732406690] [lower_tracking_mpc_node]: LowerTrackingMpcNode ready: rate=10.00Hz dt=0.100s N=30 path=/planner/lower_reference_path scale=fullscale wheelbase=2.80m rear_offset=1.40m command_scale=0.350rad actuator_model=1 delay=0.00s tau=0.74s backend=disabled virtual=/cmd_control
"replica_north(control)_off-0.8_yaw-3" "tau0.74_noise2" "CUR_soft07" "time_limit" cycles=160
[INFO] [1791269703.845462817] [upper_planner_node]: planner state input: Odometry topic=/motive/vehicle/odom_map yaw=orientation.z scalar
[INFO] [1791269703.848438509] [upper_planner_node]: Egocentric MIQP planner ready: rate=2.00Hz pred_dt=0.750s Nmax=7 lower_dt=0.100s target_v=6.000m/s scale=fullscale wheelbase=2.80m length=4.70m bev=40.00m margin=2.00m state=odom grid=/bev/occupancy_grid sparse=/planner/upper_path_sparse dense=/planner/lower_reference_path
[INFO] [1791269703.848580815] [upper_planner_node]: upper branch model: cumulative_increment=1 turn_window_at_split=1 turn_target_absolute=1 split_continuity=6.75m r_dpsi=2.000 lambda_turn=0.600
[INFO] [1791269703.857923320] [lower_tracking_mpc_node]: LowerTrackingMpcNode ready: rate=10.00Hz dt=0.100s N=30 path=/planner/lower_reference_path scale=fullscale wheelbase=2.80m rear_offset=1.40m command_scale=0.350rad actuator_model=1 delay=0.00s tau=0.74s backend=disabled virtual=/cmd_control
"replica_north(control)_off-0.8_yaw-3" "tau0.74_noise2" "CUR_r3" "time_limit" cycles=160
[INFO] [1791269703.970545393] [upper_planner_node]: planner state input: Odometry topic=/motive/vehicle/odom_map yaw=orientation.z scalar
[INFO] [1791269703.973975203] [upper_planner_node]: Egocentric MIQP planner ready: rate=2.00Hz pred_dt=0.750s Nmax=7 lower_dt=0.100s target_v=6.000m/s scale=fullscale wheelbase=2.80m length=4.70m bev=40.00m margin=2.00m state=odom grid=/bev/occupancy_grid sparse=/planner/upper_path_sparse dense=/planner/lower_reference_path
[INFO] [1791269703.974155462] [upper_planner_node]: upper branch model: cumulative_increment=1 turn_window_at_split=1 turn_target_absolute=1 split_continuity=6.75m r_dpsi=2.000 lambda_turn=0.600
[INFO] [1791269703.984107512] [lower_tracking_mpc_node]: LowerTrackingMpcNode ready: rate=10.00Hz dt=0.100s N=30 path=/planner/lower_reference_path scale=fullscale wheelbase=2.80m rear_offset=1.40m command_scale=0.350rad actuator_model=1 delay=0.00s tau=0.74s backend=disabled virtual=/cmd_control
"replica_north(control)_off-0.8_yaw-3" "tau0.74_noise2" "CUR_1hz" "time_limit" cycles=160
[INFO] [1791269704.079446674] [upper_planner_node]: planner state input: Odometry topic=/motive/vehicle/odom_map yaw=orientation.z scalar
[INFO] [1791269704.082277339] [upper_planner_node]: Egocentric MIQP planner ready: rate=2.00Hz pred_dt=0.750s Nmax=7 lower_dt=0.100s target_v=6.000m/s scale=fullscale wheelbase=2.80m length=4.70m bev=40.00m margin=2.00m state=odom grid=/bev/occupancy_grid sparse=/planner/upper_path_sparse dense=/planner/lower_reference_path
[INFO] [1791269704.082491711] [upper_planner_node]: upper branch model: cumulative_increment=1 turn_window_at_split=1 turn_target_absolute=1 split_continuity=6.75m r_dpsi=2.000 lambda_turn=0.600
[INFO] [1791269704.091302528] [lower_tracking_mpc_node]: LowerTrackingMpcNode ready: rate=10.00Hz dt=0.100s N=30 path=/planner/lower_reference_path scale=fullscale wheelbase=2.80m rear_offset=1.40m command_scale=0.350rad actuator_model=1 delay=0.00s tau=0.74s backend=disabled virtual=/cmd_control
"replica_north(control)_off-0.8_yaw-3" "tau0.74_noise2" "CUR_wp1015" "time_limit" cycles=160
[INFO] [1791269704.202132670] [upper_planner_node]: planner state input: Odometry topic=/motive/vehicle/odom_map yaw=orientation.z scalar
[INFO] [1791269704.205082377] [upper_planner_node]: Egocentric MIQP planner ready: rate=2.00Hz pred_dt=0.750s Nmax=7 lower_dt=0.100s target_v=6.000m/s scale=fullscale wheelbase=2.80m length=4.70m bev=40.00m margin=2.00m state=odom grid=/bev/occupancy_grid sparse=/planner/upper_path_sparse dense=/planner/lower_reference_path
[INFO] [1791269704.205217995] [upper_planner_node]: upper branch model: cumulative_increment=1 turn_window_at_split=1 turn_target_absolute=1 split_continuity=6.75m r_dpsi=2.000 lambda_turn=0.600
[INFO] [1791269704.214212559] [lower_tracking_mpc_node]: LowerTrackingMpcNode ready: rate=10.00Hz dt=0.100s N=30 path=/planner/lower_reference_path scale=fullscale wheelbase=2.80m rear_offset=1.40m command_scale=0.350rad actuator_model=1 delay=0.00s tau=0.74s backend=disabled virtual=/cmd_control
"replica_north(control)_off-0.8_yaw-3" "tau0.5" "V0_validated" "time_limit" cycles=160
[INFO] [1791269704.306806849] [upper_planner_node]: planner state input: Odometry topic=/motive/vehicle/odom_map yaw=orientation.z scalar
[INFO] [1791269704.309771308] [upper_planner_node]: Egocentric MIQP planner ready: rate=2.00Hz pred_dt=0.750s Nmax=7 lower_dt=0.100s target_v=6.000m/s scale=fullscale wheelbase=2.80m length=4.70m bev=40.00m margin=2.00m state=odom grid=/bev/occupancy_grid sparse=/planner/upper_path_sparse dense=/planner/lower_reference_path
[INFO] [1791269704.309917678] [upper_planner_node]: upper branch model: cumulative_increment=1 turn_window_at_split=1 turn_target_absolute=1 split_continuity=6.75m r_dpsi=2.000 lambda_turn=0.600
[INFO] [1791269704.318981844] [lower_tracking_mpc_node]: LowerTrackingMpcNode ready: rate=10.00Hz dt=0.100s N=30 path=/planner/lower_reference_path scale=fullscale wheelbase=2.80m rear_offset=1.40m command_scale=0.350rad actuator_model=1 delay=0.00s tau=0.74s backend=disabled virtual=/cmd_control
"replica_north(control)_off-0.8_yaw-3" "tau0.5" "CUR" "time_limit" cycles=160
[INFO] [1791269704.429378795] [upper_planner_node]: planner state input: Odometry topic=/motive/vehicle/odom_map yaw=orientation.z scalar
[INFO] [1791269704.432426871] [upper_planner_node]: Egocentric MIQP planner ready: rate=2.00Hz pred_dt=0.750s Nmax=7 lower_dt=0.100s target_v=6.000m/s scale=fullscale wheelbase=2.80m length=4.70m bev=40.00m margin=2.00m state=odom grid=/bev/occupancy_grid sparse=/planner/upper_path_sparse dense=/planner/lower_reference_path
[INFO] [1791269704.432570522] [upper_planner_node]: upper branch model: cumulative_increment=1 turn_window_at_split=1 turn_target_absolute=1 split_continuity=6.75m r_dpsi=2.000 lambda_turn=0.600
[INFO] [1791269704.441824898] [lower_tracking_mpc_node]: LowerTrackingMpcNode ready: rate=10.00Hz dt=0.100s N=30 path=/planner/lower_reference_path scale=fullscale wheelbase=2.80m rear_offset=1.40m command_scale=0.350rad actuator_model=1 delay=0.00s tau=0.74s backend=disabled virtual=/cmd_control
"replica_north(control)_off-0.8_yaw-3" "tau0.5" "CUR_soft07" "time_limit" cycles=160
[INFO] [1791269704.553170407] [upper_planner_node]: planner state input: Odometry topic=/motive/vehicle/odom_map yaw=orientation.z scalar
[INFO] [1791269704.556252660] [upper_planner_node]: Egocentric MIQP planner ready: rate=2.00Hz pred_dt=0.750s Nmax=7 lower_dt=0.100s target_v=6.000m/s scale=fullscale wheelbase=2.80m length=4.70m bev=40.00m margin=2.00m state=odom grid=/bev/occupancy_grid sparse=/planner/upper_path_sparse dense=/planner/lower_reference_path
[INFO] [1791269704.556394838] [upper_planner_node]: upper branch model: cumulative_increment=1 turn_window_at_split=1 turn_target_absolute=1 split_continuity=6.75m r_dpsi=2.000 lambda_turn=0.600
[INFO] [1791269704.565333849] [lower_tracking_mpc_node]: LowerTrackingMpcNode ready: rate=10.00Hz dt=0.100s N=30 path=/planner/lower_reference_path scale=fullscale wheelbase=2.80m rear_offset=1.40m command_scale=0.350rad actuator_model=1 delay=0.00s tau=0.74s backend=disabled virtual=/cmd_control
"replica_north(control)_off-0.8_yaw-3" "tau0.5" "CUR_r3" "time_limit" cycles=160
[INFO] [1791269704.675567246] [upper_planner_node]: planner state input: Odometry topic=/motive/vehicle/odom_map yaw=orientation.z scalar
[INFO] [1791269704.678446744] [upper_planner_node]: Egocentric MIQP planner ready: rate=2.00Hz pred_dt=0.750s Nmax=7 lower_dt=0.100s target_v=6.000m/s scale=fullscale wheelbase=2.80m length=4.70m bev=40.00m margin=2.00m state=odom grid=/bev/occupancy_grid sparse=/planner/upper_path_sparse dense=/planner/lower_reference_path
[INFO] [1791269704.678575066] [upper_planner_node]: upper branch model: cumulative_increment=1 turn_window_at_split=1 turn_target_absolute=1 split_continuity=6.75m r_dpsi=2.000 lambda_turn=0.600
[INFO] [1791269704.687582463] [lower_tracking_mpc_node]: LowerTrackingMpcNode ready: rate=10.00Hz dt=0.100s N=30 path=/planner/lower_reference_path scale=fullscale wheelbase=2.80m rear_offset=1.40m command_scale=0.350rad actuator_model=1 delay=0.00s tau=0.74s backend=disabled virtual=/cmd_control
"replica_north(control)_off-0.8_yaw-3" "tau0.5" "CUR_1hz" "time_limit" cycles=160
[INFO] [1791269704.783482401] [upper_planner_node]: planner state input: Odometry topic=/motive/vehicle/odom_map yaw=orientation.z scalar
[INFO] [1791269704.786302954] [upper_planner_node]: Egocentric MIQP planner ready: rate=2.00Hz pred_dt=0.750s Nmax=7 lower_dt=0.100s target_v=6.000m/s scale=fullscale wheelbase=2.80m length=4.70m bev=40.00m margin=2.00m state=odom grid=/bev/occupancy_grid sparse=/planner/upper_path_sparse dense=/planner/lower_reference_path
[INFO] [1791269704.786442316] [upper_planner_node]: upper branch model: cumulative_increment=1 turn_window_at_split=1 turn_target_absolute=1 split_continuity=6.75m r_dpsi=2.000 lambda_turn=0.600
[INFO] [1791269704.795151212] [lower_tracking_mpc_node]: LowerTrackingMpcNode ready: rate=10.00Hz dt=0.100s N=30 path=/planner/lower_reference_path scale=fullscale wheelbase=2.80m rear_offset=1.40m command_scale=0.350rad actuator_model=1 delay=0.00s tau=0.74s backend=disabled virtual=/cmd_control
"replica_north(control)_off-0.8_yaw-3" "tau0.5" "CUR_wp1015" "time_limit" cycles=160
[INFO] [1791269704.904779640] [upper_planner_node]: planner state input: Odometry topic=/motive/vehicle/odom_map yaw=orientation.z scalar
[INFO] [1791269704.907786404] [upper_planner_node]: Egocentric MIQP planner ready: rate=2.00Hz pred_dt=0.750s Nmax=7 lower_dt=0.100s target_v=6.000m/s scale=fullscale wheelbase=2.80m length=4.70m bev=40.00m margin=2.00m state=odom grid=/bev/occupancy_grid sparse=/planner/upper_path_sparse dense=/planner/lower_reference_path
[INFO] [1791269704.907934118] [upper_planner_node]: upper branch model: cumulative_increment=1 turn_window_at_split=1 turn_target_absolute=1 split_continuity=6.75m r_dpsi=2.000 lambda_turn=0.600
[INFO] [1791269704.916674503] [lower_tracking_mpc_node]: LowerTrackingMpcNode ready: rate=10.00Hz dt=0.100s N=30 path=/planner/lower_reference_path scale=fullscale wheelbase=2.80m rear_offset=1.40m command_scale=0.350rad actuator_model=1 delay=0.00s tau=0.74s backend=disabled virtual=/cmd_control
"replica_north(control)_off-0.8_yaw-3" "tau1.0" "V0_validated" "time_limit" cycles=160
[INFO] [1791269705.009017813] [upper_planner_node]: planner state input: Odometry topic=/motive/vehicle/odom_map yaw=orientation.z scalar
[INFO] [1791269705.012016737] [upper_planner_node]: Egocentric MIQP planner ready: rate=2.00Hz pred_dt=0.750s Nmax=7 lower_dt=0.100s target_v=6.000m/s scale=fullscale wheelbase=2.80m length=4.70m bev=40.00m margin=2.00m state=odom grid=/bev/occupancy_grid sparse=/planner/upper_path_sparse dense=/planner/lower_reference_path
[INFO] [1791269705.012162371] [upper_planner_node]: upper branch model: cumulative_increment=1 turn_window_at_split=1 turn_target_absolute=1 split_continuity=6.75m r_dpsi=2.000 lambda_turn=0.600
[INFO] [1791269705.021120806] [lower_tracking_mpc_node]: LowerTrackingMpcNode ready: rate=10.00Hz dt=0.100s N=30 path=/planner/lower_reference_path scale=fullscale wheelbase=2.80m rear_offset=1.40m command_scale=0.350rad actuator_model=1 delay=0.00s tau=0.74s backend=disabled virtual=/cmd_control
"replica_north(control)_off-0.8_yaw-3" "tau1.0" "CUR" "time_limit" cycles=160
[INFO] [1791269705.129819236] [upper_planner_node]: planner state input: Odometry topic=/motive/vehicle/odom_map yaw=orientation.z scalar
[INFO] [1791269705.132795664] [upper_planner_node]: Egocentric MIQP planner ready: rate=2.00Hz pred_dt=0.750s Nmax=7 lower_dt=0.100s target_v=6.000m/s scale=fullscale wheelbase=2.80m length=4.70m bev=40.00m margin=2.00m state=odom grid=/bev/occupancy_grid sparse=/planner/upper_path_sparse dense=/planner/lower_reference_path
[INFO] [1791269705.132991539] [upper_planner_node]: upper branch model: cumulative_increment=1 turn_window_at_split=1 turn_target_absolute=1 split_continuity=6.75m r_dpsi=2.000 lambda_turn=0.600
[INFO] [1791269705.141971127] [lower_tracking_mpc_node]: LowerTrackingMpcNode ready: rate=10.00Hz dt=0.100s N=30 path=/planner/lower_reference_path scale=fullscale wheelbase=2.80m rear_offset=1.40m command_scale=0.350rad actuator_model=1 delay=0.00s tau=0.74s backend=disabled virtual=/cmd_control
"replica_north(control)_off-0.8_yaw-3" "tau1.0" "CUR_soft07" "time_limit" cycles=160
[INFO] [1791269705.259863227] [upper_planner_node]: planner state input: Odometry topic=/motive/vehicle/odom_map yaw=orientation.z scalar
[INFO] [1791269705.263119787] [upper_planner_node]: Egocentric MIQP planner ready: rate=2.00Hz pred_dt=0.750s Nmax=7 lower_dt=0.100s target_v=6.000m/s scale=fullscale wheelbase=2.80m length=4.70m bev=40.00m margin=2.00m state=odom grid=/bev/occupancy_grid sparse=/planner/upper_path_sparse dense=/planner/lower_reference_path
[INFO] [1791269705.263273358] [upper_planner_node]: upper branch model: cumulative_increment=1 turn_window_at_split=1 turn_target_absolute=1 split_continuity=6.75m r_dpsi=2.000 lambda_turn=0.600
[INFO] [1791269705.272306130] [lower_tracking_mpc_node]: LowerTrackingMpcNode ready: rate=10.00Hz dt=0.100s N=30 path=/planner/lower_reference_path scale=fullscale wheelbase=2.80m rear_offset=1.40m command_scale=0.350rad actuator_model=1 delay=0.00s tau=0.74s backend=disabled virtual=/cmd_control
"replica_north(control)_off-0.8_yaw-3" "tau1.0" "CUR_r3" "time_limit" cycles=160
[INFO] [1791269705.382889868] [upper_planner_node]: planner state input: Odometry topic=/motive/vehicle/odom_map yaw=orientation.z scalar
[INFO] [1791269705.386970056] [upper_planner_node]: Egocentric MIQP planner ready: rate=2.00Hz pred_dt=0.750s Nmax=7 lower_dt=0.100s target_v=6.000m/s scale=fullscale wheelbase=2.80m length=4.70m bev=40.00m margin=2.00m state=odom grid=/bev/occupancy_grid sparse=/planner/upper_path_sparse dense=/planner/lower_reference_path
[INFO] [1791269705.387108970] [upper_planner_node]: upper branch model: cumulative_increment=1 turn_window_at_split=1 turn_target_absolute=1 split_continuity=6.75m r_dpsi=2.000 lambda_turn=0.600
[INFO] [1791269705.397913192] [lower_tracking_mpc_node]: LowerTrackingMpcNode ready: rate=10.00Hz dt=0.100s N=30 path=/planner/lower_reference_path scale=fullscale wheelbase=2.80m rear_offset=1.40m command_scale=0.350rad actuator_model=1 delay=0.00s tau=0.74s backend=disabled virtual=/cmd_control
"replica_north(control)_off-0.8_yaw-3" "tau1.0" "CUR_1hz" "time_limit" cycles=160
[INFO] [1791269705.495613796] [upper_planner_node]: planner state input: Odometry topic=/motive/vehicle/odom_map yaw=orientation.z scalar
[INFO] [1791269705.498544815] [upper_planner_node]: Egocentric MIQP planner ready: rate=2.00Hz pred_dt=0.750s Nmax=7 lower_dt=0.100s target_v=6.000m/s scale=fullscale wheelbase=2.80m length=4.70m bev=40.00m margin=2.00m state=odom grid=/bev/occupancy_grid sparse=/planner/upper_path_sparse dense=/planner/lower_reference_path
[INFO] [1791269705.498677073] [upper_planner_node]: upper branch model: cumulative_increment=1 turn_window_at_split=1 turn_target_absolute=1 split_continuity=6.75m r_dpsi=2.000 lambda_turn=0.600
[INFO] [1791269705.507796887] [lower_tracking_mpc_node]: LowerTrackingMpcNode ready: rate=10.00Hz dt=0.100s N=30 path=/planner/lower_reference_path scale=fullscale wheelbase=2.80m rear_offset=1.40m command_scale=0.350rad actuator_model=1 delay=0.00s tau=0.74s backend=disabled virtual=/cmd_control
"replica_north(control)_off-0.8_yaw-3" "tau1.0" "CUR_wp1015" "time_limit" cycles=160
[INFO] [1791269705.632697379] [upper_planner_node]: planner state input: Odometry topic=/motive/vehicle/odom_map yaw=orientation.z scalar
[INFO] [1791269705.636012084] [upper_planner_node]: Egocentric MIQP planner ready: rate=2.00Hz pred_dt=0.750s Nmax=7 lower_dt=0.100s target_v=6.000m/s scale=fullscale wheelbase=2.80m length=4.70m bev=40.00m margin=2.00m state=odom grid=/bev/occupancy_grid sparse=/planner/upper_path_sparse dense=/planner/lower_reference_path
[INFO] [1791269705.637040739] [upper_planner_node]: upper branch model: cumulative_increment=1 turn_window_at_split=1 turn_target_absolute=1 split_continuity=6.75m r_dpsi=2.000 lambda_turn=0.600
[INFO] [1791269705.647132055] [lower_tracking_mpc_node]: LowerTrackingMpcNode ready: rate=10.00Hz dt=0.100s N=30 path=/planner/lower_reference_path scale=fullscale wheelbase=2.80m rear_offset=1.40m command_scale=0.350rad actuator_model=1 delay=0.00s tau=0.74s backend=disabled virtual=/cmd_control
"Yright_target_diverging_off+0_yaw+0" "tau0.74_noise2" "V0_validated" "goal_reached" cycles=255
[INFO] [1791269705.778522818] [upper_planner_node]: planner state input: Odometry topic=/motive/vehicle/odom_map yaw=orientation.z scalar
[INFO] [1791269705.782806529] [upper_planner_node]: Egocentric MIQP planner ready: rate=2.00Hz pred_dt=0.750s Nmax=7 lower_dt=0.100s target_v=6.000m/s scale=fullscale wheelbase=2.80m length=4.70m bev=40.00m margin=2.00m state=odom grid=/bev/occupancy_grid sparse=/planner/upper_path_sparse dense=/planner/lower_reference_path
[INFO] [1791269705.783134630] [upper_planner_node]: upper branch model: cumulative_increment=1 turn_window_at_split=1 turn_target_absolute=1 split_continuity=6.75m r_dpsi=2.000 lambda_turn=0.600
[INFO] [1791269705.794024806] [lower_tracking_mpc_node]: LowerTrackingMpcNode ready: rate=10.00Hz dt=0.100s N=30 path=/planner/lower_reference_path scale=fullscale wheelbase=2.80m rear_offset=1.40m command_scale=0.350rad actuator_model=1 delay=0.00s tau=0.74s backend=disabled virtual=/cmd_control
"Yright_target_diverging_off+0_yaw+0" "tau0.74_noise2" "CUR" "goal_reached" cycles=255
[INFO] [1791269705.940325324] [upper_planner_node]: planner state input: Odometry topic=/motive/vehicle/odom_map yaw=orientation.z scalar
[INFO] [1791269705.943566108] [upper_planner_node]: Egocentric MIQP planner ready: rate=2.00Hz pred_dt=0.750s Nmax=7 lower_dt=0.100s target_v=6.000m/s scale=fullscale wheelbase=2.80m length=4.70m bev=40.00m margin=2.00m state=odom grid=/bev/occupancy_grid sparse=/planner/upper_path_sparse dense=/planner/lower_reference_path
[INFO] [1791269705.943877889] [upper_planner_node]: upper branch model: cumulative_increment=1 turn_window_at_split=1 turn_target_absolute=1 split_continuity=6.75m r_dpsi=2.000 lambda_turn=0.600
[INFO] [1791269705.953085032] [lower_tracking_mpc_node]: LowerTrackingMpcNode ready: rate=10.00Hz dt=0.100s N=30 path=/planner/lower_reference_path scale=fullscale wheelbase=2.80m rear_offset=1.40m command_scale=0.350rad actuator_model=1 delay=0.00s tau=0.74s backend=disabled virtual=/cmd_control
"Yright_target_diverging_off+0_yaw+0" "tau0.74_noise2" "CUR_soft07" "goal_reached" cycles=256
[INFO] [1791269706.101521261] [upper_planner_node]: planner state input: Odometry topic=/motive/vehicle/odom_map yaw=orientation.z scalar
[INFO] [1791269706.105009120] [upper_planner_node]: Egocentric MIQP planner ready: rate=2.00Hz pred_dt=0.750s Nmax=7 lower_dt=0.100s target_v=6.000m/s scale=fullscale wheelbase=2.80m length=4.70m bev=40.00m margin=2.00m state=odom grid=/bev/occupancy_grid sparse=/planner/upper_path_sparse dense=/planner/lower_reference_path
[INFO] [1791269706.105355014] [upper_planner_node]: upper branch model: cumulative_increment=1 turn_window_at_split=1 turn_target_absolute=1 split_continuity=6.75m r_dpsi=2.000 lambda_turn=0.600
[INFO] [1791269706.114644494] [lower_tracking_mpc_node]: LowerTrackingMpcNode ready: rate=10.00Hz dt=0.100s N=30 path=/planner/lower_reference_path scale=fullscale wheelbase=2.80m rear_offset=1.40m command_scale=0.350rad actuator_model=1 delay=0.00s tau=0.74s backend=disabled virtual=/cmd_control
"Yright_target_diverging_off+0_yaw+0" "tau0.74_noise2" "CUR_r3" "goal_reached" cycles=255
[INFO] [1791269706.261831809] [upper_planner_node]: planner state input: Odometry topic=/motive/vehicle/odom_map yaw=orientation.z scalar
[INFO] [1791269706.265226194] [upper_planner_node]: Egocentric MIQP planner ready: rate=2.00Hz pred_dt=0.750s Nmax=7 lower_dt=0.100s target_v=6.000m/s scale=fullscale wheelbase=2.80m length=4.70m bev=40.00m margin=2.00m state=odom grid=/bev/occupancy_grid sparse=/planner/upper_path_sparse dense=/planner/lower_reference_path
[INFO] [1791269706.265430325] [upper_planner_node]: upper branch model: cumulative_increment=1 turn_window_at_split=1 turn_target_absolute=1 split_continuity=6.75m r_dpsi=2.000 lambda_turn=0.600
[INFO] [1791269706.274733790] [lower_tracking_mpc_node]: LowerTrackingMpcNode ready: rate=10.00Hz dt=0.100s N=30 path=/planner/lower_reference_path scale=fullscale wheelbase=2.80m rear_offset=1.40m command_scale=0.350rad actuator_model=1 delay=0.00s tau=0.74s backend=disabled virtual=/cmd_control
"Yright_target_diverging_off+0_yaw+0" "tau0.74_noise2" "CUR_1hz" "goal_reached" cycles=254
[INFO] [1791269706.402673686] [upper_planner_node]: planner state input: Odometry topic=/motive/vehicle/odom_map yaw=orientation.z scalar
[INFO] [1791269706.405944646] [upper_planner_node]: Egocentric MIQP planner ready: rate=2.00Hz pred_dt=0.750s Nmax=7 lower_dt=0.100s target_v=6.000m/s scale=fullscale wheelbase=2.80m length=4.70m bev=40.00m margin=2.00m state=odom grid=/bev/occupancy_grid sparse=/planner/upper_path_sparse dense=/planner/lower_reference_path
[INFO] [1791269706.406109416] [upper_planner_node]: upper branch model: cumulative_increment=1 turn_window_at_split=1 turn_target_absolute=1 split_continuity=6.75m r_dpsi=2.000 lambda_turn=0.600
[INFO] [1791269706.415748150] [lower_tracking_mpc_node]: LowerTrackingMpcNode ready: rate=10.00Hz dt=0.100s N=30 path=/planner/lower_reference_path scale=fullscale wheelbase=2.80m rear_offset=1.40m command_scale=0.350rad actuator_model=1 delay=0.00s tau=0.74s backend=disabled virtual=/cmd_control
"Yright_target_diverging_off+0_yaw+0" "tau0.74_noise2" "CUR_wp1015" "goal_reached" cycles=255
[INFO] [1791269706.561843929] [upper_planner_node]: planner state input: Odometry topic=/motive/vehicle/odom_map yaw=orientation.z scalar
[INFO] [1791269706.565211210] [upper_planner_node]: Egocentric MIQP planner ready: rate=2.00Hz pred_dt=0.750s Nmax=7 lower_dt=0.100s target_v=6.000m/s scale=fullscale wheelbase=2.80m length=4.70m bev=40.00m margin=2.00m state=odom grid=/bev/occupancy_grid sparse=/planner/upper_path_sparse dense=/planner/lower_reference_path
[INFO] [1791269706.565338636] [upper_planner_node]: upper branch model: cumulative_increment=1 turn_window_at_split=1 turn_target_absolute=1 split_continuity=6.75m r_dpsi=2.000 lambda_turn=0.600
[INFO] [1791269706.574201422] [lower_tracking_mpc_node]: LowerTrackingMpcNode ready: rate=10.00Hz dt=0.100s N=30 path=/planner/lower_reference_path scale=fullscale wheelbase=2.80m rear_offset=1.40m command_scale=0.350rad actuator_model=1 delay=0.00s tau=0.74s backend=disabled virtual=/cmd_control
"Yright_target_diverging_off+0_yaw+0" "tau0.5" "V0_validated" "goal_reached" cycles=255
[INFO] [1791269706.697596323] [upper_planner_node]: planner state input: Odometry topic=/motive/vehicle/odom_map yaw=orientation.z scalar
[INFO] [1791269706.700777234] [upper_planner_node]: Egocentric MIQP planner ready: rate=2.00Hz pred_dt=0.750s Nmax=7 lower_dt=0.100s target_v=6.000m/s scale=fullscale wheelbase=2.80m length=4.70m bev=40.00m margin=2.00m state=odom grid=/bev/occupancy_grid sparse=/planner/upper_path_sparse dense=/planner/lower_reference_path
[INFO] [1791269706.701002709] [upper_planner_node]: upper branch model: cumulative_increment=1 turn_window_at_split=1 turn_target_absolute=1 split_continuity=6.75m r_dpsi=2.000 lambda_turn=0.600
[INFO] [1791269706.710129659] [lower_tracking_mpc_node]: LowerTrackingMpcNode ready: rate=10.00Hz dt=0.100s N=30 path=/planner/lower_reference_path scale=fullscale wheelbase=2.80m rear_offset=1.40m command_scale=0.350rad actuator_model=1 delay=0.00s tau=0.74s backend=disabled virtual=/cmd_control
"Yright_target_diverging_off+0_yaw+0" "tau0.5" "CUR" "goal_reached" cycles=255
[INFO] [1791269706.859543535] [upper_planner_node]: planner state input: Odometry topic=/motive/vehicle/odom_map yaw=orientation.z scalar
[INFO] [1791269706.862535963] [upper_planner_node]: Egocentric MIQP planner ready: rate=2.00Hz pred_dt=0.750s Nmax=7 lower_dt=0.100s target_v=6.000m/s scale=fullscale wheelbase=2.80m length=4.70m bev=40.00m margin=2.00m state=odom grid=/bev/occupancy_grid sparse=/planner/upper_path_sparse dense=/planner/lower_reference_path
[INFO] [1791269706.862711677] [upper_planner_node]: upper branch model: cumulative_increment=1 turn_window_at_split=1 turn_target_absolute=1 split_continuity=6.75m r_dpsi=2.000 lambda_turn=0.600
[INFO] [1791269706.871761890] [lower_tracking_mpc_node]: LowerTrackingMpcNode ready: rate=10.00Hz dt=0.100s N=30 path=/planner/lower_reference_path scale=fullscale wheelbase=2.80m rear_offset=1.40m command_scale=0.350rad actuator_model=1 delay=0.00s tau=0.74s backend=disabled virtual=/cmd_control
"Yright_target_diverging_off+0_yaw+0" "tau0.5" "CUR_soft07" "goal_reached" cycles=256
[INFO] [1791269707.017050425] [upper_planner_node]: planner state input: Odometry topic=/motive/vehicle/odom_map yaw=orientation.z scalar
[INFO] [1791269707.020224583] [upper_planner_node]: Egocentric MIQP planner ready: rate=2.00Hz pred_dt=0.750s Nmax=7 lower_dt=0.100s target_v=6.000m/s scale=fullscale wheelbase=2.80m length=4.70m bev=40.00m margin=2.00m state=odom grid=/bev/occupancy_grid sparse=/planner/upper_path_sparse dense=/planner/lower_reference_path
[INFO] [1791269707.020345129] [upper_planner_node]: upper branch model: cumulative_increment=1 turn_window_at_split=1 turn_target_absolute=1 split_continuity=6.75m r_dpsi=2.000 lambda_turn=0.600
[INFO] [1791269707.029192075] [lower_tracking_mpc_node]: LowerTrackingMpcNode ready: rate=10.00Hz dt=0.100s N=30 path=/planner/lower_reference_path scale=fullscale wheelbase=2.80m rear_offset=1.40m command_scale=0.350rad actuator_model=1 delay=0.00s tau=0.74s backend=disabled virtual=/cmd_control
"Yright_target_diverging_off+0_yaw+0" "tau0.5" "CUR_r3" "goal_reached" cycles=254
[INFO] [1791269707.171745593] [upper_planner_node]: planner state input: Odometry topic=/motive/vehicle/odom_map yaw=orientation.z scalar
[INFO] [1791269707.174708932] [upper_planner_node]: Egocentric MIQP planner ready: rate=2.00Hz pred_dt=0.750s Nmax=7 lower_dt=0.100s target_v=6.000m/s scale=fullscale wheelbase=2.80m length=4.70m bev=40.00m margin=2.00m state=odom grid=/bev/occupancy_grid sparse=/planner/upper_path_sparse dense=/planner/lower_reference_path
[INFO] [1791269707.174832934] [upper_planner_node]: upper branch model: cumulative_increment=1 turn_window_at_split=1 turn_target_absolute=1 split_continuity=6.75m r_dpsi=2.000 lambda_turn=0.600
[INFO] [1791269707.183921132] [lower_tracking_mpc_node]: LowerTrackingMpcNode ready: rate=10.00Hz dt=0.100s N=30 path=/planner/lower_reference_path scale=fullscale wheelbase=2.80m rear_offset=1.40m command_scale=0.350rad actuator_model=1 delay=0.00s tau=0.74s backend=disabled virtual=/cmd_control
"Yright_target_diverging_off+0_yaw+0" "tau0.5" "CUR_1hz" "goal_reached" cycles=254
[INFO] [1791269707.306376690] [upper_planner_node]: planner state input: Odometry topic=/motive/vehicle/odom_map yaw=orientation.z scalar
[INFO] [1791269707.309509504] [upper_planner_node]: Egocentric MIQP planner ready: rate=2.00Hz pred_dt=0.750s Nmax=7 lower_dt=0.100s target_v=6.000m/s scale=fullscale wheelbase=2.80m length=4.70m bev=40.00m margin=2.00m state=odom grid=/bev/occupancy_grid sparse=/planner/upper_path_sparse dense=/planner/lower_reference_path
[INFO] [1791269707.309645282] [upper_planner_node]: upper branch model: cumulative_increment=1 turn_window_at_split=1 turn_target_absolute=1 split_continuity=6.75m r_dpsi=2.000 lambda_turn=0.600
[INFO] [1791269707.318875690] [lower_tracking_mpc_node]: LowerTrackingMpcNode ready: rate=10.00Hz dt=0.100s N=30 path=/planner/lower_reference_path scale=fullscale wheelbase=2.80m rear_offset=1.40m command_scale=0.350rad actuator_model=1 delay=0.00s tau=0.74s backend=disabled virtual=/cmd_control
"Yright_target_diverging_off+0_yaw+0" "tau0.5" "CUR_wp1015" "goal_reached" cycles=255
[INFO] [1791269707.464782217] [upper_planner_node]: planner state input: Odometry topic=/motive/vehicle/odom_map yaw=orientation.z scalar
[INFO] [1791269707.468744643] [upper_planner_node]: Egocentric MIQP planner ready: rate=2.00Hz pred_dt=0.750s Nmax=7 lower_dt=0.100s target_v=6.000m/s scale=fullscale wheelbase=2.80m length=4.70m bev=40.00m margin=2.00m state=odom grid=/bev/occupancy_grid sparse=/planner/upper_path_sparse dense=/planner/lower_reference_path
[INFO] [1791269707.468874917] [upper_planner_node]: upper branch model: cumulative_increment=1 turn_window_at_split=1 turn_target_absolute=1 split_continuity=6.75m r_dpsi=2.000 lambda_turn=0.600
[INFO] [1791269707.479643363] [lower_tracking_mpc_node]: LowerTrackingMpcNode ready: rate=10.00Hz dt=0.100s N=30 path=/planner/lower_reference_path scale=fullscale wheelbase=2.80m rear_offset=1.40m command_scale=0.350rad actuator_model=1 delay=0.00s tau=0.74s backend=disabled virtual=/cmd_control
"Yright_target_diverging_off+0_yaw+0" "tau1.0" "V0_validated" "goal_reached" cycles=256
[INFO] [1791269707.603321308] [upper_planner_node]: planner state input: Odometry topic=/motive/vehicle/odom_map yaw=orientation.z scalar
[INFO] [1791269707.606413417] [upper_planner_node]: Egocentric MIQP planner ready: rate=2.00Hz pred_dt=0.750s Nmax=7 lower_dt=0.100s target_v=6.000m/s scale=fullscale wheelbase=2.80m length=4.70m bev=40.00m margin=2.00m state=odom grid=/bev/occupancy_grid sparse=/planner/upper_path_sparse dense=/planner/lower_reference_path
[INFO] [1791269707.606536139] [upper_planner_node]: upper branch model: cumulative_increment=1 turn_window_at_split=1 turn_target_absolute=1 split_continuity=6.75m r_dpsi=2.000 lambda_turn=0.600
[INFO] [1791269707.615858132] [lower_tracking_mpc_node]: LowerTrackingMpcNode ready: rate=10.00Hz dt=0.100s N=30 path=/planner/lower_reference_path scale=fullscale wheelbase=2.80m rear_offset=1.40m command_scale=0.350rad actuator_model=1 delay=0.00s tau=0.74s backend=disabled virtual=/cmd_control
"Yright_target_diverging_off+0_yaw+0" "tau1.0" "CUR" "goal_reached" cycles=255
[INFO] [1791269707.757790329] [upper_planner_node]: planner state input: Odometry topic=/motive/vehicle/odom_map yaw=orientation.z scalar
[INFO] [1791269707.760986504] [upper_planner_node]: Egocentric MIQP planner ready: rate=2.00Hz pred_dt=0.750s Nmax=7 lower_dt=0.100s target_v=6.000m/s scale=fullscale wheelbase=2.80m length=4.70m bev=40.00m margin=2.00m state=odom grid=/bev/occupancy_grid sparse=/planner/upper_path_sparse dense=/planner/lower_reference_path
[INFO] [1791269707.761121898] [upper_planner_node]: upper branch model: cumulative_increment=1 turn_window_at_split=1 turn_target_absolute=1 split_continuity=6.75m r_dpsi=2.000 lambda_turn=0.600
[INFO] [1791269707.770279248] [lower_tracking_mpc_node]: LowerTrackingMpcNode ready: rate=10.00Hz dt=0.100s N=30 path=/planner/lower_reference_path scale=fullscale wheelbase=2.80m rear_offset=1.40m command_scale=0.350rad actuator_model=1 delay=0.00s tau=0.74s backend=disabled virtual=/cmd_control
"Yright_target_diverging_off+0_yaw+0" "tau1.0" "CUR_soft07" "goal_reached" cycles=256
[INFO] [1791269707.913991951] [upper_planner_node]: planner state input: Odometry topic=/motive/vehicle/odom_map yaw=orientation.z scalar
[INFO] [1791269707.918038187] [upper_planner_node]: Egocentric MIQP planner ready: rate=2.00Hz pred_dt=0.750s Nmax=7 lower_dt=0.100s target_v=6.000m/s scale=fullscale wheelbase=2.80m length=4.70m bev=40.00m margin=2.00m state=odom grid=/bev/occupancy_grid sparse=/planner/upper_path_sparse dense=/planner/lower_reference_path
[INFO] [1791269707.918166252] [upper_planner_node]: upper branch model: cumulative_increment=1 turn_window_at_split=1 turn_target_absolute=1 split_continuity=6.75m r_dpsi=2.000 lambda_turn=0.600
[INFO] [1791269707.927851515] [lower_tracking_mpc_node]: LowerTrackingMpcNode ready: rate=10.00Hz dt=0.100s N=30 path=/planner/lower_reference_path scale=fullscale wheelbase=2.80m rear_offset=1.40m command_scale=0.350rad actuator_model=1 delay=0.00s tau=0.74s backend=disabled virtual=/cmd_control
"Yright_target_diverging_off+0_yaw+0" "tau1.0" "CUR_r3" "goal_reached" cycles=255
[INFO] [1791269708.069957986] [upper_planner_node]: planner state input: Odometry topic=/motive/vehicle/odom_map yaw=orientation.z scalar
[INFO] [1791269708.073229266] [upper_planner_node]: Egocentric MIQP planner ready: rate=2.00Hz pred_dt=0.750s Nmax=7 lower_dt=0.100s target_v=6.000m/s scale=fullscale wheelbase=2.80m length=4.70m bev=40.00m margin=2.00m state=odom grid=/bev/occupancy_grid sparse=/planner/upper_path_sparse dense=/planner/lower_reference_path
[INFO] [1791269708.073351827] [upper_planner_node]: upper branch model: cumulative_increment=1 turn_window_at_split=1 turn_target_absolute=1 split_continuity=6.75m r_dpsi=2.000 lambda_turn=0.600
[INFO] [1791269708.082225462] [lower_tracking_mpc_node]: LowerTrackingMpcNode ready: rate=10.00Hz dt=0.100s N=30 path=/planner/lower_reference_path scale=fullscale wheelbase=2.80m rear_offset=1.40m command_scale=0.350rad actuator_model=1 delay=0.00s tau=0.74s backend=disabled virtual=/cmd_control
"Yright_target_diverging_off+0_yaw+0" "tau1.0" "CUR_1hz" "goal_reached" cycles=254
[INFO] [1791269708.207687240] [upper_planner_node]: planner state input: Odometry topic=/motive/vehicle/odom_map yaw=orientation.z scalar
[INFO] [1791269708.210563666] [upper_planner_node]: Egocentric MIQP planner ready: rate=2.00Hz pred_dt=0.750s Nmax=7 lower_dt=0.100s target_v=6.000m/s scale=fullscale wheelbase=2.80m length=4.70m bev=40.00m margin=2.00m state=odom grid=/bev/occupancy_grid sparse=/planner/upper_path_sparse dense=/planner/lower_reference_path
[INFO] [1791269708.210794230] [upper_planner_node]: upper branch model: cumulative_increment=1 turn_window_at_split=1 turn_target_absolute=1 split_continuity=6.75m r_dpsi=2.000 lambda_turn=0.600
[INFO] [1791269708.219807450] [lower_tracking_mpc_node]: LowerTrackingMpcNode ready: rate=10.00Hz dt=0.100s N=30 path=/planner/lower_reference_path scale=fullscale wheelbase=2.80m rear_offset=1.40m command_scale=0.350rad actuator_model=1 delay=0.00s tau=0.74s backend=disabled virtual=/cmd_control
"Yright_target_diverging_off+0_yaw+0" "tau1.0" "CUR_wp1015" "goal_reached" cycles=255
[INFO] [1791269708.365239217] [upper_planner_node]: planner state input: Odometry topic=/motive/vehicle/odom_map yaw=orientation.z scalar
[INFO] [1791269708.368285854] [upper_planner_node]: Egocentric MIQP planner ready: rate=2.00Hz pred_dt=0.750s Nmax=7 lower_dt=0.100s target_v=6.000m/s scale=fullscale wheelbase=2.80m length=4.70m bev=40.00m margin=2.00m state=odom grid=/bev/occupancy_grid sparse=/planner/upper_path_sparse dense=/planner/lower_reference_path
[INFO] [1791269708.368407168] [upper_planner_node]: upper branch model: cumulative_increment=1 turn_window_at_split=1 turn_target_absolute=1 split_continuity=6.75m r_dpsi=2.000 lambda_turn=0.600
[INFO] [1791269708.377412356] [lower_tracking_mpc_node]: LowerTrackingMpcNode ready: rate=10.00Hz dt=0.100s N=30 path=/planner/lower_reference_path scale=fullscale wheelbase=2.80m rear_offset=1.40m command_scale=0.350rad actuator_model=1 delay=0.00s tau=0.74s backend=disabled virtual=/cmd_control
"Yright_target_continuing_off+0_yaw+0" "tau0.74_noise2" "V0_validated" "goal_reached" cycles=256
[INFO] [1791269708.501383680] [upper_planner_node]: planner state input: Odometry topic=/motive/vehicle/odom_map yaw=orientation.z scalar
[INFO] [1791269708.504540879] [upper_planner_node]: Egocentric MIQP planner ready: rate=2.00Hz pred_dt=0.750s Nmax=7 lower_dt=0.100s target_v=6.000m/s scale=fullscale wheelbase=2.80m length=4.70m bev=40.00m margin=2.00m state=odom grid=/bev/occupancy_grid sparse=/planner/upper_path_sparse dense=/planner/lower_reference_path
[INFO] [1791269708.504695441] [upper_planner_node]: upper branch model: cumulative_increment=1 turn_window_at_split=1 turn_target_absolute=1 split_continuity=6.75m r_dpsi=2.000 lambda_turn=0.600
[INFO] [1791269708.513678773] [lower_tracking_mpc_node]: LowerTrackingMpcNode ready: rate=10.00Hz dt=0.100s N=30 path=/planner/lower_reference_path scale=fullscale wheelbase=2.80m rear_offset=1.40m command_scale=0.350rad actuator_model=1 delay=0.00s tau=0.74s backend=disabled virtual=/cmd_control
"Yright_target_continuing_off+0_yaw+0" "tau0.74_noise2" "CUR" "goal_reached" cycles=256
[INFO] [1791269708.653797950] [upper_planner_node]: planner state input: Odometry topic=/motive/vehicle/odom_map yaw=orientation.z scalar
[INFO] [1791269708.657113519] [upper_planner_node]: Egocentric MIQP planner ready: rate=2.00Hz pred_dt=0.750s Nmax=7 lower_dt=0.100s target_v=6.000m/s scale=fullscale wheelbase=2.80m length=4.70m bev=40.00m margin=2.00m state=odom grid=/bev/occupancy_grid sparse=/planner/upper_path_sparse dense=/planner/lower_reference_path
[INFO] [1791269708.657248817] [upper_planner_node]: upper branch model: cumulative_increment=1 turn_window_at_split=1 turn_target_absolute=1 split_continuity=6.75m r_dpsi=2.000 lambda_turn=0.600
[INFO] [1791269708.666293398] [lower_tracking_mpc_node]: LowerTrackingMpcNode ready: rate=10.00Hz dt=0.100s N=30 path=/planner/lower_reference_path scale=fullscale wheelbase=2.80m rear_offset=1.40m command_scale=0.350rad actuator_model=1 delay=0.00s tau=0.74s backend=disabled virtual=/cmd_control
"Yright_target_continuing_off+0_yaw+0" "tau0.74_noise2" "CUR_soft07" "goal_reached" cycles=256
[INFO] [1791269708.807279564] [upper_planner_node]: planner state input: Odometry topic=/motive/vehicle/odom_map yaw=orientation.z scalar
[INFO] [1791269708.810225975] [upper_planner_node]: Egocentric MIQP planner ready: rate=2.00Hz pred_dt=0.750s Nmax=7 lower_dt=0.100s target_v=6.000m/s scale=fullscale wheelbase=2.80m length=4.70m bev=40.00m margin=2.00m state=odom grid=/bev/occupancy_grid sparse=/planner/upper_path_sparse dense=/planner/lower_reference_path
[INFO] [1791269708.810357465] [upper_planner_node]: upper branch model: cumulative_increment=1 turn_window_at_split=1 turn_target_absolute=1 split_continuity=6.75m r_dpsi=2.000 lambda_turn=0.600
[INFO] [1791269708.819555840] [lower_tracking_mpc_node]: LowerTrackingMpcNode ready: rate=10.00Hz dt=0.100s N=30 path=/planner/lower_reference_path scale=fullscale wheelbase=2.80m rear_offset=1.40m command_scale=0.350rad actuator_model=1 delay=0.00s tau=0.74s backend=disabled virtual=/cmd_control
"Yright_target_continuing_off+0_yaw+0" "tau0.74_noise2" "CUR_r3" "goal_reached" cycles=256
[INFO] [1791269708.959411910] [upper_planner_node]: planner state input: Odometry topic=/motive/vehicle/odom_map yaw=orientation.z scalar
[INFO] [1791269708.962439602] [upper_planner_node]: Egocentric MIQP planner ready: rate=2.00Hz pred_dt=0.750s Nmax=7 lower_dt=0.100s target_v=6.000m/s scale=fullscale wheelbase=2.80m length=4.70m bev=40.00m margin=2.00m state=odom grid=/bev/occupancy_grid sparse=/planner/upper_path_sparse dense=/planner/lower_reference_path
[INFO] [1791269708.962564628] [upper_planner_node]: upper branch model: cumulative_increment=1 turn_window_at_split=1 turn_target_absolute=1 split_continuity=6.75m r_dpsi=2.000 lambda_turn=0.600
[INFO] [1791269708.971602073] [lower_tracking_mpc_node]: LowerTrackingMpcNode ready: rate=10.00Hz dt=0.100s N=30 path=/planner/lower_reference_path scale=fullscale wheelbase=2.80m rear_offset=1.40m command_scale=0.350rad actuator_model=1 delay=0.00s tau=0.74s backend=disabled virtual=/cmd_control
"Yright_target_continuing_off+0_yaw+0" "tau0.74_noise2" "CUR_1hz" "goal_reached" cycles=256
[INFO] [1791269709.094078911] [upper_planner_node]: planner state input: Odometry topic=/motive/vehicle/odom_map yaw=orientation.z scalar
[INFO] [1791269709.231992199] [upper_planner_node]: Egocentric MIQP planner ready: rate=2.00Hz pred_dt=0.750s Nmax=7 lower_dt=0.100s target_v=6.000m/s scale=fullscale wheelbase=2.80m length=4.70m bev=40.00m margin=2.00m state=odom grid=/bev/occupancy_grid sparse=/planner/upper_path_sparse dense=/planner/lower_reference_path
[INFO] [1791269709.232229163] [upper_planner_node]: upper branch model: cumulative_increment=1 turn_window_at_split=1 turn_target_absolute=1 split_continuity=6.75m r_dpsi=2.000 lambda_turn=0.600
[INFO] [1791269709.246386362] [lower_tracking_mpc_node]: LowerTrackingMpcNode ready: rate=10.00Hz dt=0.100s N=30 path=/planner/lower_reference_path scale=fullscale wheelbase=2.80m rear_offset=1.40m command_scale=0.350rad actuator_model=1 delay=0.00s tau=0.74s backend=disabled virtual=/cmd_control
"Yright_target_continuing_off+0_yaw+0" "tau0.74_noise2" "CUR_wp1015" "goal_reached" cycles=256
[INFO] [1791269709.423819559] [upper_planner_node]: planner state input: Odometry topic=/motive/vehicle/odom_map yaw=orientation.z scalar
[INFO] [1791269709.426790962] [upper_planner_node]: Egocentric MIQP planner ready: rate=2.00Hz pred_dt=0.750s Nmax=7 lower_dt=0.100s target_v=6.000m/s scale=fullscale wheelbase=2.80m length=4.70m bev=40.00m margin=2.00m state=odom grid=/bev/occupancy_grid sparse=/planner/upper_path_sparse dense=/planner/lower_reference_path
[INFO] [1791269709.427026934] [upper_planner_node]: upper branch model: cumulative_increment=1 turn_window_at_split=1 turn_target_absolute=1 split_continuity=6.75m r_dpsi=2.000 lambda_turn=0.600
[INFO] [1791269709.435989113] [lower_tracking_mpc_node]: LowerTrackingMpcNode ready: rate=10.00Hz dt=0.100s N=30 path=/planner/lower_reference_path scale=fullscale wheelbase=2.80m rear_offset=1.40m command_scale=0.350rad actuator_model=1 delay=0.00s tau=0.74s backend=disabled virtual=/cmd_control
"Yright_target_continuing_off+0_yaw+0" "tau0.5" "V0_validated" "goal_reached" cycles=256
[INFO] [1791269709.565843820] [upper_planner_node]: planner state input: Odometry topic=/motive/vehicle/odom_map yaw=orientation.z scalar
[INFO] [1791269709.569094747] [upper_planner_node]: Egocentric MIQP planner ready: rate=2.00Hz pred_dt=0.750s Nmax=7 lower_dt=0.100s target_v=6.000m/s scale=fullscale wheelbase=2.80m length=4.70m bev=40.00m margin=2.00m state=odom grid=/bev/occupancy_grid sparse=/planner/upper_path_sparse dense=/planner/lower_reference_path
[INFO] [1791269709.569219581] [upper_planner_node]: upper branch model: cumulative_increment=1 turn_window_at_split=1 turn_target_absolute=1 split_continuity=6.75m r_dpsi=2.000 lambda_turn=0.600
[INFO] [1791269709.578285794] [lower_tracking_mpc_node]: LowerTrackingMpcNode ready: rate=10.00Hz dt=0.100s N=30 path=/planner/lower_reference_path scale=fullscale wheelbase=2.80m rear_offset=1.40m command_scale=0.350rad actuator_model=1 delay=0.00s tau=0.74s backend=disabled virtual=/cmd_control
"Yright_target_continuing_off+0_yaw+0" "tau0.5" "CUR" "goal_reached" cycles=256
[INFO] [1791269709.719192182] [upper_planner_node]: planner state input: Odometry topic=/motive/vehicle/odom_map yaw=orientation.z scalar
[INFO] [1791269709.723108304] [upper_planner_node]: Egocentric MIQP planner ready: rate=2.00Hz pred_dt=0.750s Nmax=7 lower_dt=0.100s target_v=6.000m/s scale=fullscale wheelbase=2.80m length=4.70m bev=40.00m margin=2.00m state=odom grid=/bev/occupancy_grid sparse=/planner/upper_path_sparse dense=/planner/lower_reference_path
[INFO] [1791269709.723231506] [upper_planner_node]: upper branch model: cumulative_increment=1 turn_window_at_split=1 turn_target_absolute=1 split_continuity=6.75m r_dpsi=2.000 lambda_turn=0.600
[INFO] [1791269709.732099732] [lower_tracking_mpc_node]: LowerTrackingMpcNode ready: rate=10.00Hz dt=0.100s N=30 path=/planner/lower_reference_path scale=fullscale wheelbase=2.80m rear_offset=1.40m command_scale=0.350rad actuator_model=1 delay=0.00s tau=0.74s backend=disabled virtual=/cmd_control
"Yright_target_continuing_off+0_yaw+0" "tau0.5" "CUR_soft07" "goal_reached" cycles=256
[INFO] [1791269709.871554355] [upper_planner_node]: planner state input: Odometry topic=/motive/vehicle/odom_map yaw=orientation.z scalar
[INFO] [1791269709.875510957] [upper_planner_node]: Egocentric MIQP planner ready: rate=2.00Hz pred_dt=0.750s Nmax=7 lower_dt=0.100s target_v=6.000m/s scale=fullscale wheelbase=2.80m length=4.70m bev=40.00m margin=2.00m state=odom grid=/bev/occupancy_grid sparse=/planner/upper_path_sparse dense=/planner/lower_reference_path
[INFO] [1791269709.875645103] [upper_planner_node]: upper branch model: cumulative_increment=1 turn_window_at_split=1 turn_target_absolute=1 split_continuity=6.75m r_dpsi=2.000 lambda_turn=0.600
[INFO] [1791269709.884961880] [lower_tracking_mpc_node]: LowerTrackingMpcNode ready: rate=10.00Hz dt=0.100s N=30 path=/planner/lower_reference_path scale=fullscale wheelbase=2.80m rear_offset=1.40m command_scale=0.350rad actuator_model=1 delay=0.00s tau=0.74s backend=disabled virtual=/cmd_control
"Yright_target_continuing_off+0_yaw+0" "tau0.5" "CUR_r3" "goal_reached" cycles=256
[INFO] [1791269710.022882784] [upper_planner_node]: planner state input: Odometry topic=/motive/vehicle/odom_map yaw=orientation.z scalar
[INFO] [1791269710.026080847] [upper_planner_node]: Egocentric MIQP planner ready: rate=2.00Hz pred_dt=0.750s Nmax=7 lower_dt=0.100s target_v=6.000m/s scale=fullscale wheelbase=2.80m length=4.70m bev=40.00m margin=2.00m state=odom grid=/bev/occupancy_grid sparse=/planner/upper_path_sparse dense=/planner/lower_reference_path
[INFO] [1791269710.026196913] [upper_planner_node]: upper branch model: cumulative_increment=1 turn_window_at_split=1 turn_target_absolute=1 split_continuity=6.75m r_dpsi=2.000 lambda_turn=0.600
[INFO] [1791269710.035387160] [lower_tracking_mpc_node]: LowerTrackingMpcNode ready: rate=10.00Hz dt=0.100s N=30 path=/planner/lower_reference_path scale=fullscale wheelbase=2.80m rear_offset=1.40m command_scale=0.350rad actuator_model=1 delay=0.00s tau=0.74s backend=disabled virtual=/cmd_control
"Yright_target_continuing_off+0_yaw+0" "tau0.5" "CUR_1hz" "goal_reached" cycles=256
[INFO] [1791269710.157422518] [upper_planner_node]: planner state input: Odometry topic=/motive/vehicle/odom_map yaw=orientation.z scalar
[INFO] [1791269710.160528100] [upper_planner_node]: Egocentric MIQP planner ready: rate=2.00Hz pred_dt=0.750s Nmax=7 lower_dt=0.100s target_v=6.000m/s scale=fullscale wheelbase=2.80m length=4.70m bev=40.00m margin=2.00m state=odom grid=/bev/occupancy_grid sparse=/planner/upper_path_sparse dense=/planner/lower_reference_path
[INFO] [1791269710.160653894] [upper_planner_node]: upper branch model: cumulative_increment=1 turn_window_at_split=1 turn_target_absolute=1 split_continuity=6.75m r_dpsi=2.000 lambda_turn=0.600
[INFO] [1791269710.169716075] [lower_tracking_mpc_node]: LowerTrackingMpcNode ready: rate=10.00Hz dt=0.100s N=30 path=/planner/lower_reference_path scale=fullscale wheelbase=2.80m rear_offset=1.40m command_scale=0.350rad actuator_model=1 delay=0.00s tau=0.74s backend=disabled virtual=/cmd_control
"Yright_target_continuing_off+0_yaw+0" "tau0.5" "CUR_wp1015" "goal_reached" cycles=256
[INFO] [1791269710.309768818] [upper_planner_node]: planner state input: Odometry topic=/motive/vehicle/odom_map yaw=orientation.z scalar
[INFO] [1791269710.312965793] [upper_planner_node]: Egocentric MIQP planner ready: rate=2.00Hz pred_dt=0.750s Nmax=7 lower_dt=0.100s target_v=6.000m/s scale=fullscale wheelbase=2.80m length=4.70m bev=40.00m margin=2.00m state=odom grid=/bev/occupancy_grid sparse=/planner/upper_path_sparse dense=/planner/lower_reference_path
[INFO] [1791269710.313102019] [upper_planner_node]: upper branch model: cumulative_increment=1 turn_window_at_split=1 turn_target_absolute=1 split_continuity=6.75m r_dpsi=2.000 lambda_turn=0.600
[INFO] [1791269710.322114183] [lower_tracking_mpc_node]: LowerTrackingMpcNode ready: rate=10.00Hz dt=0.100s N=30 path=/planner/lower_reference_path scale=fullscale wheelbase=2.80m rear_offset=1.40m command_scale=0.350rad actuator_model=1 delay=0.00s tau=0.74s backend=disabled virtual=/cmd_control
"Yright_target_continuing_off+0_yaw+0" "tau1.0" "V0_validated" "goal_reached" cycles=256
[INFO] [1791269710.444499307] [upper_planner_node]: planner state input: Odometry topic=/motive/vehicle/odom_map yaw=orientation.z scalar
[INFO] [1791269710.447716666] [upper_planner_node]: Egocentric MIQP planner ready: rate=2.00Hz pred_dt=0.750s Nmax=7 lower_dt=0.100s target_v=6.000m/s scale=fullscale wheelbase=2.80m length=4.70m bev=40.00m margin=2.00m state=odom grid=/bev/occupancy_grid sparse=/planner/upper_path_sparse dense=/planner/lower_reference_path
[INFO] [1791269710.447992894] [upper_planner_node]: upper branch model: cumulative_increment=1 turn_window_at_split=1 turn_target_absolute=1 split_continuity=6.75m r_dpsi=2.000 lambda_turn=0.600
[INFO] [1791269710.457087044] [lower_tracking_mpc_node]: LowerTrackingMpcNode ready: rate=10.00Hz dt=0.100s N=30 path=/planner/lower_reference_path scale=fullscale wheelbase=2.80m rear_offset=1.40m command_scale=0.350rad actuator_model=1 delay=0.00s tau=0.74s backend=disabled virtual=/cmd_control
"Yright_target_continuing_off+0_yaw+0" "tau1.0" "CUR" "goal_reached" cycles=256
[INFO] [1791269710.598061752] [upper_planner_node]: planner state input: Odometry topic=/motive/vehicle/odom_map yaw=orientation.z scalar
[INFO] [1791269710.601513995] [upper_planner_node]: Egocentric MIQP planner ready: rate=2.00Hz pred_dt=0.750s Nmax=7 lower_dt=0.100s target_v=6.000m/s scale=fullscale wheelbase=2.80m length=4.70m bev=40.00m margin=2.00m state=odom grid=/bev/occupancy_grid sparse=/planner/upper_path_sparse dense=/planner/lower_reference_path
[INFO] [1791269710.601792495] [upper_planner_node]: upper branch model: cumulative_increment=1 turn_window_at_split=1 turn_target_absolute=1 split_continuity=6.75m r_dpsi=2.000 lambda_turn=0.600
[INFO] [1791269710.610768819] [lower_tracking_mpc_node]: LowerTrackingMpcNode ready: rate=10.00Hz dt=0.100s N=30 path=/planner/lower_reference_path scale=fullscale wheelbase=2.80m rear_offset=1.40m command_scale=0.350rad actuator_model=1 delay=0.00s tau=0.74s backend=disabled virtual=/cmd_control
"Yright_target_continuing_off+0_yaw+0" "tau1.0" "CUR_soft07" "goal_reached" cycles=256
[INFO] [1791269710.749696297] [upper_planner_node]: planner state input: Odometry topic=/motive/vehicle/odom_map yaw=orientation.z scalar
[INFO] [1791269710.753113820] [upper_planner_node]: Egocentric MIQP planner ready: rate=2.00Hz pred_dt=0.750s Nmax=7 lower_dt=0.100s target_v=6.000m/s scale=fullscale wheelbase=2.80m length=4.70m bev=40.00m margin=2.00m state=odom grid=/bev/occupancy_grid sparse=/planner/upper_path_sparse dense=/planner/lower_reference_path
[INFO] [1791269710.753355807] [upper_planner_node]: upper branch model: cumulative_increment=1 turn_window_at_split=1 turn_target_absolute=1 split_continuity=6.75m r_dpsi=2.000 lambda_turn=0.600
[INFO] [1791269710.762377411] [lower_tracking_mpc_node]: LowerTrackingMpcNode ready: rate=10.00Hz dt=0.100s N=30 path=/planner/lower_reference_path scale=fullscale wheelbase=2.80m rear_offset=1.40m command_scale=0.350rad actuator_model=1 delay=0.00s tau=0.74s backend=disabled virtual=/cmd_control
"Yright_target_continuing_off+0_yaw+0" "tau1.0" "CUR_r3" "goal_reached" cycles=256
[INFO] [1791269710.904828750] [upper_planner_node]: planner state input: Odometry topic=/motive/vehicle/odom_map yaw=orientation.z scalar
[INFO] [1791269710.908776744] [upper_planner_node]: Egocentric MIQP planner ready: rate=2.00Hz pred_dt=0.750s Nmax=7 lower_dt=0.100s target_v=6.000m/s scale=fullscale wheelbase=2.80m length=4.70m bev=40.00m margin=2.00m state=odom grid=/bev/occupancy_grid sparse=/planner/upper_path_sparse dense=/planner/lower_reference_path
[INFO] [1791269710.908943754] [upper_planner_node]: upper branch model: cumulative_increment=1 turn_window_at_split=1 turn_target_absolute=1 split_continuity=6.75m r_dpsi=2.000 lambda_turn=0.600
[INFO] [1791269710.920028589] [lower_tracking_mpc_node]: LowerTrackingMpcNode ready: rate=10.00Hz dt=0.100s N=30 path=/planner/lower_reference_path scale=fullscale wheelbase=2.80m rear_offset=1.40m command_scale=0.350rad actuator_model=1 delay=0.00s tau=0.74s backend=disabled virtual=/cmd_control
"Yright_target_continuing_off+0_yaw+0" "tau1.0" "CUR_1hz" "goal_reached" cycles=256
[INFO] [1791269711.043950503] [upper_planner_node]: planner state input: Odometry topic=/motive/vehicle/odom_map yaw=orientation.z scalar
[INFO] [1791269711.047962530] [upper_planner_node]: Egocentric MIQP planner ready: rate=2.00Hz pred_dt=0.750s Nmax=7 lower_dt=0.100s target_v=6.000m/s scale=fullscale wheelbase=2.80m length=4.70m bev=40.00m margin=2.00m state=odom grid=/bev/occupancy_grid sparse=/planner/upper_path_sparse dense=/planner/lower_reference_path
[INFO] [1791269711.048147173] [upper_planner_node]: upper branch model: cumulative_increment=1 turn_window_at_split=1 turn_target_absolute=1 split_continuity=6.75m r_dpsi=2.000 lambda_turn=0.600
[INFO] [1791269711.057779282] [lower_tracking_mpc_node]: LowerTrackingMpcNode ready: rate=10.00Hz dt=0.100s N=30 path=/planner/lower_reference_path scale=fullscale wheelbase=2.80m rear_offset=1.40m command_scale=0.350rad actuator_model=1 delay=0.00s tau=0.74s backend=disabled virtual=/cmd_control
"Yright_target_continuing_off+0_yaw+0" "tau1.0" "CUR_wp1015" "goal_reached" cycles=256
[INFO] [1791269711.202827202] [upper_planner_node]: planner state input: Odometry topic=/motive/vehicle/odom_map yaw=orientation.z scalar
[INFO] [1791269711.205988656] [upper_planner_node]: Egocentric MIQP planner ready: rate=2.00Hz pred_dt=0.750s Nmax=7 lower_dt=0.100s target_v=6.000m/s scale=fullscale wheelbase=2.80m length=4.70m bev=40.00m margin=2.00m state=odom grid=/bev/occupancy_grid sparse=/planner/upper_path_sparse dense=/planner/lower_reference_path
[INFO] [1791269711.206151218] [upper_planner_node]: upper branch model: cumulative_increment=1 turn_window_at_split=1 turn_target_absolute=1 split_continuity=6.75m r_dpsi=2.000 lambda_turn=0.600
[INFO] [1791269711.215523772] [lower_tracking_mpc_node]: LowerTrackingMpcNode ready: rate=10.00Hz dt=0.100s N=30 path=/planner/lower_reference_path scale=fullscale wheelbase=2.80m rear_offset=1.40m command_scale=0.350rad actuator_model=1 delay=0.00s tau=0.74s backend=disabled virtual=/cmd_control
"Yleft_target_diverging_off+0_yaw+0" "tau0.74_noise2" "V0_validated" "goal_reached" cycles=255
[INFO] [1791269711.346503069] [upper_planner_node]: planner state input: Odometry topic=/motive/vehicle/odom_map yaw=orientation.z scalar
[INFO] [1791269711.349747885] [upper_planner_node]: Egocentric MIQP planner ready: rate=2.00Hz pred_dt=0.750s Nmax=7 lower_dt=0.100s target_v=6.000m/s scale=fullscale wheelbase=2.80m length=4.70m bev=40.00m margin=2.00m state=odom grid=/bev/occupancy_grid sparse=/planner/upper_path_sparse dense=/planner/lower_reference_path
[INFO] [1791269711.349933616] [upper_planner_node]: upper branch model: cumulative_increment=1 turn_window_at_split=1 turn_target_absolute=1 split_continuity=6.75m r_dpsi=2.000 lambda_turn=0.600
[INFO] [1791269711.359389978] [lower_tracking_mpc_node]: LowerTrackingMpcNode ready: rate=10.00Hz dt=0.100s N=30 path=/planner/lower_reference_path scale=fullscale wheelbase=2.80m rear_offset=1.40m command_scale=0.350rad actuator_model=1 delay=0.00s tau=0.74s backend=disabled virtual=/cmd_control
"Yleft_target_diverging_off+0_yaw+0" "tau0.74_noise2" "CUR" "goal_reached" cycles=255
[INFO] [1791269711.506766988] [upper_planner_node]: planner state input: Odometry topic=/motive/vehicle/odom_map yaw=orientation.z scalar
[INFO] [1791269711.510012924] [upper_planner_node]: Egocentric MIQP planner ready: rate=2.00Hz pred_dt=0.750s Nmax=7 lower_dt=0.100s target_v=6.000m/s scale=fullscale wheelbase=2.80m length=4.70m bev=40.00m margin=2.00m state=odom grid=/bev/occupancy_grid sparse=/planner/upper_path_sparse dense=/planner/lower_reference_path
[INFO] [1791269711.510169662] [upper_planner_node]: upper branch model: cumulative_increment=1 turn_window_at_split=1 turn_target_absolute=1 split_continuity=6.75m r_dpsi=2.000 lambda_turn=0.600
[INFO] [1791269711.519630825] [lower_tracking_mpc_node]: LowerTrackingMpcNode ready: rate=10.00Hz dt=0.100s N=30 path=/planner/lower_reference_path scale=fullscale wheelbase=2.80m rear_offset=1.40m command_scale=0.350rad actuator_model=1 delay=0.00s tau=0.74s backend=disabled virtual=/cmd_control
"Yleft_target_diverging_off+0_yaw+0" "tau0.74_noise2" "CUR_soft07" "goal_reached" cycles=256
[INFO] [1791269711.676066528] [upper_planner_node]: planner state input: Odometry topic=/motive/vehicle/odom_map yaw=orientation.z scalar
[INFO] [1791269711.679453521] [upper_planner_node]: Egocentric MIQP planner ready: rate=2.00Hz pred_dt=0.750s Nmax=7 lower_dt=0.100s target_v=6.000m/s scale=fullscale wheelbase=2.80m length=4.70m bev=40.00m margin=2.00m state=odom grid=/bev/occupancy_grid sparse=/planner/upper_path_sparse dense=/planner/lower_reference_path
[INFO] [1791269711.679936120] [upper_planner_node]: upper branch model: cumulative_increment=1 turn_window_at_split=1 turn_target_absolute=1 split_continuity=6.75m r_dpsi=2.000 lambda_turn=0.600
[INFO] [1791269711.691675941] [lower_tracking_mpc_node]: LowerTrackingMpcNode ready: rate=10.00Hz dt=0.100s N=30 path=/planner/lower_reference_path scale=fullscale wheelbase=2.80m rear_offset=1.40m command_scale=0.350rad actuator_model=1 delay=0.00s tau=0.74s backend=disabled virtual=/cmd_control
"Yleft_target_diverging_off+0_yaw+0" "tau0.74_noise2" "CUR_r3" "goal_reached" cycles=255
[INFO] [1791269711.846013629] [upper_planner_node]: planner state input: Odometry topic=/motive/vehicle/odom_map yaw=orientation.z scalar
[INFO] [1791269711.849536816] [upper_planner_node]: Egocentric MIQP planner ready: rate=2.00Hz pred_dt=0.750s Nmax=7 lower_dt=0.100s target_v=6.000m/s scale=fullscale wheelbase=2.80m length=4.70m bev=40.00m margin=2.00m state=odom grid=/bev/occupancy_grid sparse=/planner/upper_path_sparse dense=/planner/lower_reference_path
[INFO] [1791269711.849835445] [upper_planner_node]: upper branch model: cumulative_increment=1 turn_window_at_split=1 turn_target_absolute=1 split_continuity=6.75m r_dpsi=2.000 lambda_turn=0.600
[INFO] [1791269711.859007067] [lower_tracking_mpc_node]: LowerTrackingMpcNode ready: rate=10.00Hz dt=0.100s N=30 path=/planner/lower_reference_path scale=fullscale wheelbase=2.80m rear_offset=1.40m command_scale=0.350rad actuator_model=1 delay=0.00s tau=0.74s backend=disabled virtual=/cmd_control
"Yleft_target_diverging_off+0_yaw+0" "tau0.74_noise2" "CUR_1hz" "goal_reached" cycles=254
[INFO] [1791269711.984813009] [upper_planner_node]: planner state input: Odometry topic=/motive/vehicle/odom_map yaw=orientation.z scalar
[INFO] [1791269711.987891134] [upper_planner_node]: Egocentric MIQP planner ready: rate=2.00Hz pred_dt=0.750s Nmax=7 lower_dt=0.100s target_v=6.000m/s scale=fullscale wheelbase=2.80m length=4.70m bev=40.00m margin=2.00m state=odom grid=/bev/occupancy_grid sparse=/planner/upper_path_sparse dense=/planner/lower_reference_path
[INFO] [1791269711.988252739] [upper_planner_node]: upper branch model: cumulative_increment=1 turn_window_at_split=1 turn_target_absolute=1 split_continuity=6.75m r_dpsi=2.000 lambda_turn=0.600
[INFO] [1791269711.996972963] [lower_tracking_mpc_node]: LowerTrackingMpcNode ready: rate=10.00Hz dt=0.100s N=30 path=/planner/lower_reference_path scale=fullscale wheelbase=2.80m rear_offset=1.40m command_scale=0.350rad actuator_model=1 delay=0.00s tau=0.74s backend=disabled virtual=/cmd_control
"Yleft_target_diverging_off+0_yaw+0" "tau0.74_noise2" "CUR_wp1015" "goal_reached" cycles=255
[INFO] [1791269712.142635867] [upper_planner_node]: planner state input: Odometry topic=/motive/vehicle/odom_map yaw=orientation.z scalar
[INFO] [1791269712.145763145] [upper_planner_node]: Egocentric MIQP planner ready: rate=2.00Hz pred_dt=0.750s Nmax=7 lower_dt=0.100s target_v=6.000m/s scale=fullscale wheelbase=2.80m length=4.70m bev=40.00m margin=2.00m state=odom grid=/bev/occupancy_grid sparse=/planner/upper_path_sparse dense=/planner/lower_reference_path
[INFO] [1791269712.145886379] [upper_planner_node]: upper branch model: cumulative_increment=1 turn_window_at_split=1 turn_target_absolute=1 split_continuity=6.75m r_dpsi=2.000 lambda_turn=0.600
[INFO] [1791269712.154885551] [lower_tracking_mpc_node]: LowerTrackingMpcNode ready: rate=10.00Hz dt=0.100s N=30 path=/planner/lower_reference_path scale=fullscale wheelbase=2.80m rear_offset=1.40m command_scale=0.350rad actuator_model=1 delay=0.00s tau=0.74s backend=disabled virtual=/cmd_control
"Yleft_target_diverging_off+0_yaw+0" "tau0.5" "V0_validated" "goal_reached" cycles=255
[INFO] [1791269712.279271279] [upper_planner_node]: planner state input: Odometry topic=/motive/vehicle/odom_map yaw=orientation.z scalar
[INFO] [1791269712.282413437] [upper_planner_node]: Egocentric MIQP planner ready: rate=2.00Hz pred_dt=0.750s Nmax=7 lower_dt=0.100s target_v=6.000m/s scale=fullscale wheelbase=2.80m length=4.70m bev=40.00m margin=2.00m state=odom grid=/bev/occupancy_grid sparse=/planner/upper_path_sparse dense=/planner/lower_reference_path
[INFO] [1791269712.282669825] [upper_planner_node]: upper branch model: cumulative_increment=1 turn_window_at_split=1 turn_target_absolute=1 split_continuity=6.75m r_dpsi=2.000 lambda_turn=0.600
[INFO] [1791269712.291484322] [lower_tracking_mpc_node]: LowerTrackingMpcNode ready: rate=10.00Hz dt=0.100s N=30 path=/planner/lower_reference_path scale=fullscale wheelbase=2.80m rear_offset=1.40m command_scale=0.350rad actuator_model=1 delay=0.00s tau=0.74s backend=disabled virtual=/cmd_control
"Yleft_target_diverging_off+0_yaw+0" "tau0.5" "CUR" "goal_reached" cycles=254
[INFO] [1791269712.435631204] [upper_planner_node]: planner state input: Odometry topic=/motive/vehicle/odom_map yaw=orientation.z scalar
[INFO] [1791269712.438573615] [upper_planner_node]: Egocentric MIQP planner ready: rate=2.00Hz pred_dt=0.750s Nmax=7 lower_dt=0.100s target_v=6.000m/s scale=fullscale wheelbase=2.80m length=4.70m bev=40.00m margin=2.00m state=odom grid=/bev/occupancy_grid sparse=/planner/upper_path_sparse dense=/planner/lower_reference_path
[INFO] [1791269712.438818227] [upper_planner_node]: upper branch model: cumulative_increment=1 turn_window_at_split=1 turn_target_absolute=1 split_continuity=6.75m r_dpsi=2.000 lambda_turn=0.600
[INFO] [1791269712.447716981] [lower_tracking_mpc_node]: LowerTrackingMpcNode ready: rate=10.00Hz dt=0.100s N=30 path=/planner/lower_reference_path scale=fullscale wheelbase=2.80m rear_offset=1.40m command_scale=0.350rad actuator_model=1 delay=0.00s tau=0.74s backend=disabled virtual=/cmd_control
"Yleft_target_diverging_off+0_yaw+0" "tau0.5" "CUR_soft07" "goal_reached" cycles=256
[INFO] [1791269712.594090776] [upper_planner_node]: planner state input: Odometry topic=/motive/vehicle/odom_map yaw=orientation.z scalar
[INFO] [1791269712.597423336] [upper_planner_node]: Egocentric MIQP planner ready: rate=2.00Hz pred_dt=0.750s Nmax=7 lower_dt=0.100s target_v=6.000m/s scale=fullscale wheelbase=2.80m length=4.70m bev=40.00m margin=2.00m state=odom grid=/bev/occupancy_grid sparse=/planner/upper_path_sparse dense=/planner/lower_reference_path
[INFO] [1791269712.597559050] [upper_planner_node]: upper branch model: cumulative_increment=1 turn_window_at_split=1 turn_target_absolute=1 split_continuity=6.75m r_dpsi=2.000 lambda_turn=0.600
[INFO] [1791269712.606245354] [lower_tracking_mpc_node]: LowerTrackingMpcNode ready: rate=10.00Hz dt=0.100s N=30 path=/planner/lower_reference_path scale=fullscale wheelbase=2.80m rear_offset=1.40m command_scale=0.350rad actuator_model=1 delay=0.00s tau=0.74s backend=disabled virtual=/cmd_control
"Yleft_target_diverging_off+0_yaw+0" "tau0.5" "CUR_r3" "goal_reached" cycles=254
[INFO] [1791269712.751433947] [upper_planner_node]: planner state input: Odometry topic=/motive/vehicle/odom_map yaw=orientation.z scalar
[INFO] [1791269712.754541513] [upper_planner_node]: Egocentric MIQP planner ready: rate=2.00Hz pred_dt=0.750s Nmax=7 lower_dt=0.100s target_v=6.000m/s scale=fullscale wheelbase=2.80m length=4.70m bev=40.00m margin=2.00m state=odom grid=/bev/occupancy_grid sparse=/planner/upper_path_sparse dense=/planner/lower_reference_path
[INFO] [1791269712.754659658] [upper_planner_node]: upper branch model: cumulative_increment=1 turn_window_at_split=1 turn_target_absolute=1 split_continuity=6.75m r_dpsi=2.000 lambda_turn=0.600
[INFO] [1791269712.763728239] [lower_tracking_mpc_node]: LowerTrackingMpcNode ready: rate=10.00Hz dt=0.100s N=30 path=/planner/lower_reference_path scale=fullscale wheelbase=2.80m rear_offset=1.40m command_scale=0.350rad actuator_model=1 delay=0.00s tau=0.74s backend=disabled virtual=/cmd_control
"Yleft_target_diverging_off+0_yaw+0" "tau0.5" "CUR_1hz" "goal_reached" cycles=254
[INFO] [1791269712.887493638] [upper_planner_node]: planner state input: Odometry topic=/motive/vehicle/odom_map yaw=orientation.z scalar
[INFO] [1791269712.890388913] [upper_planner_node]: Egocentric MIQP planner ready: rate=2.00Hz pred_dt=0.750s Nmax=7 lower_dt=0.100s target_v=6.000m/s scale=fullscale wheelbase=2.80m length=4.70m bev=40.00m margin=2.00m state=odom grid=/bev/occupancy_grid sparse=/planner/upper_path_sparse dense=/planner/lower_reference_path
[INFO] [1791269712.890577011] [upper_planner_node]: upper branch model: cumulative_increment=1 turn_window_at_split=1 turn_target_absolute=1 split_continuity=6.75m r_dpsi=2.000 lambda_turn=0.600
[INFO] [1791269712.899341780] [lower_tracking_mpc_node]: LowerTrackingMpcNode ready: rate=10.00Hz dt=0.100s N=30 path=/planner/lower_reference_path scale=fullscale wheelbase=2.80m rear_offset=1.40m command_scale=0.350rad actuator_model=1 delay=0.00s tau=0.74s backend=disabled virtual=/cmd_control
"Yleft_target_diverging_off+0_yaw+0" "tau0.5" "CUR_wp1015" "goal_reached" cycles=254
[INFO] [1791269713.041807389] [upper_planner_node]: planner state input: Odometry topic=/motive/vehicle/odom_map yaw=orientation.z scalar
[INFO] [1791269713.045034668] [upper_planner_node]: Egocentric MIQP planner ready: rate=2.00Hz pred_dt=0.750s Nmax=7 lower_dt=0.100s target_v=6.000m/s scale=fullscale wheelbase=2.80m length=4.70m bev=40.00m margin=2.00m state=odom grid=/bev/occupancy_grid sparse=/planner/upper_path_sparse dense=/planner/lower_reference_path
[INFO] [1791269713.045165710] [upper_planner_node]: upper branch model: cumulative_increment=1 turn_window_at_split=1 turn_target_absolute=1 split_continuity=6.75m r_dpsi=2.000 lambda_turn=0.600
[INFO] [1791269713.054001520] [lower_tracking_mpc_node]: LowerTrackingMpcNode ready: rate=10.00Hz dt=0.100s N=30 path=/planner/lower_reference_path scale=fullscale wheelbase=2.80m rear_offset=1.40m command_scale=0.350rad actuator_model=1 delay=0.00s tau=0.74s backend=disabled virtual=/cmd_control
"Yleft_target_diverging_off+0_yaw+0" "tau1.0" "V0_validated" "goal_reached" cycles=256
[INFO] [1791269713.178652787] [upper_planner_node]: planner state input: Odometry topic=/motive/vehicle/odom_map yaw=orientation.z scalar
[INFO] [1791269713.181699744] [upper_planner_node]: Egocentric MIQP planner ready: rate=2.00Hz pred_dt=0.750s Nmax=7 lower_dt=0.100s target_v=6.000m/s scale=fullscale wheelbase=2.80m length=4.70m bev=40.00m margin=2.00m state=odom grid=/bev/occupancy_grid sparse=/planner/upper_path_sparse dense=/planner/lower_reference_path
[INFO] [1791269713.181845762] [upper_planner_node]: upper branch model: cumulative_increment=1 turn_window_at_split=1 turn_target_absolute=1 split_continuity=6.75m r_dpsi=2.000 lambda_turn=0.600
[INFO] [1791269713.190764229] [lower_tracking_mpc_node]: LowerTrackingMpcNode ready: rate=10.00Hz dt=0.100s N=30 path=/planner/lower_reference_path scale=fullscale wheelbase=2.80m rear_offset=1.40m command_scale=0.350rad actuator_model=1 delay=0.00s tau=0.74s backend=disabled virtual=/cmd_control
"Yleft_target_diverging_off+0_yaw+0" "tau1.0" "CUR" "goal_reached" cycles=255
[INFO] [1791269713.336262746] [upper_planner_node]: planner state input: Odometry topic=/motive/vehicle/odom_map yaw=orientation.z scalar
[INFO] [1791269713.339416968] [upper_planner_node]: Egocentric MIQP planner ready: rate=2.00Hz pred_dt=0.750s Nmax=7 lower_dt=0.100s target_v=6.000m/s scale=fullscale wheelbase=2.80m length=4.70m bev=40.00m margin=2.00m state=odom grid=/bev/occupancy_grid sparse=/planner/upper_path_sparse dense=/planner/lower_reference_path
[INFO] [1791269713.339634379] [upper_planner_node]: upper branch model: cumulative_increment=1 turn_window_at_split=1 turn_target_absolute=1 split_continuity=6.75m r_dpsi=2.000 lambda_turn=0.600
[INFO] [1791269713.348694896] [lower_tracking_mpc_node]: LowerTrackingMpcNode ready: rate=10.00Hz dt=0.100s N=30 path=/planner/lower_reference_path scale=fullscale wheelbase=2.80m rear_offset=1.40m command_scale=0.350rad actuator_model=1 delay=0.00s tau=0.74s backend=disabled virtual=/cmd_control
"Yleft_target_diverging_off+0_yaw+0" "tau1.0" "CUR_soft07" "goal_reached" cycles=256
[INFO] [1791269713.501141995] [upper_planner_node]: planner state input: Odometry topic=/motive/vehicle/odom_map yaw=orientation.z scalar
[INFO] [1791269713.504759840] [upper_planner_node]: Egocentric MIQP planner ready: rate=2.00Hz pred_dt=0.750s Nmax=7 lower_dt=0.100s target_v=6.000m/s scale=fullscale wheelbase=2.80m length=4.70m bev=40.00m margin=2.00m state=odom grid=/bev/occupancy_grid sparse=/planner/upper_path_sparse dense=/planner/lower_reference_path
[INFO] [1791269713.504969827] [upper_planner_node]: upper branch model: cumulative_increment=1 turn_window_at_split=1 turn_target_absolute=1 split_continuity=6.75m r_dpsi=2.000 lambda_turn=0.600
[INFO] [1791269713.514348396] [lower_tracking_mpc_node]: LowerTrackingMpcNode ready: rate=10.00Hz dt=0.100s N=30 path=/planner/lower_reference_path scale=fullscale wheelbase=2.80m rear_offset=1.40m command_scale=0.350rad actuator_model=1 delay=0.00s tau=0.74s backend=disabled virtual=/cmd_control
"Yleft_target_diverging_off+0_yaw+0" "tau1.0" "CUR_r3" "goal_reached" cycles=255
[INFO] [1791269713.656913814] [upper_planner_node]: planner state input: Odometry topic=/motive/vehicle/odom_map yaw=orientation.z scalar
[INFO] [1791269713.659949251] [upper_planner_node]: Egocentric MIQP planner ready: rate=2.00Hz pred_dt=0.750s Nmax=7 lower_dt=0.100s target_v=6.000m/s scale=fullscale wheelbase=2.80m length=4.70m bev=40.00m margin=2.00m state=odom grid=/bev/occupancy_grid sparse=/planner/upper_path_sparse dense=/planner/lower_reference_path
[INFO] [1791269713.660087013] [upper_planner_node]: upper branch model: cumulative_increment=1 turn_window_at_split=1 turn_target_absolute=1 split_continuity=6.75m r_dpsi=2.000 lambda_turn=0.600
[INFO] [1791269713.669123625] [lower_tracking_mpc_node]: LowerTrackingMpcNode ready: rate=10.00Hz dt=0.100s N=30 path=/planner/lower_reference_path scale=fullscale wheelbase=2.80m rear_offset=1.40m command_scale=0.350rad actuator_model=1 delay=0.00s tau=0.74s backend=disabled virtual=/cmd_control
"Yleft_target_diverging_off+0_yaw+0" "tau1.0" "CUR_1hz" "goal_reached" cycles=254
[INFO] [1791269713.795017663] [upper_planner_node]: planner state input: Odometry topic=/motive/vehicle/odom_map yaw=orientation.z scalar
[INFO] [1791269713.798084076] [upper_planner_node]: Egocentric MIQP planner ready: rate=2.00Hz pred_dt=0.750s Nmax=7 lower_dt=0.100s target_v=6.000m/s scale=fullscale wheelbase=2.80m length=4.70m bev=40.00m margin=2.00m state=odom grid=/bev/occupancy_grid sparse=/planner/upper_path_sparse dense=/planner/lower_reference_path
[INFO] [1791269713.798244462] [upper_planner_node]: upper branch model: cumulative_increment=1 turn_window_at_split=1 turn_target_absolute=1 split_continuity=6.75m r_dpsi=2.000 lambda_turn=0.600
[INFO] [1791269713.807330483] [lower_tracking_mpc_node]: LowerTrackingMpcNode ready: rate=10.00Hz dt=0.100s N=30 path=/planner/lower_reference_path scale=fullscale wheelbase=2.80m rear_offset=1.40m command_scale=0.350rad actuator_model=1 delay=0.00s tau=0.74s backend=disabled virtual=/cmd_control
"Yleft_target_diverging_off+0_yaw+0" "tau1.0" "CUR_wp1015" "goal_reached" cycles=255
[INFO] [1791269713.953825207] [upper_planner_node]: planner state input: Odometry topic=/motive/vehicle/odom_map yaw=orientation.z scalar
[INFO] [1791269713.957076871] [upper_planner_node]: Egocentric MIQP planner ready: rate=2.00Hz pred_dt=0.750s Nmax=7 lower_dt=0.100s target_v=6.000m/s scale=fullscale wheelbase=2.80m length=4.70m bev=40.00m margin=2.00m state=odom grid=/bev/occupancy_grid sparse=/planner/upper_path_sparse dense=/planner/lower_reference_path
[INFO] [1791269713.957223209] [upper_planner_node]: upper branch model: cumulative_increment=1 turn_window_at_split=1 turn_target_absolute=1 split_continuity=6.75m r_dpsi=2.000 lambda_turn=0.600
[INFO] [1791269713.966096971] [lower_tracking_mpc_node]: LowerTrackingMpcNode ready: rate=10.00Hz dt=0.100s N=30 path=/planner/lower_reference_path scale=fullscale wheelbase=2.80m rear_offset=1.40m command_scale=0.350rad actuator_model=1 delay=0.00s tau=0.74s backend=disabled virtual=/cmd_control
"Yleft_target_continuing_off+0_yaw+0" "tau0.74_noise2" "V0_validated" "goal_reached" cycles=256
[INFO] [1791269714.089599805] [upper_planner_node]: planner state input: Odometry topic=/motive/vehicle/odom_map yaw=orientation.z scalar
[INFO] [1791269714.092751563] [upper_planner_node]: Egocentric MIQP planner ready: rate=2.00Hz pred_dt=0.750s Nmax=7 lower_dt=0.100s target_v=6.000m/s scale=fullscale wheelbase=2.80m length=4.70m bev=40.00m margin=2.00m state=odom grid=/bev/occupancy_grid sparse=/planner/upper_path_sparse dense=/planner/lower_reference_path
[INFO] [1791269714.092981583] [upper_planner_node]: upper branch model: cumulative_increment=1 turn_window_at_split=1 turn_target_absolute=1 split_continuity=6.75m r_dpsi=2.000 lambda_turn=0.600
[INFO] [1791269714.101936178] [lower_tracking_mpc_node]: LowerTrackingMpcNode ready: rate=10.00Hz dt=0.100s N=30 path=/planner/lower_reference_path scale=fullscale wheelbase=2.80m rear_offset=1.40m command_scale=0.350rad actuator_model=1 delay=0.00s tau=0.74s backend=disabled virtual=/cmd_control
"Yleft_target_continuing_off+0_yaw+0" "tau0.74_noise2" "CUR" "goal_reached" cycles=256
[INFO] [1791269714.243692527] [upper_planner_node]: planner state input: Odometry topic=/motive/vehicle/odom_map yaw=orientation.z scalar
[INFO] [1791269714.246699579] [upper_planner_node]: Egocentric MIQP planner ready: rate=2.00Hz pred_dt=0.750s Nmax=7 lower_dt=0.100s target_v=6.000m/s scale=fullscale wheelbase=2.80m length=4.70m bev=40.00m margin=2.00m state=odom grid=/bev/occupancy_grid sparse=/planner/upper_path_sparse dense=/planner/lower_reference_path
[INFO] [1791269714.246827037] [upper_planner_node]: upper branch model: cumulative_increment=1 turn_window_at_split=1 turn_target_absolute=1 split_continuity=6.75m r_dpsi=2.000 lambda_turn=0.600
[INFO] [1791269714.256004324] [lower_tracking_mpc_node]: LowerTrackingMpcNode ready: rate=10.00Hz dt=0.100s N=30 path=/planner/lower_reference_path scale=fullscale wheelbase=2.80m rear_offset=1.40m command_scale=0.350rad actuator_model=1 delay=0.00s tau=0.74s backend=disabled virtual=/cmd_control
"Yleft_target_continuing_off+0_yaw+0" "tau0.74_noise2" "CUR_soft07" "goal_reached" cycles=256
[INFO] [1791269714.396711858] [upper_planner_node]: planner state input: Odometry topic=/motive/vehicle/odom_map yaw=orientation.z scalar
[INFO] [1791269714.399782655] [upper_planner_node]: Egocentric MIQP planner ready: rate=2.00Hz pred_dt=0.750s Nmax=7 lower_dt=0.100s target_v=6.000m/s scale=fullscale wheelbase=2.80m length=4.70m bev=40.00m margin=2.00m state=odom grid=/bev/occupancy_grid sparse=/planner/upper_path_sparse dense=/planner/lower_reference_path
[INFO] [1791269714.399963618] [upper_planner_node]: upper branch model: cumulative_increment=1 turn_window_at_split=1 turn_target_absolute=1 split_continuity=6.75m r_dpsi=2.000 lambda_turn=0.600
[INFO] [1791269714.409211881] [lower_tracking_mpc_node]: LowerTrackingMpcNode ready: rate=10.00Hz dt=0.100s N=30 path=/planner/lower_reference_path scale=fullscale wheelbase=2.80m rear_offset=1.40m command_scale=0.350rad actuator_model=1 delay=0.00s tau=0.74s backend=disabled virtual=/cmd_control
"Yleft_target_continuing_off+0_yaw+0" "tau0.74_noise2" "CUR_r3" "goal_reached" cycles=256
[INFO] [1791269714.552006422] [upper_planner_node]: planner state input: Odometry topic=/motive/vehicle/odom_map yaw=orientation.z scalar
[INFO] [1791269714.555146436] [upper_planner_node]: Egocentric MIQP planner ready: rate=2.00Hz pred_dt=0.750s Nmax=7 lower_dt=0.100s target_v=6.000m/s scale=fullscale wheelbase=2.80m length=4.70m bev=40.00m margin=2.00m state=odom grid=/bev/occupancy_grid sparse=/planner/upper_path_sparse dense=/planner/lower_reference_path
[INFO] [1791269714.555281862] [upper_planner_node]: upper branch model: cumulative_increment=1 turn_window_at_split=1 turn_target_absolute=1 split_continuity=6.75m r_dpsi=2.000 lambda_turn=0.600
[INFO] [1791269714.564091783] [lower_tracking_mpc_node]: LowerTrackingMpcNode ready: rate=10.00Hz dt=0.100s N=30 path=/planner/lower_reference_path scale=fullscale wheelbase=2.80m rear_offset=1.40m command_scale=0.350rad actuator_model=1 delay=0.00s tau=0.74s backend=disabled virtual=/cmd_control
"Yleft_target_continuing_off+0_yaw+0" "tau0.74_noise2" "CUR_1hz" "goal_reached" cycles=256
[INFO] [1791269714.687513560] [upper_planner_node]: planner state input: Odometry topic=/motive/vehicle/odom_map yaw=orientation.z scalar
[INFO] [1791269714.690456035] [upper_planner_node]: Egocentric MIQP planner ready: rate=2.00Hz pred_dt=0.750s Nmax=7 lower_dt=0.100s target_v=6.000m/s scale=fullscale wheelbase=2.80m length=4.70m bev=40.00m margin=2.00m state=odom grid=/bev/occupancy_grid sparse=/planner/upper_path_sparse dense=/planner/lower_reference_path
[INFO] [1791269714.690636517] [upper_planner_node]: upper branch model: cumulative_increment=1 turn_window_at_split=1 turn_target_absolute=1 split_continuity=6.75m r_dpsi=2.000 lambda_turn=0.600
[INFO] [1791269714.699594505] [lower_tracking_mpc_node]: LowerTrackingMpcNode ready: rate=10.00Hz dt=0.100s N=30 path=/planner/lower_reference_path scale=fullscale wheelbase=2.80m rear_offset=1.40m command_scale=0.350rad actuator_model=1 delay=0.00s tau=0.74s backend=disabled virtual=/cmd_control
"Yleft_target_continuing_off+0_yaw+0" "tau0.74_noise2" "CUR_wp1015" "goal_reached" cycles=256
[INFO] [1791269714.840506874] [upper_planner_node]: planner state input: Odometry topic=/motive/vehicle/odom_map yaw=orientation.z scalar
[INFO] [1791269714.843684712] [upper_planner_node]: Egocentric MIQP planner ready: rate=2.00Hz pred_dt=0.750s Nmax=7 lower_dt=0.100s target_v=6.000m/s scale=fullscale wheelbase=2.80m length=4.70m bev=40.00m margin=2.00m state=odom grid=/bev/occupancy_grid sparse=/planner/upper_path_sparse dense=/planner/lower_reference_path
[INFO] [1791269714.843834155] [upper_planner_node]: upper branch model: cumulative_increment=1 turn_window_at_split=1 turn_target_absolute=1 split_continuity=6.75m r_dpsi=2.000 lambda_turn=0.600
[INFO] [1791269714.852752781] [lower_tracking_mpc_node]: LowerTrackingMpcNode ready: rate=10.00Hz dt=0.100s N=30 path=/planner/lower_reference_path scale=fullscale wheelbase=2.80m rear_offset=1.40m command_scale=0.350rad actuator_model=1 delay=0.00s tau=0.74s backend=disabled virtual=/cmd_control
"Yleft_target_continuing_off+0_yaw+0" "tau0.5" "V0_validated" "goal_reached" cycles=256
[INFO] [1791269714.974160448] [upper_planner_node]: planner state input: Odometry topic=/motive/vehicle/odom_map yaw=orientation.z scalar
[INFO] [1791269714.977339407] [upper_planner_node]: Egocentric MIQP planner ready: rate=2.00Hz pred_dt=0.750s Nmax=7 lower_dt=0.100s target_v=6.000m/s scale=fullscale wheelbase=2.80m length=4.70m bev=40.00m margin=2.00m state=odom grid=/bev/occupancy_grid sparse=/planner/upper_path_sparse dense=/planner/lower_reference_path
[INFO] [1791269714.977485361] [upper_planner_node]: upper branch model: cumulative_increment=1 turn_window_at_split=1 turn_target_absolute=1 split_continuity=6.75m r_dpsi=2.000 lambda_turn=0.600
[INFO] [1791269714.986689304] [lower_tracking_mpc_node]: LowerTrackingMpcNode ready: rate=10.00Hz dt=0.100s N=30 path=/planner/lower_reference_path scale=fullscale wheelbase=2.80m rear_offset=1.40m command_scale=0.350rad actuator_model=1 delay=0.00s tau=0.74s backend=disabled virtual=/cmd_control
"Yleft_target_continuing_off+0_yaw+0" "tau0.5" "CUR" "goal_reached" cycles=256
[INFO] [1791269715.125533002] [upper_planner_node]: planner state input: Odometry topic=/motive/vehicle/odom_map yaw=orientation.z scalar
[INFO] [1791269715.128849851] [upper_planner_node]: Egocentric MIQP planner ready: rate=2.00Hz pred_dt=0.750s Nmax=7 lower_dt=0.100s target_v=6.000m/s scale=fullscale wheelbase=2.80m length=4.70m bev=40.00m margin=2.00m state=odom grid=/bev/occupancy_grid sparse=/planner/upper_path_sparse dense=/planner/lower_reference_path
[INFO] [1791269715.129008701] [upper_planner_node]: upper branch model: cumulative_increment=1 turn_window_at_split=1 turn_target_absolute=1 split_continuity=6.75m r_dpsi=2.000 lambda_turn=0.600
[INFO] [1791269715.138154979] [lower_tracking_mpc_node]: LowerTrackingMpcNode ready: rate=10.00Hz dt=0.100s N=30 path=/planner/lower_reference_path scale=fullscale wheelbase=2.80m rear_offset=1.40m command_scale=0.350rad actuator_model=1 delay=0.00s tau=0.74s backend=disabled virtual=/cmd_control
"Yleft_target_continuing_off+0_yaw+0" "tau0.5" "CUR_soft07" "goal_reached" cycles=256
[INFO] [1791269715.278258856] [upper_planner_node]: planner state input: Odometry topic=/motive/vehicle/odom_map yaw=orientation.z scalar
[INFO] [1791269715.281473239] [upper_planner_node]: Egocentric MIQP planner ready: rate=2.00Hz pred_dt=0.750s Nmax=7 lower_dt=0.100s target_v=6.000m/s scale=fullscale wheelbase=2.80m length=4.70m bev=40.00m margin=2.00m state=odom grid=/bev/occupancy_grid sparse=/planner/upper_path_sparse dense=/planner/lower_reference_path
[INFO] [1791269715.281605945] [upper_planner_node]: upper branch model: cumulative_increment=1 turn_window_at_split=1 turn_target_absolute=1 split_continuity=6.75m r_dpsi=2.000 lambda_turn=0.600
[INFO] [1791269715.290564988] [lower_tracking_mpc_node]: LowerTrackingMpcNode ready: rate=10.00Hz dt=0.100s N=30 path=/planner/lower_reference_path scale=fullscale wheelbase=2.80m rear_offset=1.40m command_scale=0.350rad actuator_model=1 delay=0.00s tau=0.74s backend=disabled virtual=/cmd_control
"Yleft_target_continuing_off+0_yaw+0" "tau0.5" "CUR_r3" "goal_reached" cycles=256
[INFO] [1791269715.429623025] [upper_planner_node]: planner state input: Odometry topic=/motive/vehicle/odom_map yaw=orientation.z scalar
[INFO] [1791269715.432781120] [upper_planner_node]: Egocentric MIQP planner ready: rate=2.00Hz pred_dt=0.750s Nmax=7 lower_dt=0.100s target_v=6.000m/s scale=fullscale wheelbase=2.80m length=4.70m bev=40.00m margin=2.00m state=odom grid=/bev/occupancy_grid sparse=/planner/upper_path_sparse dense=/planner/lower_reference_path
[INFO] [1791269715.432932898] [upper_planner_node]: upper branch model: cumulative_increment=1 turn_window_at_split=1 turn_target_absolute=1 split_continuity=6.75m r_dpsi=2.000 lambda_turn=0.600
[INFO] [1791269715.441668546] [lower_tracking_mpc_node]: LowerTrackingMpcNode ready: rate=10.00Hz dt=0.100s N=30 path=/planner/lower_reference_path scale=fullscale wheelbase=2.80m rear_offset=1.40m command_scale=0.350rad actuator_model=1 delay=0.00s tau=0.74s backend=disabled virtual=/cmd_control
"Yleft_target_continuing_off+0_yaw+0" "tau0.5" "CUR_1hz" "goal_reached" cycles=256
[INFO] [1791269715.563162198] [upper_planner_node]: planner state input: Odometry topic=/motive/vehicle/odom_map yaw=orientation.z scalar
[INFO] [1791269715.566107169] [upper_planner_node]: Egocentric MIQP planner ready: rate=2.00Hz pred_dt=0.750s Nmax=7 lower_dt=0.100s target_v=6.000m/s scale=fullscale wheelbase=2.80m length=4.70m bev=40.00m margin=2.00m state=odom grid=/bev/occupancy_grid sparse=/planner/upper_path_sparse dense=/planner/lower_reference_path
[INFO] [1791269715.566236931] [upper_planner_node]: upper branch model: cumulative_increment=1 turn_window_at_split=1 turn_target_absolute=1 split_continuity=6.75m r_dpsi=2.000 lambda_turn=0.600
[INFO] [1791269715.575463882] [lower_tracking_mpc_node]: LowerTrackingMpcNode ready: rate=10.00Hz dt=0.100s N=30 path=/planner/lower_reference_path scale=fullscale wheelbase=2.80m rear_offset=1.40m command_scale=0.350rad actuator_model=1 delay=0.00s tau=0.74s backend=disabled virtual=/cmd_control
"Yleft_target_continuing_off+0_yaw+0" "tau0.5" "CUR_wp1015" "goal_reached" cycles=256
[INFO] [1791269715.714596416] [upper_planner_node]: planner state input: Odometry topic=/motive/vehicle/odom_map yaw=orientation.z scalar
[INFO] [1791269715.717750543] [upper_planner_node]: Egocentric MIQP planner ready: rate=2.00Hz pred_dt=0.750s Nmax=7 lower_dt=0.100s target_v=6.000m/s scale=fullscale wheelbase=2.80m length=4.70m bev=40.00m margin=2.00m state=odom grid=/bev/occupancy_grid sparse=/planner/upper_path_sparse dense=/planner/lower_reference_path
[INFO] [1791269715.718073587] [upper_planner_node]: upper branch model: cumulative_increment=1 turn_window_at_split=1 turn_target_absolute=1 split_continuity=6.75m r_dpsi=2.000 lambda_turn=0.600
[INFO] [1791269715.727089879] [lower_tracking_mpc_node]: LowerTrackingMpcNode ready: rate=10.00Hz dt=0.100s N=30 path=/planner/lower_reference_path scale=fullscale wheelbase=2.80m rear_offset=1.40m command_scale=0.350rad actuator_model=1 delay=0.00s tau=0.74s backend=disabled virtual=/cmd_control
"Yleft_target_continuing_off+0_yaw+0" "tau1.0" "V0_validated" "goal_reached" cycles=256
[INFO] [1791269715.850737387] [upper_planner_node]: planner state input: Odometry topic=/motive/vehicle/odom_map yaw=orientation.z scalar
[INFO] [1791269715.854012411] [upper_planner_node]: Egocentric MIQP planner ready: rate=2.00Hz pred_dt=0.750s Nmax=7 lower_dt=0.100s target_v=6.000m/s scale=fullscale wheelbase=2.80m length=4.70m bev=40.00m margin=2.00m state=odom grid=/bev/occupancy_grid sparse=/planner/upper_path_sparse dense=/planner/lower_reference_path
[INFO] [1791269715.854186813] [upper_planner_node]: upper branch model: cumulative_increment=1 turn_window_at_split=1 turn_target_absolute=1 split_continuity=6.75m r_dpsi=2.000 lambda_turn=0.600
[INFO] [1791269715.863582151] [lower_tracking_mpc_node]: LowerTrackingMpcNode ready: rate=10.00Hz dt=0.100s N=30 path=/planner/lower_reference_path scale=fullscale wheelbase=2.80m rear_offset=1.40m command_scale=0.350rad actuator_model=1 delay=0.00s tau=0.74s backend=disabled virtual=/cmd_control
"Yleft_target_continuing_off+0_yaw+0" "tau1.0" "CUR" "goal_reached" cycles=256
[INFO] [1791269716.004075025] [upper_planner_node]: planner state input: Odometry topic=/motive/vehicle/odom_map yaw=orientation.z scalar
[INFO] [1791269716.007260640] [upper_planner_node]: Egocentric MIQP planner ready: rate=2.00Hz pred_dt=0.750s Nmax=7 lower_dt=0.100s target_v=6.000m/s scale=fullscale wheelbase=2.80m length=4.70m bev=40.00m margin=2.00m state=odom grid=/bev/occupancy_grid sparse=/planner/upper_path_sparse dense=/planner/lower_reference_path
[INFO] [1791269716.007413634] [upper_planner_node]: upper branch model: cumulative_increment=1 turn_window_at_split=1 turn_target_absolute=1 split_continuity=6.75m r_dpsi=2.000 lambda_turn=0.600
[INFO] [1791269716.016409126] [lower_tracking_mpc_node]: LowerTrackingMpcNode ready: rate=10.00Hz dt=0.100s N=30 path=/planner/lower_reference_path scale=fullscale wheelbase=2.80m rear_offset=1.40m command_scale=0.350rad actuator_model=1 delay=0.00s tau=0.74s backend=disabled virtual=/cmd_control
"Yleft_target_continuing_off+0_yaw+0" "tau1.0" "CUR_soft07" "goal_reached" cycles=256
[INFO] [1791269716.172552501] [upper_planner_node]: planner state input: Odometry topic=/motive/vehicle/odom_map yaw=orientation.z scalar
[INFO] [1791269716.175590625] [upper_planner_node]: Egocentric MIQP planner ready: rate=2.00Hz pred_dt=0.750s Nmax=7 lower_dt=0.100s target_v=6.000m/s scale=fullscale wheelbase=2.80m length=4.70m bev=40.00m margin=2.00m state=odom grid=/bev/occupancy_grid sparse=/planner/upper_path_sparse dense=/planner/lower_reference_path
[INFO] [1791269716.175717251] [upper_planner_node]: upper branch model: cumulative_increment=1 turn_window_at_split=1 turn_target_absolute=1 split_continuity=6.75m r_dpsi=2.000 lambda_turn=0.600
[INFO] [1791269716.184573029] [lower_tracking_mpc_node]: LowerTrackingMpcNode ready: rate=10.00Hz dt=0.100s N=30 path=/planner/lower_reference_path scale=fullscale wheelbase=2.80m rear_offset=1.40m command_scale=0.350rad actuator_model=1 delay=0.00s tau=0.74s backend=disabled virtual=/cmd_control
"Yleft_target_continuing_off+0_yaw+0" "tau1.0" "CUR_r3" "goal_reached" cycles=256
[INFO] [1791269716.332964642] [upper_planner_node]: planner state input: Odometry topic=/motive/vehicle/odom_map yaw=orientation.z scalar
[INFO] [1791269716.336030319] [upper_planner_node]: Egocentric MIQP planner ready: rate=2.00Hz pred_dt=0.750s Nmax=7 lower_dt=0.100s target_v=6.000m/s scale=fullscale wheelbase=2.80m length=4.70m bev=40.00m margin=2.00m state=odom grid=/bev/occupancy_grid sparse=/planner/upper_path_sparse dense=/planner/lower_reference_path
[INFO] [1791269716.336187217] [upper_planner_node]: upper branch model: cumulative_increment=1 turn_window_at_split=1 turn_target_absolute=1 split_continuity=6.75m r_dpsi=2.000 lambda_turn=0.600
[INFO] [1791269716.345403896] [lower_tracking_mpc_node]: LowerTrackingMpcNode ready: rate=10.00Hz dt=0.100s N=30 path=/planner/lower_reference_path scale=fullscale wheelbase=2.80m rear_offset=1.40m command_scale=0.350rad actuator_model=1 delay=0.00s tau=0.74s backend=disabled virtual=/cmd_control
"Yleft_target_continuing_off+0_yaw+0" "tau1.0" "CUR_1hz" "goal_reached" cycles=256
[INFO] [1791269716.468133598] [upper_planner_node]: planner state input: Odometry topic=/motive/vehicle/odom_map yaw=orientation.z scalar
[INFO] [1791269716.471192683] [upper_planner_node]: Egocentric MIQP planner ready: rate=2.00Hz pred_dt=0.750s Nmax=7 lower_dt=0.100s target_v=6.000m/s scale=fullscale wheelbase=2.80m length=4.70m bev=40.00m margin=2.00m state=odom grid=/bev/occupancy_grid sparse=/planner/upper_path_sparse dense=/planner/lower_reference_path
[INFO] [1791269716.471328973] [upper_planner_node]: upper branch model: cumulative_increment=1 turn_window_at_split=1 turn_target_absolute=1 split_continuity=6.75m r_dpsi=2.000 lambda_turn=0.600
[INFO] [1791269716.480333681] [lower_tracking_mpc_node]: LowerTrackingMpcNode ready: rate=10.00Hz dt=0.100s N=30 path=/planner/lower_reference_path scale=fullscale wheelbase=2.80m rear_offset=1.40m command_scale=0.350rad actuator_model=1 delay=0.00s tau=0.74s backend=disabled virtual=/cmd_control
"Yleft_target_continuing_off+0_yaw+0" "tau1.0" "CUR_wp1015" "goal_reached" cycles=256
