time,t,known,unknown,free,known_far_received,free_far_effective0,free_first9m,free_at_40m_edge
17:45:27.537,1791276327.5370982,16384,0,0,42.95,,0,0
17:45:27.537,1791276327.5374327,16384,0,0,42.95,,0,0
17:45:27.547,1791276327.5472336,16384,0,0,42.95,,0,0
17:45:27.608,1791276327.6085823,16384,0,0,42.95,,0,0
17:45:27.627,1791276327.6273534,16384,0,0,42.95,,0,0
17:45:27.672,1791276327.6722655,16384,0,0,42.95,,0,0
17:45:27.672,1791276327.6724339,16384,0,0,42.95,,0,0
17:45:27.724,1791276327.724397,16384,0,0,42.95,,0,0
17:45:27.724,1791276327.724611,16384,0,0,42.95,,0,0
17:45:27.724,1791276327.7247858,16384,0,0,42.95,,0,0
17:45:27.730,1791276327.7301767,16384,0,0,42.95,,0,0
17:45:27.803,1791276327.8036194,16384,0,0,42.95,,0,0
17:45:27.803,1791276327.8039405,16384,0,0,42.95,,0,0
17:45:27.823,1791276327.823564,16384,0,0,42.95,,0,0
17:45:27.847,1791276327.8472621,16384,0,0,42.95,,0,0
17:45:27.916,1791276327.916325,16384,0,0,42.95,,0,0
17:45:27.916,1791276327.9165106,16384,0,0,42.95,,0,0
17:45:27.920,1791276327.9200974,16384,0,0,42.95,,0,0
17:45:27.963,1791276327.9638925,16384,0,0,42.95,,0,0
17:45:27.989,1791276327.9895217,16384,0,0,42.95,,0,0
17:45:28.009,1791276328.0096786,16384,0,0,42.95,,0,0
17:45:28.033,1791276328.033444,16384,0,0,42.95,,0,0
17:45:28.079,1791276328.079184,16384,0,0,42.95,,0,0
17:45:28.102,1791276328.1029942,16384,0,0,42.95,,0,0
17:45:28.125,1791276328.125402,16384,0,0,42.95,,0,0
17:45:28.173,1791276328.1736164,16384,0,0,42.95,,0,0
17:45:28.195,1791276328.1952803,16384,0,0,42.95,,0,0
17:45:28.226,1791276328.2266006,16384,0,0,42.95,,0,0
17:45:28.242,1791276328.2429936,16384,0,0,42.95,,0,0
17:45:28.265,1791276328.2655864,16384,0,0,42.95,,0,0
17:45:28.288,1791276328.2880988,16384,0,0,42.95,,0,0
17:45:28.313,1791276328.3131828,16384,0,0,42.95,,0,0
17:45:28.358,1791276328.3580925,16384,0,0,42.95,,0,0
17:45:28.382,1791276328.3822918,16384,0,0,42.95,,0,0
17:45:28.459,1791276328.4595,16384,0,0,42.95,,0,0
17:45:28.498,1791276328.498801,16384,0,0,42.95,,0,0
17:45:28.499,1791276328.4991124,16384,0,0,42.95,,0,0
17:45:28.499,1791276328.4992115,16384,0,0,42.95,,0,0
17:45:28.521,1791276328.5211482,16384,0,0,42.95,,0,0
17:45:28.544,1791276328.544209,16384,0,0,42.95,,0,0
17:45:28.568,1791276328.568989,16384,0,0,42.95,,0,0
17:45:28.590,1791276328.5901217,16384,0,0,42.95,,0,0
17:45:28.613,1791276328.6138003,16384,0,0,42.95,,0,0
17:45:28.638,1791276328.638061,16384,0,0,42.95,,0,0
17:45:28.659,1791276328.6599627,16384,0,0,42.95,,0,0
17:45:28.683,1791276328.6837385,16384,0,0,42.95,,0,0
17:45:28.708,1791276328.7087176,16384,0,0,42.95,,0,0
17:45:28.753,1791276328.7532089,16384,0,0,42.95,,0,0
17:45:28.776,1791276328.7761223,16384,0,0,42.95,,0,0
17:45:28.798,1791276328.798387,16384,0,0,42.95,,0,0
17:45:28.821,1791276328.8216174,16384,0,0,42.95,,0,0
17:45:28.846,1791276328.8461587,16384,0,0,42.95,,0,0
17:45:28.869,1791276328.8698823,16384,0,0,42.95,,0,0
17:45:28.891,1791276328.8916578,16384,0,0,42.95,,0,0
17:45:28.959,1791276328.9599304,16384,0,0,42.95,,0,0
17:45:28.960,1791276328.9601002,16384,0,0,42.95,,0,0
17:45:28.961,1791276328.9614625,16384,0,0,42.95,,0,0
17:45:29.006,1791276329.0066884,16384,0,0,42.95,,0,0
17:45:29.031,1791276329.0315106,16384,0,0,42.95,,0,0
17:45:29.054,1791276329.0547233,16384,0,0,42.95,,0,0
17:45:29.080,1791276329.0801842,16384,0,0,42.95,,0,0
17:45:29.100,1791276329.1007524,16384,0,0,42.95,,0,0
17:45:29.124,1791276329.124368,16384,0,0,42.95,,0,0
17:45:29.147,1791276329.1474154,16384,0,0,42.95,,0,0
17:45:29.170,1791276329.1708043,16384,0,0,42.95,,0,0
17:45:29.192,1791276329.1927483,16384,0,0,42.95,,0,0
17:45:29.219,1791276329.2194073,16384,0,0,42.95,,0,0
17:45:29.239,1791276329.2394514,16384,0,0,42.95,,0,0
17:45:29.286,1791276329.286424,16384,0,0,42.95,,0,0
17:45:29.309,1791276329.3091598,16384,0,0,42.95,,0,0
17:45:29.333,1791276329.3338852,16384,0,0,42.95,,0,0
17:45:29.360,1791276329.3604562,16384,0,0,42.95,,0,0
17:45:29.401,1791276329.4015193,16384,0,0,42.95,,0,0
17:45:29.425,1791276329.4257843,16384,0,0,42.95,,0,0
17:45:29.456,1791276329.4566221,16384,0,0,42.95,,0,0
17:45:29.494,1791276329.4940891,16384,0,0,42.95,,0,0
17:45:29.517,1791276329.5177085,16384,0,0,42.95,,0,0
17:45:29.542,1791276329.542371,16384,0,0,42.95,,0,0
17:45:29.610,1791276329.6101823,16384,0,0,42.95,,0,0
17:45:29.635,1791276329.63578,16384,0,0,42.95,,0,0
17:45:29.658,1791276329.6589687,16384,0,0,42.95,,0,0
17:45:29.688,1791276329.6882281,16384,0,0,42.95,,0,0
17:45:29.712,1791276329.7127209,16384,0,0,42.95,,0,0
17:45:29.729,1791276329.7298877,16384,0,0,42.95,,0,0
17:45:29.753,1791276329.753194,16384,0,0,42.95,,0,0
17:45:29.774,1791276329.7746322,16384,0,0,42.95,,0,0
17:45:29.799,1791276329.7996674,16384,0,0,42.95,,0,0
17:45:29.820,1791276329.8207686,16384,0,0,42.95,,0,0
17:45:29.846,1791276329.8469498,16384,0,0,42.95,,0,0
17:45:29.868,1791276329.8680184,16384,0,0,42.95,,0,0
17:45:29.889,1791276329.8898401,16384,0,0,42.95,,0,0
17:45:29.913,1791276329.913156,16384,0,0,42.95,,0,0
17:45:29.936,1791276329.9366755,16384,0,0,42.95,,0,0
17:45:29.966,1791276329.9661336,16384,0,0,42.95,,0,0
17:45:29.982,1791276329.9827502,16384,0,0,42.95,,0,0
17:45:30.029,1791276330.029511,16384,0,0,42.95,,0,0
17:45:30.053,1791276330.0536048,16384,0,0,42.95,,0,0
17:45:30.075,1791276330.0758708,16384,0,0,42.95,,0,0
17:45:30.099,1791276330.0996838,16384,0,0,42.95,,0,0
17:45:30.127,1791276330.1274543,16384,0,0,42.95,,0,0
17:45:30.145,1791276330.1452117,16384,0,0,42.95,,0,0
17:45:30.169,1791276330.169027,16384,0,0,42.95,,0,0
17:45:30.192,1791276330.192015,16384,0,0,42.95,,0,0
17:45:30.216,1791276330.2164693,16384,0,0,42.95,,0,0
17:45:30.244,1791276330.2441187,16384,0,0,42.95,,0,0
17:45:30.288,1791276330.2881057,16384,0,0,42.95,,0,0
17:45:30.308,1791276330.3082151,16384,0,0,42.95,,0,0
17:45:30.357,1791276330.3572512,16384,0,0,42.95,,0,0
17:45:30.377,1791276330.3779507,16384,0,0,42.95,,0,0
17:45:30.400,1791276330.4000466,16384,0,0,42.95,,0,0
17:45:30.424,1791276330.4241018,16384,0,0,42.95,,0,0
17:45:30.495,1791276330.4958818,16384,0,0,42.95,,0,0
17:45:30.496,1791276330.4960272,16384,0,0,42.95,,0,0
17:45:30.496,1791276330.4961183,16384,0,0,42.95,,0,0
17:45:30.516,1791276330.51677,16384,0,0,42.95,,0,0
17:45:30.539,1791276330.5396187,16384,0,0,42.95,,0,0
17:45:30.563,1791276330.5631242,16384,0,0,42.95,,0,0
17:45:30.586,1791276330.5862033,16384,0,0,42.95,,0,0
17:45:30.664,1791276330.6644478,16384,0,0,42.95,,0,0
17:45:30.664,1791276330.6646686,16384,0,0,42.95,,0,0
17:45:30.664,1791276330.6647558,16384,0,0,42.95,,0,0
17:45:30.682,1791276330.6826484,16384,0,0,42.95,,0,0
17:45:30.701,1791276330.701753,16384,0,0,42.95,,0,0
17:45:30.775,1791276330.7755077,16384,0,0,42.95,,0,0
17:45:30.818,1791276330.818337,16384,0,0,42.95,,0,0
17:45:30.912,1791276330.9123597,16384,0,0,42.95,,0,0
17:45:30.912,1791276330.9126325,16384,0,0,42.95,,0,0
17:45:30.912,1791276330.912731,16384,0,0,42.95,,0,0
17:45:30.934,1791276330.9346879,16384,0,0,42.95,,0,0
17:45:30.958,1791276330.9580715,16384,0,0,42.95,,0,0
17:45:30.981,1791276330.9819643,16384,0,0,42.95,,0,0
17:45:31.003,1791276331.0036962,16384,0,0,42.95,,0,0
17:45:31.028,1791276331.0287828,16384,0,0,42.95,,0,0
17:45:31.049,1791276331.0498564,16384,0,0,42.95,,0,0
17:45:31.074,1791276331.074062,16384,0,0,42.95,,0,0
17:45:31.098,1791276331.098857,16384,0,0,42.95,,0,0
17:45:31.121,1791276331.1219313,16384,0,0,42.95,,0,0
17:45:31.143,1791276331.1439273,16384,0,0,42.95,,0,0
17:45:31.195,1791276331.195202,16384,0,0,42.95,,0,0
17:45:31.211,1791276331.211779,16384,0,0,42.95,,0,0
17:45:31.240,1791276331.2401397,16384,0,0,42.95,,0,0
17:45:31.262,1791276331.262245,16384,0,0,42.95,,0,0
17:45:31.282,1791276331.2827945,16384,0,0,42.95,,0,0
17:45:31.305,1791276331.3057775,16384,0,0,42.95,,0,0
17:45:31.329,1791276331.329907,16384,0,0,42.95,,0,0
17:45:31.375,1791276331.3759801,16384,0,0,42.95,,0,0
17:45:31.399,1791276331.3999221,16384,0,0,42.95,,0,0
17:45:31.460,1791276331.4603643,16384,0,0,42.95,,0,0
17:45:31.460,1791276331.4605534,16384,0,0,42.95,,0,0
17:45:31.469,1791276331.469326,16384,0,0,42.95,,0,0
17:45:31.492,1791276331.4920404,16384,0,0,42.95,,0,0
17:45:31.515,1791276331.5155816,16384,0,0,42.95,,0,0
17:45:31.538,1791276331.5381982,16384,0,0,42.95,,0,0
17:45:31.562,1791276331.5628319,16384,0,0,42.95,,0,0
17:45:31.584,1791276331.584671,16384,0,0,42.95,,0,0
17:45:31.606,1791276331.6065145,16384,0,0,42.95,,0,0
17:45:31.631,1791276331.6310527,16384,0,0,42.95,,0,0
17:45:31.652,1791276331.6527646,16384,0,0,42.95,,0,0
17:45:31.677,1791276331.6775339,16384,0,0,42.95,,0,0
17:45:31.707,1791276331.7078738,16384,0,0,42.95,,0,0
17:45:31.726,1791276331.7269807,16384,0,0,42.95,,0,0
17:45:31.768,1791276331.7689874,16384,0,0,42.95,,0,0
17:45:31.797,1791276331.7979016,16384,0,0,42.95,,0,0
17:45:31.815,1791276331.8158438,16384,0,0,42.95,,0,0
17:45:31.839,1791276331.8395994,16384,0,0,42.95,,0,0
17:45:31.862,1791276331.8622274,16384,0,0,42.95,,0,0
17:45:31.963,1791276331.9639907,16384,0,0,42.95,,0,0
17:45:31.965,1791276331.9651463,16384,0,0,42.95,,0,0
17:45:31.965,1791276331.9652805,16384,0,0,42.95,,0,0
17:45:31.979,1791276331.9795463,16384,0,0,42.95,,0,0
17:45:32.002,1791276332.0025039,16384,0,0,42.95,,0,0
17:45:32.026,1791276332.0261986,16384,0,0,42.95,,0,0
17:45:32.049,1791276332.0491729,16384,0,0,42.95,,0,0
17:45:32.072,1791276332.0722284,16384,0,0,42.95,,0,0
17:45:32.096,1791276332.096049,16384,0,0,42.95,,0,0
17:45:32.118,1791276332.1188002,16384,0,0,42.95,,0,0
17:45:32.144,1791276332.1449575,16384,0,0,42.95,,0,0
17:45:32.164,1791276332.1648839,16384,0,0,42.95,,0,0
17:45:32.188,1791276332.1882243,16384,0,0,42.95,,0,0
17:45:32.236,1791276332.2364635,16384,0,0,42.95,,0,0
17:45:32.259,1791276332.2598426,16384,0,0,42.95,,0,0
17:45:32.283,1791276332.283487,16384,0,0,42.95,,0,0
17:45:32.308,1791276332.3082757,16384,0,0,42.95,,0,0
17:45:32.330,1791276332.3306732,16384,0,0,42.95,,0,0
17:45:32.356,1791276332.3560135,16384,0,0,42.95,,0,0
17:45:32.376,1791276332.3765569,16384,0,0,42.95,,0,0
17:45:32.401,1791276332.401192,16384,0,0,42.95,,0,0
17:45:32.423,1791276332.4234235,16384,0,0,42.95,,0,0
17:45:32.471,1791276332.471482,16384,0,0,42.95,,0,0
17:45:32.493,1791276332.4939356,16384,0,0,42.95,,0,0
17:45:32.517,1791276332.5178678,16384,0,0,42.95,,0,0
17:45:32.540,1791276332.5407207,16384,0,0,42.95,,0,0
17:45:32.563,1791276332.5639434,16384,0,0,42.95,,0,0
17:45:32.586,1791276332.5862036,16384,0,0,42.95,,0,0
17:45:32.608,1791276332.6085296,16384,0,0,42.95,,0,0
17:45:32.633,1791276332.6330504,16384,0,0,42.95,,0,0
17:45:32.657,1791276332.657456,16384,0,0,42.95,,0,0
17:45:32.678,1791276332.6788096,16384,0,0,42.95,,0,0
17:45:32.702,1791276332.7026498,16384,0,0,42.95,,0,0
17:45:32.728,1791276332.728366,16384,0,0,42.95,,0,0
17:45:32.748,1791276332.7482996,16384,0,0,42.95,,0,0
17:45:32.773,1791276332.773063,16384,0,0,42.95,,0,0
17:45:32.794,1791276332.7940192,16384,0,0,42.95,,0,0
17:45:32.817,1791276332.8179479,16384,0,0,42.95,,0,0
17:45:32.864,1791276332.8641512,16384,0,0,42.95,,0,0
17:45:32.886,1791276332.8867455,16384,0,0,42.95,,0,0
17:45:32.910,1791276332.9104512,16384,0,0,42.95,,0,0
17:45:32.937,1791276332.9378366,16384,0,0,42.95,,0,0
17:45:32.980,1791276332.980773,16384,0,0,42.95,,0,0
17:45:33.002,1791276333.002554,16384,0,0,42.95,,0,0
17:45:33.050,1791276333.0500739,16384,0,0,42.95,,0,0
17:45:33.076,1791276333.076902,16384,0,0,42.95,,0,0
17:45:33.096,1791276333.0968695,16384,0,0,42.95,,0,0
17:45:33.129,1791276333.1292665,16384,0,0,42.95,,0,0
17:45:33.145,1791276333.145311,16384,0,0,42.95,,0,0
17:45:33.173,1791276333.1730819,16384,0,0,42.95,,0,0
17:45:33.191,1791276333.1916828,16384,0,0,42.95,,0,0
17:45:33.211,1791276333.2111022,16384,0,0,42.95,,0,0
17:45:33.242,1791276333.2421267,16384,0,0,42.95,,0,0
17:45:33.258,1791276333.2587037,16384,0,0,42.95,,0,0
17:45:33.280,1791276333.2800996,16384,0,0,42.95,,0,0
17:45:33.303,1791276333.3039424,16384,0,0,42.95,,0,0
17:45:33.331,1791276333.331261,16384,0,0,42.95,,0,0
17:45:33.350,1791276333.350725,16384,0,0,42.95,,0,0
17:45:33.375,1791276333.3753092,16384,0,0,42.95,,0,0
17:45:33.400,1791276333.400195,16384,0,0,42.95,,0,0
17:45:33.495,1791276333.4954634,16384,0,0,42.95,,0,0
17:45:33.495,1791276333.4956026,16384,0,0,42.95,,0,0
17:45:33.512,1791276333.5125625,16384,0,0,42.95,,0,0
17:45:33.537,1791276333.537679,16384,0,0,42.95,,0,0
17:45:33.558,1791276333.5587723,16384,0,0,42.95,,0,0
17:45:33.582,1791276333.5828824,16384,0,0,42.95,,0,0
17:45:33.606,1791276333.6064377,16384,0,0,42.95,,0,0
17:45:33.679,1791276333.679815,16384,0,0,42.95,,0,0
17:45:33.680,1791276333.6801364,16384,0,0,42.95,,0,0
17:45:33.680,1791276333.6804674,16384,0,0,42.95,,0,0
17:45:33.699,1791276333.69987,16384,0,0,42.95,,0,0
17:45:33.775,1791276333.775837,16384,0,0,42.95,,0,0
17:45:33.775,1791276333.7759955,16384,0,0,42.95,,0,0
17:45:33.793,1791276333.7938232,16384,0,0,42.95,,0,0
17:45:33.815,1791276333.8158698,16384,0,0,42.95,,0,0
17:45:33.840,1791276333.8405006,16384,0,0,42.95,,0,0
17:45:33.915,1791276333.9158957,16384,0,0,42.95,,0,0
17:45:33.916,1791276333.9160864,16384,0,0,42.95,,0,0
17:45:33.916,1791276333.9161785,16384,0,0,42.95,,0,0
17:45:33.933,1791276333.9336715,16384,0,0,42.95,,0,0
17:45:33.962,1791276333.9623063,16384,0,0,42.95,,0,0
17:45:33.979,1791276333.9799757,16384,0,0,42.95,,0,0
17:45:34.001,1791276334.001729,16384,0,0,42.95,,0,0
17:45:34.025,1791276334.0255475,16384,0,0,42.95,,0,0
17:45:34.049,1791276334.0492554,16384,0,0,42.95,,0,0
17:45:34.071,1791276334.0718915,16384,0,0,42.95,,0,0
17:45:34.095,1791276334.0958374,16384,0,0,42.95,,0,0
17:45:34.118,1791276334.1186738,16384,0,0,42.95,,0,0
17:45:34.145,1791276334.1458158,16384,0,0,42.95,,0,0
17:45:34.171,1791276334.171286,16384,0,0,42.95,,0,0
17:45:34.212,1791276334.212003,16384,0,0,42.95,,0,0
17:45:34.258,1791276334.2582557,16384,0,0,42.95,,0,0
17:45:34.281,1791276334.2814996,16384,0,0,42.95,,0,0
17:45:34.303,1791276334.3036716,16384,0,0,42.95,,0,0
17:45:34.327,1791276334.3276682,16384,0,0,42.95,,0,0
17:45:34.379,1791276334.3790743,16384,0,0,42.95,,0,0
17:45:34.399,1791276334.3994987,16384,0,0,42.95,,0,0
17:45:34.455,1791276334.4558222,16384,0,0,42.95,,0,0
17:45:34.455,1791276334.4559429,16384,0,0,42.95,,0,0
17:45:34.471,1791276334.4718714,16384,0,0,42.95,,0,0
17:45:34.494,1791276334.49474,16384,0,0,42.95,,0,0
17:45:34.517,1791276334.5174813,16384,0,0,42.95,,0,0
17:45:34.540,1791276334.540986,16384,0,0,42.95,,0,0
17:45:34.570,1791276334.570998,16384,0,0,42.95,,0,0
17:45:34.590,1791276334.590018,16384,0,0,42.95,,0,0
17:45:34.612,1791276334.6127906,16384,0,0,42.95,,0,0
17:45:34.635,1791276334.6359081,16384,0,0,42.95,,0,0
17:45:34.658,1791276334.658831,16384,0,0,42.95,,0,0
17:45:34.684,1791276334.6846776,16384,0,0,42.95,,0,0
17:45:34.710,1791276334.7104387,16384,0,0,42.95,,0,0
17:45:34.731,1791276334.7316582,16384,0,0,42.95,,0,0
17:45:34.781,1791276334.781284,16384,0,0,42.95,,0,0
17:45:34.805,1791276334.8053913,16384,0,0,42.95,,0,0
17:45:34.827,1791276334.8279684,16384,0,0,42.95,,0,0
17:45:34.852,1791276334.8522186,16384,0,0,42.95,,0,0
17:45:34.883,1791276334.8833306,16384,0,0,42.95,,0,0
17:45:34.952,1791276334.9520109,16384,0,0,42.95,,0,0
17:45:34.952,1791276334.9521785,16384,0,0,42.95,,0,0
17:45:34.953,1791276334.953498,16384,0,0,42.95,,0,0
17:45:34.970,1791276334.9709513,16384,0,0,42.95,,0,0
17:45:34.990,1791276334.9904423,16384,0,0,42.95,,0,0
17:45:35.015,1791276335.0154927,16384,0,0,42.95,,0,0
17:45:35.061,1791276335.0617044,16384,0,0,42.95,,0,0
17:45:35.089,1791276335.089041,16384,0,0,42.95,,0,0
17:45:35.134,1791276335.1340997,16384,0,0,42.95,,0,0
17:45:35.153,1791276335.1535907,16384,0,0,42.95,,0,0
17:45:35.175,1791276335.1754394,16384,0,0,42.95,,0,0
17:45:35.199,1791276335.1998143,16384,0,0,42.95,,0,0
17:45:35.229,1791276335.2297916,16384,0,0,42.95,,0,0
17:45:35.248,1791276335.24882,16384,0,0,42.95,,0,0
17:45:35.272,1791276335.2720616,16384,0,0,42.95,,0,0
17:45:35.293,1791276335.2939346,16384,0,0,42.95,,0,0
17:45:35.344,1791276335.3445444,16384,0,0,42.95,,0,0
17:45:35.348,1791276335.3481488,16384,0,0,42.95,,0,0
17:45:35.360,1791276335.3603098,16384,0,0,42.95,,0,0
17:45:35.395,1791276335.3957531,16384,0,0,42.95,,0,0
17:45:35.443,1791276335.4430308,16384,0,0,42.95,,0,0
17:45:35.450,1791276335.4502695,16384,0,0,42.95,,0,0
17:45:35.458,1791276335.45863,16384,0,0,42.95,,0,0
17:45:35.479,1791276335.4794655,16384,0,0,42.95,,0,0
17:45:35.542,1791276335.5420732,16384,0,0,42.95,,0,0
17:45:35.574,1791276335.5749815,16384,0,0,42.95,,0,0
17:45:35.595,1791276335.5957744,16384,0,0,42.95,,0,0
17:45:35.643,1791276335.6433675,16384,0,0,42.95,,0,0
17:45:35.645,1791276335.6459126,16384,0,0,42.95,,0,0
17:45:35.675,1791276335.6756532,16384,0,0,42.95,,0,0
17:45:35.709,1791276335.709384,16384,0,0,42.95,,0,0
17:45:35.737,1791276335.7377274,16384,0,0,42.95,,0,0
17:45:35.784,1791276335.7849305,16384,0,0,42.95,,0,0
17:45:35.853,1791276335.8534548,16384,0,0,42.95,,0,0
17:45:35.885,1791276335.8850052,16384,0,0,42.95,,0,0
17:45:35.915,1791276335.9158654,16384,0,0,42.95,,0,0
17:45:35.951,1791276335.9514515,16384,0,0,42.95,,0,0
17:45:36.030,1791276336.030816,16384,0,0,42.95,,0,0
17:45:36.040,1791276336.0403523,16384,0,0,42.95,,0,0
17:45:36.040,1791276336.0407746,16384,0,0,42.95,,0,0
17:45:36.063,1791276336.0631373,16384,0,0,42.95,,0,0
17:45:36.081,1791276336.0815303,16384,0,0,42.95,,0,0
17:45:36.131,1791276336.1317892,16384,0,0,42.95,,0,0
17:45:36.135,1791276336.135515,16384,0,0,42.95,,0,0
17:45:36.165,1791276336.1652522,16384,0,0,42.95,,0,0
17:45:36.333,1791276336.3337903,16384,0,0,42.95,,0,0
17:45:36.366,1791276336.3667145,16384,0,0,42.95,,0,0
17:45:36.385,1791276336.385119,16384,0,0,42.95,,0,0
17:45:36.430,1791276336.4301474,16384,0,0,42.95,,0,0
17:45:36.511,1791276336.5115688,16384,0,0,42.95,,0,0
17:45:36.528,1791276336.5282104,16384,0,0,42.95,,0,0
17:45:36.767,1791276336.7677324,16384,0,0,42.95,,0,0
17:45:36.767,1791276336.767912,16384,0,0,42.95,,0,0
17:45:36.796,1791276336.796536,16384,0,0,42.95,,0,0
17:45:36.813,1791276336.8133984,16384,0,0,42.95,,0,0
17:45:36.935,1791276336.9356048,16384,0,0,42.95,,0,0
17:45:37.151,1791276337.151164,16384,0,0,42.95,,0,0
17:45:37.201,1791276337.2013755,16384,0,0,42.95,,0,0
17:45:37.235,1791276337.2359314,16384,0,0,42.95,,0,0
17:45:37.247,1791276337.247703,16384,0,0,42.95,,0,0
17:45:37.341,1791276337.3414605,16384,0,0,42.95,,0,0
17:45:37.373,1791276337.3734326,16384,0,0,42.95,,0,0
17:45:37.459,1791276337.4597123,16384,0,0,42.95,,0,0
17:45:37.470,1791276337.4700465,16384,0,0,42.95,,0,0
17:45:37.535,1791276337.5351915,16384,0,0,42.95,,0,0
17:45:37.722,1791276337.7222774,16384,0,0,42.95,,0,0
17:45:37.754,1791276337.7547233,16384,0,0,42.95,,0,0
17:45:37.773,1791276337.773446,16384,0,0,42.95,,0,0
17:45:37.816,1791276337.81614,16384,0,0,42.95,,0,0
17:45:37.968,1791276337.9682112,16384,0,0,42.95,,0,0
17:45:37.968,1791276337.968425,16384,0,0,42.95,,0,0
17:45:37.998,1791276337.9982405,16384,0,0,42.95,,0,0
17:45:38.013,1791276338.013758,16384,0,0,42.95,,0,0
17:45:38.031,1791276338.0317092,16384,0,0,42.95,,0,0
17:45:38.056,1791276338.0564175,16384,0,0,42.95,,0,0
17:45:38.102,1791276338.102197,16384,0,0,42.95,,0,0
17:45:38.126,1791276338.1267264,16384,0,0,42.95,,0,0
17:45:38.158,1791276338.1582022,16384,0,0,42.95,,0,0
17:45:38.194,1791276338.1940176,16384,0,0,42.95,,0,0
17:45:38.218,1791276338.2185602,16384,0,0,42.95,,0,0
17:45:38.240,1791276338.2405953,16384,0,0,42.95,,0,0
17:45:38.273,1791276338.2738478,16384,0,0,42.95,,0,0
17:45:38.288,1791276338.2889178,16384,0,0,42.95,,0,0
17:45:38.311,1791276338.3111515,16384,0,0,42.95,,0,0
17:45:38.337,1791276338.337506,16384,0,0,42.95,,0,0
17:45:38.360,1791276338.3601716,16384,0,0,42.95,,0,0
17:45:38.379,1791276338.3797839,16384,0,0,42.95,,0,0
17:45:38.427,1791276338.4278703,16384,0,0,42.95,,0,0
17:45:38.451,1791276338.4511445,16384,0,0,42.95,,0,0
17:45:38.473,1791276338.4733577,16384,0,0,42.95,,0,0
17:45:38.519,1791276338.5190845,16384,0,0,42.95,,0,0
17:45:38.542,1791276338.542849,16384,0,0,42.95,,0,0
17:45:38.567,1791276338.5678282,16384,0,0,42.95,,0,0
17:45:38.588,1791276338.5885994,16384,0,0,42.95,,0,0
17:45:38.613,1791276338.6130328,16384,0,0,42.95,,0,0
17:45:38.635,1791276338.635306,16384,0,0,42.95,,0,0
17:45:38.658,1791276338.658037,16384,0,0,42.95,,0,0
17:45:38.682,1791276338.6825526,16384,0,0,42.95,,0,0
17:45:38.704,1791276338.7046604,16384,0,0,42.95,,0,0
17:45:38.774,1791276338.7746692,16384,0,0,42.95,,0,0
17:45:38.835,1791276338.8359385,16384,0,0,42.95,,0,0
17:45:38.848,1791276338.8481603,16384,0,0,42.95,,0,0
17:45:38.874,1791276338.8746705,16384,0,0,42.95,,0,0
17:45:38.916,1791276338.9168127,16384,0,0,42.95,,0,0
17:45:38.936,1791276338.9365342,16384,0,0,42.95,,0,0
17:45:38.960,1791276338.9600203,16384,0,0,42.95,,0,0
17:45:38.984,1791276338.984056,16384,0,0,42.95,,0,0
17:45:39.028,1791276339.0288043,16384,0,0,42.95,,0,0
17:45:39.059,1791276339.0599477,16384,0,0,42.95,,0,0
17:45:39.080,1791276339.0806842,16384,0,0,42.95,,0,0
17:45:39.099,1791276339.0997028,16384,0,0,42.95,,0,0
17:45:39.125,1791276339.1250606,16384,0,0,42.95,,0,0
17:45:39.147,1791276339.1470327,16384,0,0,42.95,,0,0
17:45:39.168,1791276339.1683114,16384,0,0,42.95,,0,0
17:45:39.191,1791276339.1916726,16384,0,0,42.95,,0,0
17:45:39.214,1791276339.21498,16384,0,0,42.95,,0,0
17:45:39.238,1791276339.2383373,16384,0,0,42.95,,0,0
17:45:39.263,1791276339.2633889,16384,0,0,42.95,,0,0
17:45:39.286,1791276339.2866242,16384,0,0,42.95,,0,0
17:45:39.309,1791276339.309141,16384,0,0,42.95,,0,0
17:45:39.331,1791276339.33127,16384,0,0,42.95,,0,0
17:45:39.356,1791276339.3564312,16384,0,0,42.95,,0,0
17:45:39.386,1791276339.386278,16384,0,0,42.95,,0,0
17:45:39.401,1791276339.4011369,16384,0,0,42.95,,0,0
17:45:39.426,1791276339.4263651,16384,0,0,42.95,,0,0
17:45:39.515,1791276339.5158794,16384,0,0,42.95,,0,0
17:45:39.517,1791276339.5179212,16384,0,0,42.95,,0,0
17:45:39.540,1791276339.5400052,16384,0,0,42.95,,0,0
17:45:39.565,1791276339.5650113,16384,0,0,42.95,,0,0
17:45:39.589,1791276339.5893147,16384,0,0,42.95,,0,0
17:45:39.679,1791276339.6798203,16384,0,0,42.95,,0,0
17:45:39.679,1791276339.6799738,16384,0,0,42.95,,0,0
17:45:39.680,1791276339.680059,16384,0,0,42.95,,0,0
17:45:39.776,1791276339.7760057,16384,0,0,42.95,,0,0
17:45:39.776,1791276339.776151,16384,0,0,42.95,,0,0
17:45:39.776,1791276339.7762325,16384,0,0,42.95,,0,0
17:45:39.825,1791276339.8251843,16384,0,0,42.95,,0,0
17:45:39.849,1791276339.8494766,16384,0,0,42.95,,0,0
17:45:39.964,1791276339.9644196,16384,0,0,42.95,,0,0
17:45:39.964,1791276339.964624,16384,0,0,42.95,,0,0
17:45:39.965,1791276339.965696,16384,0,0,42.95,,0,0
17:45:39.965,1791276339.9659772,16384,0,0,42.95,,0,0
17:45:39.970,1791276339.9702215,16384,0,0,42.95,,0,0
17:45:40.015,1791276340.015104,16384,0,0,42.95,,0,0
17:45:40.037,1791276340.0378091,16384,0,0,42.95,,0,0
17:45:40.061,1791276340.061999,16384,0,0,42.95,,0,0
17:45:40.082,1791276340.082628,16384,0,0,42.95,,0,0
17:45:40.108,1791276340.1089718,16384,0,0,42.95,,0,0
17:45:40.135,1791276340.13524,16384,0,0,42.95,,0,0
17:45:40.153,1791276340.153865,16384,0,0,42.95,,0,0
17:45:40.205,1791276340.2059667,16384,0,0,42.95,,0,0
17:45:40.225,1791276340.225161,16384,0,0,42.95,,0,0
17:45:40.248,1791276340.2481139,16384,0,0,42.95,,0,0
17:45:40.271,1791276340.2718265,16384,0,0,42.95,,0,0
17:45:40.296,1791276340.29698,16384,0,0,42.95,,0,0
17:45:40.322,1791276340.3226717,16384,0,0,42.95,,0,0
17:45:40.459,1791276340.4597056,16384,0,0,42.95,,0,0
17:45:40.482,1791276340.4829788,16384,0,0,42.95,,0,0
17:45:40.559,1791276340.5594506,16384,0,0,42.95,,0,0
17:45:40.579,1791276340.5791054,16384,0,0,42.95,,0,0
17:45:40.720,1791276340.7204897,16384,0,0,42.95,,0,0
17:45:40.746,1791276340.7466202,16384,0,0,42.95,,0,0
17:45:40.886,1791276340.8864841,16384,0,0,42.95,,0,0
17:45:40.960,1791276340.960297,16384,0,0,42.95,,0,0
17:45:40.992,1791276340.9922383,16384,0,0,42.95,,0,0
17:45:41.017,1791276341.0176065,16384,0,0,42.95,,0,0
17:45:41.039,1791276341.0398593,16384,0,0,42.95,,0,0
17:45:41.061,1791276341.0610335,16384,0,0,42.95,,0,0
17:45:41.106,1791276341.1067235,16384,0,0,42.95,,0,0
17:45:41.153,1791276341.1533365,16384,0,0,42.95,,0,0
17:45:41.177,1791276341.1772654,16384,0,0,42.95,,0,0
17:45:41.249,1791276341.2492712,16384,0,0,42.95,,0,0
17:45:41.271,1791276341.271804,16384,0,0,42.95,,0,0
17:45:41.318,1791276341.318589,16384,0,0,42.95,,0,0
17:45:41.345,1791276341.3455877,16384,0,0,42.95,,0,0
17:45:41.363,1791276341.3636599,16384,0,0,42.95,,0,0
17:45:41.387,1791276341.3876348,16384,0,0,42.95,,0,0
17:45:41.434,1791276341.4344356,16384,0,0,42.95,,0,0
17:45:41.453,1791276341.4539435,16384,0,0,42.95,,0,0
17:45:41.474,1791276341.4746923,16384,0,0,42.95,,0,0
17:45:41.501,1791276341.5019512,16384,0,0,42.95,,0,0
17:45:41.523,1791276341.5238883,16384,0,0,42.95,,0,0
17:45:41.545,1791276341.545045,16384,0,0,42.95,,0,0
17:45:41.567,1791276341.5674553,16384,0,0,42.95,,0,0
17:45:41.598,1791276341.598217,16384,0,0,42.95,,0,0
17:45:41.613,1791276341.6135192,16384,0,0,42.95,,0,0
17:45:41.645,1791276341.6455362,16384,0,0,42.95,,0,0
17:45:41.686,1791276341.6860766,16384,0,0,42.95,,0,0
17:45:41.708,1791276341.7089508,16384,0,0,42.95,,0,0
17:45:41.732,1791276341.7320611,16384,0,0,42.95,,0,0
17:45:41.788,1791276341.788014,16384,0,0,42.95,,0,0
17:45:41.809,1791276341.809838,16384,0,0,42.95,,0,0
17:45:41.847,1791276341.847532,16384,0,0,42.95,,0,0
17:45:41.876,1791276341.876959,16384,0,0,42.95,,0,0
17:45:41.882,1791276341.8829806,16384,0,0,42.95,,0,0
17:45:41.904,1791276341.9049613,16384,0,0,42.95,,0,0
17:45:41.981,1791276341.9816911,16384,0,0,42.95,,0,0
17:45:41.982,1791276341.9823391,16384,0,0,42.95,,0,0
17:45:42.005,1791276342.0056756,16384,0,0,42.95,,0,0
17:45:42.054,1791276342.054663,16384,0,0,42.95,,0,0
17:45:42.098,1791276342.098873,16384,0,0,42.95,,0,0
17:45:42.129,1791276342.1298041,16384,0,0,42.95,,0,0
17:45:42.153,1791276342.153843,16384,0,0,42.95,,0,0
17:45:42.175,1791276342.1756577,16384,0,0,42.95,,0,0
17:45:42.223,1791276342.223612,16384,0,0,42.95,,0,0
17:45:42.245,1791276342.2456152,16384,0,0,42.95,,0,0
17:45:42.268,1791276342.2688081,16384,0,0,42.95,,0,0
17:45:42.291,1791276342.2910576,16384,0,0,42.95,,0,0
17:45:42.337,1791276342.337783,16384,0,0,42.95,,0,0
17:45:42.361,1791276342.3611302,16384,0,0,42.95,,0,0
17:45:42.385,1791276342.3854704,16384,0,0,42.95,,0,0
17:45:42.407,1791276342.4079368,16384,0,0,42.95,,0,0
17:45:42.432,1791276342.4326506,16384,0,0,42.95,,0,0
17:45:42.507,1791276342.5076277,16384,0,0,42.95,,0,0
17:45:42.507,1791276342.5077975,16384,0,0,42.95,,0,0
17:45:42.507,1791276342.5078812,16384,0,0,42.95,,0,0
17:45:42.522,1791276342.5226793,16384,0,0,42.95,,0,0
17:45:42.545,1791276342.5459297,16384,0,0,42.95,,0,0
17:45:42.571,1791276342.5715377,16384,0,0,42.95,,0,0
17:45:42.594,1791276342.5945387,16384,0,0,42.95,,0,0
17:45:42.687,1791276342.6876566,16384,0,0,42.95,,0,0
17:45:42.687,1791276342.687821,16384,0,0,42.95,,0,0
17:45:42.687,1791276342.6879096,16384,0,0,42.95,,0,0
17:45:42.710,1791276342.7109861,16384,0,0,42.95,,0,0
17:45:42.780,1791276342.7807872,16384,0,0,42.95,,0,0
17:45:42.781,1791276342.781175,16384,0,0,42.95,,0,0
17:45:42.781,1791276342.7812483,16384,0,0,42.95,,0,0
17:45:42.801,1791276342.8011887,16384,0,0,42.95,,0,0
17:45:42.823,1791276342.823592,16384,0,0,42.95,,0,0
17:45:42.848,1791276342.8481944,16384,0,0,42.95,,0,0
17:45:42.903,1791276342.903727,16384,0,0,42.95,,0,0
17:45:42.903,1791276342.9039173,16384,0,0,42.95,,0,0
17:45:42.917,1791276342.9178984,16384,0,0,42.95,,0,0
17:45:42.945,1791276342.9450946,16384,0,0,42.95,,0,0
17:45:42.963,1791276342.9638803,16384,0,0,42.95,,0,0
17:45:42.989,1791276342.989239,16384,0,0,42.95,,0,0
17:45:43.012,1791276343.0126743,16384,0,0,42.95,,0,0
17:45:43.035,1791276343.0358405,16384,0,0,42.95,,0,0
17:45:43.082,1791276343.0823343,16384,0,0,42.95,,0,0
17:45:43.128,1791276343.1280808,16384,0,0,42.95,,0,0
17:45:43.150,1791276343.1505232,16384,0,0,42.95,,0,0
17:45:43.178,1791276343.1781242,16384,0,0,42.95,,0,0
17:45:43.201,1791276343.2016973,16384,0,0,42.95,,0,0
17:45:43.243,1791276343.2432377,16384,0,0,42.95,,0,0
17:45:43.267,1791276343.2670202,16384,0,0,42.95,,0,0
17:45:43.288,1791276343.288741,16384,0,0,42.95,,0,0
17:45:43.313,1791276343.313262,16384,0,0,42.95,,0,0
17:45:43.335,1791276343.3353682,16384,0,0,42.95,,0,0
17:45:43.360,1791276343.3602922,16384,0,0,42.95,,0,0
17:45:43.382,1791276343.382241,16384,0,0,42.95,,0,0
17:45:43.455,1791276343.4556618,16384,0,0,42.95,,0,0
17:45:43.455,1791276343.4559524,16384,0,0,42.95,,0,0
17:45:43.456,1791276343.4560518,16384,0,0,42.95,,0,0
17:45:43.482,1791276343.4826043,16384,0,0,42.95,,0,0
17:45:43.499,1791276343.499694,16384,0,0,42.95,,0,0
17:45:43.546,1791276343.5462122,16384,0,0,42.95,,0,0
17:45:43.603,1791276343.6036482,16384,0,0,42.95,,0,0
17:45:43.652,1791276343.6528685,16384,0,0,42.95,,0,0
17:45:43.676,1791276343.6760015,16384,0,0,42.95,,0,0
17:45:43.700,1791276343.7008781,16384,0,0,42.95,,0,0
17:45:43.722,1791276343.7226899,16384,0,0,42.95,,0,0
17:45:43.746,1791276343.7462504,16384,0,0,42.95,,0,0
17:45:43.767,1791276343.767925,16384,0,0,42.95,,0,0
17:45:43.792,1791276343.7925088,16384,0,0,42.95,,0,0
17:45:43.814,1791276343.8147595,16384,0,0,42.95,,0,0
17:45:43.839,1791276343.8395398,16384,0,0,42.95,,0,0
17:45:43.861,1791276343.8610935,16384,0,0,42.95,,0,0
17:45:43.894,1791276343.8945756,16384,0,0,42.95,,0,0
17:45:43.956,1791276343.956115,16384,0,0,42.95,,0,0
17:45:43.956,1791276343.9562974,16384,0,0,42.95,,0,0
17:45:43.956,1791276343.956513,16384,0,0,42.95,,0,0
17:45:43.978,1791276343.978176,16384,0,0,42.95,,0,0
17:45:44.001,1791276344.0016205,16384,0,0,42.95,,0,0
17:45:44.023,1791276344.0236998,16384,0,0,42.95,,0,0
17:45:44.070,1791276344.0707626,16384,0,0,42.95,,0,0
17:45:44.101,1791276344.1016395,16384,0,0,42.95,,0,0
17:45:44.117,1791276344.1174371,16384,0,0,42.95,,0,0
17:45:44.142,1791276344.1427379,16384,0,0,42.95,,0,0
17:45:44.168,1791276344.1681547,16384,0,0,42.95,,0,0
17:45:44.187,1791276344.187196,16384,0,0,42.95,,0,0
17:45:44.211,1791276344.2113705,16384,0,0,42.95,,0,0
17:45:44.235,1791276344.2352867,16384,0,0,42.95,,0,0
17:45:44.256,1791276344.2561336,16384,0,0,42.95,,0,0
17:45:44.280,1791276344.2804172,16384,0,0,42.95,,0,0
17:45:44.307,1791276344.3072927,16384,0,0,42.95,,0,0
17:45:44.325,1791276344.3257413,16384,0,0,42.95,,0,0
17:45:44.350,1791276344.3503213,16384,0,0,42.95,,0,0
17:45:44.395,1791276344.395132,16384,0,0,42.95,,0,0
17:45:44.442,1791276344.4427283,16384,0,0,42.95,,0,0
17:45:44.465,1791276344.465405,16384,0,0,42.95,,0,0
17:45:44.489,1791276344.489043,16384,0,0,42.95,,0,0
17:45:44.511,1791276344.511657,16384,0,0,42.95,,0,0
17:45:44.535,1791276344.5352817,16384,0,0,42.95,,0,0
17:45:44.557,1791276344.5578196,16384,0,0,42.95,,0,0
17:45:44.582,1791276344.5826502,16384,0,0,42.95,,0,0
17:45:44.611,1791276344.611917,16384,0,0,42.95,,0,0
17:45:44.627,1791276344.6279533,16384,0,0,42.95,,0,0
17:45:44.650,1791276344.6508653,16384,0,0,42.95,,0,0
17:45:44.675,1791276344.6755471,16384,0,0,42.95,,0,0
17:45:44.712,1791276344.7126868,16384,0,0,42.95,,0,0
17:45:44.730,1791276344.730016,16384,0,0,42.95,,0,0
17:45:44.746,1791276344.746698,16384,0,0,42.95,,0,0
17:45:44.767,1791276344.7671585,16384,0,0,42.95,,0,0
17:45:44.790,1791276344.7906249,16384,0,0,42.95,,0,0
17:45:44.813,1791276344.8139436,16384,0,0,42.95,,0,0
17:45:44.835,1791276344.8355267,16384,0,0,42.95,,0,0
17:45:44.864,1791276344.8642344,16384,0,0,42.95,,0,0
17:45:44.891,1791276344.8913882,16384,0,0,42.95,,0,0
17:45:44.908,1791276344.9085171,16384,0,0,42.95,,0,0
17:45:44.932,1791276344.9329524,16384,0,0,42.95,,0,0
17:45:44.952,1791276344.9523294,16384,0,0,42.95,,0,0
17:45:44.974,1791276344.9748836,16384,0,0,42.95,,0,0
17:45:44.998,1791276344.9981627,16384,0,0,42.95,,0,0
17:45:45.020,1791276345.0200539,16384,0,0,42.95,,0,0
17:45:45.044,1791276345.044688,16384,0,0,42.95,,0,0
17:45:45.067,1791276345.0676396,16384,0,0,42.95,,0,0
17:45:45.090,1791276345.090409,16384,0,0,42.95,,0,0
17:45:45.124,1791276345.1243627,16384,0,0,42.95,,0,0
17:45:45.136,1791276345.1365666,16384,0,0,42.95,,0,0
17:45:45.160,1791276345.1606932,16384,0,0,42.95,,0,0
17:45:45.183,1791276345.1837955,16384,0,0,42.95,,0,0
17:45:45.206,1791276345.2068765,16384,0,0,42.95,,0,0
17:45:45.232,1791276345.2323349,16384,0,0,42.95,,0,0
17:45:45.254,1791276345.2549884,16384,0,0,42.95,,0,0
17:45:45.287,1791276345.2873757,16384,0,0,42.95,,0,0
17:45:45.303,1791276345.3036242,16384,0,0,42.95,,0,0
17:45:45.325,1791276345.3258195,16384,0,0,42.95,,0,0
17:45:45.349,1791276345.349463,16384,0,0,42.95,,0,0
17:45:45.371,1791276345.371204,16384,0,0,42.95,,0,0
17:45:45.393,1791276345.3931782,16384,0,0,42.95,,0,0
17:45:45.417,1791276345.417911,16384,0,0,42.95,,0,0
17:45:45.453,1791276345.453311,16384,0,0,42.95,,0,0
17:45:45.519,1791276345.5197132,16384,0,0,42.95,,0,0
17:45:45.519,1791276345.519855,16384,0,0,42.95,,0,0
17:45:45.531,1791276345.5311131,16384,0,0,42.95,,0,0
17:45:45.553,1791276345.5531812,16384,0,0,42.95,,0,0
17:45:45.576,1791276345.5767417,16384,0,0,42.95,,0,0
17:45:45.600,1791276345.6008797,16384,0,0,42.95,,0,0
17:45:45.663,1791276345.663665,16384,0,0,42.95,,0,0
17:45:45.663,1791276345.6637826,16384,0,0,42.95,,0,0
17:45:45.767,1791276345.7676525,16384,0,0,42.95,,0,0
17:45:45.767,1791276345.7677803,16384,0,0,42.95,,0,0
17:45:45.773,1791276345.7737474,16384,0,0,42.95,,0,0
17:45:45.822,1791276345.8229814,16384,0,0,42.95,,0,0
17:45:45.924,1791276345.9247766,16384,0,0,42.95,,0,0
17:45:45.975,1791276345.9756975,16384,0,0,42.95,,0,0
17:45:46.022,1791276346.0226543,16384,0,0,42.95,,0,0
17:45:46.078,1791276346.0786765,16384,0,0,42.95,,0,0
17:45:46.113,1791276346.1134732,16384,0,0,42.95,,0,0
17:45:46.145,1791276346.145059,16384,0,0,42.95,,0,0
17:45:46.187,1791276346.1872225,16384,0,0,42.95,,0,0
17:45:46.236,1791276346.236945,16384,0,0,42.95,,0,0
17:45:46.287,1791276346.2877293,16384,0,0,42.95,,0,0
17:45:46.336,1791276346.3361447,16384,0,0,42.95,,0,0
17:45:46.385,1791276346.3850281,16384,0,0,42.95,,0,0
17:45:46.459,1791276346.4596822,16384,0,0,42.95,,0,0
17:45:46.489,1791276346.4898303,16384,0,0,42.95,,0,0
17:45:46.585,1791276346.5859299,16384,0,0,42.95,,0,0
17:45:46.635,1791276346.6352797,16384,0,0,42.95,,0,0
17:45:46.687,1791276346.6870003,16384,0,0,42.95,,0,0
17:45:46.735,1791276346.7350552,16384,0,0,42.95,,0,0
17:45:46.784,1791276346.7842646,16384,0,0,42.95,,0,0
17:45:46.885,1791276346.8850446,16384,0,0,42.95,,0,0
17:45:46.960,1791276346.9601872,16384,0,0,42.95,,0,0
17:45:46.982,1791276346.9826312,16384,0,0,42.95,,0,0
17:45:47.068,1791276347.0689962,16384,0,0,42.95,,0,0
17:45:47.086,1791276347.0866582,16384,0,0,42.95,,0,0
17:45:47.112,1791276347.1123624,16384,0,0,42.95,,0,0
17:45:47.134,1791276347.1344285,16384,0,0,42.95,,0,0
17:45:47.157,1791276347.1572688,16384,0,0,42.95,,0,0
17:45:47.182,1791276347.1820064,16384,0,0,42.95,,0,0
17:45:47.229,1791276347.2290757,16384,0,0,42.95,,0,0
17:45:47.275,1791276347.2751775,16384,0,0,42.95,,0,0
17:45:47.322,1791276347.322027,16384,0,0,42.95,,0,0
17:45:47.413,1791276347.4137056,16384,0,0,42.95,,0,0
17:45:47.458,1791276347.4581351,16384,0,0,42.95,,0,0
17:45:47.525,1791276347.52598,16384,0,0,42.95,,0,0
17:45:47.603,1791276347.603105,16384,0,0,42.95,,0,0
17:45:47.665,1791276347.6650178,16384,0,0,42.95,,0,0
17:45:47.691,1791276347.6917324,16384,0,0,42.95,,0,0
17:45:47.715,1791276347.7152648,16384,0,0,42.95,,0,0
17:45:47.738,1791276347.7382908,16384,0,0,42.95,,0,0
17:45:47.764,1791276347.7644844,16384,0,0,42.95,,0,0
17:45:47.787,1791276347.7878397,16384,0,0,42.95,,0,0
17:45:47.813,1791276347.8136911,16384,0,0,42.95,,0,0
17:45:47.856,1791276347.856817,16384,0,0,42.95,,0,0
17:45:47.905,1791276347.9050949,16384,0,0,42.95,,0,0
17:45:47.954,1791276347.9544902,16384,0,0,42.95,,0,0
17:45:48.047,1791276348.047345,16384,0,0,42.95,,0,0
17:45:48.094,1791276348.0949912,16384,0,0,42.95,,0,0
17:45:48.134,1791276348.134388,16384,0,0,42.95,,0,0
17:45:48.232,1791276348.232793,16384,0,0,42.95,,0,0
17:45:48.280,1791276348.2800026,16384,0,0,42.95,,0,0
17:45:48.374,1791276348.374774,16384,0,0,42.95,,0,0
17:45:48.423,1791276348.42319,16384,0,0,42.95,,0,0
17:45:48.511,1791276348.511711,16384,0,0,42.95,,0,0
17:45:48.519,1791276348.5193825,16384,0,0,42.95,,0,0
17:45:48.567,1791276348.5679755,16384,0,0,42.95,,0,0
17:45:48.663,1791276348.6639192,16384,0,0,42.95,,0,0
17:45:48.666,1791276348.6669927,16384,0,0,42.95,,0,0
17:45:48.787,1791276348.7876759,16384,0,0,42.95,,0,0
17:45:48.807,1791276348.8073547,16384,0,0,42.95,,0,0
17:45:48.855,1791276348.8552814,16384,0,0,42.95,,0,0
17:45:48.907,1791276348.9079664,16384,0,0,42.95,,0,0
17:45:48.998,1791276348.9984586,16384,0,0,42.95,,0,0
17:45:49.047,1791276349.0478961,16384,0,0,42.95,,0,0
17:45:49.143,1791276349.1437955,16384,0,0,42.95,,0,0
17:45:49.191,1791276349.191737,16384,0,0,42.95,,0,0
17:45:49.239,1791276349.239018,16384,0,0,42.95,,0,0
17:45:49.288,1791276349.2880754,16384,0,0,42.95,,0,0
17:45:49.380,1791276349.380878,16384,0,0,42.95,,0,0
17:45:49.459,1791276349.4599893,16384,0,0,42.95,,0,0
17:45:49.578,1791276349.5784814,16384,0,0,42.95,,0,0
17:45:49.626,1791276349.6268537,16384,0,0,42.95,,0,0
17:45:49.675,1791276349.67589,16384,0,0,42.95,,0,0
17:45:49.719,1791276349.7191746,16384,0,0,42.95,,0,0
17:45:49.767,1791276349.7670703,16384,0,0,42.95,,0,0
17:45:50.001,1791276350.0018797,16384,0,0,42.95,,0,0
17:45:50.050,1791276350.0504766,16384,0,0,42.95,,0,0
17:45:50.149,1791276350.1494055,16384,0,0,42.95,,0,0
17:45:50.208,1791276350.2080534,16384,0,0,42.95,,0,0
17:45:50.247,1791276350.247251,16384,0,0,42.95,,0,0
17:45:50.294,1791276350.2943661,16384,0,0,42.95,,0,0
17:45:50.389,1791276350.3891425,16384,0,0,42.95,,0,0
17:45:50.436,1791276350.4361196,16384,0,0,42.95,,0,0
17:45:50.483,1791276350.4836824,16384,0,0,42.95,,0,0
17:45:50.528,1791276350.5286918,16384,0,0,42.95,,0,0
17:45:50.576,1791276350.5768313,16384,0,0,42.95,,0,0
17:45:50.632,1791276350.632475,16384,0,0,42.95,,0,0
17:45:50.676,1791276350.676389,16384,0,0,42.95,,0,0
17:45:50.769,1791276350.7692456,16384,0,0,42.95,,0,0
17:45:50.814,1791276350.8144379,16384,0,0,42.95,,0,0
17:45:50.862,1791276350.8629792,16384,0,0,42.95,,0,0
17:45:50.912,1791276350.9127607,16384,0,0,42.95,,0,0
17:45:50.960,1791276350.9603174,16384,0,0,42.95,,0,0
17:45:51.012,1791276351.012765,16384,0,0,42.95,,0,0
17:45:51.060,1791276351.0603476,16384,0,0,42.95,,0,0
17:45:51.100,1791276351.1006787,16384,0,0,42.95,,0,0
17:45:51.199,1791276351.199817,16384,0,0,42.95,,0,0
17:45:51.245,1791276351.2454693,16384,0,0,42.95,,0,0
17:45:51.344,1791276351.344954,16384,0,0,42.95,,0,0
17:45:51.391,1791276351.3912,16384,0,0,42.95,,0,0
17:45:51.435,1791276351.4357877,16384,0,0,42.95,,0,0
17:45:51.519,1791276351.5199988,16384,0,0,42.95,,0,0
17:45:51.533,1791276351.5330765,16384,0,0,42.95,,0,0
17:45:51.687,1791276351.687704,16384,0,0,42.95,,0,0
17:45:51.687,1791276351.6879036,16384,0,0,42.95,,0,0
17:45:51.799,1791276351.7996275,16384,0,0,42.95,,0,0
17:45:51.834,1791276351.8348732,16384,0,0,42.95,,0,0
17:45:51.919,1791276351.9196196,16384,0,0,42.95,,0,0
17:45:51.927,1791276351.9273582,16384,0,0,42.95,,0,0
17:45:51.968,1791276351.968064,16384,0,0,42.95,,0,0
17:45:52.061,1791276352.0616949,16384,0,0,42.95,,0,0
17:45:52.113,1791276352.1130583,16384,0,0,42.95,,0,0
17:45:52.156,1791276352.1568284,16384,0,0,42.95,,0,0
17:45:52.204,1791276352.204471,16384,0,0,42.95,,0,0
17:45:52.251,1791276352.2512262,16384,0,0,42.95,,0,0
17:45:52.297,1791276352.2970543,16384,0,0,42.95,,0,0
17:45:52.345,1791276352.345294,16384,0,0,42.95,,0,0
17:45:52.459,1791276352.459802,16384,0,0,42.95,,0,0
17:45:52.537,1791276352.5373118,16384,0,0,42.95,,0,0
17:45:52.582,1791276352.5827527,16384,0,0,42.95,,0,0
17:45:52.680,1791276352.68067,16384,0,0,42.95,,0,0
17:45:52.822,1791276352.8225098,16384,0,0,42.95,,0,0
17:45:52.873,1791276352.873169,16384,0,0,42.95,,0,0
17:45:52.959,1791276352.9596686,16384,0,0,42.95,,0,0
17:45:52.971,1791276352.9713755,16384,0,0,42.95,,0,0
17:45:53.026,1791276353.0263746,16384,0,0,42.95,,0,0
17:45:53.110,1791276353.110756,16384,0,0,42.95,,0,0
17:45:53.154,1791276353.154954,16384,0,0,42.95,,0,0
17:45:53.204,1791276353.204557,16384,0,0,42.95,,0,0
17:45:53.267,1791276353.2675095,16384,0,0,42.95,,0,0
17:45:53.299,1791276353.2990456,16384,0,0,42.95,,0,0
17:45:53.349,1791276353.3495421,16384,0,0,42.95,,0,0
17:45:53.394,1791276353.394006,16384,0,0,42.95,,0,0
17:45:53.533,1791276353.5331151,16384,0,0,42.95,,0,0
17:45:53.607,1791276353.6078553,16384,0,0,42.95,,0,0
17:45:53.729,1791276353.7294428,16384,0,0,42.95,,0,0
17:45:53.825,1791276353.8256214,16384,0,0,42.95,,0,0
17:45:53.871,1791276353.8712943,16384,0,0,42.95,,0,0
17:45:53.917,1791276353.917772,16384,0,0,42.95,,0,0
17:45:53.963,1791276353.9637733,16384,0,0,42.95,,0,0
17:45:54.018,1791276354.0187974,16384,0,0,42.95,,0,0
17:45:54.061,1791276354.0610993,16384,0,0,42.95,,0,0
17:45:54.107,1791276354.10754,16384,0,0,42.95,,0,0
17:45:54.156,1791276354.1565351,16384,0,0,42.95,,0,0
17:45:54.202,1791276354.2029986,16384,0,0,42.95,,0,0
17:45:54.252,1791276354.2523186,16384,0,0,42.95,,0,0
17:45:54.301,1791276354.3014743,16384,0,0,42.95,,0,0
17:45:54.345,1791276354.3451493,16384,0,0,42.95,,0,0
17:45:54.392,1791276354.3923833,16384,0,0,42.95,,0,0
17:45:54.504,1791276354.5041647,16384,0,0,42.95,,0,0
17:45:54.557,1791276354.5579078,16384,0,0,42.95,,0,0
17:45:54.586,1791276354.5869305,16384,0,0,42.95,,0,0
17:45:54.679,1791276354.6794674,16384,0,0,42.95,,0,0
17:45:54.684,1791276354.6846244,16384,0,0,42.95,,0,0
17:45:54.773,1791276354.773264,16384,0,0,42.95,,0,0
17:45:54.773,1791276354.7734795,16384,0,0,42.95,,0,0
17:45:54.820,1791276354.8205514,16384,0,0,42.95,,0,0
17:45:54.919,1791276354.9198403,16384,0,0,42.95,,0,0
17:45:54.927,1791276354.927307,16384,0,0,42.95,,0,0
17:45:54.962,1791276354.9629686,16384,0,0,42.95,,0,0
17:45:55.011,1791276355.0114424,16384,0,0,42.95,,0,0
17:45:55.057,1791276355.0571876,16384,0,0,42.95,,0,0
17:45:55.156,1791276355.156548,16384,0,0,42.95,,0,0
17:45:55.202,1791276355.202034,16384,0,0,42.95,,0,0
17:45:55.296,1791276355.296986,16384,0,0,42.95,,0,0
17:45:55.386,1791276355.386289,16384,0,0,42.95,,0,0
17:45:55.490,1791276355.490047,16384,0,0,42.95,,0,0
17:45:55.537,1791276355.5374138,16384,0,0,42.95,,0,0
17:45:55.580,1791276355.5802746,16384,0,0,42.95,,0,0
17:45:55.632,1791276355.632391,16384,0,0,42.95,,0,0
17:45:55.682,1791276355.6829817,16384,0,0,42.95,,0,0
17:45:55.724,1791276355.7243297,16384,0,0,42.95,,0,0
17:45:55.772,1791276355.7722898,16384,0,0,42.95,,0,0
17:45:55.817,1791276355.8171608,16384,0,0,42.95,,0,0
17:45:55.866,1791276355.8662703,16384,0,0,42.95,,0,0
17:45:55.964,1791276355.9641163,16384,0,0,42.95,,0,0
17:45:55.964,1791276355.964572,16384,0,0,42.95,,0,0
17:45:56.012,1791276356.0122173,16384,0,0,42.95,,0,0
17:45:56.053,1791276356.0531104,16384,0,0,42.95,,0,0
17:45:56.162,1791276356.16218,16384,0,0,42.95,,0,0
17:45:56.198,1791276356.198792,16384,0,0,42.95,,0,0
17:45:56.391,1791276356.3911881,16384,0,0,42.95,,0,0
17:45:56.437,1791276356.4377544,16384,0,0,42.95,,0,0
17:45:56.489,1791276356.4890425,16384,0,0,42.95,,0,0
17:45:56.533,1791276356.5332952,16384,0,0,42.95,,0,0
17:45:56.580,1791276356.5808232,16384,0,0,42.95,,0,0
17:45:56.629,1791276356.629582,16384,0,0,42.95,,0,0
17:45:56.728,1791276356.728396,16384,0,0,42.95,,0,0
17:45:56.773,1791276356.7733335,16384,0,0,42.95,,0,0
17:45:56.821,1791276356.8210993,16384,0,0,42.95,,0,0
17:45:56.867,1791276356.8673096,16384,0,0,42.95,,0,0
17:45:56.913,1791276356.9134395,16384,0,0,42.95,,0,0
17:45:56.965,1791276356.9655428,16384,0,0,42.95,,0,0
17:45:57.011,1791276357.0110123,16384,0,0,42.95,,0,0
17:45:57.056,1791276357.0567596,16384,0,0,42.95,,0,0
17:45:57.195,1791276357.19578,16384,0,0,42.95,,0,0
17:45:57.244,1791276357.2443771,16384,0,0,42.95,,0,0
17:45:57.307,1791276357.307221,16384,0,0,42.95,,0,0
17:45:57.344,1791276357.3448372,16384,0,0,42.95,,0,0
17:45:57.392,1791276357.3926437,16384,0,0,42.95,,0,0
17:45:57.444,1791276357.444736,16384,0,0,42.95,,0,0
17:45:57.503,1791276357.5036027,16384,0,0,42.95,,0,0
17:45:57.533,1791276357.533955,16384,0,0,42.95,,0,0
17:45:57.582,1791276357.5827255,16384,0,0,42.95,,0,0
17:45:57.667,1791276357.6678276,16384,0,0,42.95,,0,0
17:45:57.675,1791276357.6759696,16384,0,0,42.95,,0,0
17:45:57.767,1791276357.7677186,16384,0,0,42.95,,0,0
17:45:57.772,1791276357.7727077,16384,0,0,42.95,,0,0
17:45:57.822,1791276357.8222096,16384,0,0,42.95,,0,0
17:45:57.911,1791276357.9119208,16384,0,0,42.95,,0,0
17:45:58.010,1791276358.0101087,16384,0,0,42.95,,0,0
17:45:58.054,1791276358.054631,16384,0,0,42.95,,0,0
17:45:58.102,1791276358.102356,16384,0,0,42.95,,0,0
17:45:58.153,1791276358.1532629,16384,0,0,42.95,,0,0
17:45:58.208,1791276358.2088795,16384,0,0,42.95,,0,0
17:45:58.299,1791276358.2993436,16384,0,0,42.95,,0,0
17:45:58.345,1791276358.3452952,16384,0,0,42.95,,0,0
17:45:58.391,1791276358.3919086,16384,0,0,42.95,,0,0
17:45:58.459,1791276358.4596994,16384,0,0,42.95,,0,0
17:45:58.488,1791276358.4887378,16384,0,0,42.95,,0,0
17:45:58.581,1791276358.581198,16384,0,0,42.95,,0,0
17:45:58.626,1791276358.626549,16384,0,0,42.95,,0,0
17:45:58.719,1791276358.719065,16384,0,0,42.95,,0,0
17:45:58.960,1791276358.960073,16384,0,0,42.95,,0,0
17:45:58.960,1791276358.9602354,16384,0,0,42.95,,0,0
17:45:59.007,1791276359.007466,16384,0,0,42.95,,0,0
17:45:59.055,1791276359.055891,16384,0,0,42.95,,0,0
17:45:59.107,1791276359.1071815,16384,0,0,42.95,,0,0
17:45:59.153,1791276359.1536467,16384,0,0,42.95,,0,0
17:45:59.198,1791276359.198796,16384,0,0,42.95,,0,0
17:45:59.252,1791276359.25287,16384,0,0,42.95,,0,0
17:45:59.293,1791276359.2930844,16384,0,0,42.95,,0,0
17:45:59.341,1791276359.3418663,16384,0,0,42.95,,0,0
17:45:59.390,1791276359.3907175,16384,0,0,42.95,,0,0
17:45:59.437,1791276359.4370346,16384,0,0,42.95,,0,0
17:45:59.487,1791276359.4870293,16384,0,0,42.95,,0,0
17:45:59.529,1791276359.5296268,16384,0,0,42.95,,0,0
17:45:59.577,1791276359.577218,16384,0,0,42.95,,0,0
17:45:59.648,1791276359.6482081,16384,0,0,42.95,,0,0
17:45:59.767,1791276359.7675123,16384,0,0,42.95,,0,0
17:45:59.815,1791276359.8154278,16384,0,0,42.95,,0,0
17:45:59.869,1791276359.8691666,16384,0,0,42.95,,0,0
17:45:59.914,1791276359.914204,16384,0,0,42.95,,0,0
17:45:59.960,1791276359.9600384,16384,0,0,42.95,,0,0
17:46:00.009,1791276360.0098274,16384,0,0,42.95,,0,0
17:46:00.058,1791276360.058123,16384,0,0,42.95,,0,0
17:46:00.106,1791276360.106717,16384,0,0,42.95,,0,0
17:46:00.155,1791276360.155403,16384,0,0,42.95,,0,0
17:46:00.199,1791276360.1999252,16384,0,0,42.95,,0,0
17:46:00.246,1791276360.2463844,16384,0,0,42.95,,0,0
17:46:00.349,1791276360.349598,16384,0,0,42.95,,0,0
17:46:00.391,1791276360.3915176,16384,0,0,42.95,,0,0
17:46:00.437,1791276360.4372754,16384,0,0,42.95,,0,0
17:46:00.511,1791276360.5116184,16384,0,0,42.95,,0,0
17:46:00.586,1791276360.5866468,16384,0,0,42.95,,0,0
17:46:00.683,1791276360.6836476,16384,0,0,42.95,,0,0
17:46:00.771,1791276360.771998,16384,0,0,42.95,,0,0
17:46:00.774,1791276360.774871,16384,0,0,42.95,,0,0
17:46:00.823,1791276360.8231936,16384,0,0,42.95,,0,0
17:46:00.968,1791276360.9687533,16384,0,0,42.95,,0,0
17:46:01.013,1791276361.0135372,16384,0,0,42.95,,0,0
17:46:01.107,1791276361.1079535,16384,0,0,42.95,,0,0
17:46:01.155,1791276361.1551077,16384,0,0,42.95,,0,0
17:46:01.204,1791276361.2040577,16384,0,0,42.95,,0,0
17:46:01.252,1791276361.252825,16384,0,0,42.95,,0,0
17:46:01.346,1791276361.3468885,16384,0,0,42.95,,0,0
17:46:01.394,1791276361.3941522,16384,0,0,42.95,,0,0
17:46:01.459,1791276361.4595997,16384,0,0,42.95,,0,0
17:46:01.489,1791276361.4896317,16384,0,0,42.95,,0,0
17:46:01.590,1791276361.5907307,16384,0,0,42.95,,0,0
17:46:01.644,1791276361.6449482,16384,0,0,42.95,,0,0
17:46:01.681,1791276361.6819596,16384,0,0,42.95,,0,0
17:46:01.730,1791276361.730076,16384,0,0,42.95,,0,0
17:46:01.780,1791276361.7801883,16384,0,0,42.95,,0,0
17:46:01.826,1791276361.8262677,16384,0,0,42.95,,0,0
17:46:01.877,1791276361.8772473,16384,0,0,42.95,,0,0
17:46:01.967,1791276361.9678404,16384,0,0,42.95,,0,0
17:46:01.973,1791276361.9734104,16384,0,0,42.95,,0,0
17:46:02.018,1791276362.018764,16384,0,0,42.95,,0,0
17:46:02.065,1791276362.0653875,16384,0,0,42.95,,0,0
17:46:02.120,1791276362.1202216,16384,0,0,42.95,,0,0
17:46:02.260,1791276362.260738,16384,0,0,42.95,,0,0
17:46:02.311,1791276362.3113182,16384,0,0,42.95,,0,0
17:46:02.357,1791276362.357076,16384,0,0,42.95,,0,0
17:46:02.408,1791276362.4089525,16384,0,0,42.95,,0,0
17:46:02.454,1791276362.4540615,16384,0,0,42.95,,0,0
17:46:02.503,1791276362.5032473,16384,0,0,42.95,,0,0
17:46:02.550,1791276362.5505674,16384,0,0,42.95,,0,0
17:46:02.596,1791276362.5967264,16384,0,0,42.95,,0,0
17:46:02.647,1791276362.6477106,16384,0,0,42.95,,0,0
17:46:02.699,1791276362.6992965,16384,0,0,42.95,,0,0
17:46:02.747,1791276362.747501,16384,0,0,42.95,,0,0
17:46:02.798,1791276362.7989705,16384,0,0,42.95,,0,0
17:46:02.889,1791276362.8890724,16384,0,0,42.95,,0,0
17:46:02.939,1791276362.9396925,16384,0,0,42.95,,0,0
17:46:03.033,1791276363.033747,16384,0,0,42.95,,0,0
17:46:03.081,1791276363.081315,16384,0,0,42.95,,0,0
17:46:03.127,1791276363.127109,16384,0,0,42.95,,0,0
17:46:03.180,1791276363.180253,16384,0,0,42.95,,0,0
17:46:03.226,1791276363.226141,16384,0,0,42.95,,0,0
17:46:03.276,1791276363.2764704,16384,0,0,42.95,,0,0
17:46:03.325,1791276363.3258982,16384,0,0,42.95,,0,0
17:46:03.379,1791276363.3790143,16384,0,0,42.95,,0,0
17:46:03.504,1791276363.5042043,16384,0,0,42.95,,0,0
17:46:03.516,1791276363.516762,16384,0,0,42.95,,0,0
17:46:03.564,1791276363.564217,16384,0,0,42.95,,0,0
17:46:03.660,1791276363.6603243,16384,0,0,42.95,,0,0
17:46:03.660,1791276363.6605566,16384,0,0,42.95,,0,0
17:46:03.764,1791276363.7644513,16384,0,0,42.95,,0,0
17:46:03.803,1791276363.803403,16384,0,0,42.95,,0,0
17:46:03.940,1791276363.9408984,16384,0,0,42.95,,0,0
17:46:03.948,1791276363.9482923,16384,0,0,42.95,,0,0
17:46:03.999,1791276363.999344,16384,0,0,42.95,,0,0
17:46:04.092,1791276364.0929394,16384,0,0,42.95,,0,0
17:46:04.189,1791276364.189901,16384,0,0,42.95,,0,0
17:46:04.239,1791276364.2392802,16384,0,0,42.95,,0,0
17:46:04.287,1791276364.2871723,16384,0,0,42.95,,0,0
17:46:04.315,1791276364.315418,16384,0,0,42.95,,0,0
17:46:04.340,1791276364.3400996,16384,0,0,42.95,,0,0
17:46:04.361,1791276364.361445,16384,0,0,42.95,,0,0
17:46:04.385,1791276364.3856366,16384,0,0,42.95,,0,0
17:46:04.456,1791276364.4562533,16384,0,0,42.95,,0,0
17:46:04.456,1791276364.456523,16384,0,0,42.95,,0,0
17:46:04.462,1791276364.4626381,16384,0,0,42.95,,0,0
17:46:04.512,1791276364.5122888,16384,0,0,42.95,,0,0
17:46:04.558,1791276364.5581794,16384,0,0,42.95,,0,0
17:46:04.609,1791276364.609684,16384,0,0,42.95,,0,0
17:46:04.704,1791276364.704444,16384,0,0,42.95,,0,0
17:46:04.762,1791276364.7624128,16384,0,0,42.95,,0,0
17:46:04.808,1791276364.8088765,16384,0,4032,42.95,40.0,595,91
17:46:04.863,1791276364.863588,16384,0,4038,42.95,40.0,596,91
17:46:04.977,1791276364.9777162,16384,0,4038,42.95,40.0,596,91
17:46:05.034,1791276365.034614,16384,0,4038,42.95,40.0,596,91
17:46:05.089,1791276365.0898657,16384,0,4039,42.95,40.0,596,91
17:46:05.141,1791276365.1410542,16384,0,4039,42.95,40.0,596,91
17:46:05.197,1791276365.1973631,16384,0,4034,42.95,40.0,595,91
17:46:05.253,1791276365.2532072,16384,0,4035,42.95,40.0,596,91
17:46:05.309,1791276365.3098867,16384,0,4035,42.95,40.0,596,91
17:46:05.371,1791276365.3711004,16384,0,4035,42.95,40.0,596,91
17:46:05.477,1791276365.4774072,16384,0,4035,42.95,40.0,596,91
17:46:05.533,1791276365.533467,16384,0,4038,42.95,40.0,596,91
17:46:05.581,1791276365.5816398,16384,0,4037,42.95,40.0,596,91
17:46:05.799,1791276365.7997174,16384,0,4036,42.95,40.0,596,91
17:46:05.856,1791276365.856809,16384,0,4035,42.95,40.0,595,91
17:46:05.909,1791276365.909082,16384,0,4037,42.95,40.0,596,91
17:46:05.967,1791276365.9676971,16384,0,4036,42.95,40.0,596,91
17:46:06.031,1791276366.0312324,16384,0,4040,42.95,40.0,596,91
17:46:06.090,1791276366.0905697,16384,0,4041,42.95,40.0,596,91
17:46:06.140,1791276366.1409307,16384,0,4037,42.95,40.0,596,91
17:46:06.185,1791276366.1859677,16384,0,4039,42.95,40.0,596,91
17:46:06.239,1791276366.2396765,16384,0,4038,42.95,40.0,596,91
17:46:06.302,1791276366.3022664,16384,0,4046,42.95,40.0,596,91
17:46:06.349,1791276366.349306,16384,0,4051,42.95,40.0,595,91
17:46:06.404,1791276366.4044175,16384,0,4055,42.95,40.0,596,91
17:46:06.508,1791276366.5083292,16384,0,4062,42.95,40.0,597,91
17:46:06.512,1791276366.5128403,16384,0,4066,42.95,40.0,595,91
17:46:06.568,1791276366.5686314,16384,0,4074,42.95,40.0,595,91
17:46:06.676,1791276366.6762185,16384,0,4084,42.95,40.0,595,91
17:46:06.676,1791276366.6765046,16384,0,4091,42.95,40.0,595,91
17:46:06.788,1791276366.7883518,16384,0,4100,42.95,40.0,593,90
17:46:06.788,1791276366.7887745,16384,0,4121,42.95,40.0,593,90
17:46:06.834,1791276366.8343136,16384,0,4137,42.95,40.0,592,90
17:46:06.908,1791276366.9082477,16384,0,4141,42.95,40.0,595,89
17:46:06.940,1791276366.940752,16384,0,4169,42.95,40.0,597,88
17:46:06.992,1791276366.9923968,16384,0,4166,42.95,40.0,597,88
17:46:07.045,1791276367.0456483,16384,0,4183,42.95,40.0,594,87
17:46:07.100,1791276367.1005538,16384,0,4193,42.95,40.0,594,86
17:46:07.153,1791276367.153553,16384,0,4207,42.95,40.0,597,85
17:46:07.210,1791276367.2100086,16384,0,4218,42.95,40.0,598,85
17:46:07.266,1791276367.2665071,16384,0,4231,42.95,40.0,597,84
17:46:07.318,1791276367.3188455,16384,0,4245,42.95,40.0,594,84
17:46:07.460,1791276367.4604695,16384,0,4271,42.95,40.0,598,83
17:46:07.479,1791276367.4796932,16384,0,4293,42.95,40.0,599,82
17:46:07.534,1791276367.5345454,16384,0,4294,42.95,40.0,598,81
17:46:07.589,1791276367.5893211,16384,0,4309,42.95,40.0,600,80
17:46:07.649,1791276367.6496258,16384,0,4319,42.95,40.0,601,79
17:46:07.697,1791276367.6970057,16384,0,4338,42.95,40.0,600,78
17:46:07.768,1791276367.7680705,16384,0,4346,42.95,40.0,604,77
17:46:07.802,1791276367.802889,16384,0,4357,42.95,40.0,603,77
17:46:07.858,1791276367.858573,16384,0,4373,42.95,40.0,603,75
17:46:07.965,1791276367.9659307,16384,0,4377,42.95,40.0,605,74
17:46:08.022,1791276368.022988,16384,0,4396,42.95,40.0,606,72
17:46:08.074,1791276368.0744064,16384,0,4396,42.95,40.0,608,70
17:46:08.126,1791276368.1262028,16384,0,4397,42.95,40.0,610,61
17:46:08.178,1791276368.1786118,16384,0,4400,42.95,40.0,610,59
17:46:08.234,1791276368.2344632,16384,0,4400,42.95,40.0,610,55
17:46:08.287,1791276368.2871575,16384,0,4406,42.95,40.0,609,54
17:46:08.343,1791276368.3436687,16384,0,4418,42.95,40.0,611,51
17:46:08.451,1791276368.451448,16384,0,4427,42.95,40.0,613,50
17:46:08.561,1791276368.5618174,16384,0,4433,42.95,40.0,616,47
17:46:08.664,1791276368.664382,16384,0,4446,42.95,40.0,618,46
17:46:08.776,1791276368.7765872,16384,0,4455,42.95,40.0,619,45
17:46:08.827,1791276368.827521,16384,0,4457,42.95,40.0,617,45
17:46:08.879,1791276368.8790028,16384,0,4468,42.95,40.0,618,44
17:46:08.946,1791276368.9468307,16384,0,4479,42.95,40.0,620,44
17:46:08.987,1791276368.9875472,16384,0,4493,42.95,40.0,620,43
17:46:09.168,1791276369.168042,16384,0,4518,42.95,40.0,621,41
17:46:09.201,1791276369.2018745,16384,0,4535,42.95,40.0,621,42
17:46:09.255,1791276369.255199,16384,0,4554,42.95,40.0,622,41
17:46:09.309,1791276369.3095407,16384,0,4561,42.95,40.0,621,41
17:46:09.363,1791276369.3633235,16384,0,4594,42.95,40.0,622,40
17:46:09.417,1791276369.4170976,16384,0,4612,42.95,40.0,620,40
17:46:09.504,1791276369.5044131,16384,0,4629,42.95,40.0,620,41
17:46:09.524,1791276369.524475,16384,0,4657,42.95,40.0,622,40
17:46:09.575,1791276369.575725,16384,0,4682,42.95,40.0,620,40
17:46:09.668,1791276369.6686425,16384,0,4709,42.95,40.0,619,39
17:46:09.687,1791276369.6874018,16384,0,4734,42.95,40.0,621,40
17:46:09.784,1791276369.784899,16384,0,4755,42.95,40.0,621,39
17:46:09.804,1791276369.804507,16384,0,4790,42.95,40.0,619,39
17:46:09.847,1791276369.847071,16384,0,4823,42.95,40.0,618,39
17:46:09.912,1791276369.9127784,16384,0,4845,42.95,40.0,620,39
17:46:09.956,1791276369.9562275,16384,0,4876,42.95,40.0,617,39
17:46:10.007,1791276370.0079994,16384,0,4905,42.95,40.0,617,38
17:46:10.065,1791276370.0651174,16384,0,4935,42.95,40.0,619,38
17:46:10.241,1791276370.2419887,16384,0,5019,42.95,40.0,617,37
17:46:10.281,1791276370.2811983,16384,0,5049,42.95,40.0,617,38
17:46:10.335,1791276370.3353305,16384,0,5091,42.95,40.0,617,38
17:46:10.391,1791276370.3915946,16384,0,5144,42.95,40.0,617,37
17:46:10.457,1791276370.4570909,16384,0,5188,42.95,40.0,615,39
17:46:10.499,1791276370.4994853,16384,0,5211,42.95,40.0,614,39
17:46:10.553,1791276370.5531404,16384,0,5262,42.95,40.0,613,39
17:46:10.605,1791276370.6055093,16384,0,5291,42.95,40.0,613,40
17:46:10.661,1791276370.6614938,16384,0,5335,42.95,40.0,613,41
17:46:10.719,1791276370.7195444,16384,0,5397,42.95,40.0,613,40
17:46:10.767,1791276370.767761,16384,0,5429,42.95,40.0,615,42
17:46:10.845,1791276370.8453898,16384,0,5495,42.95,40.0,612,41
17:46:10.876,1791276370.876973,16384,0,5527,42.95,40.0,613,42
17:46:10.953,1791276370.953154,16384,0,5588,42.95,40.0,614,44
17:46:10.982,1791276370.9828088,16384,0,5653,42.95,40.0,614,45
17:46:11.042,1791276371.0422802,16384,0,5687,42.95,40.0,614,45
17:46:11.097,1791276371.0970743,16384,0,5750,42.95,40.0,614,45
17:46:11.147,1791276371.1472845,16384,0,5793,42.95,40.0,614,43
17:46:11.259,1791276371.2595932,16384,0,5883,42.95,40.0,613,36
17:46:11.312,1791276371.3120096,16384,0,5923,42.95,40.0,609,34
17:46:11.419,1791276371.4191756,16384,0,6004,42.95,40.0,614,38
17:46:11.530,1791276371.530575,16384,0,6052,42.95,40.0,608,39
17:46:11.583,1791276371.5837607,16384,0,6087,42.95,40.0,611,40
17:46:11.642,1791276371.6425905,16384,0,6105,42.95,40.0,617,39
17:46:11.692,1791276371.6921244,16384,0,6112,42.95,40.0,600,38
17:46:11.745,1791276371.7455707,16384,0,6136,42.95,40.0,611,37
17:46:11.850,1791276371.8501291,16384,0,6170,42.95,40.0,616,35
17:46:11.906,1791276371.9065962,16384,0,6173,42.95,40.0,613,34
17:46:11.958,1791276371.9585261,16384,0,6197,42.95,40.0,626,33
17:46:12.015,1791276372.0156848,16384,0,6208,42.95,40.0,630,33
17:46:12.065,1791276372.0657802,16384,0,6190,42.95,40.0,622,33
17:46:12.121,1791276372.1216424,16384,0,6208,42.95,40.0,634,31
17:46:12.174,1791276372.1745493,16384,0,6222,42.95,40.0,641,30
17:46:12.227,1791276372.2271838,16384,0,6227,42.95,40.0,646,28
17:46:12.280,1791276372.2805095,16384,0,6243,42.95,40.0,654,27
17:46:12.389,1791276372.3895247,16384,0,6245,42.95,40.0,663,26
17:46:12.443,1791276372.4435606,16384,0,6283,42.95,40.0,672,25
17:46:12.504,1791276372.5041518,16384,0,6280,42.95,40.0,679,25
17:46:12.551,1791276372.5513232,16384,0,6316,42.95,40.0,696,25
17:46:12.615,1791276372.6159554,16384,0,6307,42.95,40.0,702,24
17:46:12.767,1791276372.7674673,16384,0,6339,42.95,40.0,729,23
17:46:12.770,1791276372.7701366,16384,0,6371,42.95,40.0,750,23
17:46:12.924,1791276372.9242005,16384,0,6413,42.95,40.0,799,23
17:46:13.039,1791276373.0396671,16384,0,6463,42.95,40.0,915,25
17:46:13.091,1791276373.0917804,16384,0,6480,42.95,40.0,1005,25
17:46:13.148,1791276373.148319,16384,0,6489,42.95,40.0,1093,26
17:46:13.198,1791276373.1989512,16384,0,6485,42.95,40.0,1145,26
17:46:13.253,1791276373.253545,16384,0,6509,42.95,40.0,1232,26
17:46:13.361,1791276373.361388,16384,0,6512,42.95,40.0,1359,25
17:46:13.468,1791276373.468454,16384,0,6464,42.95,40.0,1454,22
17:46:13.522,1791276373.5221932,16384,0,6455,42.95,40.0,1534,20
17:46:13.575,1791276373.5755773,16384,0,6426,42.95,40.0,1561,19
17:46:13.691,1791276373.6913395,16384,0,6314,42.95,40.0,1687,15
17:46:13.740,1791276373.7407873,16384,0,6300,42.95,40.0,1723,15
17:46:13.794,1791276373.7940996,16384,0,6203,42.95,40.0,1771,15
17:46:13.849,1791276373.8495414,16384,0,6136,42.95,40.0,1821,15
17:46:13.952,1791276373.9522042,16384,0,6076,42.95,40.0,1849,14
17:46:14.008,1791276374.0082839,16384,0,5949,42.95,40.0,1939,15
17:46:14.065,1791276374.0654888,16384,0,5856,42.95,40.0,1984,15
17:46:14.119,1791276374.119326,16384,0,5754,42.95,40.0,2040,15
17:46:14.227,1791276374.227426,16384,0,5587,42.95,40.0,2118,17
17:46:14.285,1791276374.285349,16384,0,5478,42.95,40.0,2162,18
17:46:14.336,1791276374.336167,16384,0,5427,42.95,40.0,2174,18
17:46:14.389,1791276374.389852,16384,0,5319,42.95,40.0,2204,19
17:46:14.445,1791276374.445742,16384,0,5265,42.95,40.0,2210,20
17:46:14.500,1791276374.5001106,16384,0,5148,42.95,40.0,2225,22
17:46:14.566,1791276374.5666413,16384,0,5046,42.95,40.0,2225,24
17:46:14.612,1791276374.6128,16384,0,4985,42.95,40.0,2230,25
17:46:14.660,1791276374.6600156,16384,0,4901,42.95,40.0,2228,29
17:46:14.715,1791276374.7159445,16384,0,4807,42.95,40.0,2202,29
17:46:14.767,1791276374.7675073,16384,0,4759,42.95,40.0,2182,29
17:46:14.822,1791276374.8226151,16384,0,4663,42.95,40.0,2138,29
17:46:15.043,1791276375.0438066,16384,0,4366,42.95,40.0,1836,30
17:46:15.096,1791276375.0967698,16384,0,4246,42.95,40.0,1677,32
17:46:15.149,1791276375.1498215,16384,0,3486,42.95,40.0,874,34
17:46:15.205,1791276375.2057135,16384,0,3501,42.95,40.0,866,35
17:46:15.256,1791276375.2567332,16384,0,3529,42.95,40.0,851,38
17:46:15.309,1791276375.309542,16384,0,3594,42.95,40.0,839,41
17:46:15.365,1791276375.365149,16384,0,3623,42.95,40.0,833,43
17:46:15.415,1791276375.41574,16384,0,3675,42.95,40.0,826,47
17:46:15.520,1791276375.520298,16384,0,3720,42.95,40.0,829,49
17:46:15.688,1791276375.6882365,16384,0,3924,42.95,40.0,837,57
17:46:15.788,1791276375.7887669,16384,0,4099,42.95,40.0,870,61
17:46:15.794,1791276375.794532,16384,0,4212,42.95,40.0,888,64
17:46:15.851,1791276375.8511608,16384,0,4333,42.95,40.0,903,72
17:46:15.903,1791276375.9039218,16384,0,4408,42.95,40.0,915,74
17:46:15.970,1791276375.9700527,16384,0,4519,42.95,40.0,929,75
17:46:16.013,1791276376.0133514,16384,0,4749,42.95,40.0,939,82
17:46:16.066,1791276376.0661416,16384,0,5087,42.95,40.0,949,91
17:46:16.121,1791276376.12119,16384,0,5430,42.95,40.0,959,101
17:46:16.240,1791276376.2403302,16384,0,5984,42.95,40.0,967,119
17:46:16.290,1791276376.2900834,16384,0,6329,42.95,40.0,973,128
17:46:16.342,1791276376.3421373,16384,0,6477,42.95,40.0,971,121
17:46:16.399,1791276376.3996518,16384,0,6728,42.95,40.0,962,98
17:46:16.464,1791276376.4646807,16384,0,6862,42.95,40.0,956,82
17:46:16.506,1791276376.5063868,16384,0,6875,42.95,40.0,952,75
17:46:16.563,1791276376.563909,16384,0,6835,42.95,40.0,938,70
17:46:16.616,1791276376.6166663,16384,0,6762,42.95,40.0,935,68
17:46:16.673,1791276376.6739848,16384,0,6702,42.95,40.0,930,65
17:46:16.727,1791276376.7271698,16384,0,6645,42.95,40.0,927,61
17:46:16.784,1791276376.7843966,16384,0,6635,42.95,40.0,939,60
17:46:16.844,1791276376.8443463,16384,0,6574,42.95,40.0,938,56
17:46:16.897,1791276376.897111,16384,0,6537,42.95,40.0,939,55
17:46:16.965,1791276376.9652283,16384,0,6500,42.95,40.0,937,52
17:46:17.006,1791276377.0069463,16384,0,6472,42.95,40.0,941,49
17:46:17.084,1791276377.0840325,16384,0,6394,42.95,40.0,954,48
17:46:17.120,1791276377.1204336,16384,0,6373,42.95,40.0,957,46
17:46:17.172,1791276377.1728072,16384,0,6338,42.95,40.0,969,45
17:46:17.228,1791276377.2281165,16384,0,6280,42.95,40.0,976,44
17:46:17.283,1791276377.2839265,16384,0,6246,42.95,40.0,989,42
17:46:17.343,1791276377.343023,16384,0,6185,42.95,40.0,1013,39
17:46:17.393,1791276377.3938806,16384,0,6119,42.95,40.0,1046,37
17:46:17.452,1791276377.4521904,16384,0,6089,42.95,40.0,1084,38
17:46:17.510,1791276377.5101337,16384,0,6070,42.95,40.0,1110,37
17:46:17.563,1791276377.5635996,16384,0,6007,42.95,40.0,1158,36
17:46:17.619,1791276377.6194153,16384,0,5984,42.95,40.0,1184,36
17:46:17.673,1791276377.673985,16384,0,5955,42.95,40.0,1236,35
17:46:17.726,1791276377.7262156,16384,0,5919,42.95,40.0,1297,35
17:46:17.788,1791276377.7882247,16384,0,5900,42.95,40.0,1345,34
17:46:17.892,1791276377.8924587,16384,0,5893,42.95,40.0,1425,34
17:46:17.946,1791276377.9468894,16384,0,5882,42.95,40.0,1446,34
17:46:18.003,1791276378.003483,16384,0,5906,42.95,40.0,1498,34
17:46:18.060,1791276378.060071,16384,0,5926,42.95,40.0,1523,34
17:46:18.114,1791276378.1148872,16384,0,5958,42.95,40.0,1536,35
17:46:18.167,1791276378.1675375,16384,0,6001,42.95,40.0,1547,34
17:46:18.222,1791276378.2226582,16384,0,6040,42.95,40.0,1558,34
17:46:18.275,1791276378.2756207,16384,0,6066,42.95,40.0,1565,34
17:46:18.336,1791276378.3365762,16384,0,6116,42.95,40.0,1574,34
17:46:18.386,1791276378.3867524,16384,0,6134,42.95,40.0,1575,34
17:46:18.442,1791276378.4425156,16384,0,6178,42.95,40.0,1582,34
17:46:18.516,1791276378.51653,16384,0,6213,42.95,40.0,1594,34
17:46:18.559,1791276378.5598857,16384,0,6240,42.95,40.0,1598,33
17:46:18.664,1791276378.6642542,16384,0,6270,42.95,40.0,1606,33
17:46:18.664,1791276378.6646116,16384,0,6258,42.95,40.0,1607,33
17:46:18.776,1791276378.776088,16384,0,6265,42.95,40.0,1614,32
17:46:18.782,1791276378.7820055,16384,0,6262,42.95,40.0,1614,32
17:46:18.811,1791276378.811682,16384,0,6231,42.95,40.0,1612,32
17:46:18.848,1791276378.8481169,16384,0,6188,42.95,40.0,1592,31
17:46:18.908,1791276378.9081979,16384,0,6172,42.95,40.0,1588,32
17:46:18.961,1791276378.9615464,16384,0,6048,42.95,40.0,1547,31
17:46:19.008,1791276379.0085413,16384,0,6012,42.95,40.0,1532,31
17:46:19.064,1791276379.06484,16384,0,5968,42.95,40.0,1508,31
17:46:19.120,1791276379.1208613,16384,0,5918,42.95,40.0,1486,31
17:46:19.169,1791276379.169489,16384,0,5871,42.95,40.0,1467,31
17:46:19.275,1791276379.2756016,16384,0,5654,42.95,40.0,1340,30
17:46:19.326,1791276379.3264253,16384,0,5608,42.95,40.0,1305,30
17:46:19.383,1791276379.383648,16384,0,5472,42.95,40.0,1217,29
17:46:19.460,1791276379.4600828,16384,0,5418,42.95,40.0,1174,29
17:46:19.460,1791276379.4602332,16384,0,5273,42.95,40.0,1062,29
17:46:19.465,1791276379.465655,16384,0,5152,42.95,40.0,996,28
17:46:19.492,1791276379.4926665,16384,0,5092,42.95,40.0,936,28
17:46:19.519,1791276379.5191941,16384,0,5053,42.95,40.0,904,29
17:46:19.548,1791276379.54803,16384,0,5015,42.95,40.0,880,28
17:46:19.573,1791276379.5732841,16384,0,4967,42.95,40.0,843,28
17:46:19.600,1791276379.600512,16384,0,4932,42.95,40.0,823,28
17:46:19.623,1791276379.6233246,16384,0,4895,42.95,40.0,790,27
17:46:19.649,1791276379.649452,16384,0,4857,42.95,40.0,761,28
17:46:19.676,1791276379.6762528,16384,0,4833,42.95,40.0,748,28
17:46:19.702,1791276379.702489,16384,0,4797,42.95,40.0,722,27
17:46:19.732,1791276379.7327237,16384,0,4770,42.95,40.0,706,27
17:46:19.754,1791276379.7543163,16384,0,4716,42.95,40.0,655,27
17:46:19.781,1791276379.7818217,16384,0,4714,42.95,40.0,653,27
17:46:19.809,1791276379.80988,16384,0,4701,42.95,40.0,649,27
17:46:19.860,1791276379.8601463,16384,0,4667,42.95,40.0,641,26
17:46:19.888,1791276379.8881383,16384,0,4677,42.95,40.0,646,26
17:46:19.964,1791276379.9642394,16384,0,4645,42.95,40.0,626,26
17:46:19.965,1791276379.9657214,16384,0,4635,42.95,40.0,627,26
17:46:19.974,1791276379.9742475,16384,0,4635,42.95,40.0,634,25
17:46:20.018,1791276380.018718,16384,0,4626,42.95,40.0,642,26
17:46:20.044,1791276380.044932,16384,0,4633,42.95,40.0,651,26
17:46:20.072,1791276380.0720341,16384,0,4627,42.95,40.0,658,25
17:46:20.124,1791276380.124536,16384,0,4627,42.95,40.0,677,26
17:46:20.152,1791276380.1526382,16384,0,4623,42.95,40.0,690,25
17:46:20.179,1791276380.1790802,16384,0,4621,42.95,40.0,697,26
17:46:20.203,1791276380.203693,16384,0,4622,42.95,40.0,716,25
17:46:20.229,1791276380.2293901,16384,0,4626,42.95,40.0,737,26
17:46:20.296,1791276380.2969434,16384,0,4628,42.95,40.0,784,26
17:46:20.313,1791276380.3131158,16384,0,4618,42.95,40.0,797,26
17:46:20.348,1791276380.3485584,16384,0,4639,42.95,40.0,829,26
17:46:20.365,1791276380.365008,16384,0,4640,42.95,40.0,857,26
17:46:20.392,1791276380.392656,16384,0,4633,42.95,40.0,884,26
17:46:20.423,1791276380.423276,16384,0,4628,42.95,40.0,910,26
17:46:20.472,1791276380.472286,16384,0,4621,42.95,40.0,959,26
17:46:20.498,1791276380.4986234,16384,0,4624,42.95,40.0,981,27
17:46:20.525,1791276380.5251572,16384,0,4633,42.95,40.0,1011,27
17:46:20.552,1791276380.552467,16384,0,4639,42.95,40.0,1031,27
17:46:20.632,1791276380.6321356,16384,0,4676,42.95,40.0,1105,27
17:46:20.657,1791276380.6572678,16384,0,4667,42.95,40.0,1123,27
17:46:20.685,1791276380.685184,16384,0,4675,42.95,40.0,1154,28
17:46:20.709,1791276380.7098215,16384,0,4675,42.95,40.0,1168,27
17:46:20.733,1791276380.7338095,16384,0,4674,42.95,40.0,1168,27
17:46:20.761,1791276380.7612376,16384,0,4682,42.95,40.0,1188,28
17:46:20.790,1791276380.7905114,16384,0,4695,42.95,40.0,1212,27
17:46:20.812,1791276380.8125293,16384,0,4692,42.95,40.0,1228,28
17:46:20.838,1791276380.8387635,16384,0,4702,42.95,40.0,1251,28
17:46:20.864,1791276380.8643086,16384,0,4701,42.95,40.0,1250,28
17:46:20.890,1791276380.890586,16384,0,4704,42.95,40.0,1265,29
17:46:20.919,1791276380.919697,16384,0,4707,42.95,40.0,1283,28
17:46:20.944,1791276380.9443123,16384,0,4718,42.95,40.0,1302,28
17:46:20.967,1791276380.9675024,16384,0,4718,42.95,40.0,1302,28
17:46:20.998,1791276380.998635,16384,0,4718,42.95,40.0,1318,29
17:46:21.020,1791276381.0206933,16384,0,4730,42.95,40.0,1335,29
17:46:21.098,1791276381.0981317,16384,0,4730,42.95,40.0,1366,29
17:46:21.124,1791276381.1248627,16384,0,4737,42.95,40.0,1384,29
17:46:21.177,1791276381.1778817,16384,0,4746,42.95,40.0,1413,29
17:46:21.204,1791276381.2043889,16384,0,4754,42.95,40.0,1425,29
17:46:21.228,1791276381.228548,16384,0,4755,42.95,40.0,1425,29
17:46:21.257,1791276381.2572114,16384,0,4762,42.95,40.0,1440,29
17:46:21.282,1791276381.2824304,16384,0,4767,42.95,40.0,1458,30
17:46:21.306,1791276381.306411,16384,0,4773,42.95,40.0,1465,30
17:46:21.330,1791276381.330726,16384,0,4774,42.95,40.0,1465,30
17:46:21.355,1791276381.3559837,16384,0,4776,42.95,40.0,1478,30
17:46:21.383,1791276381.383459,16384,0,4776,42.95,40.0,1492,30
17:46:21.412,1791276381.41227,16384,0,4795,42.95,40.0,1507,30
17:46:21.433,1791276381.4335563,16384,0,4794,42.95,40.0,1506,30
17:46:21.507,1791276381.5075195,16384,0,4795,42.95,40.0,1522,31
17:46:21.507,1791276381.507676,16384,0,4799,42.95,40.0,1535,31
17:46:21.514,1791276381.5141714,16384,0,4805,42.95,40.0,1546,31
17:46:21.539,1791276381.539584,16384,0,4808,42.95,40.0,1554,30
17:46:21.563,1791276381.5636592,16384,0,4808,42.95,40.0,1554,30
17:46:21.593,1791276381.5934718,16384,0,4822,42.95,40.0,1568,31
17:46:21.668,1791276381.6680455,16384,0,4818,42.95,40.0,1576,32
17:46:21.668,1791276381.6683085,16384,0,4830,42.95,40.0,1585,31
17:46:21.682,1791276381.68234,16384,0,4839,42.95,40.0,1599,31
17:46:21.764,1791276381.7640574,16384,0,4853,42.95,40.0,1611,31
17:46:21.764,1791276381.7642436,16384,0,4853,42.95,40.0,1618,32
17:46:21.772,1791276381.7721152,16384,0,4860,42.95,40.0,1633,32
17:46:21.796,1791276381.7963483,16384,0,4861,42.95,40.0,1633,32
17:46:21.822,1791276381.8228292,16384,0,4866,42.95,40.0,1636,32
17:46:21.848,1791276381.848198,16384,0,4859,42.95,40.0,1638,32
17:46:21.924,1791276381.9241052,16384,0,4844,42.95,40.0,1649,32
17:46:21.924,1791276381.9242449,16384,0,4846,42.95,40.0,1650,32
17:46:21.925,1791276381.9250312,16384,0,4870,42.95,40.0,1650,33
17:46:21.957,1791276381.957229,16384,0,4881,42.95,40.0,1657,33
17:46:21.978,1791276381.978361,16384,0,4868,42.95,40.0,1671,33
17:46:22.004,1791276382.0046027,16384,0,4898,42.95,40.0,1676,47
17:46:22.028,1791276382.028046,16384,0,4898,42.95,40.0,1676,47
17:46:22.054,1791276382.054289,16384,0,4914,42.95,40.0,1685,47
17:46:22.090,1791276382.0902267,16384,0,4920,42.95,40.0,1682,47
17:46:22.107,1791276382.1075106,16384,0,4930,42.95,40.0,1686,47
17:46:22.133,1791276382.1339445,16384,0,4928,42.95,40.0,1686,47
17:46:22.158,1791276382.1582277,16384,0,4937,42.95,40.0,1685,48
17:46:22.184,1791276382.18409,16384,0,4946,42.95,40.0,1685,49
17:46:22.211,1791276382.2114842,16384,0,4945,42.95,40.0,1684,48
17:46:22.237,1791276382.2370052,16384,0,4947,42.95,40.0,1683,49
17:46:22.262,1791276382.262266,16384,0,4947,42.95,40.0,1683,49
17:46:22.288,1791276382.2888105,16384,0,4949,42.95,40.0,1681,49
17:46:22.313,1791276382.3133821,16384,0,4955,42.95,40.0,1678,50
17:46:22.340,1791276382.340087,16384,0,4951,42.95,40.0,1675,50
17:46:22.364,1791276382.3640826,16384,0,4950,42.95,40.0,1674,50
17:46:22.396,1791276382.396794,16384,0,4951,42.95,40.0,1669,51
17:46:22.468,1791276382.4684222,16384,0,4939,42.95,40.0,1654,51
17:46:22.469,1791276382.4691467,16384,0,4933,42.95,40.0,1647,51
17:46:22.469,1791276382.4692962,16384,0,4916,42.95,40.0,1626,51
17:46:22.495,1791276382.495538,16384,0,4918,42.95,40.0,1626,51
17:46:22.524,1791276382.5240276,16384,0,4893,42.95,40.0,1605,51
17:46:22.564,1791276382.5644367,16384,0,4875,42.95,40.0,1592,51
17:46:22.575,1791276382.575037,16384,0,4859,42.95,40.0,1568,52
17:46:22.601,1791276382.6016672,16384,0,4858,42.95,40.0,1568,52
17:46:22.629,1791276382.6296084,16384,0,4828,42.95,40.0,1547,52
17:46:22.649,1791276382.6494677,16384,0,4830,42.95,40.0,1521,52
17:46:22.676,1791276382.6760683,16384,0,4792,42.95,40.0,1473,52
17:46:22.705,1791276382.7059455,16384,0,4793,42.95,40.0,1473,52
17:46:22.725,1791276382.725958,16384,0,4734,42.95,40.0,1455,52
17:46:22.752,1791276382.7522352,16384,0,4736,42.95,40.0,1434,52
17:46:22.780,1791276382.7801077,16384,0,4717,42.95,40.0,1406,52
17:46:22.809,1791276382.8097262,16384,0,4699,42.95,40.0,1392,52
17:46:22.829,1791276382.8289995,16384,0,4698,42.95,40.0,1391,52
17:46:22.857,1791276382.8576214,16384,0,4673,42.95,40.0,1366,53
17:46:22.883,1791276382.8838322,16384,0,4649,42.95,40.0,1333,53
17:46:22.960,1791276382.9600928,16384,0,4627,42.95,40.0,1309,53
17:46:22.962,1791276382.962102,16384,0,4598,42.95,40.0,1289,53
17:46:22.963,1791276382.9639978,16384,0,4598,42.95,40.0,1289,53
17:46:23.014,1791276383.0143251,16384,0,4566,42.95,40.0,1243,53
17:46:23.042,1791276383.0426183,16384,0,4547,42.95,40.0,1228,53
17:46:23.067,1791276383.0672271,16384,0,4534,42.95,40.0,1206,53
17:46:23.095,1791276383.0954137,16384,0,4533,42.95,40.0,1205,53
17:46:23.116,1791276383.1167364,16384,0,4512,42.95,40.0,1183,53
17:46:23.144,1791276383.1446316,16384,0,4506,42.95,40.0,1167,54
17:46:23.192,1791276383.1925066,16384,0,4494,42.95,40.0,1150,53
17:46:23.219,1791276383.2192256,16384,0,4478,42.95,40.0,1131,53
17:46:23.246,1791276383.2466586,16384,0,4464,42.95,40.0,1113,54
17:46:23.297,1791276383.2974238,16384,0,4462,42.95,40.0,1104,53
17:46:23.325,1791276383.3251088,16384,0,4449,42.95,40.0,1090,54
17:46:23.348,1791276383.3481944,16384,0,4441,42.95,40.0,1078,53
17:46:23.375,1791276383.375584,16384,0,4443,42.95,40.0,1067,54
17:46:23.402,1791276383.4024503,16384,0,4436,42.95,40.0,1058,53
17:46:23.454,1791276383.4540613,16384,0,4440,42.95,40.0,1054,54
17:46:23.478,1791276383.4782693,16384,0,4441,42.95,40.0,1043,54
17:46:23.505,1791276383.5050607,16384,0,4439,42.95,40.0,1035,54
17:46:23.529,1791276383.52923,16384,0,4439,42.95,40.0,1035,54
17:46:23.556,1791276383.5567436,16384,0,4440,42.95,40.0,1035,54
17:46:23.580,1791276383.58071,16384,0,4451,42.95,40.0,1029,54
17:46:23.608,1791276383.6083694,16384,0,4454,42.95,40.0,1028,54
17:46:23.659,1791276383.6598368,16384,0,4461,42.95,40.0,1022,55
17:46:23.685,1791276383.6850238,16384,0,4466,42.95,40.0,1013,55
17:46:23.709,1791276383.7096918,16384,0,4473,42.95,40.0,1012,55
17:46:23.741,1791276383.7415645,16384,0,4473,42.95,40.0,1012,55
17:46:23.764,1791276383.764253,16384,0,4476,42.95,40.0,1004,56
17:46:23.786,1791276383.786649,16384,0,4490,42.95,40.0,1003,56
17:46:23.811,1791276383.8114843,16384,0,4497,42.95,40.0,995,56
17:46:23.838,1791276383.8383412,16384,0,4509,42.95,40.0,994,57
17:46:23.864,1791276383.8644753,16384,0,4509,42.95,40.0,994,57
17:46:23.887,1791276383.8874583,16384,0,4518,42.95,40.0,989,52
17:46:23.940,1791276383.9402058,16384,0,4528,42.95,40.0,983,44
17:46:23.963,1791276383.9638863,16384,0,4529,42.95,40.0,983,44
17:46:23.990,1791276383.9900985,16384,0,4528,42.95,40.0,979,38
17:46:24.019,1791276384.0194583,16384,0,4536,42.95,40.0,976,33
17:46:24.042,1791276384.0429826,16384,0,4538,42.95,40.0,975,31
17:46:24.069,1791276384.0698426,16384,0,4537,42.95,40.0,975,31
17:46:24.145,1791276384.1452227,16384,0,4556,42.95,40.0,967,28
17:46:24.171,1791276384.1716566,16384,0,4565,42.95,40.0,962,27
17:46:24.196,1791276384.196408,16384,0,4567,42.95,40.0,962,27
17:46:24.221,1791276384.2218735,16384,0,4574,42.95,40.0,962,26
17:46:24.248,1791276384.2486053,16384,0,4585,42.95,40.0,963,25
17:46:24.274,1791276384.2743611,16384,0,4593,42.95,40.0,962,24
17:46:24.295,1791276384.2959945,16384,0,4593,42.95,40.0,962,24
17:46:24.323,1791276384.3233113,16384,0,4600,42.95,40.0,955,23
17:46:24.350,1791276384.3503644,16384,0,4621,42.95,40.0,955,22
17:46:24.376,1791276384.3769598,16384,0,4630,42.95,40.0,948,21
17:46:24.399,1791276384.3997707,16384,0,4630,42.95,40.0,948,21
17:46:24.427,1791276384.4275293,16384,0,4662,42.95,40.0,947,21
17:46:24.500,1791276384.5004475,16384,0,4683,42.95,40.0,944,21
17:46:24.500,1791276384.5006764,16384,0,4716,42.95,40.0,945,21
17:46:24.508,1791276384.5083344,16384,0,4731,42.95,40.0,937,21
17:46:24.529,1791276384.5297053,16384,0,4751,42.95,40.0,936,21
17:46:24.554,1791276384.5548737,16384,0,4752,42.95,40.0,936,21
17:46:24.583,1791276384.583128,16384,0,4769,42.95,40.0,936,21
17:46:24.661,1791276384.6611118,16384,0,4795,42.95,40.0,935,21
17:46:24.661,1791276384.661363,16384,0,4797,42.95,40.0,935,21
17:46:24.661,1791276384.661456,16384,0,4813,42.95,40.0,933,21
17:46:24.695,1791276384.6958785,16384,0,4814,42.95,40.0,931,21
17:46:24.714,1791276384.714822,16384,0,4808,42.95,40.0,924,21
17:46:24.768,1791276384.768206,16384,0,4822,42.95,40.0,923,22
17:46:24.768,1791276384.7684662,16384,0,4821,42.95,40.0,922,22
17:46:24.789,1791276384.7899585,16384,0,4813,42.95,40.0,932,21
17:46:24.817,1791276384.8179834,16384,0,4805,42.95,40.0,920,21
17:46:24.843,1791276384.8430874,16384,0,4788,42.95,40.0,927,21
17:46:24.924,1791276384.9246693,16384,0,4775,42.95,40.0,923,21
17:46:24.924,1791276384.9248686,16384,0,4766,42.95,40.0,926,21
17:46:24.945,1791276384.9459968,16384,0,4744,42.95,40.0,921,21
17:46:24.971,1791276384.9710758,16384,0,4725,42.95,40.0,918,22
17:46:24.995,1791276384.99566,16384,0,4724,42.95,40.0,918,22
17:46:25.023,1791276385.0230896,16384,0,4706,42.95,40.0,919,22
17:46:25.049,1791276385.0496929,16384,0,4691,42.95,40.0,919,21
17:46:25.073,1791276385.073914,16384,0,4664,42.95,40.0,917,21
17:46:25.098,1791276385.0983884,16384,0,4663,42.95,40.0,917,21
17:46:25.125,1791276385.1259716,16384,0,4645,42.95,40.0,915,22
17:46:25.151,1791276385.1518083,16384,0,4623,42.95,40.0,914,22
17:46:25.178,1791276385.1789644,16384,0,4600,42.95,40.0,915,21
17:46:25.202,1791276385.2024343,16384,0,4599,42.95,40.0,914,21
17:46:25.231,1791276385.2316093,16384,0,4574,42.95,40.0,915,22
17:46:25.255,1791276385.2552297,16384,0,4554,42.95,40.0,912,22
17:46:25.309,1791276385.3091273,16384,0,4516,42.95,40.0,910,21
17:46:25.333,1791276385.3338606,16384,0,4515,42.95,40.0,910,21
17:46:25.365,1791276385.3650024,16384,0,4499,42.95,40.0,912,22
17:46:25.384,1791276385.3844578,16384,0,4486,42.95,40.0,911,22
17:46:25.460,1791276385.4606996,16384,0,4469,42.95,40.0,907,22
17:46:25.460,1791276385.460937,16384,0,4450,42.95,40.0,904,22
17:46:25.488,1791276385.4886434,16384,0,4440,42.95,40.0,902,22
17:46:25.516,1791276385.5168095,16384,0,4423,42.95,40.0,899,22
17:46:25.541,1791276385.5418136,16384,0,4413,42.95,40.0,899,22
17:46:25.570,1791276385.5701103,16384,0,4415,42.95,40.0,899,22
17:46:25.590,1791276385.5900779,16384,0,4406,42.95,40.0,895,22
17:46:25.616,1791276385.6165016,16384,0,4394,42.95,40.0,893,22
17:46:25.642,1791276385.6424825,16384,0,4386,42.95,40.0,888,22
17:46:25.672,1791276385.6728554,16384,0,4375,42.95,40.0,884,22
17:46:25.692,1791276385.692498,16384,0,4375,42.95,40.0,884,22
17:46:25.718,1791276385.718514,16384,0,4367,42.95,40.0,881,22
17:46:25.744,1791276385.7441318,16384,0,4361,42.95,40.0,875,22
17:46:25.775,1791276385.7751224,16384,0,4355,42.95,40.0,874,22
17:46:25.799,1791276385.799091,16384,0,4356,42.95,40.0,874,22
17:46:25.823,1791276385.8232524,16384,0,4348,42.95,40.0,868,22
17:46:25.855,1791276385.8557806,16384,0,4345,42.95,40.0,865,22
17:46:25.877,1791276385.8770258,16384,0,4338,42.95,40.0,859,21
17:46:25.898,1791276385.8989716,16384,0,4338,42.95,40.0,859,21
17:46:25.964,1791276385.9644444,16384,0,4348,42.95,40.0,855,22
17:46:25.981,1791276385.98174,16384,0,4337,42.95,40.0,844,22
17:46:26.005,1791276386.0055435,16384,0,4337,42.95,40.0,839,21
17:46:26.028,1791276386.0289602,16384,0,4338,42.95,40.0,839,21
17:46:26.057,1791276386.0577967,16384,0,4339,42.95,40.0,834,21
17:46:26.085,1791276386.0853102,16384,0,4336,42.95,40.0,830,21
17:46:26.105,1791276386.1059532,16384,0,4343,42.95,40.0,825,21
17:46:26.130,1791276386.1302984,16384,0,4343,42.95,40.0,825,21
17:46:26.156,1791276386.156183,16384,0,4351,42.95,40.0,822,21
17:46:26.184,1791276386.184742,16384,0,4350,42.95,40.0,818,21
17:46:26.208,1791276386.2087965,16384,0,4349,42.95,40.0,812,21
17:46:26.235,1791276386.2351816,16384,0,4363,42.95,40.0,809,22
17:46:26.259,1791276386.2593791,16384,0,4361,42.95,40.0,809,22
17:46:26.287,1791276386.287976,16384,0,4382,42.95,40.0,805,21
17:46:26.315,1791276386.3152876,16384,0,4377,42.95,40.0,800,21
17:46:26.339,1791276386.3398004,16384,0,4380,42.95,40.0,795,20
17:46:26.391,1791276386.3910413,16384,0,4392,42.95,40.0,793,21
17:46:26.418,1791276386.4182801,16384,0,4402,42.95,40.0,787,21
17:46:26.443,1791276386.443895,16384,0,4416,42.95,40.0,784,21
17:46:26.493,1791276386.4931428,16384,0,4424,42.95,40.0,781,20
17:46:26.517,1791276386.5177627,16384,0,4436,42.95,40.0,774,21
17:46:26.572,1791276386.5729468,16384,0,4466,42.95,40.0,766,20
17:46:26.596,1791276386.596061,16384,0,4465,42.95,40.0,766,20
17:46:26.623,1791276386.6238801,16384,0,4479,42.95,40.0,771,21
17:46:26.650,1791276386.650172,16384,0,4484,42.95,40.0,756,20
17:46:26.675,1791276386.675022,16384,0,4492,42.95,40.0,760,21
17:46:26.699,1791276386.6994765,16384,0,4491,42.95,40.0,760,21
17:46:26.729,1791276386.729612,16384,0,4514,42.95,40.0,762,20
17:46:26.780,1791276386.7805598,16384,0,4550,42.95,40.0,755,21
17:46:26.806,1791276386.806506,16384,0,4582,42.95,40.0,756,20
17:46:26.831,1791276386.8313675,16384,0,4582,42.95,40.0,756,20
17:46:26.861,1791276386.861295,16384,0,4591,42.95,40.0,752,20
17:46:26.884,1791276386.8849013,16384,0,4608,42.95,40.0,751,20
17:46:26.914,1791276386.9141045,16384,0,4628,42.95,40.0,749,20
17:46:26.953,1791276386.9531977,16384,0,4647,42.95,40.0,748,20
17:46:26.973,1791276386.97341,16384,0,4646,42.95,40.0,748,20
17:46:26.992,1791276386.9920843,16384,0,4665,42.95,40.0,748,20
17:46:27.014,1791276387.014515,16384,0,4683,42.95,40.0,747,20
17:46:27.040,1791276387.040416,16384,0,4681,42.95,40.0,746,20
17:46:27.076,1791276387.0760643,16384,0,4704,42.95,40.0,746,19
17:46:27.089,1791276387.0898163,16384,0,4704,42.95,40.0,746,19
17:46:27.115,1791276387.1155689,16384,0,4722,42.95,40.0,746,20
17:46:27.143,1791276387.1434724,16384,0,4734,42.95,40.0,747,19
17:46:27.173,1791276387.1736414,16384,0,4760,42.95,40.0,743,20
17:46:27.195,1791276387.195917,16384,0,4775,42.95,40.0,749,19
17:46:27.223,1791276387.223275,16384,0,4800,42.95,40.0,752,19
17:46:27.248,1791276387.2484372,16384,0,4825,42.95,40.0,753,19
17:46:27.274,1791276387.2741556,16384,0,4826,42.95,40.0,750,19
17:46:27.298,1791276387.298075,16384,0,4827,42.95,40.0,750,19
17:46:27.325,1791276387.3251832,16384,0,4846,42.95,40.0,745,20
17:46:27.361,1791276387.3618102,16384,0,4904,42.95,40.0,768,20
17:46:27.379,1791276387.3790915,16384,0,4872,42.95,40.0,761,20
17:46:27.404,1791276387.404408,16384,0,4892,42.95,40.0,755,20
17:46:27.428,1791276387.4287598,16384,0,4892,42.95,40.0,755,20
17:46:27.503,1791276387.5038984,16384,0,4901,42.95,40.0,758,20
17:46:27.504,1791276387.5040126,16384,0,4922,42.95,40.0,767,20
17:46:27.533,1791276387.5331495,16384,0,4945,42.95,40.0,771,20
17:46:27.558,1791276387.5581796,16384,0,4945,42.95,40.0,771,20
17:46:27.663,1791276387.6636572,16384,0,4955,42.95,40.0,774,19
17:46:27.663,1791276387.6639936,16384,0,4958,42.95,40.0,775,20
17:46:27.664,1791276387.6640596,16384,0,4959,42.95,40.0,775,20
17:46:27.690,1791276387.6901474,16384,0,4964,42.95,40.0,781,19
17:46:27.767,1791276387.767811,16384,0,4976,42.95,40.0,784,20
17:46:27.768,1791276387.7680068,16384,0,4973,42.95,40.0,790,19
17:46:27.792,1791276387.7921932,16384,0,4980,42.95,40.0,793,20
17:46:27.822,1791276387.8225248,16384,0,4979,42.95,40.0,797,20
17:46:27.842,1791276387.8422174,16384,0,4973,42.95,40.0,799,20
17:46:27.907,1791276387.9079618,16384,0,4970,42.95,40.0,802,20
17:46:27.908,1791276387.908132,16384,0,4971,42.95,40.0,802,20
17:46:27.936,1791276387.93674,16384,0,4972,42.95,40.0,805,20
17:46:27.946,1791276387.9466176,16384,0,4960,42.95,40.0,807,20
17:46:27.979,1791276387.9793704,16384,0,4950,42.95,40.0,811,19
17:46:27.999,1791276387.9990633,16384,0,4950,42.95,40.0,811,19
17:46:28.027,1791276388.0275807,16384,0,4942,42.95,40.0,814,19
17:46:28.049,1791276388.0495923,16384,0,4926,42.95,40.0,817,19
17:46:28.076,1791276388.0765529,16384,0,4912,42.95,40.0,822,20
17:46:28.103,1791276388.1036873,16384,0,4900,42.95,40.0,823,19
17:46:28.131,1791276388.1316524,16384,0,4901,42.95,40.0,823,19
17:46:28.155,1791276388.1556895,16384,0,4882,42.95,40.0,826,19
17:46:28.178,1791276388.178835,16384,0,4859,42.95,40.0,837,19
17:46:28.204,1791276388.2042098,16384,0,4843,42.95,40.0,846,19
17:46:28.232,1791276388.232932,16384,0,4843,42.95,40.0,846,19
17:46:28.256,1791276388.2563047,16384,0,4810,42.95,40.0,845,19
17:46:28.282,1791276388.2826345,16384,0,4790,42.95,40.0,866,19
17:46:28.309,1791276388.3094034,16384,0,4794,42.95,40.0,892,19
17:46:28.334,1791276388.3345683,16384,0,4759,42.95,40.0,909,19
17:46:28.359,1791276388.3595839,16384,0,4758,42.95,40.0,908,19
17:46:28.391,1791276388.3914115,16384,0,4734,42.95,40.0,936,19
17:46:28.463,1791276388.463754,16384,0,4704,42.95,40.0,969,19
17:46:28.464,1791276388.4649723,16384,0,4683,42.95,40.0,1010,19
17:46:28.465,1791276388.4651241,16384,0,4681,42.95,40.0,1010,19
17:46:28.542,1791276388.5421774,16384,0,4620,42.95,40.0,1181,19
17:46:28.577,1791276388.577034,16384,0,4621,42.95,40.0,1181,19
17:46:28.590,1791276388.5905874,16384,0,4597,42.95,40.0,1241,19
17:46:28.619,1791276388.6193323,16384,0,4574,42.95,40.0,1296,19
17:46:28.645,1791276388.6454513,16384,0,4556,42.95,40.0,1352,19
17:46:28.673,1791276388.6735125,16384,0,4522,42.95,40.0,1409,19
17:46:28.695,1791276388.6951869,16384,0,4523,42.95,40.0,1410,19
17:46:28.722,1791276388.7223778,16384,0,4510,42.95,40.0,1461,19
17:46:28.749,1791276388.7492843,16384,0,4490,42.95,40.0,1508,19
17:46:28.774,1791276388.774413,16384,0,4471,42.95,40.0,1571,19
17:46:28.800,1791276388.8006892,16384,0,4443,42.95,40.0,1614,20
17:46:28.851,1791276388.851445,16384,0,4426,42.95,40.0,1664,19
17:46:28.880,1791276388.8809698,16384,0,4419,42.95,40.0,1720,19
17:46:28.956,1791276388.9566038,16384,0,4400,42.95,40.0,1771,20
17:46:28.956,1791276388.9567614,16384,0,4400,42.95,40.0,1771,20
17:46:28.956,1791276388.9568112,16384,0,4389,42.95,40.0,1818,19
17:46:28.982,1791276388.9824607,16384,0,4376,42.95,40.0,1870,20
17:46:29.015,1791276389.0159247,16384,0,4361,42.95,40.0,1909,19
17:46:29.040,1791276389.040946,16384,0,4347,42.95,40.0,1955,19
17:46:29.060,1791276389.0602453,16384,0,4348,42.95,40.0,1955,19
17:46:29.085,1791276389.0852137,16384,0,4334,42.95,40.0,2000,20
17:46:29.112,1791276389.1129193,16384,0,4316,42.95,40.0,2020,20
17:46:29.140,1791276389.1403987,16384,0,4284,42.95,40.0,2019,20
17:46:29.164,1791276389.1642652,16384,0,4286,42.95,40.0,2018,20
17:46:29.189,1791276389.189569,16384,0,4247,42.95,40.0,1997,20
17:46:29.217,1791276389.2177575,16384,0,4206,42.95,40.0,1960,20
17:46:29.244,1791276389.2442136,16384,0,4156,42.95,40.0,1919,20
17:46:29.294,1791276389.2946172,16384,0,4094,42.95,40.0,1864,20
17:46:29.320,1791276389.3207428,16384,0,4047,42.95,40.0,1817,20
17:46:29.344,1791276389.3440738,16384,0,3987,42.95,40.0,1768,17
17:46:29.372,1791276389.372111,16384,0,3907,42.95,40.0,1714,15
17:46:29.398,1791276389.3988032,16384,0,3823,42.95,40.0,1667,12
17:46:29.423,1791276389.4234145,16384,0,3821,42.95,40.0,1667,12
17:46:29.450,1791276389.4501495,16384,0,3734,42.95,40.0,1620,10
17:46:29.502,1791276389.5028565,16384,0,3512,42.95,40.0,1521,5
17:46:29.527,1791276389.5272136,16384,0,3512,42.95,40.0,1521,5
17:46:29.580,1791276389.5805871,16384,0,3280,42.95,39.6875,1427,0
17:46:29.609,1791276389.6091473,16384,0,3186,42.95,38.75,1390,0
17:46:29.656,1791276389.6568046,16384,0,3097,42.95,37.8125,1350,0
17:46:29.682,1791276389.6827643,16384,0,3002,42.95,36.875,1306,0
17:46:29.712,1791276389.712348,16384,0,2919,42.95,36.25,1268,0
17:46:29.736,1791276389.736202,16384,0,2849,42.95,35.625,1234,0
17:46:29.760,1791276389.760186,16384,0,2849,42.95,35.625,1234,0
17:46:29.814,1791276389.8142211,16384,0,2713,42.95,34.6875,1162,0
17:46:29.840,1791276389.8401353,16384,0,2662,42.95,34.375,1136,0
17:46:29.870,1791276389.8705242,16384,0,2663,42.95,34.375,1136,0
17:46:29.893,1791276389.893408,16384,0,2606,42.95,34.0625,1101,0
17:46:29.917,1791276389.9175065,16384,0,2569,42.95,33.75,1079,0
17:46:29.943,1791276389.9438934,16384,0,2540,42.95,33.75,1056,0
17:46:29.973,1791276389.9738615,16384,0,2496,42.95,33.4375,1028,0
17:46:30.002,1791276390.002284,16384,0,2495,42.95,33.4375,1027,0
17:46:30.020,1791276390.020551,16384,0,2467,42.95,33.4375,1008,0
17:46:30.050,1791276390.0508666,16384,0,2450,42.95,33.4375,988,0
17:46:30.076,1791276390.0761077,16384,0,2427,42.95,33.75,967,0
17:46:30.096,1791276390.0961695,16384,0,2427,42.95,33.75,967,0
17:46:30.123,1791276390.1232371,16384,0,2421,42.95,33.75,951,0
17:46:30.150,1791276390.150239,16384,0,2421,42.95,34.0625,937,0
17:46:30.177,1791276390.1770794,16384,0,2413,42.95,34.375,918,0
17:46:30.200,1791276390.2000957,16384,0,2414,42.95,34.375,919,0
17:46:30.226,1791276390.2267442,16384,0,2414,42.95,34.6875,907,0
17:46:30.261,1791276390.2616556,16384,0,2425,42.95,35.3125,893,0
17:46:30.285,1791276390.285369,16384,0,2430,42.95,35.625,878,0
17:46:30.309,1791276390.3098302,16384,0,2452,42.95,36.25,868,0
17:46:30.330,1791276390.330758,16384,0,2453,42.95,36.25,868,0
17:46:30.356,1791276390.356787,16384,0,2477,42.95,37.1875,858,0
17:46:30.384,1791276390.3848562,16384,0,2495,42.95,37.5,845,0
17:46:30.409,1791276390.409864,16384,0,2523,42.95,38.4375,836,0
17:46:30.435,1791276390.4358377,16384,0,2565,42.95,39.375,826,0
17:46:30.496,1791276390.4969716,16384,0,2563,42.95,39.375,826,0
17:46:30.497,1791276390.4971354,16384,0,2591,42.95,40.0,812,2
17:46:30.538,1791276390.5384288,16384,0,2659,42.95,40.0,796,5
17:46:30.589,1791276390.589375,16384,0,2681,42.95,40.0,785,6
17:46:30.669,1791276390.669937,16384,0,2714,42.95,40.0,777,8
17:46:30.670,1791276390.6700702,16384,0,2739,42.95,40.0,769,10
17:46:30.697,1791276390.6971476,16384,0,2754,42.95,40.0,760,12
17:46:30.768,1791276390.7688138,16384,0,2775,42.95,40.0,755,13
17:46:30.769,1791276390.7691276,16384,0,2777,42.95,40.0,743,16
17:46:30.774,1791276390.77488,16384,0,2777,42.95,40.0,740,18
17:46:30.799,1791276390.7993252,16384,0,2776,42.95,40.0,740,18
17:46:30.825,1791276390.82519,16384,0,2763,42.95,40.0,729,19
17:46:30.852,1791276390.8522778,16384,0,2745,42.95,40.0,721,19
17:46:30.927,1791276390.9276426,16384,0,2730,42.95,40.0,713,19
17:46:30.927,1791276390.9277873,16384,0,2715,42.95,40.0,710,18
17:46:30.933,1791276390.9339619,16384,0,2714,42.95,40.0,710,18
17:46:30.988,1791276390.9883842,16384,0,2685,42.95,40.0,695,19
17:46:31.013,1791276391.0131872,16384,0,2674,42.95,40.0,693,19
17:46:31.038,1791276391.0389705,16384,0,2657,42.95,40.0,686,18
17:46:31.090,1791276391.0903537,16384,0,2642,42.95,40.0,678,18
17:46:31.173,1791276391.1734848,16384,0,2622,42.95,40.0,668,18
17:46:31.193,1791276391.1933398,16384,0,2602,42.95,40.0,660,18
17:46:31.221,1791276391.221096,16384,0,2592,42.95,40.0,655,18
17:46:31.248,1791276391.2483773,16384,0,2581,42.95,40.0,652,18
17:46:31.275,1791276391.2755315,16384,0,2569,42.95,40.0,645,18
17:46:31.305,1791276391.305404,16384,0,2569,42.95,40.0,645,18
17:46:31.325,1791276391.325912,16384,0,2563,42.95,40.0,643,18
17:46:31.350,1791276391.350272,16384,0,2554,42.95,40.0,639,18
17:46:31.390,1791276391.3909428,16384,0,2547,42.95,40.0,633,18
17:46:31.409,1791276391.4094825,16384,0,2547,42.95,40.0,633,18
17:46:31.463,1791276391.463808,16384,0,2536,42.95,40.0,623,18
17:46:31.491,1791276391.4915037,16384,0,2516,42.95,40.0,620,18
17:46:31.513,1791276391.5132718,16384,0,2525,42.95,40.0,621,18
17:46:31.532,1791276391.5323606,16384,0,2525,42.95,40.0,620,18
17:46:31.559,1791276391.559918,16384,0,2535,42.95,40.0,604,18
17:46:31.586,1791276391.586848,16384,0,2515,42.95,40.0,617,18
17:46:31.613,1791276391.613893,16384,0,2504,42.95,40.0,603,18
17:46:31.640,1791276391.6404784,16384,0,2502,42.95,40.0,601,18
17:46:31.692,1791276391.6926587,16384,0,2496,42.95,40.0,600,18
17:46:31.716,1791276391.7169445,16384,0,2493,42.95,40.0,593,18
17:46:31.750,1791276391.7502017,16384,0,2497,42.95,40.0,594,18
17:46:31.769,1791276391.769547,16384,0,2493,42.95,40.0,587,18
17:46:31.792,1791276391.7924812,16384,0,2491,42.95,40.0,587,18
17:46:31.850,1791276391.850958,16384,0,2490,42.95,40.0,585,18
17:46:31.874,1791276391.8743649,16384,0,2489,42.95,40.0,580,18
17:46:31.897,1791276391.897832,16384,0,2489,42.95,40.0,580,18
17:46:31.968,1791276391.968689,16384,0,2495,42.95,40.0,581,18
17:46:31.968,1791276391.9688568,16384,0,2491,42.95,40.0,582,18
17:46:31.978,1791276391.9789863,16384,0,2495,42.95,40.0,578,18
17:46:32.004,1791276392.0048802,16384,0,2493,42.95,40.0,581,18
17:46:32.031,1791276392.0317242,16384,0,2495,42.95,40.0,582,18
17:46:32.054,1791276392.054099,16384,0,2495,42.95,40.0,582,18
17:46:32.082,1791276392.082374,16384,0,2497,42.95,40.0,580,18
17:46:32.107,1791276392.1073017,16384,0,2494,42.95,40.0,579,18
17:46:32.132,1791276392.1326153,16384,0,2494,42.95,40.0,579,18
17:46:32.185,1791276392.185144,16384,0,2499,42.95,40.0,580,18
17:46:32.210,1791276392.210447,16384,0,2498,42.95,40.0,580,18
17:46:32.238,1791276392.2382343,16384,0,2493,42.95,40.0,580,18
17:46:32.262,1791276392.2626438,16384,0,2493,42.95,40.0,580,18
17:46:32.290,1791276392.2902133,16384,0,2497,42.95,40.0,581,18
17:46:32.316,1791276392.316143,16384,0,2500,42.95,40.0,581,19
17:46:32.367,1791276392.3673284,16384,0,2494,42.95,40.0,579,18
17:46:32.391,1791276392.3916109,16384,0,2494,42.95,40.0,579,18
17:46:32.419,1791276392.4195366,16384,0,2493,42.95,40.0,581,18
17:46:32.445,1791276392.4454048,16384,0,2487,42.95,40.0,578,18
17:46:32.470,1791276392.4706366,16384,0,2487,42.95,40.0,578,18
17:46:32.499,1791276392.499223,16384,0,2488,42.95,40.0,580,18
17:46:32.522,1791276392.5224156,16384,0,2483,42.95,40.0,578,18
17:46:32.549,1791276392.5495856,16384,0,2475,42.95,40.0,577,17
17:46:32.574,1791276392.5748684,16384,0,2474,42.95,40.0,577,18
17:46:32.598,1791276392.598484,16384,0,2474,42.95,40.0,577,18
17:46:32.625,1791276392.6250088,16384,0,2468,42.95,40.0,573,18
17:46:32.650,1791276392.6502209,16384,0,2464,42.95,40.0,573,17
17:46:32.680,1791276392.6809926,16384,0,2457,42.95,40.0,571,17
17:46:32.709,1791276392.7090898,16384,0,2454,42.95,40.0,570,17
17:46:32.730,1791276392.7306623,16384,0,2453,42.95,40.0,570,17
17:46:32.783,1791276392.7831507,16384,0,2444,42.95,40.0,570,17
17:46:32.809,1791276392.8091333,16384,0,2441,42.95,40.0,568,18
17:46:32.840,1791276392.840764,16384,0,2441,42.95,40.0,568,18
17:46:32.862,1791276392.8620806,16384,0,2430,42.95,40.0,563,17
17:46:32.887,1791276392.8875985,16384,0,2428,42.95,40.0,564,17
17:46:32.918,1791276392.918065,16384,0,2424,42.95,40.0,564,18
17:46:32.945,1791276392.9451735,16384,0,2418,42.95,40.0,562,17
17:46:32.966,1791276392.9667802,16384,0,2419,42.95,40.0,562,17
17:46:32.996,1791276392.9967024,16384,0,2415,42.95,40.0,561,17
17:46:33.049,1791276393.049137,16384,0,2408,42.95,40.0,559,18
17:46:33.071,1791276393.0714076,16384,0,2409,42.95,40.0,559,18
17:46:33.097,1791276393.097006,16384,0,2402,42.95,40.0,559,17
17:46:33.124,1791276393.124672,16384,0,2397,42.95,40.0,556,18
17:46:33.149,1791276393.1493154,16384,0,2394,42.95,40.0,556,17
17:46:33.180,1791276393.1804843,16384,0,2383,42.95,40.0,553,17
17:46:33.200,1791276393.2004688,16384,0,2385,42.95,40.0,553,17
17:46:33.226,1791276393.2268288,16384,0,2391,42.95,40.0,558,17
17:46:33.252,1791276393.252085,16384,0,2392,42.95,40.0,563,17
17:46:33.281,1791276393.2819908,16384,0,2385,42.95,40.0,546,17
17:46:33.305,1791276393.3050315,16384,0,2389,42.95,40.0,560,17
17:46:33.329,1791276393.329607,16384,0,2390,42.95,40.0,560,17
17:46:33.356,1791276393.35603,16384,0,2386,42.95,40.0,551,17
17:46:33.389,1791276393.3893015,16384,0,2388,42.95,40.0,546,17
17:46:33.409,1791276393.4098492,16384,0,2371,42.95,40.0,560,17
17:46:33.436,1791276393.4362736,16384,0,2374,42.95,40.0,549,17
17:46:33.508,1791276393.5088663,16384,0,2374,42.95,40.0,549,17
17:46:33.509,1791276393.5091226,16384,0,2373,42.95,40.0,552,17
17:46:33.516,1791276393.5160806,16384,0,2373,42.95,40.0,551,18
17:46:33.542,1791276393.5420804,16384,0,2372,42.95,40.0,549,17
17:46:33.564,1791276393.564952,16384,0,2369,42.95,40.0,549,17
17:46:33.588,1791276393.5884247,16384,0,2368,42.95,40.0,551,15
17:46:33.660,1791276393.660192,16384,0,2362,42.95,40.0,548,11
17:46:33.660,1791276393.6604002,16384,0,2353,42.95,40.0,551,8
17:46:33.670,1791276393.670152,16384,0,2354,42.95,40.0,552,8
17:46:33.695,1791276393.695352,16384,0,2340,42.95,40.0,550,4
17:46:33.772,1791276393.772392,16384,0,2330,42.95,40.0,551,1
17:46:33.773,1791276393.7735856,16384,0,2318,42.95,39.6875,553,0
17:46:33.773,1791276393.7737095,16384,0,2307,42.95,39.375,552,0
17:46:33.800,1791276393.8004005,16384,0,2307,42.95,39.375,553,0
17:46:33.826,1791276393.826483,16384,0,2295,42.95,39.0625,552,0
17:46:33.852,1791276393.852475,16384,0,2285,42.95,39.0625,553,0
17:46:33.920,1791276393.9202836,16384,0,2266,42.95,38.75,552,0
17:46:33.920,1791276393.9205964,16384,0,2256,42.95,38.75,552,0
17:46:33.932,1791276393.9324265,16384,0,2257,42.95,38.75,552,0
17:46:33.955,1791276393.95584,16384,0,2244,42.95,38.4375,551,0
17:46:33.983,1791276393.983079,16384,0,2228,42.95,38.125,550,0
17:46:34.008,1791276394.008575,16384,0,2221,42.95,38.125,551,0
17:46:34.035,1791276394.0350354,16384,0,2221,42.95,38.125,551,0
17:46:34.059,1791276394.0594769,16384,0,2211,42.95,37.8125,552,0
17:46:34.088,1791276394.088934,16384,0,2196,42.95,37.5,551,0
17:46:34.109,1791276394.1090512,16384,0,2194,42.95,37.5,551,0
17:46:34.135,1791276394.1359465,16384,0,2185,42.95,37.5,550,0
17:46:34.162,1791276394.1620557,16384,0,2169,42.95,37.1875,549,0
17:46:34.188,1791276394.188282,16384,0,2157,42.95,36.875,549,0
17:46:34.217,1791276394.2173054,16384,0,2145,42.95,36.875,548,0
17:46:34.243,1791276394.2438009,16384,0,2135,42.95,36.5625,549,0
17:46:34.274,1791276394.2749734,16384,0,2133,42.95,36.5625,548,0
17:46:34.293,1791276394.2933023,16384,0,2120,42.95,36.5625,547,0
17:46:34.322,1791276394.3222349,16384,0,2107,42.95,36.25,547,0
17:46:34.347,1791276394.3474662,16384,0,2100,42.95,35.9375,546,0
17:46:34.378,1791276394.3784566,16384,0,2085,42.95,35.9375,546,0
17:46:34.396,1791276394.396767,16384,0,2086,42.95,35.9375,546,0
17:46:34.460,1791276394.4602046,16384,0,2075,42.95,35.625,546,0
17:46:34.460,1791276394.4604158,16384,0,2065,42.95,35.625,547,0
17:46:34.480,1791276394.4802098,16384,0,2046,42.95,35.3125,545,0
17:46:34.503,1791276394.5033474,16384,0,2036,42.95,35.3125,545,0
17:46:34.527,1791276394.5274913,16384,0,2036,42.95,35.3125,545,0
17:46:34.556,1791276394.5565548,16384,0,2028,42.95,35.0,544,0
17:46:34.607,1791276394.607632,16384,0,2000,42.95,34.6875,542,0
17:46:34.630,1791276394.6304424,16384,0,2000,42.95,34.6875,542,0
17:46:34.658,1791276394.6589677,16384,0,1986,42.95,34.375,540,0
17:46:34.683,1791276394.6838994,16384,0,1973,42.95,34.0625,540,0
17:46:34.711,1791276394.71138,16384,0,1966,42.95,34.0625,540,0
17:46:34.738,1791276394.7382555,16384,0,1955,42.95,33.75,539,0
17:46:34.763,1791276394.7632241,16384,0,1956,42.95,33.75,540,0
17:46:34.787,1791276394.7873373,16384,0,1945,42.95,33.75,539,0
17:46:34.822,1791276394.8221939,16384,0,1932,42.95,33.4375,538,0
17:46:34.842,1791276394.84228,16384,0,1920,42.95,33.125,536,0
17:46:34.864,1791276394.8649607,16384,0,1918,42.95,33.125,535,0
17:46:34.894,1791276394.8947117,16384,0,1903,42.95,33.125,527,0
17:46:34.960,1791276394.9603727,16384,0,1882,42.95,32.8125,531,0
17:46:34.960,1791276394.960993,16384,0,1874,42.95,32.5,532,0
17:46:34.973,1791276394.9730535,16384,0,1860,42.95,32.5,537,0
17:46:34.997,1791276394.9977396,16384,0,1862,42.95,32.5,537,0
17:46:35.025,1791276395.0257525,16384,0,1851,42.95,32.1875,525,0
17:46:35.050,1791276395.05025,16384,0,1831,42.95,31.875,532,0
17:46:35.100,1791276395.100309,16384,0,1823,42.95,31.875,532,0
17:46:35.130,1791276395.1303113,16384,0,1822,42.95,31.5625,526,0
17:46:35.158,1791276395.1586468,16384,0,1812,42.95,31.25,533,0
17:46:35.178,1791276395.1786907,16384,0,1802,42.95,31.25,541,0
17:46:35.206,1791276395.206573,16384,0,1786,42.95,30.9375,536,0
17:46:35.230,1791276395.230626,16384,0,1785,42.95,30.9375,535,0
17:46:35.256,1791276395.2563128,16384,0,1769,42.95,30.625,527,0
17:46:35.287,1791276395.2876,16384,0,1756,42.95,30.3125,530,0
17:46:35.309,1791276395.309285,16384,0,1746,42.95,30.3125,532,0
17:46:35.335,1791276395.3356535,16384,0,1733,42.95,30.0,531,0
17:46:35.359,1791276395.3598046,16384,0,1734,42.95,30.0,531,0
17:46:35.413,1791276395.4132752,16384,0,1709,42.95,29.6875,532,0
17:46:35.440,1791276395.4403963,16384,0,1703,42.95,29.375,533,0
17:46:35.467,1791276395.467898,16384,0,1702,42.95,29.375,533,0
17:46:35.518,1791276395.5185325,16384,0,1669,42.95,29.0625,527,0
17:46:35.543,1791276395.543362,16384,0,1667,42.95,28.75,528,0
17:46:35.620,1791276395.6200373,16384,0,1638,42.95,28.4375,528,0
17:46:35.647,1791276395.6471307,16384,0,1630,42.95,28.125,528,0
17:46:35.673,1791276395.67315,16384,0,1612,42.95,27.8125,526,0
17:46:35.697,1791276395.697149,16384,0,1612,42.95,27.8125,526,0
17:46:35.725,1791276395.7255085,16384,0,1602,42.95,27.8125,526,0
17:46:35.753,1791276395.7532094,16384,0,1591,42.95,27.5,525,0
17:46:35.778,1791276395.7789812,16384,0,1570,42.95,27.1875,524,0
17:46:35.856,1791276395.8564308,16384,0,1552,42.95,26.875,524,0
17:46:35.879,1791276395.8797345,16384,0,1533,42.95,26.875,523,0
17:46:35.913,1791276395.913682,16384,0,1532,42.95,26.5625,522,0
17:46:35.938,1791276395.9384243,16384,0,1515,42.95,26.25,523,0
17:46:35.961,1791276395.9615693,16384,0,1517,42.95,26.25,524,0
17:46:35.983,1791276395.983479,16384,0,1500,42.95,26.25,522,0
17:46:36.013,1791276396.0133278,16384,0,1496,42.95,25.9375,521,0
17:46:36.034,1791276396.0344672,16384,0,1479,42.95,25.9375,521,0
17:46:36.060,1791276396.0604756,16384,0,1479,42.95,25.9375,521,0
17:46:36.086,1791276396.0860145,16384,0,1470,42.95,25.625,520,0
17:46:36.135,1791276396.1352448,16384,0,1456,42.95,25.3125,519,0
17:46:36.141,1791276396.1411853,16384,0,1449,42.95,25.3125,519,0
17:46:36.163,1791276396.1637552,16384,0,1452,42.95,25.3125,520,0
17:46:36.188,1791276396.188597,16384,0,1435,42.95,25.0,519,0
17:46:36.220,1791276396.2203383,16384,0,1422,42.95,25.0,520,0
17:46:36.246,1791276396.2462585,16384,0,1414,42.95,24.6875,519,0
17:46:36.268,1791276396.2687829,16384,0,1414,42.95,24.6875,519,0
17:46:36.291,1791276396.2915218,16384,0,1396,42.95,24.375,515,0
17:46:36.322,1791276396.3223388,16384,0,1386,42.95,24.375,516,0
17:46:36.342,1791276396.3428395,16384,0,1379,42.95,24.0625,516,0
17:46:36.370,1791276396.3708599,16384,0,1362,42.95,24.0625,513,0
17:46:36.393,1791276396.3932998,16384,0,1363,42.95,24.0625,513,0
17:46:36.424,1791276396.424926,16384,0,1354,42.95,23.75,513,0
17:46:36.446,1791276396.4462101,16384,0,1343,42.95,23.75,513,0
17:46:36.504,1791276396.5042357,16384,0,1328,42.95,23.4375,512,0
17:46:36.504,1791276396.5044737,16384,0,1328,42.95,23.4375,512,0
17:46:36.527,1791276396.5279086,16384,0,1317,42.95,23.125,513,0
17:46:36.547,1791276396.547297,16384,0,1305,42.95,23.125,512,0
17:46:36.576,1791276396.5768905,16384,0,1289,42.95,22.8125,510,0
17:46:36.598,1791276396.5981646,16384,0,1290,42.95,22.8125,511,0
17:46:36.673,1791276396.6736522,16384,0,1278,42.95,22.8125,508,0
17:46:36.673,1791276396.673925,16384,0,1265,42.95,22.5,505,0
17:46:36.678,1791276396.6788514,16384,0,1253,42.95,22.5,504,0
17:46:36.703,1791276396.703069,16384,0,1252,42.95,22.1875,504,0
17:46:36.784,1791276396.784446,16384,0,1246,42.95,22.1875,506,0
17:46:36.785,1791276396.7854843,16384,0,1223,42.95,21.875,506,0
17:46:36.785,1791276396.7856433,16384,0,1214,42.95,21.875,507,0
17:46:36.808,1791276396.8083615,16384,0,1211,42.95,21.5625,507,0
17:46:36.836,1791276396.8367,16384,0,1211,42.95,21.5625,509,0
17:46:36.912,1791276396.9127655,16384,0,1211,42.95,21.5625,509,0
17:46:36.913,1791276396.9138865,16384,0,1214,42.95,21.25,511,0
17:46:36.938,1791276396.9382498,16384,0,1164,42.95,20.9375,519,0
17:46:36.962,1791276396.9624608,16384,0,1163,42.95,20.9375,518,0
17:46:36.987,1791276396.98747,16384,0,1150,42.95,20.625,516,0
17:46:37.015,1791276397.015674,16384,0,1146,42.95,20.625,518,0
17:46:37.041,1791276397.0410874,16384,0,1162,42.95,20.3125,514,0
17:46:37.065,1791276397.065137,16384,0,1162,42.95,20.3125,514,0
17:46:37.091,1791276397.0914378,16384,0,1137,42.95,20.0,511,0
17:46:37.143,1791276397.1439495,16384,0,1105,42.95,19.6875,507,0
17:46:37.176,1791276397.1765118,16384,0,1087,42.95,19.6875,506,0
17:46:37.194,1791276397.1948032,16384,0,1087,42.95,19.6875,506,0
17:46:37.220,1791276397.2202623,16384,0,1070,42.95,19.375,505,0
17:46:37.247,1791276397.2475486,16384,0,1057,42.95,19.0625,504,0
17:46:37.275,1791276397.2751105,16384,0,1050,42.95,19.0625,504,0
17:46:37.297,1791276397.2971673,16384,0,1051,42.95,19.0625,504,0
17:46:37.323,1791276397.3234892,16384,0,1043,42.95,18.75,502,0
17:46:37.352,1791276397.3526015,16384,0,1034,42.95,18.75,500,0
17:46:37.383,1791276397.3834703,16384,0,1021,42.95,18.4375,498,0
17:46:37.402,1791276397.4024875,16384,0,1010,42.95,18.125,497,0
17:46:37.464,1791276397.4641268,16384,0,1000,42.95,18.125,497,0
17:46:37.478,1791276397.4783885,16384,0,988,42.95,17.8125,499,0
17:46:37.504,1791276397.5046546,16384,0,977,42.95,17.8125,500,0
17:46:37.530,1791276397.5300806,16384,0,968,42.95,17.5,501,0
17:46:37.554,1791276397.554159,16384,0,968,42.95,17.5,501,0
17:46:37.588,1791276397.588154,16384,0,955,42.95,17.1875,501,0
17:46:37.607,1791276397.607238,16384,0,944,42.95,17.1875,501,0
17:46:37.630,1791276397.6305559,16384,0,944,42.95,17.1875,501,0
17:46:37.657,1791276397.6574934,16384,0,934,42.95,16.875,501,0
17:46:37.685,1791276397.6853163,16384,0,921,42.95,16.5625,502,0
17:46:37.735,1791276397.7352753,16384,0,898,42.95,16.25,502,0
17:46:37.759,1791276397.7594576,16384,0,898,42.95,16.25,502,0
17:46:37.791,1791276397.791805,16384,0,885,42.95,16.25,502,0
17:46:37.813,1791276397.8139064,16384,0,876,42.95,15.9375,502,0
17:46:37.839,1791276397.8399267,16384,0,866,42.95,15.9375,502,0
17:46:37.863,1791276397.863334,16384,0,864,42.95,15.625,502,0
17:46:37.894,1791276397.8944457,16384,0,854,42.95,15.625,502,0
17:46:37.957,1791276397.9570332,16384,0,843,42.95,15.3125,502,0
17:46:37.957,1791276397.9572048,16384,0,833,42.95,15.3125,502,0
17:46:37.969,1791276397.9694445,16384,0,822,42.95,15.0,502,0
17:46:37.995,1791276397.9958131,16384,0,823,42.95,15.0,502,0
17:46:38.017,1791276398.0178683,16384,0,812,42.95,15.0,501,0
17:46:38.043,1791276398.043419,16384,0,804,42.95,14.6875,501,0
17:46:38.093,1791276398.0938172,16384,0,790,42.95,14.375,499,0
17:46:38.118,1791276398.1186817,16384,0,782,42.95,14.375,500,0
17:46:38.146,1791276398.146682,16384,0,772,42.95,14.0625,498,0
17:46:38.171,1791276398.1717074,16384,0,760,42.95,14.0625,498,0
17:46:38.197,1791276398.1974852,16384,0,749,42.95,13.75,496,0
17:46:38.221,1791276398.2219305,16384,0,749,42.95,13.75,496,0
17:46:38.247,1791276398.2470663,16384,0,740,42.95,13.4375,496,0
17:46:38.274,1791276398.2742755,16384,0,726,42.95,13.4375,495,0
17:46:38.297,1791276398.2970517,16384,0,727,42.95,13.4375,496,0
17:46:38.373,1791276398.3736403,16384,0,696,42.95,12.8125,493,0
17:46:38.408,1791276398.408107,16384,0,697,42.95,12.8125,494,0
17:46:38.427,1791276398.427054,16384,0,688,42.95,12.8125,494,0
17:46:38.450,1791276398.4504282,16384,0,679,42.95,12.5,493,0
17:46:38.477,1791276398.4773626,16384,0,666,42.95,12.1875,492,0
17:46:38.552,1791276398.552017,16384,0,657,42.95,12.1875,492,0
17:46:38.552,1791276398.5522082,16384,0,657,42.95,12.1875,492,0
17:46:38.552,1791276398.5528378,16384,0,647,42.95,11.875,491,0
17:46:38.579,1791276398.5791066,16384,0,634,42.95,11.875,491,0
17:46:38.607,1791276398.6073108,16384,0,625,42.95,11.5625,490,0
17:46:38.655,1791276398.6551187,16384,0,616,42.95,11.5625,489,0
17:46:38.682,1791276398.6827655,16384,0,604,42.95,11.25,489,0
17:46:38.711,1791276398.711749,16384,0,597,42.95,11.25,489,0
17:46:38.734,1791276398.734408,16384,0,588,42.95,10.9375,489,0
17:46:38.758,1791276398.7583554,16384,0,588,42.95,10.9375,489,0
17:46:38.784,1791276398.7848525,16384,0,574,42.95,10.625,487,0
17:46:38.811,1791276398.8114874,16384,0,567,42.95,10.625,487,0
17:46:38.836,1791276398.8363817,16384,0,557,42.95,10.3125,487,0
17:46:38.887,1791276398.88788,16384,0,546,42.95,10.3125,487,0
17:46:38.917,1791276398.9175298,16384,0,536,42.95,10.0,486,0
17:46:38.939,1791276398.9393036,16384,0,528,42.95,10.0,486,0
17:46:38.963,1791276398.9639952,16384,0,528,42.95,10.0,486,0
17:46:38.988,1791276398.9889019,16384,0,516,42.95,9.6875,486,0
17:46:39.021,1791276399.021551,16384,0,508,42.95,9.6875,487,0
17:46:39.044,1791276399.0444055,16384,0,499,42.95,9.375,485,0
17:46:39.068,1791276399.0680075,16384,0,499,42.95,9.375,485,0
17:46:39.093,1791276399.0933728,16384,0,491,42.95,9.375,483,0
17:46:39.123,1791276399.1235125,16384,0,483,42.95,9.0625,479,0
17:46:39.148,1791276399.148028,16384,0,472,42.95,9.0625,471,0
17:46:39.173,1791276399.1732557,16384,0,462,42.95,8.75,462,0
17:46:39.198,1791276399.1984348,16384,0,462,42.95,8.75,462,0
17:46:39.225,1791276399.2256873,16384,0,455,42.95,8.75,455,0
17:46:39.250,1791276399.2504332,16384,0,446,42.95,8.4375,446,0
17:46:39.326,1791276399.326709,16384,0,427,42.95,8.125,427,0
17:46:39.364,1791276399.3647935,16384,0,418,42.95,7.8125,418,0
17:46:39.405,1791276399.4051692,16384,0,400,42.95,7.5,400,0
17:46:39.430,1791276399.43021,16384,0,400,42.95,7.5,400,0
17:46:39.503,1791276399.5036035,16384,0,393,42.95,7.5,393,0
17:46:39.503,1791276399.5038247,16384,0,384,42.95,7.1875,384,0
17:46:39.507,1791276399.5078444,16384,0,376,42.95,7.1875,376,0
17:46:39.535,1791276399.5350814,16384,0,369,42.95,7.1875,369,0
17:46:39.558,1791276399.5583394,16384,0,370,42.95,7.1875,370,0
17:46:39.585,1791276399.5856416,16384,0,358,42.95,6.875,358,0
17:46:39.663,1791276399.6639807,16384,0,349,42.95,6.5625,349,0
17:46:39.664,1791276399.664211,16384,0,342,42.95,6.5625,342,0
17:46:39.664,1791276399.6642983,16384,0,343,42.95,6.5625,343,0
17:46:39.688,1791276399.6886632,16384,0,340,42.95,38.75,0,0
17:46:39.768,1791276399.7681506,16384,0,335,42.95,38.75,0,0
17:46:39.768,1791276399.76842,16384,0,339,42.95,38.75,0,0
17:46:39.768,1791276399.7685075,16384,0,339,42.95,38.75,0,0
17:46:39.789,1791276399.7898104,16384,0,343,42.95,38.4375,0,0
17:46:39.815,1791276399.8159988,16384,0,340,42.95,38.4375,0,0
17:46:39.841,1791276399.8414533,16384,0,343,42.95,38.125,0,0
17:46:39.908,1791276399.9080174,16384,0,342,42.95,37.8125,0,0
17:46:39.908,1791276399.9083054,16384,0,341,42.95,37.8125,0,0
17:46:39.919,1791276399.919044,16384,0,337,42.95,37.8125,0,0
17:46:39.944,1791276399.9440813,16384,0,329,42.95,37.8125,0,0
17:46:39.974,1791276399.9741118,16384,0,337,42.95,37.5,0,0
17:46:39.996,1791276399.996252,16384,0,337,42.95,37.5,0,0
17:46:40.020,1791276400.0201037,16384,0,331,42.95,37.5,0,0
17:46:40.048,1791276400.0487003,16384,0,335,42.95,37.1875,0,0
17:46:40.097,1791276400.0979793,16384,0,321,42.95,37.1875,0,0
17:46:40.122,1791276400.1224568,16384,0,328,42.95,36.875,0,0
17:46:40.149,1791276400.149452,16384,0,326,42.95,36.875,0,0
17:46:40.179,1791276400.179934,16384,0,330,42.95,36.5625,0,0
17:46:40.199,1791276400.1996827,16384,0,329,42.95,36.5625,0,0
17:46:40.227,1791276400.2277026,16384,0,321,42.95,36.5625,0,0
17:46:40.251,1791276400.251815,16384,0,321,42.95,36.25,0,0
17:46:40.304,1791276400.3043387,16384,0,311,42.95,35.625,0,0
17:46:40.328,1791276400.3281226,16384,0,310,42.95,35.625,0,0
17:46:40.383,1791276400.383532,16384,0,310,42.95,35.3125,0,0
17:46:40.468,1791276400.4684465,16384,0,306,42.95,35.3125,0,0
17:46:40.468,1791276400.4686773,16384,0,295,42.95,35.0,0,0
17:46:40.468,1791276400.4687493,16384,0,296,42.95,35.0,0,0
17:46:40.483,1791276400.483112,16384,0,314,42.95,35.3125,0,0
17:46:40.509,1791276400.509094,16384,0,300,42.95,35.3125,0,0
17:46:40.534,1791276400.5343204,16384,0,306,42.95,35.0,0,0
17:46:40.587,1791276400.5875134,16384,0,327,42.95,35.0,0,0
17:46:40.638,1791276400.6384778,16384,0,353,42.95,34.6875,0,0
17:46:40.689,1791276400.6891801,16384,0,359,42.95,34.6875,0,0
17:46:40.713,1791276400.713957,16384,0,361,42.95,34.375,0,0
17:46:40.741,1791276400.7415419,16384,0,361,42.95,34.375,0,0
17:46:40.764,1791276400.7645047,16384,0,364,42.95,34.375,0,0
17:46:40.791,1791276400.7919602,16384,0,358,42.95,34.0625,0,0
17:46:40.815,1791276400.8154926,16384,0,355,42.95,34.0625,0,0
17:46:40.844,1791276400.8447564,16384,0,356,42.95,33.75,0,0
17:46:40.869,1791276400.869916,16384,0,360,42.95,33.75,0,0
17:46:40.895,1791276400.895564,16384,0,361,42.95,33.75,0,0
